ts,home,away,commence,book_total_bovada,book_total_consensus
2026-09-04T20:54:03.139799,Eastern Michigan,San José State,2026-09-04T22:30:00Z,55.0,55.0
2026-09-04T20:54:03.139799,Georgia State,North Carolina,2026-09-04T23:00:00Z,,58.5
2026-09-04T20:54:03.139799,Purdue,Indiana,2026-09-04T23:00:00Z,,56.0
2026-09-04T20:54:03.139799,Michigan State,Toledo,2026-09-05T00:00:00Z,48.5,48.5
2026-09-04T20:54:03.139799,Oklahoma,UTEP,2026-09-05T00:00:00Z,50.0,51.0
2026-09-04T20:54:03.139799,USC,Fresno State,2026-09-05T01:00:00Z,51.0,51.0
2026-09-04T20:54:03.139799,Stanford,Miami,2026-09-05T01:00:00Z,46.5,46.5
2026-09-04T20:54:03.139799,Alabama,East Carolina,2026-09-05T16:00:00Z,52.5,52.5
2026-09-04T20:54:03.139799,West Virginia,Coastal Carolina,2026-09-05T16:00:00Z,56.0,55.5
2026-09-04T20:54:03.139799,Houston,Oregon State,2026-09-05T16:00:00Z,50.5,50.5
2026-09-04T20:54:03.139799,Indiana,North Texas,2026-09-05T16:00:00Z,57.0,57.0
2026-09-04T20:54:03.139799,James Madison,Liberty,2026-09-05T16:00:00Z,50.5,50.5
2026-09-04T20:54:03.139799,Pittsburgh,Miami (OH),2026-09-05T16:00:00Z,47.0,47.5
2026-09-04T20:54:03.139799,Nebraska,Ohio,2026-09-05T16:00:00Z,46.0,46.0
2026-09-04T20:54:03.139799,Ohio State,Ball State,2026-09-05T16:30:00Z,56.5,56.5
2026-09-04T20:54:03.139799,South Carolina,Kent State,2026-09-05T16:45:00Z,53.5,53.5
2026-09-04T20:54:03.139799,Georgia,Tennessee,2026-09-05T19:00:00Z,54.5,54.5
2026-09-04T20:54:03.139799,Auburn,Baylor,2026-09-05T19:30:00Z,59.5,59.5
2026-09-04T20:54:03.139799,Oregon,Boise State,2026-09-05T19:30:00Z,51.5,51.5
2026-09-04T20:54:03.139799,Cincinnati,Boston College,2026-09-05T19:30:00Z,50.0,50.0
2026-09-04T20:54:03.139799,Duke,Tulane,2026-09-05T19:30:00Z,50.5,51.0
2026-09-04T20:54:03.139799,Penn State,Marshall,2026-09-05T19:30:00Z,52.0,52.0
2026-09-04T20:54:03.139799,Texas,Texas State,2026-09-05T19:30:00Z,60.0,59.5
2026-09-04T20:54:03.139799,Tulsa,Oklahoma State,2026-09-05T19:45:00Z,59.0,59.0
2026-09-04T20:54:03.139799,Iowa,Northern Illinois,2026-09-05T20:15:00Z,44.5,44.5
2026-09-04T20:54:03.139799,Colorado State,Wyoming,2026-09-05T22:00:00Z,46.5,46.5
2026-09-04T20:54:03.139799,Memphis,Arkansas State,2026-09-05T23:00:00Z,52.0,52.5
2026-09-04T20:54:03.139799,South Florida,Florida International,2026-09-05T23:00:00Z,52.0,51.5
2026-09-04T20:54:03.139799,Rice,Houston,2026-09-05T23:00:00Z,47.5,47.5
2026-09-04T20:54:03.139799,Michigan,Western Michigan,2026-09-05T23:00:00Z,49.5,49.5
2026-09-04T20:54:03.139799,Texas A&M,Missouri State,2026-09-05T23:00:00Z,53.5,53.5
2026-09-04T20:54:03.139799,Troy,Sam Houston,2026-09-05T23:00:00Z,54.0,54.0
2026-09-04T20:54:03.139799,LSU,Clemson,2026-09-05T23:30:00Z,50.5,50.5
2026-09-04T20:54:03.139799,Louisiana Tech,Northwestern,2026-09-05T23:30:00Z,55.5,55.5
2026-09-04T20:54:03.139799,Mississippi State,Louisiana Monroe,2026-09-05T23:30:00Z,55.0,54.5
2026-09-04T20:54:03.139799,Florida,Florida Atlantic,2026-09-05T23:45:00Z,59.5,59.5
2026-09-04T20:54:03.139799,BYU,Utah,2026-09-06T00:00:00Z,61.0,61.5
2026-09-04T20:54:03.139799,New Mexico,Central Michigan,2026-09-06T02:00:00Z,47.0,46.5
2026-09-04T20:54:03.139799,Hawai'i,UNLV,2026-09-06T02:00:00Z,55.5,55.5
2026-09-04T20:54:03.139799,California,UCLA,2026-09-06T02:30:00Z,53.5,53.5
2026-09-04T20:54:03.139799,Nevada,Western Kentucky,2026-09-06T02:30:00Z,52.5,52.5
2026-09-04T20:54:03.139799,Washington,Washington State,2026-09-06T20:00:00Z,51.0,51.0
2026-09-04T20:54:03.139799,Ole Miss,Louisville,2026-09-06T23:30:00Z,55.0,55.5
2026-09-04T20:54:03.139799,Notre Dame,Wisconsin,2026-09-06T23:30:00Z,46.5,46.5
2026-09-04T20:54:03.139799,Florida State,SMU,2026-09-07T23:30:00Z,53.0,53.5
2026-09-04T20:54:03.139799,Miami,Florida,2026-09-11T00:00:00Z,,56.5
2026-09-04T20:54:03.139799,Boston College,Rutgers,2026-09-11T23:30:00Z,,57.5
2026-09-04T20:54:03.139799,Kansas,Missouri,2026-09-12T00:00:00Z,,50.5
2026-09-04T20:54:03.139799,East Carolina,App State,2026-09-12T16:00:00Z,,55.5
2026-09-04T20:54:03.139799,Texas A&M,Arizona State,2026-09-12T16:00:00Z,,52.0
2026-09-04T20:54:03.139799,Utah,Arkansas,2026-09-12T16:00:00Z,,56.25
2026-09-04T20:54:03.139799,Army,South Florida,2026-09-12T16:00:00Z,,53.5
2026-09-04T20:54:03.139799,Kansas State,Washington State,2026-09-12T16:00:00Z,,52.5
2026-09-04T20:54:03.139799,Michigan,Oklahoma,2026-09-12T16:00:00Z,,45.5
2026-09-04T20:54:03.139799,Oklahoma State,Oregon,2026-09-12T16:00:00Z,,60.5
2026-09-04T20:54:03.139799,Virginia Tech,Old Dominion,2026-09-12T16:00:00Z,,52.0
2026-09-04T20:54:03.139799,Temple,Penn State,2026-09-12T16:00:00Z,,50.5
2026-09-04T20:54:03.139799,Purdue,Wake Forest,2026-09-12T16:00:00Z,,50.0
2026-09-04T20:54:03.139799,Kentucky,Alabama,2026-09-12T19:30:00Z,,49.0
2026-09-04T20:54:03.139799,BYU,Arizona,2026-09-12T19:30:00Z,,51.5
2026-09-04T20:54:03.139799,Syracuse,California,2026-09-12T19:30:00Z,,53.0
2026-09-04T20:54:03.139799,Illinois,Duke,2026-09-12T19:30:00Z,,55.5
2026-09-04T20:54:03.139799,Michigan State,Eastern Michigan,2026-09-12T19:30:00Z,,51.0
2026-09-04T20:54:03.139799,UConn,Maryland,2026-09-12T19:30:00Z,,53.5
2026-09-04T20:54:03.139799,Minnesota,Mississippi State,2026-09-12T19:30:00Z,,52.5
2026-09-04T20:54:03.139799,Pittsburgh,UCF,2026-09-12T19:30:00Z,,51.5
2026-09-04T20:54:03.139799,Texas State,UTSA,2026-09-12T19:30:00Z,,64.0
2026-09-04T20:54:03.139799,UAB,Louisiana Monroe,2026-09-12T19:30:00Z,,53.5
2026-09-04T20:54:03.139799,Washington,Utah State,2026-09-12T19:30:00Z,,55.5
2026-09-04T20:54:03.139799,North Texas,UNLV,2026-09-12T19:45:00Z,,61.0
2026-09-04T20:54:03.139799,Vanderbilt,Delaware,2026-09-12T20:15:00Z,,54.5
2026-09-04T20:54:03.139799,Boise State,Memphis,2026-09-12T22:00:00Z,,53.5
2026-09-04T20:54:03.139799,Florida International,Buffalo,2026-09-12T22:00:00Z,,50.5
2026-09-04T20:54:03.139799,Ohio,Jacksonville State,2026-09-12T22:00:00Z,,49.5
2026-09-04T20:54:03.139799,Nebraska,Bowling Green,2026-09-12T23:00:00Z,,49.5
2026-09-04T20:54:03.139799,Georgia Tech,Tennessee,2026-09-12T23:00:00Z,,55.5
2026-09-04T20:54:03.139799,Sam Houston,Tulsa,2026-09-12T23:00:00Z,,52.5
2026-09-04T20:54:03.139799,UCLA,San Diego State,2026-09-12T23:15:00Z,,49.0
2026-09-04T20:54:03.139799,Iowa,Iowa State,2026-09-12T23:30:00Z,,41.5
2026-09-04T20:54:03.139799,Texas,Ohio State,2026-09-12T23:30:00Z,,47.5
2026-09-04T20:54:03.139799,Oregon State,Texas Tech,2026-09-12T23:30:00Z,,51.5
2026-09-04T20:54:03.139799,Arkansas,Georgia,2026-09-19T16:00:00Z,,55.5
2026-09-04T20:54:03.139799,Louisville,SMU,2026-09-19T19:30:00Z,,56.5
2026-09-04T20:54:03.139799,Auburn,Florida,2026-09-19T23:00:00Z,,53.5
2026-09-04T20:54:03.139799,Ole Miss,LSU,2026-09-19T23:30:00Z,,57.5
2026-09-04T20:54:03.139799,Texas Tech,Houston,2026-09-20T00:00:00Z,,54.5
2026-09-04T20:54:03.139799,Georgia,Oklahoma,2026-09-26T16:00:00Z,,52.5
2026-09-04T20:54:03.139799,LSU,Texas A&M,2026-09-26T16:00:00Z,,56.5
2026-09-04T20:54:03.139799,Tennessee,Texas,2026-09-26T16:00:00Z,,56.5
2026-09-04T20:54:03.139799,Clemson,Miami,2026-10-03T16:00:00Z,,55.5
2026-09-04T20:54:03.139799,Oklahoma,Texas,2026-10-10T16:00:00Z,,48.5
2026-09-04T20:54:03.139799,Alabama,Georgia,2026-10-11T00:00:00Z,,49.5
2026-09-04T20:54:03.139799,Tennessee,Alabama,2026-10-17T16:00:00Z,,56.5
2026-09-04T20:54:03.139799,Georgia,Auburn,2026-10-17T16:00:00Z,,54.5
2026-09-04T20:54:03.139799,BYU,Notre Dame,2026-10-17T16:00:00Z,,54.5
2026-09-04T20:54:03.139799,Indiana,Ohio State,2026-10-17T16:00:00Z,,48.5
2026-09-04T20:54:03.139799,Kansas State,Kansas,2026-10-17T16:00:00Z,,54.5
2026-09-04T20:54:03.139799,Michigan,Penn State,2026-10-17T16:00:00Z,,51.5
2026-09-04T20:54:03.139799,Oregon,Nebraska,2026-10-17T16:00:00Z,,51.5
2026-09-04T20:54:03.139799,Alabama,Texas A&M,2026-10-24T16:00:00Z,,54.5
2026-09-04T20:54:03.139799,Michigan,Indiana,2026-10-24T16:00:00Z,,52.5
2026-09-04T20:54:03.139799,Texas,Ole Miss,2026-10-24T16:00:00Z,,54.5
2026-09-04T20:54:03.139799,Georgia,Florida,2026-10-31T16:00:00Z,,53.5
2026-09-04T20:54:03.139799,LSU,Alabama,2026-11-07T16:00:00Z,,54.5
2026-09-04T20:54:03.139799,Ole Miss,Georgia,2026-11-07T16:00:00Z,,55.5
2026-09-04T20:54:03.139799,Michigan,Michigan State,2026-11-07T16:00:00Z,,50.5
2026-09-04T20:54:03.139799,Ohio State,Oregon,2026-11-07T16:00:00Z,,52.5
2026-09-04T20:54:03.139799,Notre Dame,Miami,2026-11-08T00:30:00Z,,54.5
2026-09-04T20:54:03.139799,Miami,Duke,2026-11-14T16:00:00Z,,55.5
2026-09-04T20:54:03.139799,LSU,Texas,2026-11-14T16:00:00Z,,54.5
2026-09-04T20:54:03.139799,Oregon,Michigan,2026-11-14T16:00:00Z,,53.5
2026-09-04T20:54:03.139799,Oklahoma,Ole Miss,2026-11-14T16:00:00Z,,53.5
2026-09-04T20:54:03.139799,Oklahoma State,Texas Tech,2026-11-14T16:00:00Z,,61.5
2026-09-04T20:54:03.139799,Texas A&M,Tennessee,2026-11-14T16:00:00Z,,55.5
2026-09-04T20:54:03.139799,Tennessee,LSU,2026-11-21T16:00:00Z,,57.5
2026-09-04T20:54:03.139799,Miami,Virginia Tech,2026-11-21T16:00:00Z,,56.5
2026-09-04T20:54:03.139799,Oklahoma,Texas A&M,2026-11-21T16:00:00Z,,51.5
2026-09-04T20:54:03.139799,Notre Dame,SMU,2026-11-22T00:30:00Z,,56.5
2026-09-04T20:54:03.139799,Ole Miss,Mississippi State,2026-11-27T17:00:00Z,,57.5
2026-09-04T20:54:03.139799,Texas A&M,Texas,2026-11-28T00:30:00Z,,53.5
2026-09-04T20:54:03.139799,Alabama,Auburn,2026-11-28T16:00:00Z,,52.5
2026-09-04T20:54:03.139799,Arizona,Arizona State,2026-11-28T16:00:00Z,,52.5
2026-09-04T20:54:03.139799,Clemson,South Carolina,2026-11-28T16:00:00Z,,53.5
2026-09-04T20:54:03.139799,Oregon,Washington,2026-11-28T16:00:00Z,,54.5
2026-09-04T20:54:03.139799,Vanderbilt,Tennessee,2026-11-28T16:00:00Z,,57.5
2026-09-04T20:54:03.139799,Ohio State,Michigan,2026-11-28T17:00:00Z,,45.5
2026-09-04T20:54:03.139799,Navy,Army,2026-12-12T20:00:00Z,,37.5
2026-09-04T20:56:42.173684,Eastern Michigan,San José State,2026-09-04T22:30:00Z,55.0,55.0
2026-09-04T20:56:42.173684,Georgia State,North Carolina,2026-09-04T23:00:00Z,,58.5
2026-09-04T20:56:42.173684,Purdue,Indiana,2026-09-04T23:00:00Z,,56.0
2026-09-04T20:56:42.173684,Michigan State,Toledo,2026-09-05T00:00:00Z,48.5,48.5
2026-09-04T20:56:42.173684,Oklahoma,UTEP,2026-09-05T00:00:00Z,50.0,51.0
2026-09-04T20:56:42.173684,USC,Fresno State,2026-09-05T01:00:00Z,51.0,51.0
2026-09-04T20:56:42.173684,Stanford,Miami,2026-09-05T01:00:00Z,46.5,46.5
2026-09-04T20:56:42.173684,Alabama,East Carolina,2026-09-05T16:00:00Z,52.5,52.5
2026-09-04T20:56:42.173684,West Virginia,Coastal Carolina,2026-09-05T16:00:00Z,56.0,55.5
2026-09-04T20:56:42.173684,Houston,Oregon State,2026-09-05T16:00:00Z,50.5,50.5
2026-09-04T20:56:42.173684,Indiana,North Texas,2026-09-05T16:00:00Z,57.0,57.0
2026-09-04T20:56:42.173684,James Madison,Liberty,2026-09-05T16:00:00Z,50.5,50.5
2026-09-04T20:56:42.173684,Pittsburgh,Miami (OH),2026-09-05T16:00:00Z,47.0,47.5
2026-09-04T20:56:42.173684,Nebraska,Ohio,2026-09-05T16:00:00Z,46.0,46.0
2026-09-04T20:56:42.173684,Ohio State,Ball State,2026-09-05T16:30:00Z,56.5,56.5
2026-09-04T20:56:42.173684,South Carolina,Kent State,2026-09-05T16:45:00Z,53.5,53.5
2026-09-04T20:56:42.173684,Georgia,Tennessee,2026-09-05T19:00:00Z,54.5,54.5
2026-09-04T20:56:42.173684,Auburn,Baylor,2026-09-05T19:30:00Z,59.5,59.5
2026-09-04T20:56:42.173684,Oregon,Boise State,2026-09-05T19:30:00Z,51.5,51.5
2026-09-04T20:56:42.173684,Cincinnati,Boston College,2026-09-05T19:30:00Z,50.0,50.0
2026-09-04T20:56:42.173684,Duke,Tulane,2026-09-05T19:30:00Z,50.5,51.0
2026-09-04T20:56:42.173684,Penn State,Marshall,2026-09-05T19:30:00Z,52.0,52.0
2026-09-04T20:56:42.173684,Texas,Texas State,2026-09-05T19:30:00Z,60.0,59.5
2026-09-04T20:56:42.173684,Tulsa,Oklahoma State,2026-09-05T19:45:00Z,59.0,59.0
2026-09-04T20:56:42.173684,Iowa,Northern Illinois,2026-09-05T20:15:00Z,44.5,44.5
2026-09-04T20:56:42.173684,Colorado State,Wyoming,2026-09-05T22:00:00Z,46.5,46.5
2026-09-04T20:56:42.173684,Memphis,Arkansas State,2026-09-05T23:00:00Z,52.0,52.5
2026-09-04T20:56:42.173684,South Florida,Florida International,2026-09-05T23:00:00Z,52.0,51.5
2026-09-04T20:56:42.173684,Rice,Houston,2026-09-05T23:00:00Z,47.5,47.5
2026-09-04T20:56:42.173684,Michigan,Western Michigan,2026-09-05T23:00:00Z,49.5,49.5
2026-09-04T20:56:42.173684,Texas A&M,Missouri State,2026-09-05T23:00:00Z,53.5,53.5
2026-09-04T20:56:42.173684,Troy,Sam Houston,2026-09-05T23:00:00Z,54.0,54.0
2026-09-04T20:56:42.173684,LSU,Clemson,2026-09-05T23:30:00Z,50.5,50.5
2026-09-04T20:56:42.173684,Louisiana Tech,Northwestern,2026-09-05T23:30:00Z,55.5,55.5
2026-09-04T20:56:42.173684,Mississippi State,Louisiana Monroe,2026-09-05T23:30:00Z,55.0,54.5
2026-09-04T20:56:42.173684,Florida,Florida Atlantic,2026-09-05T23:45:00Z,59.5,59.5
2026-09-04T20:56:42.173684,BYU,Utah,2026-09-06T00:00:00Z,61.0,61.5
2026-09-04T20:56:42.173684,New Mexico,Central Michigan,2026-09-06T02:00:00Z,47.0,46.5
2026-09-04T20:56:42.173684,Hawai'i,UNLV,2026-09-06T02:00:00Z,55.5,55.5
2026-09-04T20:56:42.173684,California,UCLA,2026-09-06T02:30:00Z,53.5,53.5
2026-09-04T20:56:42.173684,Nevada,Western Kentucky,2026-09-06T02:30:00Z,52.5,52.5
2026-09-04T20:56:42.173684,Washington,Washington State,2026-09-06T20:00:00Z,51.0,51.0
2026-09-04T20:56:42.173684,Ole Miss,Louisville,2026-09-06T23:30:00Z,55.0,55.5
2026-09-04T20:56:42.173684,Notre Dame,Wisconsin,2026-09-06T23:30:00Z,46.5,46.5
2026-09-04T20:56:42.173684,Florida State,SMU,2026-09-07T23:30:00Z,53.0,53.5
2026-09-04T20:56:42.173684,Miami,Florida,2026-09-11T00:00:00Z,,56.5
2026-09-04T20:56:42.173684,Boston College,Rutgers,2026-09-11T23:30:00Z,,57.5
2026-09-04T20:56:42.173684,Kansas,Missouri,2026-09-12T00:00:00Z,,50.5
2026-09-04T20:56:42.173684,East Carolina,App State,2026-09-12T16:00:00Z,,55.5
2026-09-04T20:56:42.173684,Texas A&M,Arizona State,2026-09-12T16:00:00Z,,52.0
2026-09-04T20:56:42.173684,Utah,Arkansas,2026-09-12T16:00:00Z,,56.25
2026-09-04T20:56:42.173684,Army,South Florida,2026-09-12T16:00:00Z,,53.5
2026-09-04T20:56:42.173684,Kansas State,Washington State,2026-09-12T16:00:00Z,,52.5
2026-09-04T20:56:42.173684,Michigan,Oklahoma,2026-09-12T16:00:00Z,,45.5
2026-09-04T20:56:42.173684,Oklahoma State,Oregon,2026-09-12T16:00:00Z,,60.5
2026-09-04T20:56:42.173684,Virginia Tech,Old Dominion,2026-09-12T16:00:00Z,,52.0
2026-09-04T20:56:42.173684,Temple,Penn State,2026-09-12T16:00:00Z,,50.5
2026-09-04T20:56:42.173684,Purdue,Wake Forest,2026-09-12T16:00:00Z,,50.0
2026-09-04T20:56:42.173684,Kentucky,Alabama,2026-09-12T19:30:00Z,,49.0
2026-09-04T20:56:42.173684,BYU,Arizona,2026-09-12T19:30:00Z,,51.5
2026-09-04T20:56:42.173684,Syracuse,California,2026-09-12T19:30:00Z,,53.0
2026-09-04T20:56:42.173684,Illinois,Duke,2026-09-12T19:30:00Z,,55.5
2026-09-04T20:56:42.173684,Michigan State,Eastern Michigan,2026-09-12T19:30:00Z,,51.0
2026-09-04T20:56:42.173684,UConn,Maryland,2026-09-12T19:30:00Z,,53.5
2026-09-04T20:56:42.173684,Minnesota,Mississippi State,2026-09-12T19:30:00Z,,52.5
2026-09-04T20:56:42.173684,Pittsburgh,UCF,2026-09-12T19:30:00Z,,51.5
2026-09-04T20:56:42.173684,Texas State,UTSA,2026-09-12T19:30:00Z,,64.0
2026-09-04T20:56:42.173684,UAB,Louisiana Monroe,2026-09-12T19:30:00Z,,53.5
2026-09-04T20:56:42.173684,Washington,Utah State,2026-09-12T19:30:00Z,,55.5
2026-09-04T20:56:42.173684,North Texas,UNLV,2026-09-12T19:45:00Z,,61.0
2026-09-04T20:56:42.173684,Vanderbilt,Delaware,2026-09-12T20:15:00Z,,54.5
2026-09-04T20:56:42.173684,Boise State,Memphis,2026-09-12T22:00:00Z,,53.5
2026-09-04T20:56:42.173684,Florida International,Buffalo,2026-09-12T22:00:00Z,,50.5
2026-09-04T20:56:42.173684,Ohio,Jacksonville State,2026-09-12T22:00:00Z,,49.5
2026-09-04T20:56:42.173684,Nebraska,Bowling Green,2026-09-12T23:00:00Z,,49.5
2026-09-04T20:56:42.173684,Georgia Tech,Tennessee,2026-09-12T23:00:00Z,,55.5
2026-09-04T20:56:42.173684,Sam Houston,Tulsa,2026-09-12T23:00:00Z,,52.5
2026-09-04T20:56:42.173684,UCLA,San Diego State,2026-09-12T23:15:00Z,,49.0
2026-09-04T20:56:42.173684,Iowa,Iowa State,2026-09-12T23:30:00Z,,41.5
2026-09-04T20:56:42.173684,Texas,Ohio State,2026-09-12T23:30:00Z,,47.5
2026-09-04T20:56:42.173684,Oregon State,Texas Tech,2026-09-12T23:30:00Z,,51.5
2026-09-04T20:56:42.173684,Arkansas,Georgia,2026-09-19T16:00:00Z,,55.5
2026-09-04T20:56:42.173684,Louisville,SMU,2026-09-19T19:30:00Z,,56.5
2026-09-04T20:56:42.173684,Auburn,Florida,2026-09-19T23:00:00Z,,53.5
2026-09-04T20:56:42.173684,Ole Miss,LSU,2026-09-19T23:30:00Z,,57.5
2026-09-04T20:56:42.173684,Texas Tech,Houston,2026-09-20T00:00:00Z,,54.5
2026-09-04T20:56:42.173684,Georgia,Oklahoma,2026-09-26T16:00:00Z,,52.5
2026-09-04T20:56:42.173684,LSU,Texas A&M,2026-09-26T16:00:00Z,,56.5
2026-09-04T20:56:42.173684,Tennessee,Texas,2026-09-26T16:00:00Z,,56.5
2026-09-04T20:56:42.173684,Clemson,Miami,2026-10-03T16:00:00Z,,55.5
2026-09-04T20:56:42.173684,Oklahoma,Texas,2026-10-10T16:00:00Z,,48.5
2026-09-04T20:56:42.173684,Alabama,Georgia,2026-10-11T00:00:00Z,,49.5
2026-09-04T20:56:42.173684,Tennessee,Alabama,2026-10-17T16:00:00Z,,56.5
2026-09-04T20:56:42.173684,Georgia,Auburn,2026-10-17T16:00:00Z,,54.5
2026-09-04T20:56:42.173684,BYU,Notre Dame,2026-10-17T16:00:00Z,,54.5
2026-09-04T20:56:42.173684,Indiana,Ohio State,2026-10-17T16:00:00Z,,48.5
2026-09-04T20:56:42.173684,Kansas State,Kansas,2026-10-17T16:00:00Z,,54.5
2026-09-04T20:56:42.173684,Michigan,Penn State,2026-10-17T16:00:00Z,,51.5
2026-09-04T20:56:42.173684,Oregon,Nebraska,2026-10-17T16:00:00Z,,51.5
2026-09-04T20:56:42.173684,Alabama,Texas A&M,2026-10-24T16:00:00Z,,54.5
2026-09-04T20:56:42.173684,Michigan,Indiana,2026-10-24T16:00:00Z,,52.5
2026-09-04T20:56:42.173684,Texas,Ole Miss,2026-10-24T16:00:00Z,,54.5
2026-09-04T20:56:42.173684,Georgia,Florida,2026-10-31T16:00:00Z,,53.5
2026-09-04T20:56:42.173684,LSU,Alabama,2026-11-07T16:00:00Z,,54.5
2026-09-04T20:56:42.173684,Ole Miss,Georgia,2026-11-07T16:00:00Z,,55.5
2026-09-04T20:56:42.173684,Michigan,Michigan State,2026-11-07T16:00:00Z,,50.5
2026-09-04T20:56:42.173684,Ohio State,Oregon,2026-11-07T16:00:00Z,,52.5
2026-09-04T20:56:42.173684,Notre Dame,Miami,2026-11-08T00:30:00Z,,54.5
2026-09-04T20:56:42.173684,Miami,Duke,2026-11-14T16:00:00Z,,55.5
2026-09-04T20:56:42.173684,LSU,Texas,2026-11-14T16:00:00Z,,54.5
2026-09-04T20:56:42.173684,Oregon,Michigan,2026-11-14T16:00:00Z,,53.5
2026-09-04T20:56:42.173684,Oklahoma,Ole Miss,2026-11-14T16:00:00Z,,53.5
2026-09-04T20:56:42.173684,Oklahoma State,Texas Tech,2026-11-14T16:00:00Z,,61.5
2026-09-04T20:56:42.173684,Texas A&M,Tennessee,2026-11-14T16:00:00Z,,55.5
2026-09-04T20:56:42.173684,Tennessee,LSU,2026-11-21T16:00:00Z,,57.5
2026-09-04T20:56:42.173684,Miami,Virginia Tech,2026-11-21T16:00:00Z,,56.5
2026-09-04T20:56:42.173684,Oklahoma,Texas A&M,2026-11-21T16:00:00Z,,51.5
2026-09-04T20:56:42.173684,Notre Dame,SMU,2026-11-22T00:30:00Z,,56.5
2026-09-04T20:56:42.173684,Ole Miss,Mississippi State,2026-11-27T17:00:00Z,,57.5
2026-09-04T20:56:42.173684,Texas A&M,Texas,2026-11-28T00:30:00Z,,53.5
2026-09-04T20:56:42.173684,Alabama,Auburn,2026-11-28T16:00:00Z,,52.5
2026-09-04T20:56:42.173684,Arizona,Arizona State,2026-11-28T16:00:00Z,,52.5
2026-09-04T20:56:42.173684,Clemson,South Carolina,2026-11-28T16:00:00Z,,53.5
2026-09-04T20:56:42.173684,Oregon,Washington,2026-11-28T16:00:00Z,,54.5
2026-09-04T20:56:42.173684,Vanderbilt,Tennessee,2026-11-28T16:00:00Z,,57.5
2026-09-04T20:56:42.173684,Ohio State,Michigan,2026-11-28T17:00:00Z,,45.5
2026-09-04T20:56:42.173684,Navy,Army,2026-12-12T20:00:00Z,,37.5
2026-09-04T20:59:28.501949,Eastern Michigan,San José State,2026-09-04T22:30:00Z,55.0,55.0
2026-09-04T20:59:28.501949,Georgia State,North Carolina,2026-09-04T23:00:00Z,,58.5
2026-09-04T20:59:28.501949,Purdue,Indiana,2026-09-04T23:00:00Z,,56.0
2026-09-04T20:59:28.501949,Michigan State,Toledo,2026-09-05T00:00:00Z,48.5,48.5
2026-09-04T20:59:28.501949,Oklahoma,UTEP,2026-09-05T00:00:00Z,50.0,51.0
2026-09-04T20:59:28.501949,USC,Fresno State,2026-09-05T01:00:00Z,51.0,51.0
2026-09-04T20:59:28.501949,Stanford,Miami,2026-09-05T01:00:00Z,46.5,46.5
2026-09-04T20:59:28.501949,Alabama,East Carolina,2026-09-05T16:00:00Z,52.5,52.5
2026-09-04T20:59:28.501949,West Virginia,Coastal Carolina,2026-09-05T16:00:00Z,56.0,55.5
2026-09-04T20:59:28.501949,Houston,Oregon State,2026-09-05T16:00:00Z,50.5,50.5
2026-09-04T20:59:28.501949,Indiana,North Texas,2026-09-05T16:00:00Z,57.0,57.0
2026-09-04T20:59:28.501949,James Madison,Liberty,2026-09-05T16:00:00Z,50.5,50.5
2026-09-04T20:59:28.501949,Pittsburgh,Miami (OH),2026-09-05T16:00:00Z,47.0,47.5
2026-09-04T20:59:28.501949,Nebraska,Ohio,2026-09-05T16:00:00Z,46.0,46.0
2026-09-04T20:59:28.501949,Ohio State,Ball State,2026-09-05T16:30:00Z,56.5,56.5
2026-09-04T20:59:28.501949,South Carolina,Kent State,2026-09-05T16:45:00Z,53.5,53.5
2026-09-04T20:59:28.501949,Georgia,Tennessee,2026-09-05T19:00:00Z,54.5,54.5
2026-09-04T20:59:28.501949,Auburn,Baylor,2026-09-05T19:30:00Z,59.5,59.5
2026-09-04T20:59:28.501949,Oregon,Boise State,2026-09-05T19:30:00Z,51.5,51.5
2026-09-04T20:59:28.501949,Cincinnati,Boston College,2026-09-05T19:30:00Z,50.0,50.0
2026-09-04T20:59:28.501949,Duke,Tulane,2026-09-05T19:30:00Z,50.5,51.0
2026-09-04T20:59:28.501949,Penn State,Marshall,2026-09-05T19:30:00Z,52.0,52.0
2026-09-04T20:59:28.501949,Texas,Texas State,2026-09-05T19:30:00Z,60.0,59.5
2026-09-04T20:59:28.501949,Tulsa,Oklahoma State,2026-09-05T19:45:00Z,59.0,59.0
2026-09-04T20:59:28.501949,Iowa,Northern Illinois,2026-09-05T20:15:00Z,44.5,44.5
2026-09-04T20:59:28.501949,Colorado State,Wyoming,2026-09-05T22:00:00Z,46.5,46.5
2026-09-04T20:59:28.501949,Memphis,Arkansas State,2026-09-05T23:00:00Z,52.0,52.5
2026-09-04T20:59:28.501949,South Florida,Florida International,2026-09-05T23:00:00Z,52.0,51.5
2026-09-04T20:59:28.501949,Rice,Houston,2026-09-05T23:00:00Z,47.5,47.5
2026-09-04T20:59:28.501949,Michigan,Western Michigan,2026-09-05T23:00:00Z,49.5,49.5
2026-09-04T20:59:28.501949,Texas A&M,Missouri State,2026-09-05T23:00:00Z,53.5,53.5
2026-09-04T20:59:28.501949,Troy,Sam Houston,2026-09-05T23:00:00Z,54.0,54.0
2026-09-04T20:59:28.501949,LSU,Clemson,2026-09-05T23:30:00Z,50.5,50.5
2026-09-04T20:59:28.501949,Louisiana Tech,Northwestern,2026-09-05T23:30:00Z,55.5,55.5
2026-09-04T20:59:28.501949,Mississippi State,Louisiana Monroe,2026-09-05T23:30:00Z,55.0,54.5
2026-09-04T20:59:28.501949,Florida,Florida Atlantic,2026-09-05T23:45:00Z,59.5,59.5
2026-09-04T20:59:28.501949,BYU,Utah,2026-09-06T00:00:00Z,61.0,61.5
2026-09-04T20:59:28.501949,New Mexico,Central Michigan,2026-09-06T02:00:00Z,47.0,46.5
2026-09-04T20:59:28.501949,Hawai'i,UNLV,2026-09-06T02:00:00Z,55.5,55.5
2026-09-04T20:59:28.501949,California,UCLA,2026-09-06T02:30:00Z,53.5,53.5
2026-09-04T20:59:28.501949,Nevada,Western Kentucky,2026-09-06T02:30:00Z,52.5,52.5
2026-09-04T20:59:28.501949,Washington,Washington State,2026-09-06T20:00:00Z,51.0,51.0
2026-09-04T20:59:28.501949,Ole Miss,Louisville,2026-09-06T23:30:00Z,55.0,55.5
2026-09-04T20:59:28.501949,Notre Dame,Wisconsin,2026-09-06T23:30:00Z,46.5,46.5
2026-09-04T20:59:28.501949,Florida State,SMU,2026-09-07T23:30:00Z,53.0,53.5
2026-09-04T20:59:28.501949,Miami,Florida,2026-09-11T00:00:00Z,,56.5
2026-09-04T20:59:28.501949,Boston College,Rutgers,2026-09-11T23:30:00Z,,57.5
2026-09-04T20:59:28.501949,Kansas,Missouri,2026-09-12T00:00:00Z,,50.5
2026-09-04T20:59:28.501949,East Carolina,App State,2026-09-12T16:00:00Z,,55.5
2026-09-04T20:59:28.501949,Texas A&M,Arizona State,2026-09-12T16:00:00Z,,52.0
2026-09-04T20:59:28.501949,Utah,Arkansas,2026-09-12T16:00:00Z,,56.25
2026-09-04T20:59:28.501949,Army,South Florida,2026-09-12T16:00:00Z,,53.5
2026-09-04T20:59:28.501949,Kansas State,Washington State,2026-09-12T16:00:00Z,,52.5
2026-09-04T20:59:28.501949,Michigan,Oklahoma,2026-09-12T16:00:00Z,,45.5
2026-09-04T20:59:28.501949,Oklahoma State,Oregon,2026-09-12T16:00:00Z,,60.5
2026-09-04T20:59:28.501949,Virginia Tech,Old Dominion,2026-09-12T16:00:00Z,,52.0
2026-09-04T20:59:28.501949,Temple,Penn State,2026-09-12T16:00:00Z,,50.5
2026-09-04T20:59:28.501949,Purdue,Wake Forest,2026-09-12T16:00:00Z,,50.0
2026-09-04T20:59:28.501949,Kentucky,Alabama,2026-09-12T19:30:00Z,,49.0
2026-09-04T20:59:28.501949,BYU,Arizona,2026-09-12T19:30:00Z,,51.5
2026-09-04T20:59:28.501949,Syracuse,California,2026-09-12T19:30:00Z,,53.0
2026-09-04T20:59:28.501949,Illinois,Duke,2026-09-12T19:30:00Z,,55.5
2026-09-04T20:59:28.501949,Michigan State,Eastern Michigan,2026-09-12T19:30:00Z,,51.0
2026-09-04T20:59:28.501949,UConn,Maryland,2026-09-12T19:30:00Z,,53.5
2026-09-04T20:59:28.501949,Minnesota,Mississippi State,2026-09-12T19:30:00Z,,52.5
2026-09-04T20:59:28.501949,Pittsburgh,UCF,2026-09-12T19:30:00Z,,51.5
2026-09-04T20:59:28.501949,Texas State,UTSA,2026-09-12T19:30:00Z,,64.0
2026-09-04T20:59:28.501949,UAB,Louisiana Monroe,2026-09-12T19:30:00Z,,53.5
2026-09-04T20:59:28.501949,Washington,Utah State,2026-09-12T19:30:00Z,,55.5
2026-09-04T20:59:28.501949,North Texas,UNLV,2026-09-12T19:45:00Z,,61.0
2026-09-04T20:59:28.501949,Vanderbilt,Delaware,2026-09-12T20:15:00Z,,54.5
2026-09-04T20:59:28.501949,Boise State,Memphis,2026-09-12T22:00:00Z,,53.5
2026-09-04T20:59:28.501949,Florida International,Buffalo,2026-09-12T22:00:00Z,,50.5
2026-09-04T20:59:28.501949,Ohio,Jacksonville State,2026-09-12T22:00:00Z,,49.5
2026-09-04T20:59:28.501949,Nebraska,Bowling Green,2026-09-12T23:00:00Z,,49.5
2026-09-04T20:59:28.501949,Georgia Tech,Tennessee,2026-09-12T23:00:00Z,,55.5
2026-09-04T20:59:28.501949,Sam Houston,Tulsa,2026-09-12T23:00:00Z,,52.5
2026-09-04T20:59:28.501949,UCLA,San Diego State,2026-09-12T23:15:00Z,,49.0
2026-09-04T20:59:28.501949,Iowa,Iowa State,2026-09-12T23:30:00Z,,41.5
2026-09-04T20:59:28.501949,Texas,Ohio State,2026-09-12T23:30:00Z,,47.5
2026-09-04T20:59:28.501949,Oregon State,Texas Tech,2026-09-12T23:30:00Z,,51.5
2026-09-04T20:59:28.501949,Arkansas,Georgia,2026-09-19T16:00:00Z,,55.5
2026-09-04T20:59:28.501949,Louisville,SMU,2026-09-19T19:30:00Z,,56.5
2026-09-04T20:59:28.501949,Auburn,Florida,2026-09-19T23:00:00Z,,53.5
2026-09-04T20:59:28.501949,Ole Miss,LSU,2026-09-19T23:30:00Z,,57.5
2026-09-04T20:59:28.501949,Texas Tech,Houston,2026-09-20T00:00:00Z,,54.5
2026-09-04T20:59:28.501949,Georgia,Oklahoma,2026-09-26T16:00:00Z,,52.5
2026-09-04T20:59:28.501949,LSU,Texas A&M,2026-09-26T16:00:00Z,,56.5
2026-09-04T20:59:28.501949,Tennessee,Texas,2026-09-26T16:00:00Z,,56.5
2026-09-04T20:59:28.501949,Clemson,Miami,2026-10-03T16:00:00Z,,55.5
2026-09-04T20:59:28.501949,Oklahoma,Texas,2026-10-10T16:00:00Z,,48.5
2026-09-04T20:59:28.501949,Alabama,Georgia,2026-10-11T00:00:00Z,,49.5
2026-09-04T20:59:28.501949,Tennessee,Alabama,2026-10-17T16:00:00Z,,56.5
2026-09-04T20:59:28.501949,Georgia,Auburn,2026-10-17T16:00:00Z,,54.5
2026-09-04T20:59:28.501949,BYU,Notre Dame,2026-10-17T16:00:00Z,,54.5
2026-09-04T20:59:28.501949,Indiana,Ohio State,2026-10-17T16:00:00Z,,48.5
2026-09-04T20:59:28.501949,Kansas State,Kansas,2026-10-17T16:00:00Z,,54.5
2026-09-04T20:59:28.501949,Michigan,Penn State,2026-10-17T16:00:00Z,,51.5
2026-09-04T20:59:28.501949,Oregon,Nebraska,2026-10-17T16:00:00Z,,51.5
2026-09-04T20:59:28.501949,Alabama,Texas A&M,2026-10-24T16:00:00Z,,54.5
2026-09-04T20:59:28.501949,Michigan,Indiana,2026-10-24T16:00:00Z,,52.5
2026-09-04T20:59:28.501949,Texas,Ole Miss,2026-10-24T16:00:00Z,,54.5
2026-09-04T20:59:28.501949,Georgia,Florida,2026-10-31T16:00:00Z,,53.5
2026-09-04T20:59:28.501949,LSU,Alabama,2026-11-07T16:00:00Z,,54.5
2026-09-04T20:59:28.501949,Ole Miss,Georgia,2026-11-07T16:00:00Z,,55.5
2026-09-04T20:59:28.501949,Michigan,Michigan State,2026-11-07T16:00:00Z,,50.5
2026-09-04T20:59:28.501949,Ohio State,Oregon,2026-11-07T16:00:00Z,,52.5
2026-09-04T20:59:28.501949,Notre Dame,Miami,2026-11-08T00:30:00Z,,54.5
2026-09-04T20:59:28.501949,Miami,Duke,2026-11-14T16:00:00Z,,55.5
2026-09-04T20:59:28.501949,LSU,Texas,2026-11-14T16:00:00Z,,54.5
2026-09-04T20:59:28.501949,Oregon,Michigan,2026-11-14T16:00:00Z,,53.5
2026-09-04T20:59:28.501949,Oklahoma,Ole Miss,2026-11-14T16:00:00Z,,53.5
2026-09-04T20:59:28.501949,Oklahoma State,Texas Tech,2026-11-14T16:00:00Z,,61.5
2026-09-04T20:59:28.501949,Texas A&M,Tennessee,2026-11-14T16:00:00Z,,55.5
2026-09-04T20:59:28.501949,Tennessee,LSU,2026-11-21T16:00:00Z,,57.5
2026-09-04T20:59:28.501949,Miami,Virginia Tech,2026-11-21T16:00:00Z,,56.5
2026-09-04T20:59:28.501949,Oklahoma,Texas A&M,2026-11-21T16:00:00Z,,51.5
2026-09-04T20:59:28.501949,Notre Dame,SMU,2026-11-22T00:30:00Z,,56.5
2026-09-04T20:59:28.501949,Ole Miss,Mississippi State,2026-11-27T17:00:00Z,,57.5
2026-09-04T20:59:28.501949,Texas A&M,Texas,2026-11-28T00:30:00Z,,53.5
2026-09-04T20:59:28.501949,Alabama,Auburn,2026-11-28T16:00:00Z,,52.5
2026-09-04T20:59:28.501949,Arizona,Arizona State,2026-11-28T16:00:00Z,,52.5
2026-09-04T20:59:28.501949,Clemson,South Carolina,2026-11-28T16:00:00Z,,53.5
2026-09-04T20:59:28.501949,Oregon,Washington,2026-11-28T16:00:00Z,,54.5
2026-09-04T20:59:28.501949,Vanderbilt,Tennessee,2026-11-28T16:00:00Z,,57.5
2026-09-04T20:59:28.501949,Ohio State,Michigan,2026-11-28T17:00:00Z,,45.5
2026-09-04T20:59:28.501949,Navy,Army,2026-12-12T20:00:00Z,,37.5
2026-09-04T21:09:42.207790,Eastern Michigan,San José State,2026-09-04T22:30:00Z,55.0,55.0
2026-09-04T21:09:42.207790,Georgia State,North Carolina,2026-09-04T23:00:00Z,,58.5
2026-09-04T21:09:42.207790,Purdue,Indiana,2026-09-04T23:00:00Z,,56.0
2026-09-04T21:09:42.207790,Michigan State,Toledo,2026-09-05T00:00:00Z,48.5,48.5
2026-09-04T21:09:42.207790,Oklahoma,UTEP,2026-09-05T00:00:00Z,50.0,51.0
2026-09-04T21:09:42.207790,USC,Fresno State,2026-09-05T01:00:00Z,51.0,51.0
2026-09-04T21:09:42.207790,Stanford,Miami,2026-09-05T01:00:00Z,46.5,46.5
2026-09-04T21:09:42.207790,Alabama,East Carolina,2026-09-05T16:00:00Z,52.5,52.5
2026-09-04T21:09:42.207790,West Virginia,Coastal Carolina,2026-09-05T16:00:00Z,56.0,55.5
2026-09-04T21:09:42.207790,Houston,Oregon State,2026-09-05T16:00:00Z,50.5,50.5
2026-09-04T21:09:42.207790,Indiana,North Texas,2026-09-05T16:00:00Z,57.0,57.0
2026-09-04T21:09:42.207790,James Madison,Liberty,2026-09-05T16:00:00Z,50.5,50.5
2026-09-04T21:09:42.207790,Pittsburgh,Miami (OH),2026-09-05T16:00:00Z,47.0,47.5
2026-09-04T21:09:42.207790,Nebraska,Ohio,2026-09-05T16:00:00Z,46.0,46.0
2026-09-04T21:09:42.207790,Ohio State,Ball State,2026-09-05T16:30:00Z,56.5,56.5
2026-09-04T21:09:42.207790,South Carolina,Kent State,2026-09-05T16:45:00Z,53.5,53.5
2026-09-04T21:09:42.207790,Georgia,Tennessee,2026-09-05T19:00:00Z,54.5,54.5
2026-09-04T21:09:42.207790,Auburn,Baylor,2026-09-05T19:30:00Z,59.5,59.5
2026-09-04T21:09:42.207790,Oregon,Boise State,2026-09-05T19:30:00Z,51.5,51.5
2026-09-04T21:09:42.207790,Cincinnati,Boston College,2026-09-05T19:30:00Z,50.0,50.0
2026-09-04T21:09:42.207790,Duke,Tulane,2026-09-05T19:30:00Z,50.5,51.0
2026-09-04T21:09:42.207790,Penn State,Marshall,2026-09-05T19:30:00Z,52.0,52.0
2026-09-04T21:09:42.207790,Texas,Texas State,2026-09-05T19:30:00Z,60.0,59.5
2026-09-04T21:09:42.207790,Tulsa,Oklahoma State,2026-09-05T19:45:00Z,59.0,59.0
2026-09-04T21:09:42.207790,Iowa,Northern Illinois,2026-09-05T20:15:00Z,44.5,44.5
2026-09-04T21:09:42.207790,Colorado State,Wyoming,2026-09-05T22:00:00Z,46.5,46.5
2026-09-04T21:09:42.207790,Memphis,Arkansas State,2026-09-05T23:00:00Z,52.0,52.5
2026-09-04T21:09:42.207790,South Florida,Florida International,2026-09-05T23:00:00Z,52.0,51.5
2026-09-04T21:09:42.207790,Rice,Houston,2026-09-05T23:00:00Z,47.5,47.5
2026-09-04T21:09:42.207790,Michigan,Western Michigan,2026-09-05T23:00:00Z,49.5,49.5
2026-09-04T21:09:42.207790,Texas A&M,Missouri State,2026-09-05T23:00:00Z,53.5,53.5
2026-09-04T21:09:42.207790,Troy,Sam Houston,2026-09-05T23:00:00Z,54.0,54.0
2026-09-04T21:09:42.207790,LSU,Clemson,2026-09-05T23:30:00Z,50.5,50.5
2026-09-04T21:09:42.207790,Louisiana Tech,Northwestern,2026-09-05T23:30:00Z,55.5,55.5
2026-09-04T21:09:42.207790,Mississippi State,Louisiana Monroe,2026-09-05T23:30:00Z,55.0,54.5
2026-09-04T21:09:42.207790,Florida,Florida Atlantic,2026-09-05T23:45:00Z,59.5,59.5
2026-09-04T21:09:42.207790,BYU,Utah,2026-09-06T00:00:00Z,61.0,61.5
2026-09-04T21:09:42.207790,New Mexico,Central Michigan,2026-09-06T02:00:00Z,47.0,46.5
2026-09-04T21:09:42.207790,Hawai'i,UNLV,2026-09-06T02:00:00Z,55.5,55.5
2026-09-04T21:09:42.207790,California,UCLA,2026-09-06T02:30:00Z,53.5,53.5
2026-09-04T21:09:42.207790,Nevada,Western Kentucky,2026-09-06T02:30:00Z,52.5,52.5
2026-09-04T21:09:42.207790,Washington,Washington State,2026-09-06T20:00:00Z,51.0,51.0
2026-09-04T21:09:42.207790,Ole Miss,Louisville,2026-09-06T23:30:00Z,55.0,55.5
2026-09-04T21:09:42.207790,Notre Dame,Wisconsin,2026-09-06T23:30:00Z,46.5,46.5
2026-09-04T21:09:42.207790,Florida State,SMU,2026-09-07T23:30:00Z,53.0,53.5
2026-09-04T21:09:42.207790,Miami,Florida,2026-09-11T00:00:00Z,,56.5
2026-09-04T21:09:42.207790,Boston College,Rutgers,2026-09-11T23:30:00Z,,57.5
2026-09-04T21:09:42.207790,Kansas,Missouri,2026-09-12T00:00:00Z,,50.5
2026-09-04T21:09:42.207790,East Carolina,App State,2026-09-12T16:00:00Z,,55.5
2026-09-04T21:09:42.207790,Texas A&M,Arizona State,2026-09-12T16:00:00Z,,52.0
2026-09-04T21:09:42.207790,Utah,Arkansas,2026-09-12T16:00:00Z,,56.5
2026-09-04T21:09:42.207790,Army,South Florida,2026-09-12T16:00:00Z,,53.5
2026-09-04T21:09:42.207790,Kansas State,Washington State,2026-09-12T16:00:00Z,,52.5
2026-09-04T21:09:42.207790,Michigan,Oklahoma,2026-09-12T16:00:00Z,,45.5
2026-09-04T21:09:42.207790,Oklahoma State,Oregon,2026-09-12T16:00:00Z,,60.5
2026-09-04T21:09:42.207790,Virginia Tech,Old Dominion,2026-09-12T16:00:00Z,,52.0
2026-09-04T21:09:42.207790,Temple,Penn State,2026-09-12T16:00:00Z,,50.5
2026-09-04T21:09:42.207790,Purdue,Wake Forest,2026-09-12T16:00:00Z,,50.0
2026-09-04T21:09:42.207790,Kentucky,Alabama,2026-09-12T19:30:00Z,,49.0
2026-09-04T21:09:42.207790,BYU,Arizona,2026-09-12T19:30:00Z,,51.5
2026-09-04T21:09:42.207790,Syracuse,California,2026-09-12T19:30:00Z,,53.0
2026-09-04T21:09:42.207790,Illinois,Duke,2026-09-12T19:30:00Z,,55.5
2026-09-04T21:09:42.207790,Michigan State,Eastern Michigan,2026-09-12T19:30:00Z,,51.0
2026-09-04T21:09:42.207790,UConn,Maryland,2026-09-12T19:30:00Z,,53.5
2026-09-04T21:09:42.207790,Minnesota,Mississippi State,2026-09-12T19:30:00Z,,52.5
2026-09-04T21:09:42.207790,Pittsburgh,UCF,2026-09-12T19:30:00Z,,51.5
2026-09-04T21:09:42.207790,Texas State,UTSA,2026-09-12T19:30:00Z,,64.0
2026-09-04T21:09:42.207790,UAB,Louisiana Monroe,2026-09-12T19:30:00Z,,53.5
2026-09-04T21:09:42.207790,Washington,Utah State,2026-09-12T19:30:00Z,,55.5
2026-09-04T21:09:42.207790,North Texas,UNLV,2026-09-12T19:45:00Z,,61.0
2026-09-04T21:09:42.207790,Vanderbilt,Delaware,2026-09-12T20:15:00Z,,54.5
2026-09-04T21:09:42.207790,Boise State,Memphis,2026-09-12T22:00:00Z,,53.5
2026-09-04T21:09:42.207790,Florida International,Buffalo,2026-09-12T22:00:00Z,,50.5
2026-09-04T21:09:42.207790,Ohio,Jacksonville State,2026-09-12T22:00:00Z,,49.5
2026-09-04T21:09:42.207790,Nebraska,Bowling Green,2026-09-12T23:00:00Z,,49.5
2026-09-04T21:09:42.207790,Georgia Tech,Tennessee,2026-09-12T23:00:00Z,,55.5
2026-09-04T21:09:42.207790,Sam Houston,Tulsa,2026-09-12T23:00:00Z,,52.5
2026-09-04T21:09:42.207790,UCLA,San Diego State,2026-09-12T23:15:00Z,,49.0
2026-09-04T21:09:42.207790,Iowa,Iowa State,2026-09-12T23:30:00Z,,41.5
2026-09-04T21:09:42.207790,Texas,Ohio State,2026-09-12T23:30:00Z,,47.5
2026-09-04T21:09:42.207790,Oregon State,Texas Tech,2026-09-12T23:30:00Z,,50.5
2026-09-04T21:09:42.207790,Arkansas,Georgia,2026-09-19T16:00:00Z,,55.5
2026-09-04T21:09:42.207790,Louisville,SMU,2026-09-19T19:30:00Z,,56.5
2026-09-04T21:09:42.207790,Auburn,Florida,2026-09-19T23:00:00Z,,53.5
2026-09-04T21:09:42.207790,Ole Miss,LSU,2026-09-19T23:30:00Z,,57.5
2026-09-04T21:09:42.207790,Texas Tech,Houston,2026-09-20T00:00:00Z,,54.5
2026-09-04T21:09:42.207790,Georgia,Oklahoma,2026-09-26T16:00:00Z,,52.5
2026-09-04T21:09:42.207790,LSU,Texas A&M,2026-09-26T16:00:00Z,,56.5
2026-09-04T21:09:42.207790,Tennessee,Texas,2026-09-26T16:00:00Z,,56.5
2026-09-04T21:09:42.207790,Clemson,Miami,2026-10-03T16:00:00Z,,55.5
2026-09-04T21:09:42.207790,Oklahoma,Texas,2026-10-10T16:00:00Z,,48.5
2026-09-04T21:09:42.207790,Alabama,Georgia,2026-10-11T00:00:00Z,,49.5
2026-09-04T21:09:42.207790,Tennessee,Alabama,2026-10-17T16:00:00Z,,56.5
2026-09-04T21:09:42.207790,Georgia,Auburn,2026-10-17T16:00:00Z,,54.5
2026-09-04T21:09:42.207790,BYU,Notre Dame,2026-10-17T16:00:00Z,,54.5
2026-09-04T21:09:42.207790,Indiana,Ohio State,2026-10-17T16:00:00Z,,48.5
2026-09-04T21:09:42.207790,Kansas State,Kansas,2026-10-17T16:00:00Z,,54.5
2026-09-04T21:09:42.207790,Michigan,Penn State,2026-10-17T16:00:00Z,,51.5
2026-09-04T21:09:42.207790,Oregon,Nebraska,2026-10-17T16:00:00Z,,51.5
2026-09-04T21:09:42.207790,Alabama,Texas A&M,2026-10-24T16:00:00Z,,54.5
2026-09-04T21:09:42.207790,Michigan,Indiana,2026-10-24T16:00:00Z,,52.5
2026-09-04T21:09:42.207790,Texas,Ole Miss,2026-10-24T16:00:00Z,,54.5
2026-09-04T21:09:42.207790,Georgia,Florida,2026-10-31T16:00:00Z,,53.5
2026-09-04T21:09:42.207790,LSU,Alabama,2026-11-07T16:00:00Z,,54.5
2026-09-04T21:09:42.207790,Ole Miss,Georgia,2026-11-07T16:00:00Z,,55.5
2026-09-04T21:09:42.207790,Michigan,Michigan State,2026-11-07T16:00:00Z,,50.5
2026-09-04T21:09:42.207790,Ohio State,Oregon,2026-11-07T16:00:00Z,,52.5
2026-09-04T21:09:42.207790,Notre Dame,Miami,2026-11-08T00:30:00Z,,54.5
2026-09-04T21:09:42.207790,Miami,Duke,2026-11-14T16:00:00Z,,55.5
2026-09-04T21:09:42.207790,LSU,Texas,2026-11-14T16:00:00Z,,54.5
2026-09-04T21:09:42.207790,Oregon,Michigan,2026-11-14T16:00:00Z,,53.5
2026-09-04T21:09:42.207790,Oklahoma,Ole Miss,2026-11-14T16:00:00Z,,53.5
2026-09-04T21:09:42.207790,Oklahoma State,Texas Tech,2026-11-14T16:00:00Z,,61.5
2026-09-04T21:09:42.207790,Texas A&M,Tennessee,2026-11-14T16:00:00Z,,55.5
2026-09-04T21:09:42.207790,Tennessee,LSU,2026-11-21T16:00:00Z,,57.5
2026-09-04T21:09:42.207790,Miami,Virginia Tech,2026-11-21T16:00:00Z,,56.5
2026-09-04T21:09:42.207790,Oklahoma,Texas A&M,2026-11-21T16:00:00Z,,51.5
2026-09-04T21:09:42.207790,Notre Dame,SMU,2026-11-22T00:30:00Z,,56.5
2026-09-04T21:09:42.207790,Ole Miss,Mississippi State,2026-11-27T17:00:00Z,,57.5
2026-09-04T21:09:42.207790,Texas A&M,Texas,2026-11-28T00:30:00Z,,53.5
2026-09-04T21:09:42.207790,Alabama,Auburn,2026-11-28T16:00:00Z,,52.5
2026-09-04T21:09:42.207790,Arizona,Arizona State,2026-11-28T16:00:00Z,,52.5
2026-09-04T21:09:42.207790,Clemson,South Carolina,2026-11-28T16:00:00Z,,53.5
2026-09-04T21:09:42.207790,Oregon,Washington,2026-11-28T16:00:00Z,,54.5
2026-09-04T21:09:42.207790,Vanderbilt,Tennessee,2026-11-28T16:00:00Z,,57.5
2026-09-04T21:09:42.207790,Ohio State,Michigan,2026-11-28T17:00:00Z,,45.5
2026-09-04T21:09:42.207790,Navy,Army,2026-12-12T20:00:00Z,,37.5
2026-09-04T21:14:02.129321,Eastern Michigan,San José State,2026-09-04T22:30:00Z,55.0,55.0
2026-09-04T21:14:02.129321,Georgia State,North Carolina,2026-09-04T23:00:00Z,,58.5
2026-09-04T21:14:02.129321,Purdue,Indiana,2026-09-04T23:00:00Z,,56.0
2026-09-04T21:14:02.129321,Michigan State,Toledo,2026-09-05T00:00:00Z,48.5,48.5
2026-09-04T21:14:02.129321,Oklahoma,UTEP,2026-09-05T00:00:00Z,50.0,51.0
2026-09-04T21:14:02.129321,USC,Fresno State,2026-09-05T01:00:00Z,51.0,51.0
2026-09-04T21:14:02.129321,Stanford,Miami,2026-09-05T01:00:00Z,46.5,46.5
2026-09-04T21:14:02.129321,Alabama,East Carolina,2026-09-05T16:00:00Z,52.5,52.5
2026-09-04T21:14:02.129321,West Virginia,Coastal Carolina,2026-09-05T16:00:00Z,56.0,55.5
2026-09-04T21:14:02.129321,Houston,Oregon State,2026-09-05T16:00:00Z,50.5,50.5
2026-09-04T21:14:02.129321,Indiana,North Texas,2026-09-05T16:00:00Z,57.0,57.0
2026-09-04T21:14:02.129321,James Madison,Liberty,2026-09-05T16:00:00Z,50.5,50.5
2026-09-04T21:14:02.129321,Pittsburgh,Miami (OH),2026-09-05T16:00:00Z,47.0,47.5
2026-09-04T21:14:02.129321,Nebraska,Ohio,2026-09-05T16:00:00Z,46.0,46.0
2026-09-04T21:14:02.129321,Ohio State,Ball State,2026-09-05T16:30:00Z,56.5,56.5
2026-09-04T21:14:02.129321,South Carolina,Kent State,2026-09-05T16:45:00Z,53.5,53.5
2026-09-04T21:14:02.129321,Georgia,Tennessee,2026-09-05T19:00:00Z,54.5,54.5
2026-09-04T21:14:02.129321,Auburn,Baylor,2026-09-05T19:30:00Z,59.5,59.5
2026-09-04T21:14:02.129321,Oregon,Boise State,2026-09-05T19:30:00Z,51.5,51.5
2026-09-04T21:14:02.129321,Cincinnati,Boston College,2026-09-05T19:30:00Z,50.0,50.0
2026-09-04T21:14:02.129321,Duke,Tulane,2026-09-05T19:30:00Z,50.5,51.0
2026-09-04T21:14:02.129321,Penn State,Marshall,2026-09-05T19:30:00Z,52.0,52.0
2026-09-04T21:14:02.129321,Texas,Texas State,2026-09-05T19:30:00Z,60.0,59.5
2026-09-04T21:14:02.129321,Tulsa,Oklahoma State,2026-09-05T19:45:00Z,59.0,59.0
2026-09-04T21:14:02.129321,Iowa,Northern Illinois,2026-09-05T20:15:00Z,44.5,44.5
2026-09-04T21:14:02.129321,Colorado State,Wyoming,2026-09-05T22:00:00Z,46.5,46.5
2026-09-04T21:14:02.129321,Memphis,Arkansas State,2026-09-05T23:00:00Z,52.0,52.5
2026-09-04T21:14:02.129321,South Florida,Florida International,2026-09-05T23:00:00Z,52.0,51.5
2026-09-04T21:14:02.129321,Rice,Houston,2026-09-05T23:00:00Z,47.5,47.5
2026-09-04T21:14:02.129321,Michigan,Western Michigan,2026-09-05T23:00:00Z,49.5,49.5
2026-09-04T21:14:02.129321,Texas A&M,Missouri State,2026-09-05T23:00:00Z,53.5,53.5
2026-09-04T21:14:02.129321,Troy,Sam Houston,2026-09-05T23:00:00Z,54.0,54.0
2026-09-04T21:14:02.129321,LSU,Clemson,2026-09-05T23:30:00Z,50.5,50.5
2026-09-04T21:14:02.129321,Louisiana Tech,Northwestern,2026-09-05T23:30:00Z,55.5,55.5
2026-09-04T21:14:02.129321,Mississippi State,Louisiana Monroe,2026-09-05T23:30:00Z,55.0,54.5
2026-09-04T21:14:02.129321,Florida,Florida Atlantic,2026-09-05T23:45:00Z,59.5,59.5
2026-09-04T21:14:02.129321,BYU,Utah,2026-09-06T00:00:00Z,61.0,61.5
2026-09-04T21:14:02.129321,New Mexico,Central Michigan,2026-09-06T02:00:00Z,47.0,46.5
2026-09-04T21:14:02.129321,Hawai'i,UNLV,2026-09-06T02:00:00Z,55.5,55.5
2026-09-04T21:14:02.129321,California,UCLA,2026-09-06T02:30:00Z,53.5,53.5
2026-09-04T21:14:02.129321,Nevada,Western Kentucky,2026-09-06T02:30:00Z,52.5,52.5
2026-09-04T21:14:02.129321,Washington,Washington State,2026-09-06T20:00:00Z,51.0,51.0
2026-09-04T21:14:02.129321,Ole Miss,Louisville,2026-09-06T23:30:00Z,55.0,55.5
2026-09-04T21:14:02.129321,Notre Dame,Wisconsin,2026-09-06T23:30:00Z,46.5,46.5
2026-09-04T21:14:02.129321,Florida State,SMU,2026-09-07T23:30:00Z,53.0,53.5
2026-09-04T21:14:02.129321,Miami,Florida,2026-09-11T00:00:00Z,,56.5
2026-09-04T21:14:02.129321,Boston College,Rutgers,2026-09-11T23:30:00Z,,57.5
2026-09-04T21:14:02.129321,Kansas,Missouri,2026-09-12T00:00:00Z,,50.5
2026-09-04T21:14:02.129321,East Carolina,App State,2026-09-12T16:00:00Z,,55.5
2026-09-04T21:14:02.129321,Texas A&M,Arizona State,2026-09-12T16:00:00Z,,52.0
2026-09-04T21:14:02.129321,Utah,Arkansas,2026-09-12T16:00:00Z,,56.5
2026-09-04T21:14:02.129321,Army,South Florida,2026-09-12T16:00:00Z,,53.5
2026-09-04T21:14:02.129321,Kansas State,Washington State,2026-09-12T16:00:00Z,,52.5
2026-09-04T21:14:02.129321,Michigan,Oklahoma,2026-09-12T16:00:00Z,,45.5
2026-09-04T21:14:02.129321,Oklahoma State,Oregon,2026-09-12T16:00:00Z,,60.5
2026-09-04T21:14:02.129321,Virginia Tech,Old Dominion,2026-09-12T16:00:00Z,,52.0
2026-09-04T21:14:02.129321,Temple,Penn State,2026-09-12T16:00:00Z,,50.5
2026-09-04T21:14:02.129321,Purdue,Wake Forest,2026-09-12T16:00:00Z,,50.0
2026-09-04T21:14:02.129321,Kentucky,Alabama,2026-09-12T19:30:00Z,,49.0
2026-09-04T21:14:02.129321,BYU,Arizona,2026-09-12T19:30:00Z,,51.5
2026-09-04T21:14:02.129321,Syracuse,California,2026-09-12T19:30:00Z,,53.0
2026-09-04T21:14:02.129321,Illinois,Duke,2026-09-12T19:30:00Z,,55.5
2026-09-04T21:14:02.129321,Michigan State,Eastern Michigan,2026-09-12T19:30:00Z,,51.0
2026-09-04T21:14:02.129321,UConn,Maryland,2026-09-12T19:30:00Z,,53.5
2026-09-04T21:14:02.129321,Minnesota,Mississippi State,2026-09-12T19:30:00Z,,52.5
2026-09-04T21:14:02.129321,Pittsburgh,UCF,2026-09-12T19:30:00Z,,51.5
2026-09-04T21:14:02.129321,Texas State,UTSA,2026-09-12T19:30:00Z,,64.0
2026-09-04T21:14:02.129321,UAB,Louisiana Monroe,2026-09-12T19:30:00Z,,53.5
2026-09-04T21:14:02.129321,Washington,Utah State,2026-09-12T19:30:00Z,,55.5
2026-09-04T21:14:02.129321,North Texas,UNLV,2026-09-12T19:45:00Z,,61.0
2026-09-04T21:14:02.129321,Vanderbilt,Delaware,2026-09-12T20:15:00Z,,54.5
2026-09-04T21:14:02.129321,Boise State,Memphis,2026-09-12T22:00:00Z,,53.5
2026-09-04T21:14:02.129321,Florida International,Buffalo,2026-09-12T22:00:00Z,,50.5
2026-09-04T21:14:02.129321,Ohio,Jacksonville State,2026-09-12T22:00:00Z,,49.5
2026-09-04T21:14:02.129321,Nebraska,Bowling Green,2026-09-12T23:00:00Z,,49.5
2026-09-04T21:14:02.129321,Georgia Tech,Tennessee,2026-09-12T23:00:00Z,,55.5
2026-09-04T21:14:02.129321,Sam Houston,Tulsa,2026-09-12T23:00:00Z,,52.5
2026-09-04T21:14:02.129321,UCLA,San Diego State,2026-09-12T23:15:00Z,,49.0
2026-09-04T21:14:02.129321,Iowa,Iowa State,2026-09-12T23:30:00Z,,41.5
2026-09-04T21:14:02.129321,Texas,Ohio State,2026-09-12T23:30:00Z,,47.5
2026-09-04T21:14:02.129321,Oregon State,Texas Tech,2026-09-12T23:30:00Z,,50.5
2026-09-04T21:14:02.129321,Arkansas,Georgia,2026-09-19T16:00:00Z,,55.5
2026-09-04T21:14:02.129321,Louisville,SMU,2026-09-19T19:30:00Z,,56.5
2026-09-04T21:14:02.129321,Auburn,Florida,2026-09-19T23:00:00Z,,53.5
2026-09-04T21:14:02.129321,Ole Miss,LSU,2026-09-19T23:30:00Z,,57.5
2026-09-04T21:14:02.129321,Texas Tech,Houston,2026-09-20T00:00:00Z,,54.5
2026-09-04T21:14:02.129321,Georgia,Oklahoma,2026-09-26T16:00:00Z,,52.5
2026-09-04T21:14:02.129321,LSU,Texas A&M,2026-09-26T16:00:00Z,,56.5
2026-09-04T21:14:02.129321,Tennessee,Texas,2026-09-26T16:00:00Z,,56.5
2026-09-04T21:14:02.129321,Clemson,Miami,2026-10-03T16:00:00Z,,55.5
2026-09-04T21:14:02.129321,Oklahoma,Texas,2026-10-10T16:00:00Z,,48.5
2026-09-04T21:14:02.129321,Alabama,Georgia,2026-10-11T00:00:00Z,,49.5
2026-09-04T21:14:02.129321,Tennessee,Alabama,2026-10-17T16:00:00Z,,56.5
2026-09-04T21:14:02.129321,Georgia,Auburn,2026-10-17T16:00:00Z,,54.5
2026-09-04T21:14:02.129321,BYU,Notre Dame,2026-10-17T16:00:00Z,,54.5
2026-09-04T21:14:02.129321,Indiana,Ohio State,2026-10-17T16:00:00Z,,48.5
2026-09-04T21:14:02.129321,Kansas State,Kansas,2026-10-17T16:00:00Z,,54.5
2026-09-04T21:14:02.129321,Michigan,Penn State,2026-10-17T16:00:00Z,,51.5
2026-09-04T21:14:02.129321,Oregon,Nebraska,2026-10-17T16:00:00Z,,51.5
2026-09-04T21:14:02.129321,Alabama,Texas A&M,2026-10-24T16:00:00Z,,54.5
2026-09-04T21:14:02.129321,Michigan,Indiana,2026-10-24T16:00:00Z,,52.5
2026-09-04T21:14:02.129321,Texas,Ole Miss,2026-10-24T16:00:00Z,,54.5
2026-09-04T21:14:02.129321,Georgia,Florida,2026-10-31T16:00:00Z,,53.5
2026-09-04T21:14:02.129321,LSU,Alabama,2026-11-07T16:00:00Z,,54.5
2026-09-04T21:14:02.129321,Ole Miss,Georgia,2026-11-07T16:00:00Z,,55.5
2026-09-04T21:14:02.129321,Michigan,Michigan State,2026-11-07T16:00:00Z,,50.5
2026-09-04T21:14:02.129321,Ohio State,Oregon,2026-11-07T16:00:00Z,,52.5
2026-09-04T21:14:02.129321,Notre Dame,Miami,2026-11-08T00:30:00Z,,54.5
2026-09-04T21:14:02.129321,Miami,Duke,2026-11-14T16:00:00Z,,55.5
2026-09-04T21:14:02.129321,LSU,Texas,2026-11-14T16:00:00Z,,54.5
2026-09-04T21:14:02.129321,Oregon,Michigan,2026-11-14T16:00:00Z,,53.5
2026-09-04T21:14:02.129321,Oklahoma,Ole Miss,2026-11-14T16:00:00Z,,53.5
2026-09-04T21:14:02.129321,Oklahoma State,Texas Tech,2026-11-14T16:00:00Z,,61.5
2026-09-04T21:14:02.129321,Texas A&M,Tennessee,2026-11-14T16:00:00Z,,55.5
2026-09-04T21:14:02.129321,Tennessee,LSU,2026-11-21T16:00:00Z,,57.5
2026-09-04T21:14:02.129321,Miami,Virginia Tech,2026-11-21T16:00:00Z,,56.5
2026-09-04T21:14:02.129321,Oklahoma,Texas A&M,2026-11-21T16:00:00Z,,51.5
2026-09-04T21:14:02.129321,Notre Dame,SMU,2026-11-22T00:30:00Z,,56.5
2026-09-04T21:14:02.129321,Ole Miss,Mississippi State,2026-11-27T17:00:00Z,,57.5
2026-09-04T21:14:02.129321,Texas A&M,Texas,2026-11-28T00:30:00Z,,53.5
2026-09-04T21:14:02.129321,Alabama,Auburn,2026-11-28T16:00:00Z,,52.5
2026-09-04T21:14:02.129321,Arizona,Arizona State,2026-11-28T16:00:00Z,,52.5
2026-09-04T21:14:02.129321,Clemson,South Carolina,2026-11-28T16:00:00Z,,53.5
2026-09-04T21:14:02.129321,Oregon,Washington,2026-11-28T16:00:00Z,,54.5
2026-09-04T21:14:02.129321,Vanderbilt,Tennessee,2026-11-28T16:00:00Z,,57.5
2026-09-04T21:14:02.129321,Ohio State,Michigan,2026-11-28T17:00:00Z,,45.5
2026-09-04T21:14:02.129321,Navy,Army,2026-12-12T20:00:00Z,,37.5
2026-09-04T21:21:47.559231,Eastern Michigan,San José State,2026-09-04T22:30:00Z,55.0,55.0
2026-09-04T21:21:47.559231,Georgia State,North Carolina,2026-09-04T23:00:00Z,,58.5
2026-09-04T21:21:47.559231,Purdue,Indiana,2026-09-04T23:00:00Z,,56.0
2026-09-04T21:21:47.559231,Michigan State,Toledo,2026-09-05T00:00:00Z,48.5,48.5
2026-09-04T21:21:47.559231,Oklahoma,UTEP,2026-09-05T00:00:00Z,50.0,51.0
2026-09-04T21:21:47.559231,USC,Fresno State,2026-09-05T01:00:00Z,51.0,51.0
2026-09-04T21:21:47.559231,Stanford,Miami,2026-09-05T01:00:00Z,46.5,46.5
2026-09-04T21:21:47.559231,Alabama,East Carolina,2026-09-05T16:00:00Z,52.5,52.5
2026-09-04T21:21:47.559231,West Virginia,Coastal Carolina,2026-09-05T16:00:00Z,56.0,55.5
2026-09-04T21:21:47.559231,Houston,Oregon State,2026-09-05T16:00:00Z,50.5,50.5
2026-09-04T21:21:47.559231,Indiana,North Texas,2026-09-05T16:00:00Z,57.0,57.0
2026-09-04T21:21:47.559231,James Madison,Liberty,2026-09-05T16:00:00Z,50.5,50.5
2026-09-04T21:21:47.559231,Pittsburgh,Miami (OH),2026-09-05T16:00:00Z,47.0,47.5
2026-09-04T21:21:47.559231,Nebraska,Ohio,2026-09-05T16:00:00Z,46.0,46.0
2026-09-04T21:21:47.559231,Ohio State,Ball State,2026-09-05T16:30:00Z,56.5,56.5
2026-09-04T21:21:47.559231,South Carolina,Kent State,2026-09-05T16:45:00Z,53.5,53.5
2026-09-04T21:21:47.559231,Georgia,Tennessee,2026-09-05T19:00:00Z,54.5,54.5
2026-09-04T21:21:47.559231,Auburn,Baylor,2026-09-05T19:30:00Z,59.5,59.0
2026-09-04T21:21:47.559231,Oregon,Boise State,2026-09-05T19:30:00Z,51.5,51.5
2026-09-04T21:21:47.559231,Cincinnati,Boston College,2026-09-05T19:30:00Z,50.0,50.0
2026-09-04T21:21:47.559231,Duke,Tulane,2026-09-05T19:30:00Z,50.5,51.0
2026-09-04T21:21:47.559231,Penn State,Marshall,2026-09-05T19:30:00Z,52.0,52.0
2026-09-04T21:21:47.559231,Texas,Texas State,2026-09-05T19:30:00Z,60.0,59.5
2026-09-04T21:21:47.559231,Tulsa,Oklahoma State,2026-09-05T19:45:00Z,59.0,59.0
2026-09-04T21:21:47.559231,Iowa,Northern Illinois,2026-09-05T20:15:00Z,44.5,44.5
2026-09-04T21:21:47.559231,Colorado State,Wyoming,2026-09-05T22:00:00Z,46.5,46.5
2026-09-04T21:21:47.559231,Memphis,Arkansas State,2026-09-05T23:00:00Z,52.0,52.5
2026-09-04T21:21:47.559231,South Florida,Florida International,2026-09-05T23:00:00Z,52.0,51.5
2026-09-04T21:21:47.559231,Rice,Houston,2026-09-05T23:00:00Z,47.5,47.5
2026-09-04T21:21:47.559231,Michigan,Western Michigan,2026-09-05T23:00:00Z,49.5,49.5
2026-09-04T21:21:47.559231,Texas A&M,Missouri State,2026-09-05T23:00:00Z,53.5,53.5
2026-09-04T21:21:47.559231,Troy,Sam Houston,2026-09-05T23:00:00Z,54.0,54.0
2026-09-04T21:21:47.559231,LSU,Clemson,2026-09-05T23:30:00Z,,50.5
2026-09-04T21:21:47.559231,Louisiana Tech,Northwestern,2026-09-05T23:30:00Z,55.5,55.5
2026-09-04T21:21:47.559231,Mississippi State,Louisiana Monroe,2026-09-05T23:30:00Z,55.0,54.5
2026-09-04T21:21:47.559231,Florida,Florida Atlantic,2026-09-05T23:45:00Z,59.5,59.5
2026-09-04T21:21:47.559231,BYU,Utah,2026-09-06T00:00:00Z,61.0,61.5
2026-09-04T21:21:47.559231,New Mexico,Central Michigan,2026-09-06T02:00:00Z,47.0,46.5
2026-09-04T21:21:47.559231,Hawai'i,UNLV,2026-09-06T02:00:00Z,55.5,55.5
2026-09-04T21:21:47.559231,California,UCLA,2026-09-06T02:30:00Z,53.5,53.5
2026-09-04T21:21:47.559231,Nevada,Western Kentucky,2026-09-06T02:30:00Z,52.5,52.5
2026-09-04T21:21:47.559231,Washington,Washington State,2026-09-06T20:00:00Z,51.0,51.0
2026-09-04T21:21:47.559231,Ole Miss,Louisville,2026-09-06T23:30:00Z,55.0,55.5
2026-09-04T21:21:47.559231,Notre Dame,Wisconsin,2026-09-06T23:30:00Z,46.5,46.5
2026-09-04T21:21:47.559231,Florida State,SMU,2026-09-07T23:30:00Z,53.0,53.5
2026-09-04T21:21:47.559231,Miami,Florida,2026-09-11T00:00:00Z,,56.5
2026-09-04T21:21:47.559231,Boston College,Rutgers,2026-09-11T23:30:00Z,,57.5
2026-09-04T21:21:47.559231,Kansas,Missouri,2026-09-12T00:00:00Z,,50.5
2026-09-04T21:21:47.559231,East Carolina,App State,2026-09-12T16:00:00Z,,55.5
2026-09-04T21:21:47.559231,Texas A&M,Arizona State,2026-09-12T16:00:00Z,,52.0
2026-09-04T21:21:47.559231,Utah,Arkansas,2026-09-12T16:00:00Z,,56.5
2026-09-04T21:21:47.559231,Army,South Florida,2026-09-12T16:00:00Z,,53.5
2026-09-04T21:21:47.559231,Kansas State,Washington State,2026-09-12T16:00:00Z,,52.5
2026-09-04T21:21:47.559231,Michigan,Oklahoma,2026-09-12T16:00:00Z,,45.5
2026-09-04T21:21:47.559231,Oklahoma State,Oregon,2026-09-12T16:00:00Z,,60.5
2026-09-04T21:21:47.559231,Virginia Tech,Old Dominion,2026-09-12T16:00:00Z,,52.0
2026-09-04T21:21:47.559231,Temple,Penn State,2026-09-12T16:00:00Z,,50.5
2026-09-04T21:21:47.559231,Purdue,Wake Forest,2026-09-12T16:00:00Z,,50.0
2026-09-04T21:21:47.559231,Kentucky,Alabama,2026-09-12T19:30:00Z,,49.0
2026-09-04T21:21:47.559231,BYU,Arizona,2026-09-12T19:30:00Z,,51.5
2026-09-04T21:21:47.559231,Syracuse,California,2026-09-12T19:30:00Z,,53.0
2026-09-04T21:21:47.559231,Illinois,Duke,2026-09-12T19:30:00Z,,55.5
2026-09-04T21:21:47.559231,Michigan State,Eastern Michigan,2026-09-12T19:30:00Z,,51.0
2026-09-04T21:21:47.559231,UConn,Maryland,2026-09-12T19:30:00Z,,53.5
2026-09-04T21:21:47.559231,Minnesota,Mississippi State,2026-09-12T19:30:00Z,,52.5
2026-09-04T21:21:47.559231,Pittsburgh,UCF,2026-09-12T19:30:00Z,,51.5
2026-09-04T21:21:47.559231,Texas State,UTSA,2026-09-12T19:30:00Z,,64.0
2026-09-04T21:21:47.559231,UAB,Louisiana Monroe,2026-09-12T19:30:00Z,,53.5
2026-09-04T21:21:47.559231,Washington,Utah State,2026-09-12T19:30:00Z,,55.5
2026-09-04T21:21:47.559231,North Texas,UNLV,2026-09-12T19:45:00Z,,61.0
2026-09-04T21:21:47.559231,Vanderbilt,Delaware,2026-09-12T20:15:00Z,,54.5
2026-09-04T21:21:47.559231,Boise State,Memphis,2026-09-12T22:00:00Z,,53.5
2026-09-04T21:21:47.559231,Florida International,Buffalo,2026-09-12T22:00:00Z,,50.5
2026-09-04T21:21:47.559231,Ohio,Jacksonville State,2026-09-12T22:00:00Z,,49.5
2026-09-04T21:21:47.559231,Nebraska,Bowling Green,2026-09-12T23:00:00Z,,49.5
2026-09-04T21:21:47.559231,Georgia Tech,Tennessee,2026-09-12T23:00:00Z,,55.5
2026-09-04T21:21:47.559231,Sam Houston,Tulsa,2026-09-12T23:00:00Z,,52.5
2026-09-04T21:21:47.559231,UCLA,San Diego State,2026-09-12T23:15:00Z,,49.0
2026-09-04T21:21:47.559231,Iowa,Iowa State,2026-09-12T23:30:00Z,,41.5
2026-09-04T21:21:47.559231,Texas,Ohio State,2026-09-12T23:30:00Z,,47.5
2026-09-04T21:21:47.559231,Oregon State,Texas Tech,2026-09-12T23:30:00Z,,50.5
2026-09-04T21:21:47.559231,Arkansas,Georgia,2026-09-19T16:00:00Z,,55.5
2026-09-04T21:21:47.559231,Louisville,SMU,2026-09-19T19:30:00Z,,56.5
2026-09-04T21:21:47.559231,Auburn,Florida,2026-09-19T23:00:00Z,,53.5
2026-09-04T21:21:47.559231,Ole Miss,LSU,2026-09-19T23:30:00Z,,57.5
2026-09-04T21:21:47.559231,Texas Tech,Houston,2026-09-20T00:00:00Z,,54.5
2026-09-04T21:21:47.559231,Georgia,Oklahoma,2026-09-26T16:00:00Z,,52.5
2026-09-04T21:21:47.559231,LSU,Texas A&M,2026-09-26T16:00:00Z,,56.5
2026-09-04T21:21:47.559231,Tennessee,Texas,2026-09-26T16:00:00Z,,56.5
2026-09-04T21:21:47.559231,Clemson,Miami,2026-10-03T16:00:00Z,,55.5
2026-09-04T21:21:47.559231,Oklahoma,Texas,2026-10-10T16:00:00Z,,48.5
2026-09-04T21:21:47.559231,Alabama,Georgia,2026-10-11T00:00:00Z,,49.5
2026-09-04T21:21:47.559231,Tennessee,Alabama,2026-10-17T16:00:00Z,,56.5
2026-09-04T21:21:47.559231,Georgia,Auburn,2026-10-17T16:00:00Z,,54.5
2026-09-04T21:21:47.559231,BYU,Notre Dame,2026-10-17T16:00:00Z,,54.5
2026-09-04T21:21:47.559231,Indiana,Ohio State,2026-10-17T16:00:00Z,,48.5
2026-09-04T21:21:47.559231,Kansas State,Kansas,2026-10-17T16:00:00Z,,54.5
2026-09-04T21:21:47.559231,Michigan,Penn State,2026-10-17T16:00:00Z,,51.5
2026-09-04T21:21:47.559231,Oregon,Nebraska,2026-10-17T16:00:00Z,,51.5
2026-09-04T21:21:47.559231,Alabama,Texas A&M,2026-10-24T16:00:00Z,,54.5
2026-09-04T21:21:47.559231,Michigan,Indiana,2026-10-24T16:00:00Z,,52.5
2026-09-04T21:21:47.559231,Texas,Ole Miss,2026-10-24T16:00:00Z,,54.5
2026-09-04T21:21:47.559231,Georgia,Florida,2026-10-31T16:00:00Z,,53.5
2026-09-04T21:21:47.559231,LSU,Alabama,2026-11-07T16:00:00Z,,54.5
2026-09-04T21:21:47.559231,Ole Miss,Georgia,2026-11-07T16:00:00Z,,55.5
2026-09-04T21:21:47.559231,Michigan,Michigan State,2026-11-07T16:00:00Z,,50.5
2026-09-04T21:21:47.559231,Ohio State,Oregon,2026-11-07T16:00:00Z,,52.5
2026-09-04T21:21:47.559231,Notre Dame,Miami,2026-11-08T00:30:00Z,,54.5
2026-09-04T21:21:47.559231,Miami,Duke,2026-11-14T16:00:00Z,,55.5
2026-09-04T21:21:47.559231,LSU,Texas,2026-11-14T16:00:00Z,,54.5
2026-09-04T21:21:47.559231,Oregon,Michigan,2026-11-14T16:00:00Z,,53.5
2026-09-04T21:21:47.559231,Oklahoma,Ole Miss,2026-11-14T16:00:00Z,,53.5
2026-09-04T21:21:47.559231,Oklahoma State,Texas Tech,2026-11-14T16:00:00Z,,61.5
2026-09-04T21:21:47.559231,Texas A&M,Tennessee,2026-11-14T16:00:00Z,,55.5
2026-09-04T21:21:47.559231,Tennessee,LSU,2026-11-21T16:00:00Z,,57.5
2026-09-04T21:21:47.559231,Miami,Virginia Tech,2026-11-21T16:00:00Z,,56.5
2026-09-04T21:21:47.559231,Oklahoma,Texas A&M,2026-11-21T16:00:00Z,,51.5
2026-09-04T21:21:47.559231,Notre Dame,SMU,2026-11-22T00:30:00Z,,56.5
2026-09-04T21:21:47.559231,Ole Miss,Mississippi State,2026-11-27T17:00:00Z,,57.5
2026-09-04T21:21:47.559231,Texas A&M,Texas,2026-11-28T00:30:00Z,,53.5
2026-09-04T21:21:47.559231,Alabama,Auburn,2026-11-28T16:00:00Z,,52.5
2026-09-04T21:21:47.559231,Arizona,Arizona State,2026-11-28T16:00:00Z,,52.5
2026-09-04T21:21:47.559231,Clemson,South Carolina,2026-11-28T16:00:00Z,,53.5
2026-09-04T21:21:47.559231,Oregon,Washington,2026-11-28T16:00:00Z,,54.5
2026-09-04T21:21:47.559231,Vanderbilt,Tennessee,2026-11-28T16:00:00Z,,57.5
2026-09-04T21:21:47.559231,Ohio State,Michigan,2026-11-28T17:00:00Z,,45.5
2026-09-04T21:21:47.559231,Navy,Army,2026-12-12T20:00:00Z,,37.5
2026-09-05T14:08:04.718754,Alabama,East Carolina,2026-09-05T16:00:00Z,52.5,52.5
2026-09-05T14:08:04.718754,West Virginia,Coastal Carolina,2026-09-05T16:00:00Z,54.5,54.5
2026-09-05T14:08:04.718754,Houston,Oregon State,2026-09-05T16:00:00Z,50.5,50.5
2026-09-05T14:08:04.718754,Indiana,North Texas,2026-09-05T16:00:00Z,56.0,56.5
2026-09-05T14:08:04.718754,James Madison,Liberty,2026-09-05T16:00:00Z,50.5,50.5
2026-09-05T14:08:04.718754,Pittsburgh,Miami (OH),2026-09-05T16:00:00Z,47.0,47.0
2026-09-05T14:08:04.718754,Nebraska,Ohio,2026-09-05T16:00:00Z,46.5,46.5
2026-09-05T14:08:04.718754,Ohio State,Ball State,2026-09-05T16:30:00Z,56.5,56.5
2026-09-05T14:08:04.718754,South Carolina,Kent State,2026-09-05T16:45:00Z,53.5,53.5
2026-09-05T14:08:04.718754,Georgia,Tennessee,2026-09-05T19:00:00Z,55.0,55.25
2026-09-05T14:08:04.718754,Auburn,Baylor,2026-09-05T19:30:00Z,59.5,59.0
2026-09-05T14:08:04.718754,Oregon,Boise State,2026-09-05T19:30:00Z,51.5,51.5
2026-09-05T14:08:04.718754,Cincinnati,Boston College,2026-09-05T19:30:00Z,50.0,50.0
2026-09-05T14:08:04.718754,Duke,Tulane,2026-09-05T19:30:00Z,50.5,51.0
2026-09-05T14:08:04.718754,Penn State,Marshall,2026-09-05T19:30:00Z,52.0,52.0
2026-09-05T14:08:04.718754,Texas,Texas State,2026-09-05T19:30:00Z,60.0,60.0
2026-09-05T14:08:04.718754,Tulsa,Oklahoma State,2026-09-05T19:45:00Z,59.0,59.0
2026-09-05T14:08:04.718754,Iowa,Northern Illinois,2026-09-05T20:15:00Z,44.5,44.5
2026-09-05T14:08:04.718754,Colorado State,Wyoming,2026-09-05T22:00:00Z,46.5,46.5
2026-09-05T14:08:04.718754,Memphis,Arkansas State,2026-09-05T23:00:00Z,53.0,53.0
2026-09-05T14:08:04.718754,South Florida,Florida International,2026-09-05T23:00:00Z,52.0,51.5
2026-09-05T14:08:04.718754,Rice,Houston,2026-09-05T23:00:00Z,47.5,47.5
2026-09-05T14:08:04.718754,Michigan,Western Michigan,2026-09-05T23:00:00Z,49.5,49.5
2026-09-05T14:08:04.718754,Texas A&M,Missouri State,2026-09-05T23:00:00Z,53.5,53.5
2026-09-05T14:08:04.718754,Troy,Sam Houston,2026-09-05T23:00:00Z,54.0,53.5
2026-09-05T14:08:04.718754,LSU,Clemson,2026-09-05T23:30:00Z,50.5,50.5
2026-09-05T14:08:04.718754,Louisiana Tech,Northwestern,2026-09-05T23:30:00Z,55.5,55.5
2026-09-05T14:08:04.718754,Mississippi State,Louisiana Monroe,2026-09-05T23:30:00Z,55.0,54.5
2026-09-05T14:08:04.718754,Florida,Florida Atlantic,2026-09-05T23:45:00Z,59.5,59.5
2026-09-05T14:08:04.718754,BYU,Utah,2026-09-06T00:00:00Z,61.0,61.5
2026-09-05T14:08:04.718754,New Mexico,Central Michigan,2026-09-06T02:00:00Z,47.0,46.5
2026-09-05T14:08:04.718754,Hawai'i,UNLV,2026-09-06T02:00:00Z,55.5,55.5
2026-09-05T14:08:04.718754,California,UCLA,2026-09-06T02:30:00Z,53.5,53.5
2026-09-05T14:08:04.718754,Nevada,Western Kentucky,2026-09-06T02:30:00Z,51.5,51.5
2026-09-05T14:08:04.718754,Washington,Washington State,2026-09-06T20:00:00Z,51.0,51.0
2026-09-05T14:08:04.718754,Ole Miss,Louisville,2026-09-06T23:30:00Z,55.0,55.0
2026-09-05T14:08:04.718754,Notre Dame,Wisconsin,2026-09-06T23:30:00Z,46.5,46.5
2026-09-05T14:08:04.718754,Florida State,SMU,2026-09-07T23:30:00Z,53.0,53.5
2026-09-05T14:08:04.718754,Miami,Florida,2026-09-11T00:00:00Z,,60.5
2026-09-05T14:08:04.718754,Boston College,Rutgers,2026-09-11T23:30:00Z,,55.5
2026-09-05T14:08:04.718754,Kansas,Missouri,2026-09-12T00:00:00Z,,51.0
2026-09-05T14:08:04.718754,East Carolina,App State,2026-09-12T16:00:00Z,,56.0
2026-09-05T14:08:04.718754,Texas A&M,Arizona State,2026-09-12T16:00:00Z,,52.0
2026-09-05T14:08:04.718754,Utah,Arkansas,2026-09-12T16:00:00Z,,56.5
2026-09-05T14:08:04.718754,Army,South Florida,2026-09-12T16:00:00Z,,53.5
2026-09-05T14:08:04.718754,Kansas State,Washington State,2026-09-12T16:00:00Z,,52.0
2026-09-05T14:08:04.718754,Michigan,Oklahoma,2026-09-12T16:00:00Z,,45.0
2026-09-05T14:08:04.718754,Oklahoma State,Oregon,2026-09-12T16:00:00Z,,60.5
2026-09-05T14:08:04.718754,Virginia Tech,Old Dominion,2026-09-12T16:00:00Z,,52.0
2026-09-05T14:08:04.718754,Temple,Penn State,2026-09-12T16:00:00Z,,50.5
2026-09-05T14:08:04.718754,Purdue,Wake Forest,2026-09-12T16:00:00Z,,50.5
2026-09-05T14:08:04.718754,Georgia,Western Kentucky,2026-09-12T16:45:00Z,,52.5
2026-09-05T14:08:04.718754,Kentucky,Alabama,2026-09-12T19:30:00Z,,49.0
2026-09-05T14:08:04.718754,BYU,Arizona,2026-09-12T19:30:00Z,,52.5
2026-09-05T14:08:04.718754,Syracuse,California,2026-09-12T19:30:00Z,,53.0
2026-09-05T14:08:04.718754,Illinois,Duke,2026-09-12T19:30:00Z,,55.5
2026-09-05T14:08:04.718754,Michigan State,Eastern Michigan,2026-09-12T19:30:00Z,,51.0
2026-09-05T14:08:04.718754,UConn,Maryland,2026-09-12T19:30:00Z,,53.5
2026-09-05T14:08:04.718754,Minnesota,Mississippi State,2026-09-12T19:30:00Z,,52.5
2026-09-05T14:08:04.718754,Notre Dame,Rice,2026-09-12T19:30:00Z,,52.5
2026-09-05T14:08:04.718754,Pittsburgh,UCF,2026-09-12T19:30:00Z,,51.5
2026-09-05T14:08:04.718754,Texas State,UTSA,2026-09-12T19:30:00Z,,64.0
2026-09-05T14:08:04.718754,UAB,Louisiana Monroe,2026-09-12T19:30:00Z,,53.5
2026-09-05T14:08:04.718754,Washington,Utah State,2026-09-12T19:30:00Z,,55.5
2026-09-05T14:08:04.718754,North Texas,UNLV,2026-09-12T19:45:00Z,,60.0
2026-09-05T14:08:04.718754,Vanderbilt,Delaware,2026-09-12T20:15:00Z,,54.5
2026-09-05T14:08:04.718754,Boise State,Memphis,2026-09-12T22:00:00Z,,53.5
2026-09-05T14:08:04.718754,Florida International,Buffalo,2026-09-12T22:00:00Z,,50.5
2026-09-05T14:08:04.718754,Ohio,Jacksonville State,2026-09-12T22:00:00Z,,49.5
2026-09-05T14:08:04.718754,Nebraska,Bowling Green,2026-09-12T23:00:00Z,,49.5
2026-09-05T14:08:04.718754,Georgia Tech,Tennessee,2026-09-12T23:00:00Z,,55.5
2026-09-05T14:08:04.718754,Marshall,Middle Tennessee,2026-09-12T23:00:00Z,,57.5
2026-09-05T14:08:04.718754,Sam Houston,Tulsa,2026-09-12T23:00:00Z,,52.5
2026-09-05T14:08:04.718754,Tulane,South Alabama,2026-09-12T23:00:00Z,,55.5
2026-09-05T14:08:04.718754,UCLA,San Diego State,2026-09-12T23:15:00Z,,49.0
2026-09-05T14:08:04.718754,Clemson,Georgia Southern,2026-09-12T23:30:00Z,,57.5
2026-09-05T14:08:04.718754,Iowa,Iowa State,2026-09-12T23:30:00Z,,41.5
2026-09-05T14:08:04.718754,Texas,Ohio State,2026-09-12T23:30:00Z,,47.5
2026-09-05T14:08:04.718754,Oregon State,Texas Tech,2026-09-12T23:30:00Z,,50.5
2026-09-05T14:08:04.718754,Hawai'i,New Mexico State,2026-09-13T04:00:00Z,,51.5
2026-09-05T14:08:04.718754,Arkansas,Georgia,2026-09-19T16:00:00Z,,55.5
2026-09-05T14:08:04.718754,Louisville,SMU,2026-09-19T19:30:00Z,,56.5
2026-09-05T14:08:04.718754,Auburn,Florida,2026-09-19T23:00:00Z,,53.5
2026-09-05T14:08:04.718754,Ole Miss,LSU,2026-09-19T23:30:00Z,,57.5
2026-09-05T14:08:04.718754,Texas Tech,Houston,2026-09-20T00:00:00Z,,54.5
2026-09-05T14:08:04.718754,LSU,Texas A&M,2026-09-26T16:00:00Z,,56.5
2026-09-05T14:08:04.718754,Tennessee,Texas,2026-09-26T16:00:00Z,,56.5
2026-09-05T14:08:04.718754,Oklahoma,Texas,2026-10-10T16:00:00Z,,48.0
2026-09-05T14:08:04.718754,Alabama,Georgia,2026-10-11T00:00:00Z,,49.5
2026-09-05T14:08:04.718754,Tennessee,Alabama,2026-10-17T16:00:00Z,,56.5
2026-09-05T14:08:04.718754,Georgia,Auburn,2026-10-17T16:00:00Z,,54.5
2026-09-05T14:08:04.718754,BYU,Notre Dame,2026-10-17T16:00:00Z,,54.5
2026-09-05T14:08:04.718754,Indiana,Ohio State,2026-10-17T16:00:00Z,,48.5
2026-09-05T14:08:04.718754,Michigan,Penn State,2026-10-17T16:00:00Z,,51.5
2026-09-05T14:08:04.718754,Oregon,Nebraska,2026-10-17T16:00:00Z,,51.5
2026-09-05T14:08:04.718754,Alabama,Texas A&M,2026-10-24T16:00:00Z,,54.5
2026-09-05T14:08:04.718754,Michigan,Indiana,2026-10-24T16:00:00Z,,52.5
2026-09-05T14:08:04.718754,Texas,Ole Miss,2026-10-24T16:00:00Z,,54.5
2026-09-05T14:08:04.718754,Georgia,Florida,2026-10-31T16:00:00Z,,53.5
2026-09-05T14:08:04.718754,LSU,Alabama,2026-11-07T16:00:00Z,,54.5
2026-09-05T14:08:04.718754,Ole Miss,Georgia,2026-11-07T16:00:00Z,,55.5
2026-09-05T14:08:04.718754,Ohio State,Oregon,2026-11-07T16:00:00Z,,52.5
2026-09-05T14:08:04.718754,Notre Dame,Miami,2026-11-08T00:30:00Z,,55.0
2026-09-05T14:08:04.718754,LSU,Texas,2026-11-14T16:00:00Z,,54.5
2026-09-05T14:08:04.718754,Oregon,Michigan,2026-11-14T16:00:00Z,,53.5
2026-09-05T14:08:04.718754,Oklahoma State,Texas Tech,2026-11-14T16:00:00Z,,61.5
2026-09-05T14:08:04.718754,Texas A&M,Tennessee,2026-11-14T16:00:00Z,,55.5
2026-09-05T14:08:04.718754,Tennessee,LSU,2026-11-21T16:00:00Z,,57.5
2026-09-05T14:08:04.718754,Notre Dame,SMU,2026-11-22T00:30:00Z,,56.5
2026-09-05T14:08:04.718754,Ole Miss,Mississippi State,2026-11-27T17:00:00Z,,57.5
2026-09-05T14:08:04.718754,Texas A&M,Texas,2026-11-28T00:30:00Z,,53.5
2026-09-05T14:08:04.718754,Alabama,Auburn,2026-11-28T16:00:00Z,,52.5
2026-09-05T14:08:04.718754,Arizona,Arizona State,2026-11-28T16:00:00Z,,52.5
2026-09-05T14:08:04.718754,Clemson,South Carolina,2026-11-28T16:00:00Z,,53.5
2026-09-05T14:08:04.718754,Oregon,Washington,2026-11-28T16:00:00Z,,54.5
2026-09-05T14:08:04.718754,Vanderbilt,Tennessee,2026-11-28T16:00:00Z,,57.5
2026-09-05T14:08:04.718754,Ohio State,Michigan,2026-11-28T17:00:00Z,,45.5
2026-09-05T14:08:04.718754,Navy,Army,2026-12-12T20:00:00Z,,37.5
2026-09-05T14:08:45.899776,Alabama,East Carolina,2026-09-05T16:00:00Z,52.5,52.5
2026-09-05T14:08:45.899776,West Virginia,Coastal Carolina,2026-09-05T16:00:00Z,54.5,54.5
2026-09-05T14:08:45.899776,Houston,Oregon State,2026-09-05T16:00:00Z,50.5,50.5
2026-09-05T14:08:45.899776,Indiana,North Texas,2026-09-05T16:00:00Z,56.0,56.5
2026-09-05T14:08:45.899776,James Madison,Liberty,2026-09-05T16:00:00Z,50.5,50.5
2026-09-05T14:08:45.899776,Pittsburgh,Miami (OH),2026-09-05T16:00:00Z,47.0,47.0
2026-09-05T14:08:45.899776,Nebraska,Ohio,2026-09-05T16:00:00Z,46.5,46.5
2026-09-05T14:08:45.899776,Ohio State,Ball State,2026-09-05T16:30:00Z,56.5,56.5
2026-09-05T14:08:45.899776,South Carolina,Kent State,2026-09-05T16:45:00Z,53.5,53.5
2026-09-05T14:08:45.899776,Georgia,Tennessee,2026-09-05T19:00:00Z,55.0,55.25
2026-09-05T14:08:45.899776,Auburn,Baylor,2026-09-05T19:30:00Z,59.5,59.0
2026-09-05T14:08:45.899776,Oregon,Boise State,2026-09-05T19:30:00Z,51.5,51.5
2026-09-05T14:08:45.899776,Cincinnati,Boston College,2026-09-05T19:30:00Z,50.0,50.0
2026-09-05T14:08:45.899776,Duke,Tulane,2026-09-05T19:30:00Z,50.5,51.0
2026-09-05T14:08:45.899776,Penn State,Marshall,2026-09-05T19:30:00Z,52.0,52.0
2026-09-05T14:08:45.899776,Texas,Texas State,2026-09-05T19:30:00Z,60.0,60.0
2026-09-05T14:08:45.899776,Tulsa,Oklahoma State,2026-09-05T19:45:00Z,59.0,59.0
2026-09-05T14:08:45.899776,Iowa,Northern Illinois,2026-09-05T20:15:00Z,44.5,44.5
2026-09-05T14:08:45.899776,Colorado State,Wyoming,2026-09-05T22:00:00Z,46.5,46.5
2026-09-05T14:08:45.899776,Memphis,Arkansas State,2026-09-05T23:00:00Z,53.0,53.0
2026-09-05T14:08:45.899776,South Florida,Florida International,2026-09-05T23:00:00Z,52.0,51.5
2026-09-05T14:08:45.899776,Rice,Houston,2026-09-05T23:00:00Z,47.5,47.5
2026-09-05T14:08:45.899776,Michigan,Western Michigan,2026-09-05T23:00:00Z,49.5,49.5
2026-09-05T14:08:45.899776,Texas A&M,Missouri State,2026-09-05T23:00:00Z,53.5,53.5
2026-09-05T14:08:45.899776,Troy,Sam Houston,2026-09-05T23:00:00Z,54.0,53.5
2026-09-05T14:08:45.899776,LSU,Clemson,2026-09-05T23:30:00Z,50.5,50.5
2026-09-05T14:08:45.899776,Louisiana Tech,Northwestern,2026-09-05T23:30:00Z,55.5,55.5
2026-09-05T14:08:45.899776,Mississippi State,Louisiana Monroe,2026-09-05T23:30:00Z,55.0,54.5
2026-09-05T14:08:45.899776,Florida,Florida Atlantic,2026-09-05T23:45:00Z,59.5,59.5
2026-09-05T14:08:45.899776,BYU,Utah,2026-09-06T00:00:00Z,61.0,61.5
2026-09-05T14:08:45.899776,New Mexico,Central Michigan,2026-09-06T02:00:00Z,47.0,46.5
2026-09-05T14:08:45.899776,Hawai'i,UNLV,2026-09-06T02:00:00Z,55.5,55.5
2026-09-05T14:08:45.899776,California,UCLA,2026-09-06T02:30:00Z,53.5,53.5
2026-09-05T14:08:45.899776,Nevada,Western Kentucky,2026-09-06T02:30:00Z,51.5,51.5
2026-09-05T14:08:45.899776,Washington,Washington State,2026-09-06T20:00:00Z,51.0,51.0
2026-09-05T14:08:45.899776,Ole Miss,Louisville,2026-09-06T23:30:00Z,55.0,55.0
2026-09-05T14:08:45.899776,Notre Dame,Wisconsin,2026-09-06T23:30:00Z,46.5,46.5
2026-09-05T14:08:45.899776,Florida State,SMU,2026-09-07T23:30:00Z,53.0,53.5
2026-09-05T14:08:45.899776,Miami,Florida,2026-09-11T00:00:00Z,,60.5
2026-09-05T14:08:45.899776,Boston College,Rutgers,2026-09-11T23:30:00Z,,55.5
2026-09-05T14:08:45.899776,Kansas,Missouri,2026-09-12T00:00:00Z,,51.0
2026-09-05T14:08:45.899776,East Carolina,App State,2026-09-12T16:00:00Z,,56.0
2026-09-05T14:08:45.899776,Texas A&M,Arizona State,2026-09-12T16:00:00Z,,52.0
2026-09-05T14:08:45.899776,Utah,Arkansas,2026-09-12T16:00:00Z,,56.5
2026-09-05T14:08:45.899776,Army,South Florida,2026-09-12T16:00:00Z,,53.5
2026-09-05T14:08:45.899776,Kansas State,Washington State,2026-09-12T16:00:00Z,,52.0
2026-09-05T14:08:45.899776,Michigan,Oklahoma,2026-09-12T16:00:00Z,,45.0
2026-09-05T14:08:45.899776,Oklahoma State,Oregon,2026-09-12T16:00:00Z,,60.5
2026-09-05T14:08:45.899776,Virginia Tech,Old Dominion,2026-09-12T16:00:00Z,,52.0
2026-09-05T14:08:45.899776,Temple,Penn State,2026-09-12T16:00:00Z,,50.5
2026-09-05T14:08:45.899776,Purdue,Wake Forest,2026-09-12T16:00:00Z,,50.5
2026-09-05T14:08:45.899776,Georgia,Western Kentucky,2026-09-12T16:45:00Z,,52.5
2026-09-05T14:08:45.899776,Kentucky,Alabama,2026-09-12T19:30:00Z,,49.0
2026-09-05T14:08:45.899776,BYU,Arizona,2026-09-12T19:30:00Z,,52.5
2026-09-05T14:08:45.899776,Syracuse,California,2026-09-12T19:30:00Z,,53.0
2026-09-05T14:08:45.899776,Illinois,Duke,2026-09-12T19:30:00Z,,55.5
2026-09-05T14:08:45.899776,Michigan State,Eastern Michigan,2026-09-12T19:30:00Z,,51.0
2026-09-05T14:08:45.899776,UConn,Maryland,2026-09-12T19:30:00Z,,53.5
2026-09-05T14:08:45.899776,Minnesota,Mississippi State,2026-09-12T19:30:00Z,,52.5
2026-09-05T14:08:45.899776,Notre Dame,Rice,2026-09-12T19:30:00Z,,52.5
2026-09-05T14:08:45.899776,Pittsburgh,UCF,2026-09-12T19:30:00Z,,51.5
2026-09-05T14:08:45.899776,Texas State,UTSA,2026-09-12T19:30:00Z,,64.0
2026-09-05T14:08:45.899776,UAB,Louisiana Monroe,2026-09-12T19:30:00Z,,53.5
2026-09-05T14:08:45.899776,Washington,Utah State,2026-09-12T19:30:00Z,,55.5
2026-09-05T14:08:45.899776,North Texas,UNLV,2026-09-12T19:45:00Z,,60.0
2026-09-05T14:08:45.899776,Vanderbilt,Delaware,2026-09-12T20:15:00Z,,54.5
2026-09-05T14:08:45.899776,Boise State,Memphis,2026-09-12T22:00:00Z,,53.5
2026-09-05T14:08:45.899776,Florida International,Buffalo,2026-09-12T22:00:00Z,,50.5
2026-09-05T14:08:45.899776,Ohio,Jacksonville State,2026-09-12T22:00:00Z,,49.5
2026-09-05T14:08:45.899776,Nebraska,Bowling Green,2026-09-12T23:00:00Z,,49.5
2026-09-05T14:08:45.899776,Georgia Tech,Tennessee,2026-09-12T23:00:00Z,,55.5
2026-09-05T14:08:45.899776,Marshall,Middle Tennessee,2026-09-12T23:00:00Z,,57.5
2026-09-05T14:08:45.899776,Sam Houston,Tulsa,2026-09-12T23:00:00Z,,52.5
2026-09-05T14:08:45.899776,Tulane,South Alabama,2026-09-12T23:00:00Z,,55.5
2026-09-05T14:08:45.899776,UCLA,San Diego State,2026-09-12T23:15:00Z,,49.0
2026-09-05T14:08:45.899776,Clemson,Georgia Southern,2026-09-12T23:30:00Z,,57.5
2026-09-05T14:08:45.899776,Iowa,Iowa State,2026-09-12T23:30:00Z,,41.5
2026-09-05T14:08:45.899776,Texas,Ohio State,2026-09-12T23:30:00Z,,47.5
2026-09-05T14:08:45.899776,Oregon State,Texas Tech,2026-09-12T23:30:00Z,,50.5
2026-09-05T14:08:45.899776,Hawai'i,New Mexico State,2026-09-13T04:00:00Z,,51.5
2026-09-05T14:08:45.899776,Arkansas,Georgia,2026-09-19T16:00:00Z,,55.5
2026-09-05T14:08:45.899776,Louisville,SMU,2026-09-19T19:30:00Z,,56.5
2026-09-05T14:08:45.899776,Auburn,Florida,2026-09-19T23:00:00Z,,53.5
2026-09-05T14:08:45.899776,Ole Miss,LSU,2026-09-19T23:30:00Z,,57.5
2026-09-05T14:08:45.899776,Texas Tech,Houston,2026-09-20T00:00:00Z,,54.5
2026-09-05T14:08:45.899776,LSU,Texas A&M,2026-09-26T16:00:00Z,,56.5
2026-09-05T14:08:45.899776,Tennessee,Texas,2026-09-26T16:00:00Z,,56.5
2026-09-05T14:08:45.899776,Oklahoma,Texas,2026-10-10T16:00:00Z,,48.0
2026-09-05T14:08:45.899776,Alabama,Georgia,2026-10-11T00:00:00Z,,49.5
2026-09-05T14:08:45.899776,Tennessee,Alabama,2026-10-17T16:00:00Z,,56.5
2026-09-05T14:08:45.899776,Georgia,Auburn,2026-10-17T16:00:00Z,,54.5
2026-09-05T14:08:45.899776,BYU,Notre Dame,2026-10-17T16:00:00Z,,54.5
2026-09-05T14:08:45.899776,Indiana,Ohio State,2026-10-17T16:00:00Z,,48.5
2026-09-05T14:08:45.899776,Michigan,Penn State,2026-10-17T16:00:00Z,,51.5
2026-09-05T14:08:45.899776,Oregon,Nebraska,2026-10-17T16:00:00Z,,51.5
2026-09-05T14:08:45.899776,Alabama,Texas A&M,2026-10-24T16:00:00Z,,54.5
2026-09-05T14:08:45.899776,Michigan,Indiana,2026-10-24T16:00:00Z,,52.5
2026-09-05T14:08:45.899776,Texas,Ole Miss,2026-10-24T16:00:00Z,,54.5
2026-09-05T14:08:45.899776,Georgia,Florida,2026-10-31T16:00:00Z,,53.5
2026-09-05T14:08:45.899776,LSU,Alabama,2026-11-07T16:00:00Z,,54.5
2026-09-05T14:08:45.899776,Ole Miss,Georgia,2026-11-07T16:00:00Z,,55.5
2026-09-05T14:08:45.899776,Ohio State,Oregon,2026-11-07T16:00:00Z,,52.5
2026-09-05T14:08:45.899776,Notre Dame,Miami,2026-11-08T00:30:00Z,,55.0
2026-09-05T14:08:45.899776,LSU,Texas,2026-11-14T16:00:00Z,,54.5
2026-09-05T14:08:45.899776,Oregon,Michigan,2026-11-14T16:00:00Z,,53.5
2026-09-05T14:08:45.899776,Oklahoma State,Texas Tech,2026-11-14T16:00:00Z,,61.5
2026-09-05T14:08:45.899776,Texas A&M,Tennessee,2026-11-14T16:00:00Z,,55.5
2026-09-05T14:08:45.899776,Tennessee,LSU,2026-11-21T16:00:00Z,,57.5
2026-09-05T14:08:45.899776,Notre Dame,SMU,2026-11-22T00:30:00Z,,56.5
2026-09-05T14:08:45.899776,Ole Miss,Mississippi State,2026-11-27T17:00:00Z,,57.5
2026-09-05T14:08:45.899776,Texas A&M,Texas,2026-11-28T00:30:00Z,,53.5
2026-09-05T14:08:45.899776,Alabama,Auburn,2026-11-28T16:00:00Z,,52.5
2026-09-05T14:08:45.899776,Arizona,Arizona State,2026-11-28T16:00:00Z,,52.5
2026-09-05T14:08:45.899776,Clemson,South Carolina,2026-11-28T16:00:00Z,,53.5
2026-09-05T14:08:45.899776,Oregon,Washington,2026-11-28T16:00:00Z,,54.5
2026-09-05T14:08:45.899776,Vanderbilt,Tennessee,2026-11-28T16:00:00Z,,57.5
2026-09-05T14:08:45.899776,Ohio State,Michigan,2026-11-28T17:00:00Z,,45.5
2026-09-05T14:08:45.899776,Navy,Army,2026-12-12T20:00:00Z,,37.5
2026-09-05T14:09:39.676510,Alabama,East Carolina,2026-09-05T16:00:00Z,52.5,52.5
2026-09-05T14:09:39.676510,West Virginia,Coastal Carolina,2026-09-05T16:00:00Z,54.5,54.5
2026-09-05T14:09:39.676510,Houston,Oregon State,2026-09-05T16:00:00Z,50.5,50.5
2026-09-05T14:09:39.676510,Indiana,North Texas,2026-09-05T16:00:00Z,56.0,56.5
2026-09-05T14:09:39.676510,James Madison,Liberty,2026-09-05T16:00:00Z,50.5,50.5
2026-09-05T14:09:39.676510,Pittsburgh,Miami (OH),2026-09-05T16:00:00Z,47.0,47.0
2026-09-05T14:09:39.676510,Nebraska,Ohio,2026-09-05T16:00:00Z,46.5,46.5
2026-09-05T14:09:39.676510,Ohio State,Ball State,2026-09-05T16:30:00Z,56.5,56.5
2026-09-05T14:09:39.676510,South Carolina,Kent State,2026-09-05T16:45:00Z,53.5,53.5
2026-09-05T14:09:39.676510,Georgia,Tennessee,2026-09-05T19:00:00Z,55.0,55.25
2026-09-05T14:09:39.676510,Auburn,Baylor,2026-09-05T19:30:00Z,59.5,59.0
2026-09-05T14:09:39.676510,Oregon,Boise State,2026-09-05T19:30:00Z,51.5,51.5
2026-09-05T14:09:39.676510,Cincinnati,Boston College,2026-09-05T19:30:00Z,50.0,50.5
2026-09-05T14:09:39.676510,Duke,Tulane,2026-09-05T19:30:00Z,50.5,51.0
2026-09-05T14:09:39.676510,Penn State,Marshall,2026-09-05T19:30:00Z,52.0,52.0
2026-09-05T14:09:39.676510,Texas,Texas State,2026-09-05T19:30:00Z,60.0,60.0
2026-09-05T14:09:39.676510,Tulsa,Oklahoma State,2026-09-05T19:45:00Z,59.0,59.0
2026-09-05T14:09:39.676510,Iowa,Northern Illinois,2026-09-05T20:15:00Z,44.5,44.5
2026-09-05T14:09:39.676510,Colorado State,Wyoming,2026-09-05T22:00:00Z,46.5,46.5
2026-09-05T14:09:39.676510,Memphis,Arkansas State,2026-09-05T23:00:00Z,53.0,53.0
2026-09-05T14:09:39.676510,South Florida,Florida International,2026-09-05T23:00:00Z,52.0,51.5
2026-09-05T14:09:39.676510,Rice,Houston,2026-09-05T23:00:00Z,47.5,47.5
2026-09-05T14:09:39.676510,Michigan,Western Michigan,2026-09-05T23:00:00Z,49.5,49.5
2026-09-05T14:09:39.676510,Texas A&M,Missouri State,2026-09-05T23:00:00Z,53.5,53.5
2026-09-05T14:09:39.676510,Troy,Sam Houston,2026-09-05T23:00:00Z,54.0,53.5
2026-09-05T14:09:39.676510,LSU,Clemson,2026-09-05T23:30:00Z,50.5,50.5
2026-09-05T14:09:39.676510,Louisiana Tech,Northwestern,2026-09-05T23:30:00Z,55.5,55.5
2026-09-05T14:09:39.676510,Mississippi State,Louisiana Monroe,2026-09-05T23:30:00Z,55.0,54.5
2026-09-05T14:09:39.676510,Florida,Florida Atlantic,2026-09-05T23:45:00Z,59.5,59.5
2026-09-05T14:09:39.676510,BYU,Utah,2026-09-06T00:00:00Z,61.0,61.5
2026-09-05T14:09:39.676510,New Mexico,Central Michigan,2026-09-06T02:00:00Z,47.0,46.5
2026-09-05T14:09:39.676510,Hawai'i,UNLV,2026-09-06T02:00:00Z,55.5,55.5
2026-09-05T14:09:39.676510,California,UCLA,2026-09-06T02:30:00Z,53.5,53.5
2026-09-05T14:09:39.676510,Nevada,Western Kentucky,2026-09-06T02:30:00Z,51.5,51.5
2026-09-05T14:09:39.676510,Washington,Washington State,2026-09-06T20:00:00Z,51.0,51.0
2026-09-05T14:09:39.676510,Ole Miss,Louisville,2026-09-06T23:30:00Z,55.0,55.0
2026-09-05T14:09:39.676510,Notre Dame,Wisconsin,2026-09-06T23:30:00Z,46.5,46.5
2026-09-05T14:09:39.676510,Florida State,SMU,2026-09-07T23:30:00Z,53.0,53.5
2026-09-05T14:09:39.676510,Miami,Florida,2026-09-11T00:00:00Z,,60.5
2026-09-05T14:09:39.676510,Boston College,Rutgers,2026-09-11T23:30:00Z,,55.5
2026-09-05T14:09:39.676510,Kansas,Missouri,2026-09-12T00:00:00Z,,51.0
2026-09-05T14:09:39.676510,East Carolina,App State,2026-09-12T16:00:00Z,,56.0
2026-09-05T14:09:39.676510,Texas A&M,Arizona State,2026-09-12T16:00:00Z,,52.0
2026-09-05T14:09:39.676510,Utah,Arkansas,2026-09-12T16:00:00Z,,56.5
2026-09-05T14:09:39.676510,Army,South Florida,2026-09-12T16:00:00Z,,53.5
2026-09-05T14:09:39.676510,Kansas State,Washington State,2026-09-12T16:00:00Z,,52.0
2026-09-05T14:09:39.676510,Michigan,Oklahoma,2026-09-12T16:00:00Z,,45.0
2026-09-05T14:09:39.676510,Oklahoma State,Oregon,2026-09-12T16:00:00Z,,60.5
2026-09-05T14:09:39.676510,Virginia Tech,Old Dominion,2026-09-12T16:00:00Z,,52.0
2026-09-05T14:09:39.676510,Temple,Penn State,2026-09-12T16:00:00Z,,50.5
2026-09-05T14:09:39.676510,Purdue,Wake Forest,2026-09-12T16:00:00Z,,50.5
2026-09-05T14:09:39.676510,Georgia,Western Kentucky,2026-09-12T16:45:00Z,,52.5
2026-09-05T14:09:39.676510,Kentucky,Alabama,2026-09-12T19:30:00Z,,49.0
2026-09-05T14:09:39.676510,BYU,Arizona,2026-09-12T19:30:00Z,,52.5
2026-09-05T14:09:39.676510,Syracuse,California,2026-09-12T19:30:00Z,,53.0
2026-09-05T14:09:39.676510,Illinois,Duke,2026-09-12T19:30:00Z,,55.5
2026-09-05T14:09:39.676510,Michigan State,Eastern Michigan,2026-09-12T19:30:00Z,,51.0
2026-09-05T14:09:39.676510,UConn,Maryland,2026-09-12T19:30:00Z,,53.5
2026-09-05T14:09:39.676510,Minnesota,Mississippi State,2026-09-12T19:30:00Z,,52.5
2026-09-05T14:09:39.676510,Notre Dame,Rice,2026-09-12T19:30:00Z,,52.5
2026-09-05T14:09:39.676510,Pittsburgh,UCF,2026-09-12T19:30:00Z,,51.5
2026-09-05T14:09:39.676510,Texas State,UTSA,2026-09-12T19:30:00Z,,64.0
2026-09-05T14:09:39.676510,UAB,Louisiana Monroe,2026-09-12T19:30:00Z,,53.5
2026-09-05T14:09:39.676510,Washington,Utah State,2026-09-12T19:30:00Z,,55.5
2026-09-05T14:09:39.676510,North Texas,UNLV,2026-09-12T19:45:00Z,,60.0
2026-09-05T14:09:39.676510,Vanderbilt,Delaware,2026-09-12T20:15:00Z,,54.5
2026-09-05T14:09:39.676510,Boise State,Memphis,2026-09-12T22:00:00Z,,53.5
2026-09-05T14:09:39.676510,Florida International,Buffalo,2026-09-12T22:00:00Z,,50.5
2026-09-05T14:09:39.676510,Ohio,Jacksonville State,2026-09-12T22:00:00Z,,49.5
2026-09-05T14:09:39.676510,Nebraska,Bowling Green,2026-09-12T23:00:00Z,,49.5
2026-09-05T14:09:39.676510,Georgia Tech,Tennessee,2026-09-12T23:00:00Z,,55.5
2026-09-05T14:09:39.676510,Marshall,Middle Tennessee,2026-09-12T23:00:00Z,,57.5
2026-09-05T14:09:39.676510,Sam Houston,Tulsa,2026-09-12T23:00:00Z,,52.5
2026-09-05T14:09:39.676510,Tulane,South Alabama,2026-09-12T23:00:00Z,,55.5
2026-09-05T14:09:39.676510,UCLA,San Diego State,2026-09-12T23:15:00Z,,49.0
2026-09-05T14:09:39.676510,Clemson,Georgia Southern,2026-09-12T23:30:00Z,,57.5
2026-09-05T14:09:39.676510,Iowa,Iowa State,2026-09-12T23:30:00Z,,41.5
2026-09-05T14:09:39.676510,Texas,Ohio State,2026-09-12T23:30:00Z,,47.5
2026-09-05T14:09:39.676510,Oregon State,Texas Tech,2026-09-12T23:30:00Z,,50.5
2026-09-05T14:09:39.676510,Hawai'i,New Mexico State,2026-09-13T04:00:00Z,,51.5
2026-09-05T14:09:39.676510,Arkansas,Georgia,2026-09-19T16:00:00Z,,55.5
2026-09-05T14:09:39.676510,Louisville,SMU,2026-09-19T19:30:00Z,,56.5
2026-09-05T14:09:39.676510,Auburn,Florida,2026-09-19T23:00:00Z,,53.5
2026-09-05T14:09:39.676510,Ole Miss,LSU,2026-09-19T23:30:00Z,,57.5
2026-09-05T14:09:39.676510,Texas Tech,Houston,2026-09-20T00:00:00Z,,54.5
2026-09-05T14:09:39.676510,LSU,Texas A&M,2026-09-26T16:00:00Z,,56.5
2026-09-05T14:09:39.676510,Tennessee,Texas,2026-09-26T16:00:00Z,,56.5
2026-09-05T14:09:39.676510,Oklahoma,Texas,2026-10-10T16:00:00Z,,48.0
2026-09-05T14:09:39.676510,Alabama,Georgia,2026-10-11T00:00:00Z,,49.5
2026-09-05T14:09:39.676510,Tennessee,Alabama,2026-10-17T16:00:00Z,,56.5
2026-09-05T14:09:39.676510,Georgia,Auburn,2026-10-17T16:00:00Z,,54.5
2026-09-05T14:09:39.676510,BYU,Notre Dame,2026-10-17T16:00:00Z,,54.5
2026-09-05T14:09:39.676510,Indiana,Ohio State,2026-10-17T16:00:00Z,,48.5
2026-09-05T14:09:39.676510,Michigan,Penn State,2026-10-17T16:00:00Z,,51.5
2026-09-05T14:09:39.676510,Oregon,Nebraska,2026-10-17T16:00:00Z,,51.5
2026-09-05T14:09:39.676510,Alabama,Texas A&M,2026-10-24T16:00:00Z,,54.5
2026-09-05T14:09:39.676510,Michigan,Indiana,2026-10-24T16:00:00Z,,52.5
2026-09-05T14:09:39.676510,Texas,Ole Miss,2026-10-24T16:00:00Z,,54.5
2026-09-05T14:09:39.676510,Georgia,Florida,2026-10-31T16:00:00Z,,53.5
2026-09-05T14:09:39.676510,LSU,Alabama,2026-11-07T16:00:00Z,,54.5
2026-09-05T14:09:39.676510,Ole Miss,Georgia,2026-11-07T16:00:00Z,,55.5
2026-09-05T14:09:39.676510,Ohio State,Oregon,2026-11-07T16:00:00Z,,52.5
2026-09-05T14:09:39.676510,Notre Dame,Miami,2026-11-08T00:30:00Z,,55.0
2026-09-05T14:09:39.676510,LSU,Texas,2026-11-14T16:00:00Z,,54.5
2026-09-05T14:09:39.676510,Oregon,Michigan,2026-11-14T16:00:00Z,,53.5
2026-09-05T14:09:39.676510,Oklahoma State,Texas Tech,2026-11-14T16:00:00Z,,61.5
2026-09-05T14:09:39.676510,Texas A&M,Tennessee,2026-11-14T16:00:00Z,,55.5
2026-09-05T14:09:39.676510,Tennessee,LSU,2026-11-21T16:00:00Z,,57.5
2026-09-05T14:09:39.676510,Notre Dame,SMU,2026-11-22T00:30:00Z,,56.5
2026-09-05T14:09:39.676510,Ole Miss,Mississippi State,2026-11-27T17:00:00Z,,57.5
2026-09-05T14:09:39.676510,Texas A&M,Texas,2026-11-28T00:30:00Z,,53.5
2026-09-05T14:09:39.676510,Alabama,Auburn,2026-11-28T16:00:00Z,,52.5
2026-09-05T14:09:39.676510,Arizona,Arizona State,2026-11-28T16:00:00Z,,52.5
2026-09-05T14:09:39.676510,Clemson,South Carolina,2026-11-28T16:00:00Z,,53.5
2026-09-05T14:09:39.676510,Oregon,Washington,2026-11-28T16:00:00Z,,54.5
2026-09-05T14:09:39.676510,Vanderbilt,Tennessee,2026-11-28T16:00:00Z,,57.5
2026-09-05T14:09:39.676510,Ohio State,Michigan,2026-11-28T17:00:00Z,,45.5
2026-09-05T14:09:39.676510,Navy,Army,2026-12-12T20:00:00Z,,37.5
2026-09-05T14:12:51.623915,Alabama,East Carolina,2026-09-05T16:00:00Z,52.5,52.5
2026-09-05T14:12:51.623915,West Virginia,Coastal Carolina,2026-09-05T16:00:00Z,54.5,54.5
2026-09-05T14:12:51.623915,Houston,Oregon State,2026-09-05T16:00:00Z,51.0,50.5
2026-09-05T14:12:51.623915,Indiana,North Texas,2026-09-05T16:00:00Z,56.0,56.5
2026-09-05T14:12:51.623915,James Madison,Liberty,2026-09-05T16:00:00Z,50.5,50.5
2026-09-05T14:12:51.623915,Pittsburgh,Miami (OH),2026-09-05T16:00:00Z,47.0,47.0
2026-09-05T14:12:51.623915,Nebraska,Ohio,2026-09-05T16:00:00Z,46.5,46.5
2026-09-05T14:12:51.623915,Ohio State,Ball State,2026-09-05T16:30:00Z,56.5,56.5
2026-09-05T14:12:51.623915,South Carolina,Kent State,2026-09-05T16:45:00Z,53.5,53.5
2026-09-05T14:12:51.623915,Georgia,Tennessee,2026-09-05T19:00:00Z,55.0,55.25
2026-09-05T14:12:51.623915,Auburn,Baylor,2026-09-05T19:30:00Z,59.5,59.0
2026-09-05T14:12:51.623915,Oregon,Boise State,2026-09-05T19:30:00Z,51.5,51.5
2026-09-05T14:12:51.623915,Cincinnati,Boston College,2026-09-05T19:30:00Z,50.5,50.5
2026-09-05T14:12:51.623915,Duke,Tulane,2026-09-05T19:30:00Z,50.5,51.0
2026-09-05T14:12:51.623915,Penn State,Marshall,2026-09-05T19:30:00Z,52.0,52.0
2026-09-05T14:12:51.623915,Texas,Texas State,2026-09-05T19:30:00Z,60.0,60.0
2026-09-05T14:12:51.623915,Tulsa,Oklahoma State,2026-09-05T19:45:00Z,59.0,59.0
2026-09-05T14:12:51.623915,Iowa,Northern Illinois,2026-09-05T20:15:00Z,44.5,44.5
2026-09-05T14:12:51.623915,Colorado State,Wyoming,2026-09-05T22:00:00Z,46.5,46.5
2026-09-05T14:12:51.623915,Memphis,Arkansas State,2026-09-05T23:00:00Z,53.0,53.0
2026-09-05T14:12:51.623915,South Florida,Florida International,2026-09-05T23:00:00Z,52.0,51.5
2026-09-05T14:12:51.623915,Rice,Houston,2026-09-05T23:00:00Z,47.5,47.5
2026-09-05T14:12:51.623915,Michigan,Western Michigan,2026-09-05T23:00:00Z,49.5,49.5
2026-09-05T14:12:51.623915,Texas A&M,Missouri State,2026-09-05T23:00:00Z,53.5,53.5
2026-09-05T14:12:51.623915,Troy,Sam Houston,2026-09-05T23:00:00Z,54.0,53.5
2026-09-05T14:12:51.623915,LSU,Clemson,2026-09-05T23:30:00Z,50.5,50.5
2026-09-05T14:12:51.623915,Louisiana Tech,Northwestern,2026-09-05T23:30:00Z,55.5,55.5
2026-09-05T14:12:51.623915,Mississippi State,Louisiana Monroe,2026-09-05T23:30:00Z,55.0,54.5
2026-09-05T14:12:51.623915,Florida,Florida Atlantic,2026-09-05T23:45:00Z,59.5,59.5
2026-09-05T14:12:51.623915,BYU,Utah,2026-09-06T00:00:00Z,61.0,61.5
2026-09-05T14:12:51.623915,New Mexico,Central Michigan,2026-09-06T02:00:00Z,47.0,46.5
2026-09-05T14:12:51.623915,Hawai'i,UNLV,2026-09-06T02:00:00Z,55.5,55.5
2026-09-05T14:12:51.623915,California,UCLA,2026-09-06T02:30:00Z,53.5,53.5
2026-09-05T14:12:51.623915,Nevada,Western Kentucky,2026-09-06T02:30:00Z,51.5,51.5
2026-09-05T14:12:51.623915,Washington,Washington State,2026-09-06T20:00:00Z,51.0,51.0
2026-09-05T14:12:51.623915,Ole Miss,Louisville,2026-09-06T23:30:00Z,55.0,55.0
2026-09-05T14:12:51.623915,Notre Dame,Wisconsin,2026-09-06T23:30:00Z,46.5,46.5
2026-09-05T14:12:51.623915,Florida State,SMU,2026-09-07T23:30:00Z,53.0,53.5
2026-09-05T14:12:51.623915,Miami,Florida,2026-09-11T00:00:00Z,,60.5
2026-09-05T14:12:51.623915,Boston College,Rutgers,2026-09-11T23:30:00Z,,55.5
2026-09-05T14:12:51.623915,Kansas,Missouri,2026-09-12T00:00:00Z,,51.0
2026-09-05T14:12:51.623915,East Carolina,App State,2026-09-12T16:00:00Z,,56.0
2026-09-05T14:12:51.623915,Texas A&M,Arizona State,2026-09-12T16:00:00Z,,52.0
2026-09-05T14:12:51.623915,Utah,Arkansas,2026-09-12T16:00:00Z,,56.5
2026-09-05T14:12:51.623915,Army,South Florida,2026-09-12T16:00:00Z,,53.5
2026-09-05T14:12:51.623915,Kansas State,Washington State,2026-09-12T16:00:00Z,,52.0
2026-09-05T14:12:51.623915,Michigan,Oklahoma,2026-09-12T16:00:00Z,,45.0
2026-09-05T14:12:51.623915,Oklahoma State,Oregon,2026-09-12T16:00:00Z,,60.5
2026-09-05T14:12:51.623915,Virginia Tech,Old Dominion,2026-09-12T16:00:00Z,,52.0
2026-09-05T14:12:51.623915,Temple,Penn State,2026-09-12T16:00:00Z,,50.5
2026-09-05T14:12:51.623915,Purdue,Wake Forest,2026-09-12T16:00:00Z,,50.5
2026-09-05T14:12:51.623915,Georgia,Western Kentucky,2026-09-12T16:45:00Z,,52.5
2026-09-05T14:12:51.623915,Kentucky,Alabama,2026-09-12T19:30:00Z,,49.0
2026-09-05T14:12:51.623915,BYU,Arizona,2026-09-12T19:30:00Z,,52.5
2026-09-05T14:12:51.623915,Syracuse,California,2026-09-12T19:30:00Z,,53.0
2026-09-05T14:12:51.623915,Illinois,Duke,2026-09-12T19:30:00Z,,55.5
2026-09-05T14:12:51.623915,Michigan State,Eastern Michigan,2026-09-12T19:30:00Z,,51.0
2026-09-05T14:12:51.623915,UConn,Maryland,2026-09-12T19:30:00Z,,53.5
2026-09-05T14:12:51.623915,Minnesota,Mississippi State,2026-09-12T19:30:00Z,,52.5
2026-09-05T14:12:51.623915,Notre Dame,Rice,2026-09-12T19:30:00Z,,52.5
2026-09-05T14:12:51.623915,Pittsburgh,UCF,2026-09-12T19:30:00Z,,51.5
2026-09-05T14:12:51.623915,Texas State,UTSA,2026-09-12T19:30:00Z,,64.0
2026-09-05T14:12:51.623915,UAB,Louisiana Monroe,2026-09-12T19:30:00Z,,53.5
2026-09-05T14:12:51.623915,Washington,Utah State,2026-09-12T19:30:00Z,,55.5
2026-09-05T14:12:51.623915,North Texas,UNLV,2026-09-12T19:45:00Z,,60.0
2026-09-05T14:12:51.623915,Vanderbilt,Delaware,2026-09-12T20:15:00Z,,54.5
2026-09-05T14:12:51.623915,Boise State,Memphis,2026-09-12T22:00:00Z,,53.5
2026-09-05T14:12:51.623915,Florida International,Buffalo,2026-09-12T22:00:00Z,,50.5
2026-09-05T14:12:51.623915,Ohio,Jacksonville State,2026-09-12T22:00:00Z,,49.5
2026-09-05T14:12:51.623915,Nebraska,Bowling Green,2026-09-12T23:00:00Z,,49.5
2026-09-05T14:12:51.623915,Georgia Tech,Tennessee,2026-09-12T23:00:00Z,,55.5
2026-09-05T14:12:51.623915,Marshall,Middle Tennessee,2026-09-12T23:00:00Z,,57.5
2026-09-05T14:12:51.623915,Sam Houston,Tulsa,2026-09-12T23:00:00Z,,52.5
2026-09-05T14:12:51.623915,Tulane,South Alabama,2026-09-12T23:00:00Z,,55.5
2026-09-05T14:12:51.623915,UCLA,San Diego State,2026-09-12T23:15:00Z,,49.0
2026-09-05T14:12:51.623915,Clemson,Georgia Southern,2026-09-12T23:30:00Z,,57.5
2026-09-05T14:12:51.623915,Iowa,Iowa State,2026-09-12T23:30:00Z,,41.5
2026-09-05T14:12:51.623915,Texas,Ohio State,2026-09-12T23:30:00Z,,47.5
2026-09-05T14:12:51.623915,Oregon State,Texas Tech,2026-09-12T23:30:00Z,,50.5
2026-09-05T14:12:51.623915,Hawai'i,New Mexico State,2026-09-13T04:00:00Z,,51.5
2026-09-05T14:12:51.623915,Arkansas,Georgia,2026-09-19T16:00:00Z,,55.5
2026-09-05T14:12:51.623915,Louisville,SMU,2026-09-19T19:30:00Z,,56.5
2026-09-05T14:12:51.623915,Auburn,Florida,2026-09-19T23:00:00Z,,53.5
2026-09-05T14:12:51.623915,Ole Miss,LSU,2026-09-19T23:30:00Z,,57.5
2026-09-05T14:12:51.623915,Texas Tech,Houston,2026-09-20T00:00:00Z,,54.5
2026-09-05T14:12:51.623915,LSU,Texas A&M,2026-09-26T16:00:00Z,,56.5
2026-09-05T14:12:51.623915,Tennessee,Texas,2026-09-26T16:00:00Z,,56.5
2026-09-05T14:12:51.623915,Oklahoma,Texas,2026-10-10T16:00:00Z,,48.0
2026-09-05T14:12:51.623915,Alabama,Georgia,2026-10-11T00:00:00Z,,49.5
2026-09-05T14:12:51.623915,Tennessee,Alabama,2026-10-17T16:00:00Z,,56.5
2026-09-05T14:12:51.623915,Georgia,Auburn,2026-10-17T16:00:00Z,,54.5
2026-09-05T14:12:51.623915,BYU,Notre Dame,2026-10-17T16:00:00Z,,54.5
2026-09-05T14:12:51.623915,Indiana,Ohio State,2026-10-17T16:00:00Z,,48.5
2026-09-05T14:12:51.623915,Michigan,Penn State,2026-10-17T16:00:00Z,,51.5
2026-09-05T14:12:51.623915,Oregon,Nebraska,2026-10-17T16:00:00Z,,51.5
2026-09-05T14:12:51.623915,Alabama,Texas A&M,2026-10-24T16:00:00Z,,54.5
2026-09-05T14:12:51.623915,Michigan,Indiana,2026-10-24T16:00:00Z,,52.5
2026-09-05T14:12:51.623915,Texas,Ole Miss,2026-10-24T16:00:00Z,,54.5
2026-09-05T14:12:51.623915,Georgia,Florida,2026-10-31T16:00:00Z,,53.5
2026-09-05T14:12:51.623915,LSU,Alabama,2026-11-07T16:00:00Z,,54.5
2026-09-05T14:12:51.623915,Ole Miss,Georgia,2026-11-07T16:00:00Z,,55.5
2026-09-05T14:12:51.623915,Ohio State,Oregon,2026-11-07T16:00:00Z,,52.5
2026-09-05T14:12:51.623915,Notre Dame,Miami,2026-11-08T00:30:00Z,,55.0
2026-09-05T14:12:51.623915,LSU,Texas,2026-11-14T16:00:00Z,,54.5
2026-09-05T14:12:51.623915,Oregon,Michigan,2026-11-14T16:00:00Z,,53.5
2026-09-05T14:12:51.623915,Oklahoma State,Texas Tech,2026-11-14T16:00:00Z,,61.5
2026-09-05T14:12:51.623915,Texas A&M,Tennessee,2026-11-14T16:00:00Z,,55.5
2026-09-05T14:12:51.623915,Tennessee,LSU,2026-11-21T16:00:00Z,,57.5
2026-09-05T14:12:51.623915,Notre Dame,SMU,2026-11-22T00:30:00Z,,56.5
2026-09-05T14:12:51.623915,Ole Miss,Mississippi State,2026-11-27T17:00:00Z,,57.5
2026-09-05T14:12:51.623915,Texas A&M,Texas,2026-11-28T00:30:00Z,,53.5
2026-09-05T14:12:51.623915,Alabama,Auburn,2026-11-28T16:00:00Z,,52.5
2026-09-05T14:12:51.623915,Arizona,Arizona State,2026-11-28T16:00:00Z,,52.5
2026-09-05T14:12:51.623915,Clemson,South Carolina,2026-11-28T16:00:00Z,,53.5
2026-09-05T14:12:51.623915,Oregon,Washington,2026-11-28T16:00:00Z,,54.5
2026-09-05T14:12:51.623915,Vanderbilt,Tennessee,2026-11-28T16:00:00Z,,57.5
2026-09-05T14:12:51.623915,Ohio State,Michigan,2026-11-28T17:00:00Z,,45.5
2026-09-05T14:12:51.623915,Navy,Army,2026-12-12T20:00:00Z,,37.5
2026-09-05T14:15:49.337986,Alabama,East Carolina,2026-09-05T16:00:00Z,52.5,52.5
2026-09-05T14:15:49.337986,West Virginia,Coastal Carolina,2026-09-05T16:00:00Z,54.5,54.5
2026-09-05T14:15:49.337986,Houston,Oregon State,2026-09-05T16:00:00Z,51.0,50.5
2026-09-05T14:15:49.337986,Indiana,North Texas,2026-09-05T16:00:00Z,56.0,56.5
2026-09-05T14:15:49.337986,James Madison,Liberty,2026-09-05T16:00:00Z,50.5,50.5
2026-09-05T14:15:49.337986,Pittsburgh,Miami (OH),2026-09-05T16:00:00Z,47.0,47.0
2026-09-05T14:15:49.337986,Nebraska,Ohio,2026-09-05T16:00:00Z,46.5,46.5
2026-09-05T14:15:49.337986,Ohio State,Ball State,2026-09-05T16:30:00Z,56.5,56.5
2026-09-05T14:15:49.337986,South Carolina,Kent State,2026-09-05T16:45:00Z,53.5,53.5
2026-09-05T14:15:49.337986,Georgia,Tennessee,2026-09-05T19:00:00Z,55.0,55.25
2026-09-05T14:15:49.337986,Auburn,Baylor,2026-09-05T19:30:00Z,59.5,59.0
2026-09-05T14:15:49.337986,Oregon,Boise State,2026-09-05T19:30:00Z,51.5,51.5
2026-09-05T14:15:49.337986,Cincinnati,Boston College,2026-09-05T19:30:00Z,50.5,50.5
2026-09-05T14:15:49.337986,Duke,Tulane,2026-09-05T19:30:00Z,50.5,51.0
2026-09-05T14:15:49.337986,Penn State,Marshall,2026-09-05T19:30:00Z,52.0,52.0
2026-09-05T14:15:49.337986,Texas,Texas State,2026-09-05T19:30:00Z,60.0,60.0
2026-09-05T14:15:49.337986,Tulsa,Oklahoma State,2026-09-05T19:45:00Z,59.0,59.0
2026-09-05T14:15:49.337986,Iowa,Northern Illinois,2026-09-05T20:15:00Z,44.5,44.5
2026-09-05T14:15:49.337986,Colorado State,Wyoming,2026-09-05T22:00:00Z,46.5,46.5
2026-09-05T14:15:49.337986,Memphis,Arkansas State,2026-09-05T23:00:00Z,53.0,53.0
2026-09-05T14:15:49.337986,South Florida,Florida International,2026-09-05T23:00:00Z,52.0,51.5
2026-09-05T14:15:49.337986,Rice,Houston,2026-09-05T23:00:00Z,47.5,47.5
2026-09-05T14:15:49.337986,Michigan,Western Michigan,2026-09-05T23:00:00Z,49.5,49.5
2026-09-05T14:15:49.337986,Texas A&M,Missouri State,2026-09-05T23:00:00Z,53.5,53.5
2026-09-05T14:15:49.337986,Troy,Sam Houston,2026-09-05T23:00:00Z,54.0,53.5
2026-09-05T14:15:49.337986,LSU,Clemson,2026-09-05T23:30:00Z,50.5,50.5
2026-09-05T14:15:49.337986,Louisiana Tech,Northwestern,2026-09-05T23:30:00Z,55.5,55.5
2026-09-05T14:15:49.337986,Mississippi State,Louisiana Monroe,2026-09-05T23:30:00Z,55.0,54.5
2026-09-05T14:15:49.337986,Florida,Florida Atlantic,2026-09-05T23:45:00Z,59.5,59.5
2026-09-05T14:15:49.337986,BYU,Utah,2026-09-06T00:00:00Z,61.0,61.5
2026-09-05T14:15:49.337986,New Mexico,Central Michigan,2026-09-06T02:00:00Z,47.0,46.5
2026-09-05T14:15:49.337986,Hawai'i,UNLV,2026-09-06T02:00:00Z,55.5,55.5
2026-09-05T14:15:49.337986,California,UCLA,2026-09-06T02:30:00Z,53.5,53.5
2026-09-05T14:15:49.337986,Nevada,Western Kentucky,2026-09-06T02:30:00Z,51.5,51.5
2026-09-05T14:15:49.337986,Washington,Washington State,2026-09-06T20:00:00Z,51.0,51.0
2026-09-05T14:15:49.337986,Ole Miss,Louisville,2026-09-06T23:30:00Z,55.0,55.0
2026-09-05T14:15:49.337986,Notre Dame,Wisconsin,2026-09-06T23:30:00Z,46.5,46.5
2026-09-05T14:15:49.337986,Florida State,SMU,2026-09-07T23:30:00Z,53.0,53.5
2026-09-05T14:15:49.337986,Miami,Florida,2026-09-11T00:00:00Z,,60.5
2026-09-05T14:15:49.337986,Boston College,Rutgers,2026-09-11T23:30:00Z,,55.5
2026-09-05T14:15:49.337986,Kansas,Missouri,2026-09-12T00:00:00Z,,51.0
2026-09-05T14:15:49.337986,East Carolina,App State,2026-09-12T16:00:00Z,,56.0
2026-09-05T14:15:49.337986,Texas A&M,Arizona State,2026-09-12T16:00:00Z,,52.0
2026-09-05T14:15:49.337986,Utah,Arkansas,2026-09-12T16:00:00Z,,56.5
2026-09-05T14:15:49.337986,Army,South Florida,2026-09-12T16:00:00Z,,53.5
2026-09-05T14:15:49.337986,Kansas State,Washington State,2026-09-12T16:00:00Z,,52.0
2026-09-05T14:15:49.337986,Michigan,Oklahoma,2026-09-12T16:00:00Z,,45.0
2026-09-05T14:15:49.337986,Oklahoma State,Oregon,2026-09-12T16:00:00Z,,60.5
2026-09-05T14:15:49.337986,Virginia Tech,Old Dominion,2026-09-12T16:00:00Z,,52.0
2026-09-05T14:15:49.337986,Temple,Penn State,2026-09-12T16:00:00Z,,50.5
2026-09-05T14:15:49.337986,Purdue,Wake Forest,2026-09-12T16:00:00Z,,50.5
2026-09-05T14:15:49.337986,Georgia,Western Kentucky,2026-09-12T16:45:00Z,,52.5
2026-09-05T14:15:49.337986,Kentucky,Alabama,2026-09-12T19:30:00Z,,49.0
2026-09-05T14:15:49.337986,BYU,Arizona,2026-09-12T19:30:00Z,,52.5
2026-09-05T14:15:49.337986,Syracuse,California,2026-09-12T19:30:00Z,,53.0
2026-09-05T14:15:49.337986,Illinois,Duke,2026-09-12T19:30:00Z,,55.5
2026-09-05T14:15:49.337986,Michigan State,Eastern Michigan,2026-09-12T19:30:00Z,,51.0
2026-09-05T14:15:49.337986,UConn,Maryland,2026-09-12T19:30:00Z,,53.5
2026-09-05T14:15:49.337986,Minnesota,Mississippi State,2026-09-12T19:30:00Z,,52.5
2026-09-05T14:15:49.337986,Notre Dame,Rice,2026-09-12T19:30:00Z,,52.5
2026-09-05T14:15:49.337986,Pittsburgh,UCF,2026-09-12T19:30:00Z,,51.5
2026-09-05T14:15:49.337986,Texas State,UTSA,2026-09-12T19:30:00Z,,64.0
2026-09-05T14:15:49.337986,UAB,Louisiana Monroe,2026-09-12T19:30:00Z,,53.5
2026-09-05T14:15:49.337986,Washington,Utah State,2026-09-12T19:30:00Z,,55.5
2026-09-05T14:15:49.337986,North Texas,UNLV,2026-09-12T19:45:00Z,,60.0
2026-09-05T14:15:49.337986,Vanderbilt,Delaware,2026-09-12T20:15:00Z,,54.5
2026-09-05T14:15:49.337986,Boise State,Memphis,2026-09-12T22:00:00Z,,53.5
2026-09-05T14:15:49.337986,Florida International,Buffalo,2026-09-12T22:00:00Z,,50.5
2026-09-05T14:15:49.337986,Ohio,Jacksonville State,2026-09-12T22:00:00Z,,49.5
2026-09-05T14:15:49.337986,Nebraska,Bowling Green,2026-09-12T23:00:00Z,,49.5
2026-09-05T14:15:49.337986,Georgia Tech,Tennessee,2026-09-12T23:00:00Z,,55.5
2026-09-05T14:15:49.337986,Marshall,Middle Tennessee,2026-09-12T23:00:00Z,,57.5
2026-09-05T14:15:49.337986,Sam Houston,Tulsa,2026-09-12T23:00:00Z,,52.5
2026-09-05T14:15:49.337986,Tulane,South Alabama,2026-09-12T23:00:00Z,,55.5
2026-09-05T14:15:49.337986,UCLA,San Diego State,2026-09-12T23:15:00Z,,49.0
2026-09-05T14:15:49.337986,Clemson,Georgia Southern,2026-09-12T23:30:00Z,,57.5
2026-09-05T14:15:49.337986,Iowa,Iowa State,2026-09-12T23:30:00Z,,41.5
2026-09-05T14:15:49.337986,Texas,Ohio State,2026-09-12T23:30:00Z,,47.5
2026-09-05T14:15:49.337986,Oregon State,Texas Tech,2026-09-12T23:30:00Z,,50.5
2026-09-05T14:15:49.337986,Hawai'i,New Mexico State,2026-09-13T04:00:00Z,,51.5
2026-09-05T14:15:49.337986,Arkansas,Georgia,2026-09-19T16:00:00Z,,55.5
2026-09-05T14:15:49.337986,Louisville,SMU,2026-09-19T19:30:00Z,,56.5
2026-09-05T14:15:49.337986,Auburn,Florida,2026-09-19T23:00:00Z,,53.5
2026-09-05T14:15:49.337986,Ole Miss,LSU,2026-09-19T23:30:00Z,,57.5
2026-09-05T14:15:49.337986,Texas Tech,Houston,2026-09-20T00:00:00Z,,54.5
2026-09-05T14:15:49.337986,LSU,Texas A&M,2026-09-26T16:00:00Z,,56.5
2026-09-05T14:15:49.337986,Tennessee,Texas,2026-09-26T16:00:00Z,,56.5
2026-09-05T14:15:49.337986,Oklahoma,Texas,2026-10-10T16:00:00Z,,48.0
2026-09-05T14:15:49.337986,Alabama,Georgia,2026-10-11T00:00:00Z,,49.5
2026-09-05T14:15:49.337986,Tennessee,Alabama,2026-10-17T16:00:00Z,,56.5
2026-09-05T14:15:49.337986,Georgia,Auburn,2026-10-17T16:00:00Z,,54.5
2026-09-05T14:15:49.337986,BYU,Notre Dame,2026-10-17T16:00:00Z,,54.5
2026-09-05T14:15:49.337986,Indiana,Ohio State,2026-10-17T16:00:00Z,,48.5
2026-09-05T14:15:49.337986,Michigan,Penn State,2026-10-17T16:00:00Z,,51.5
2026-09-05T14:15:49.337986,Oregon,Nebraska,2026-10-17T16:00:00Z,,51.5
2026-09-05T14:15:49.337986,Alabama,Texas A&M,2026-10-24T16:00:00Z,,54.5
2026-09-05T14:15:49.337986,Michigan,Indiana,2026-10-24T16:00:00Z,,52.5
2026-09-05T14:15:49.337986,Texas,Ole Miss,2026-10-24T16:00:00Z,,54.5
2026-09-05T14:15:49.337986,Georgia,Florida,2026-10-31T16:00:00Z,,53.5
2026-09-05T14:15:49.337986,LSU,Alabama,2026-11-07T16:00:00Z,,54.5
2026-09-05T14:15:49.337986,Ole Miss,Georgia,2026-11-07T16:00:00Z,,55.5
2026-09-05T14:15:49.337986,Ohio State,Oregon,2026-11-07T16:00:00Z,,52.5
2026-09-05T14:15:49.337986,Notre Dame,Miami,2026-11-08T00:30:00Z,,55.0
2026-09-05T14:15:49.337986,LSU,Texas,2026-11-14T16:00:00Z,,54.5
2026-09-05T14:15:49.337986,Oregon,Michigan,2026-11-14T16:00:00Z,,53.5
2026-09-05T14:15:49.337986,Oklahoma State,Texas Tech,2026-11-14T16:00:00Z,,61.5
2026-09-05T14:15:49.337986,Texas A&M,Tennessee,2026-11-14T16:00:00Z,,55.5
2026-09-05T14:15:49.337986,Tennessee,LSU,2026-11-21T16:00:00Z,,57.5
2026-09-05T14:15:49.337986,Notre Dame,SMU,2026-11-22T00:30:00Z,,56.5
2026-09-05T14:15:49.337986,Ole Miss,Mississippi State,2026-11-27T17:00:00Z,,57.5
2026-09-05T14:15:49.337986,Texas A&M,Texas,2026-11-28T00:30:00Z,,53.5
2026-09-05T14:15:49.337986,Alabama,Auburn,2026-11-28T16:00:00Z,,52.5
2026-09-05T14:15:49.337986,Arizona,Arizona State,2026-11-28T16:00:00Z,,52.5
2026-09-05T14:15:49.337986,Clemson,South Carolina,2026-11-28T16:00:00Z,,53.5
2026-09-05T14:15:49.337986,Oregon,Washington,2026-11-28T16:00:00Z,,54.5
2026-09-05T14:15:49.337986,Vanderbilt,Tennessee,2026-11-28T16:00:00Z,,57.5
2026-09-05T14:15:49.337986,Ohio State,Michigan,2026-11-28T17:00:00Z,,45.5
2026-09-05T14:15:49.337986,Navy,Army,2026-12-12T20:00:00Z,,37.5
2026-09-05T14:23:23.311375,Alabama,East Carolina,2026-09-05T16:00:00Z,52.5,52.5
2026-09-05T14:23:23.311375,West Virginia,Coastal Carolina,2026-09-05T16:00:00Z,54.5,54.5
2026-09-05T14:23:23.311375,Houston,Oregon State,2026-09-05T16:00:00Z,51.0,50.5
2026-09-05T14:23:23.311375,Indiana,North Texas,2026-09-05T16:00:00Z,56.0,56.5
2026-09-05T14:23:23.311375,James Madison,Liberty,2026-09-05T16:00:00Z,50.5,50.5
2026-09-05T14:23:23.311375,Pittsburgh,Miami (OH),2026-09-05T16:00:00Z,47.0,47.0
2026-09-05T14:23:23.311375,Nebraska,Ohio,2026-09-05T16:00:00Z,46.5,46.5
2026-09-05T14:23:23.311375,Ohio State,Ball State,2026-09-05T16:30:00Z,56.5,56.5
2026-09-05T14:23:23.311375,South Carolina,Kent State,2026-09-05T16:45:00Z,53.5,53.5
2026-09-05T14:23:23.311375,Georgia,Tennessee,2026-09-05T19:00:00Z,55.0,55.25
2026-09-05T14:23:23.311375,Auburn,Baylor,2026-09-05T19:30:00Z,59.5,59.0
2026-09-05T14:23:23.311375,Oregon,Boise State,2026-09-05T19:30:00Z,51.5,51.5
2026-09-05T14:23:23.311375,Cincinnati,Boston College,2026-09-05T19:30:00Z,51.0,50.5
2026-09-05T14:23:23.311375,Duke,Tulane,2026-09-05T19:30:00Z,50.5,51.0
2026-09-05T14:23:23.311375,Penn State,Marshall,2026-09-05T19:30:00Z,52.0,52.0
2026-09-05T14:23:23.311375,Texas,Texas State,2026-09-05T19:30:00Z,60.0,60.0
2026-09-05T14:23:23.311375,Tulsa,Oklahoma State,2026-09-05T19:45:00Z,59.0,59.0
2026-09-05T14:23:23.311375,Iowa,Northern Illinois,2026-09-05T20:15:00Z,44.5,44.5
2026-09-05T14:23:23.311375,Colorado State,Wyoming,2026-09-05T22:00:00Z,46.5,46.5
2026-09-05T14:23:23.311375,Memphis,Arkansas State,2026-09-05T23:00:00Z,53.0,53.0
2026-09-05T14:23:23.311375,South Florida,Florida International,2026-09-05T23:00:00Z,52.0,51.5
2026-09-05T14:23:23.311375,Rice,Houston,2026-09-05T23:00:00Z,47.5,47.5
2026-09-05T14:23:23.311375,Michigan,Western Michigan,2026-09-05T23:00:00Z,49.5,49.5
2026-09-05T14:23:23.311375,Texas A&M,Missouri State,2026-09-05T23:00:00Z,53.5,53.5
2026-09-05T14:23:23.311375,Troy,Sam Houston,2026-09-05T23:00:00Z,54.0,53.5
2026-09-05T14:23:23.311375,LSU,Clemson,2026-09-05T23:30:00Z,50.5,50.5
2026-09-05T14:23:23.311375,Louisiana Tech,Northwestern,2026-09-05T23:30:00Z,56.5,56.5
2026-09-05T14:23:23.311375,Mississippi State,Louisiana Monroe,2026-09-05T23:30:00Z,55.0,54.5
2026-09-05T14:23:23.311375,Florida,Florida Atlantic,2026-09-05T23:45:00Z,59.5,59.5
2026-09-05T14:23:23.311375,BYU,Utah,2026-09-06T00:00:00Z,61.0,61.5
2026-09-05T14:23:23.311375,New Mexico,Central Michigan,2026-09-06T02:00:00Z,47.0,46.5
2026-09-05T14:23:23.311375,Hawai'i,UNLV,2026-09-06T02:00:00Z,55.5,55.5
2026-09-05T14:23:23.311375,California,UCLA,2026-09-06T02:30:00Z,53.5,53.5
2026-09-05T14:23:23.311375,Nevada,Western Kentucky,2026-09-06T02:30:00Z,51.5,51.5
2026-09-05T14:23:23.311375,Washington,Washington State,2026-09-06T20:00:00Z,51.0,51.0
2026-09-05T14:23:23.311375,Ole Miss,Louisville,2026-09-06T23:30:00Z,55.0,55.0
2026-09-05T14:23:23.311375,Notre Dame,Wisconsin,2026-09-06T23:30:00Z,46.5,46.5
2026-09-05T14:23:23.311375,Florida State,SMU,2026-09-07T23:30:00Z,53.0,53.5
2026-09-05T14:23:23.311375,Miami,Florida,2026-09-11T00:00:00Z,,60.5
2026-09-05T14:23:23.311375,Boston College,Rutgers,2026-09-11T23:30:00Z,,55.5
2026-09-05T14:23:23.311375,Kansas,Missouri,2026-09-12T00:00:00Z,,51.0
2026-09-05T14:23:23.311375,East Carolina,App State,2026-09-12T16:00:00Z,,56.0
2026-09-05T14:23:23.311375,Texas A&M,Arizona State,2026-09-12T16:00:00Z,,52.0
2026-09-05T14:23:23.311375,Utah,Arkansas,2026-09-12T16:00:00Z,,56.5
2026-09-05T14:23:23.311375,Army,South Florida,2026-09-12T16:00:00Z,,53.5
2026-09-05T14:23:23.311375,Kansas State,Washington State,2026-09-12T16:00:00Z,,52.0
2026-09-05T14:23:23.311375,Michigan,Oklahoma,2026-09-12T16:00:00Z,,45.0
2026-09-05T14:23:23.311375,Oklahoma State,Oregon,2026-09-12T16:00:00Z,,60.5
2026-09-05T14:23:23.311375,Virginia Tech,Old Dominion,2026-09-12T16:00:00Z,,52.0
2026-09-05T14:23:23.311375,Temple,Penn State,2026-09-12T16:00:00Z,,50.5
2026-09-05T14:23:23.311375,Purdue,Wake Forest,2026-09-12T16:00:00Z,,50.5
2026-09-05T14:23:23.311375,Georgia,Western Kentucky,2026-09-12T16:45:00Z,,52.5
2026-09-05T14:23:23.311375,Kentucky,Alabama,2026-09-12T19:30:00Z,,49.0
2026-09-05T14:23:23.311375,BYU,Arizona,2026-09-12T19:30:00Z,,52.5
2026-09-05T14:23:23.311375,Syracuse,California,2026-09-12T19:30:00Z,,53.0
2026-09-05T14:23:23.311375,Illinois,Duke,2026-09-12T19:30:00Z,,55.5
2026-09-05T14:23:23.311375,Michigan State,Eastern Michigan,2026-09-12T19:30:00Z,,51.0
2026-09-05T14:23:23.311375,UConn,Maryland,2026-09-12T19:30:00Z,,53.5
2026-09-05T14:23:23.311375,Minnesota,Mississippi State,2026-09-12T19:30:00Z,,52.5
2026-09-05T14:23:23.311375,Notre Dame,Rice,2026-09-12T19:30:00Z,,52.5
2026-09-05T14:23:23.311375,Pittsburgh,UCF,2026-09-12T19:30:00Z,,51.5
2026-09-05T14:23:23.311375,Texas State,UTSA,2026-09-12T19:30:00Z,,64.0
2026-09-05T14:23:23.311375,UAB,Louisiana Monroe,2026-09-12T19:30:00Z,,53.5
2026-09-05T14:23:23.311375,Washington,Utah State,2026-09-12T19:30:00Z,,55.5
2026-09-05T14:23:23.311375,North Texas,UNLV,2026-09-12T19:45:00Z,,60.0
2026-09-05T14:23:23.311375,Vanderbilt,Delaware,2026-09-12T20:15:00Z,,54.5
2026-09-05T14:23:23.311375,Boise State,Memphis,2026-09-12T22:00:00Z,,53.5
2026-09-05T14:23:23.311375,Florida International,Buffalo,2026-09-12T22:00:00Z,,50.5
2026-09-05T14:23:23.311375,Ohio,Jacksonville State,2026-09-12T22:00:00Z,,49.5
2026-09-05T14:23:23.311375,Nebraska,Bowling Green,2026-09-12T23:00:00Z,,49.5
2026-09-05T14:23:23.311375,Georgia Tech,Tennessee,2026-09-12T23:00:00Z,,55.5
2026-09-05T14:23:23.311375,Marshall,Middle Tennessee,2026-09-12T23:00:00Z,,57.5
2026-09-05T14:23:23.311375,Sam Houston,Tulsa,2026-09-12T23:00:00Z,,52.5
2026-09-05T14:23:23.311375,Tulane,South Alabama,2026-09-12T23:00:00Z,,55.5
2026-09-05T14:23:23.311375,UCLA,San Diego State,2026-09-12T23:15:00Z,,49.0
2026-09-05T14:23:23.311375,Clemson,Georgia Southern,2026-09-12T23:30:00Z,,57.5
2026-09-05T14:23:23.311375,Iowa,Iowa State,2026-09-12T23:30:00Z,,41.5
2026-09-05T14:23:23.311375,Texas,Ohio State,2026-09-12T23:30:00Z,,47.5
2026-09-05T14:23:23.311375,Oregon State,Texas Tech,2026-09-12T23:30:00Z,,50.5
2026-09-05T14:23:23.311375,Hawai'i,New Mexico State,2026-09-13T04:00:00Z,,51.5
2026-09-05T14:23:23.311375,Arkansas,Georgia,2026-09-19T16:00:00Z,,55.5
2026-09-05T14:23:23.311375,Louisville,SMU,2026-09-19T19:30:00Z,,56.5
2026-09-05T14:23:23.311375,Auburn,Florida,2026-09-19T23:00:00Z,,53.5
2026-09-05T14:23:23.311375,Ole Miss,LSU,2026-09-19T23:30:00Z,,57.5
2026-09-05T14:23:23.311375,Texas Tech,Houston,2026-09-20T00:00:00Z,,54.5
2026-09-05T14:23:23.311375,LSU,Texas A&M,2026-09-26T16:00:00Z,,56.5
2026-09-05T14:23:23.311375,Tennessee,Texas,2026-09-26T16:00:00Z,,56.5
2026-09-05T14:23:23.311375,Oklahoma,Texas,2026-10-10T16:00:00Z,,48.0
2026-09-05T14:23:23.311375,Alabama,Georgia,2026-10-11T00:00:00Z,,49.5
2026-09-05T14:23:23.311375,Tennessee,Alabama,2026-10-17T16:00:00Z,,56.5
2026-09-05T14:23:23.311375,Georgia,Auburn,2026-10-17T16:00:00Z,,54.5
2026-09-05T14:23:23.311375,BYU,Notre Dame,2026-10-17T16:00:00Z,,54.5
2026-09-05T14:23:23.311375,Indiana,Ohio State,2026-10-17T16:00:00Z,,48.5
2026-09-05T14:23:23.311375,Michigan,Penn State,2026-10-17T16:00:00Z,,51.5
2026-09-05T14:23:23.311375,Oregon,Nebraska,2026-10-17T16:00:00Z,,51.5
2026-09-05T14:23:23.311375,Alabama,Texas A&M,2026-10-24T16:00:00Z,,54.5
2026-09-05T14:23:23.311375,Michigan,Indiana,2026-10-24T16:00:00Z,,52.5
2026-09-05T14:23:23.311375,Texas,Ole Miss,2026-10-24T16:00:00Z,,54.5
2026-09-05T14:23:23.311375,Georgia,Florida,2026-10-31T16:00:00Z,,53.5
2026-09-05T14:23:23.311375,LSU,Alabama,2026-11-07T16:00:00Z,,54.5
2026-09-05T14:23:23.311375,Ole Miss,Georgia,2026-11-07T16:00:00Z,,55.5
2026-09-05T14:23:23.311375,Ohio State,Oregon,2026-11-07T16:00:00Z,,52.5
2026-09-05T14:23:23.311375,Notre Dame,Miami,2026-11-08T00:30:00Z,,55.0
2026-09-05T14:23:23.311375,LSU,Texas,2026-11-14T16:00:00Z,,54.5
2026-09-05T14:23:23.311375,Oregon,Michigan,2026-11-14T16:00:00Z,,53.5
2026-09-05T14:23:23.311375,Oklahoma State,Texas Tech,2026-11-14T16:00:00Z,,61.5
2026-09-05T14:23:23.311375,Texas A&M,Tennessee,2026-11-14T16:00:00Z,,55.5
2026-09-05T14:23:23.311375,Tennessee,LSU,2026-11-21T16:00:00Z,,57.5
2026-09-05T14:23:23.311375,Notre Dame,SMU,2026-11-22T00:30:00Z,,56.5
2026-09-05T14:23:23.311375,Ole Miss,Mississippi State,2026-11-27T17:00:00Z,,57.5
2026-09-05T14:23:23.311375,Texas A&M,Texas,2026-11-28T00:30:00Z,,53.5
2026-09-05T14:23:23.311375,Alabama,Auburn,2026-11-28T16:00:00Z,,52.5
2026-09-05T14:23:23.311375,Arizona,Arizona State,2026-11-28T16:00:00Z,,52.5
2026-09-05T14:23:23.311375,Clemson,South Carolina,2026-11-28T16:00:00Z,,53.5
2026-09-05T14:23:23.311375,Oregon,Washington,2026-11-28T16:00:00Z,,54.5
2026-09-05T14:23:23.311375,Vanderbilt,Tennessee,2026-11-28T16:00:00Z,,57.5
2026-09-05T14:23:23.311375,Ohio State,Michigan,2026-11-28T17:00:00Z,,45.5
2026-09-05T14:23:23.311375,Navy,Army,2026-12-12T20:00:00Z,,37.5
2026-09-05T14:43:05.907596,Alabama,East Carolina,2026-09-05T16:00:00Z,52.5,52.5
2026-09-05T14:43:05.907596,West Virginia,Coastal Carolina,2026-09-05T16:00:00Z,54.5,54.5
2026-09-05T14:43:05.907596,Houston,Oregon State,2026-09-05T16:00:00Z,51.0,50.5
2026-09-05T14:43:05.907596,Indiana,North Texas,2026-09-05T16:00:00Z,56.0,56.5
2026-09-05T14:43:05.907596,James Madison,Liberty,2026-09-05T16:00:00Z,50.5,50.5
2026-09-05T14:43:05.907596,Pittsburgh,Miami (OH),2026-09-05T16:00:00Z,47.0,47.5
2026-09-05T14:43:05.907596,Nebraska,Ohio,2026-09-05T16:00:00Z,46.5,47.0
2026-09-05T14:43:05.907596,Ohio State,Ball State,2026-09-05T16:30:00Z,56.5,56.5
2026-09-05T14:43:05.907596,South Carolina,Kent State,2026-09-05T16:45:00Z,53.5,53.5
2026-09-05T14:43:05.907596,Georgia,Tennessee,2026-09-05T19:00:00Z,55.0,55.25
2026-09-05T14:43:05.907596,Auburn,Baylor,2026-09-05T19:30:00Z,59.5,59.0
2026-09-05T14:43:05.907596,Oregon,Boise State,2026-09-05T19:30:00Z,51.5,51.5
2026-09-05T14:43:05.907596,Cincinnati,Boston College,2026-09-05T19:30:00Z,51.0,50.5
2026-09-05T14:43:05.907596,Duke,Tulane,2026-09-05T19:30:00Z,50.5,51.0
2026-09-05T14:43:05.907596,Penn State,Marshall,2026-09-05T19:30:00Z,52.0,52.0
2026-09-05T14:43:05.907596,Texas,Texas State,2026-09-05T19:30:00Z,60.0,60.0
2026-09-05T14:43:05.907596,Tulsa,Oklahoma State,2026-09-05T19:45:00Z,59.0,59.0
2026-09-05T14:43:05.907596,Iowa,Northern Illinois,2026-09-05T20:15:00Z,44.5,44.5
2026-09-05T14:43:05.907596,Colorado State,Wyoming,2026-09-05T22:00:00Z,46.5,46.5
2026-09-05T14:43:05.907596,Memphis,Arkansas State,2026-09-05T23:00:00Z,53.0,53.0
2026-09-05T14:43:05.907596,South Florida,Florida International,2026-09-05T23:00:00Z,52.0,51.5
2026-09-05T14:43:05.907596,Rice,Houston,2026-09-05T23:00:00Z,47.5,47.5
2026-09-05T14:43:05.907596,Michigan,Western Michigan,2026-09-05T23:00:00Z,49.5,49.5
2026-09-05T14:43:05.907596,Texas A&M,Missouri State,2026-09-05T23:00:00Z,53.5,53.5
2026-09-05T14:43:05.907596,Troy,Sam Houston,2026-09-05T23:00:00Z,54.0,54.0
2026-09-05T14:43:05.907596,LSU,Clemson,2026-09-05T23:30:00Z,50.5,50.5
2026-09-05T14:43:05.907596,Louisiana Tech,Northwestern,2026-09-05T23:30:00Z,56.5,56.5
2026-09-05T14:43:05.907596,Mississippi State,Louisiana Monroe,2026-09-05T23:30:00Z,55.0,54.5
2026-09-05T14:43:05.907596,Florida,Florida Atlantic,2026-09-05T23:45:00Z,59.5,59.5
2026-09-05T14:43:05.907596,BYU,Utah,2026-09-06T00:00:00Z,61.0,61.5
2026-09-05T14:43:05.907596,New Mexico,Central Michigan,2026-09-06T02:00:00Z,47.0,46.5
2026-09-05T14:43:05.907596,Hawai'i,UNLV,2026-09-06T02:00:00Z,55.5,55.5
2026-09-05T14:43:05.907596,California,UCLA,2026-09-06T02:30:00Z,53.5,53.5
2026-09-05T14:43:05.907596,Nevada,Western Kentucky,2026-09-06T02:30:00Z,51.5,51.5
2026-09-05T14:43:05.907596,Washington,Washington State,2026-09-06T20:00:00Z,51.0,51.0
2026-09-05T14:43:05.907596,Ole Miss,Louisville,2026-09-06T23:30:00Z,55.0,55.0
2026-09-05T14:43:05.907596,Notre Dame,Wisconsin,2026-09-06T23:30:00Z,46.5,46.5
2026-09-05T14:43:05.907596,Florida State,SMU,2026-09-07T23:30:00Z,53.0,53.5
2026-09-05T14:43:05.907596,Miami,Florida,2026-09-11T00:00:00Z,,60.5
2026-09-05T14:43:05.907596,Boston College,Rutgers,2026-09-11T23:30:00Z,,55.5
2026-09-05T14:43:05.907596,Kansas,Missouri,2026-09-12T00:00:00Z,,51.0
2026-09-05T14:43:05.907596,East Carolina,App State,2026-09-12T16:00:00Z,,56.0
2026-09-05T14:43:05.907596,Texas A&M,Arizona State,2026-09-12T16:00:00Z,,52.0
2026-09-05T14:43:05.907596,Utah,Arkansas,2026-09-12T16:00:00Z,,56.5
2026-09-05T14:43:05.907596,Army,South Florida,2026-09-12T16:00:00Z,,53.5
2026-09-05T14:43:05.907596,Kansas State,Washington State,2026-09-12T16:00:00Z,,52.0
2026-09-05T14:43:05.907596,Michigan,Oklahoma,2026-09-12T16:00:00Z,,45.0
2026-09-05T14:43:05.907596,Oklahoma State,Oregon,2026-09-12T16:00:00Z,,60.5
2026-09-05T14:43:05.907596,Virginia Tech,Old Dominion,2026-09-12T16:00:00Z,,52.0
2026-09-05T14:43:05.907596,Temple,Penn State,2026-09-12T16:00:00Z,,50.5
2026-09-05T14:43:05.907596,Purdue,Wake Forest,2026-09-12T16:00:00Z,,50.5
2026-09-05T14:43:05.907596,Georgia,Western Kentucky,2026-09-12T16:45:00Z,,52.5
2026-09-05T14:43:05.907596,Kentucky,Alabama,2026-09-12T19:30:00Z,,49.0
2026-09-05T14:43:05.907596,BYU,Arizona,2026-09-12T19:30:00Z,,52.5
2026-09-05T14:43:05.907596,Syracuse,California,2026-09-12T19:30:00Z,,53.0
2026-09-05T14:43:05.907596,Illinois,Duke,2026-09-12T19:30:00Z,,55.5
2026-09-05T14:43:05.907596,Michigan State,Eastern Michigan,2026-09-12T19:30:00Z,,51.0
2026-09-05T14:43:05.907596,UConn,Maryland,2026-09-12T19:30:00Z,,53.5
2026-09-05T14:43:05.907596,Minnesota,Mississippi State,2026-09-12T19:30:00Z,,52.5
2026-09-05T14:43:05.907596,Notre Dame,Rice,2026-09-12T19:30:00Z,,52.5
2026-09-05T14:43:05.907596,Pittsburgh,UCF,2026-09-12T19:30:00Z,,51.5
2026-09-05T14:43:05.907596,Texas State,UTSA,2026-09-12T19:30:00Z,,64.0
2026-09-05T14:43:05.907596,UAB,Louisiana Monroe,2026-09-12T19:30:00Z,,53.5
2026-09-05T14:43:05.907596,Washington,Utah State,2026-09-12T19:30:00Z,,55.5
2026-09-05T14:43:05.907596,North Texas,UNLV,2026-09-12T19:45:00Z,,60.0
2026-09-05T14:43:05.907596,Vanderbilt,Delaware,2026-09-12T20:15:00Z,,54.5
2026-09-05T14:43:05.907596,Boise State,Memphis,2026-09-12T22:00:00Z,,53.5
2026-09-05T14:43:05.907596,Florida International,Buffalo,2026-09-12T22:00:00Z,,50.5
2026-09-05T14:43:05.907596,Ohio,Jacksonville State,2026-09-12T22:00:00Z,,49.5
2026-09-05T14:43:05.907596,Nebraska,Bowling Green,2026-09-12T23:00:00Z,,49.5
2026-09-05T14:43:05.907596,Georgia Tech,Tennessee,2026-09-12T23:00:00Z,,55.5
2026-09-05T14:43:05.907596,Marshall,Middle Tennessee,2026-09-12T23:00:00Z,,57.5
2026-09-05T14:43:05.907596,Sam Houston,Tulsa,2026-09-12T23:00:00Z,,52.5
2026-09-05T14:43:05.907596,Tulane,South Alabama,2026-09-12T23:00:00Z,,55.5
2026-09-05T14:43:05.907596,UCLA,San Diego State,2026-09-12T23:15:00Z,,49.0
2026-09-05T14:43:05.907596,Clemson,Georgia Southern,2026-09-12T23:30:00Z,,57.5
2026-09-05T14:43:05.907596,Iowa,Iowa State,2026-09-12T23:30:00Z,,41.5
2026-09-05T14:43:05.907596,Texas,Ohio State,2026-09-12T23:30:00Z,,47.5
2026-09-05T14:43:05.907596,Oregon State,Texas Tech,2026-09-12T23:30:00Z,,50.5
2026-09-05T14:43:05.907596,Hawai'i,New Mexico State,2026-09-13T04:00:00Z,,51.5
2026-09-05T14:43:05.907596,Arkansas,Georgia,2026-09-19T16:00:00Z,,55.5
2026-09-05T14:43:05.907596,Louisville,SMU,2026-09-19T19:30:00Z,,56.5
2026-09-05T14:43:05.907596,Auburn,Florida,2026-09-19T23:00:00Z,,53.5
2026-09-05T14:43:05.907596,Ole Miss,LSU,2026-09-19T23:30:00Z,,57.5
2026-09-05T14:43:05.907596,Texas Tech,Houston,2026-09-20T00:00:00Z,,54.5
2026-09-05T14:43:05.907596,LSU,Texas A&M,2026-09-26T16:00:00Z,,56.5
2026-09-05T14:43:05.907596,Tennessee,Texas,2026-09-26T16:00:00Z,,56.5
2026-09-05T14:43:05.907596,Oklahoma,Texas,2026-10-10T16:00:00Z,,48.0
2026-09-05T14:43:05.907596,Alabama,Georgia,2026-10-11T00:00:00Z,,49.5
2026-09-05T14:43:05.907596,Tennessee,Alabama,2026-10-17T16:00:00Z,,56.5
2026-09-05T14:43:05.907596,Georgia,Auburn,2026-10-17T16:00:00Z,,54.5
2026-09-05T14:43:05.907596,BYU,Notre Dame,2026-10-17T16:00:00Z,,54.5
2026-09-05T14:43:05.907596,Indiana,Ohio State,2026-10-17T16:00:00Z,,48.5
2026-09-05T14:43:05.907596,Michigan,Penn State,2026-10-17T16:00:00Z,,51.5
2026-09-05T14:43:05.907596,Oregon,Nebraska,2026-10-17T16:00:00Z,,51.5
2026-09-05T14:43:05.907596,Alabama,Texas A&M,2026-10-24T16:00:00Z,,54.5
2026-09-05T14:43:05.907596,Michigan,Indiana,2026-10-24T16:00:00Z,,52.5
2026-09-05T14:43:05.907596,Texas,Ole Miss,2026-10-24T16:00:00Z,,54.5
2026-09-05T14:43:05.907596,Georgia,Florida,2026-10-31T16:00:00Z,,53.5
2026-09-05T14:43:05.907596,LSU,Alabama,2026-11-07T16:00:00Z,,54.5
2026-09-05T14:43:05.907596,Ole Miss,Georgia,2026-11-07T16:00:00Z,,55.5
2026-09-05T14:43:05.907596,Ohio State,Oregon,2026-11-07T16:00:00Z,,52.5
2026-09-05T14:43:05.907596,Notre Dame,Miami,2026-11-08T00:30:00Z,,55.0
2026-09-05T14:43:05.907596,LSU,Texas,2026-11-14T16:00:00Z,,54.5
2026-09-05T14:43:05.907596,Oregon,Michigan,2026-11-14T16:00:00Z,,53.5
2026-09-05T14:43:05.907596,Oklahoma State,Texas Tech,2026-11-14T16:00:00Z,,61.5
2026-09-05T14:43:05.907596,Texas A&M,Tennessee,2026-11-14T16:00:00Z,,55.5
2026-09-05T14:43:05.907596,Tennessee,LSU,2026-11-21T16:00:00Z,,57.5
2026-09-05T14:43:05.907596,Notre Dame,SMU,2026-11-22T00:30:00Z,,56.5
2026-09-05T14:43:05.907596,Ole Miss,Mississippi State,2026-11-27T17:00:00Z,,57.5
2026-09-05T14:43:05.907596,Texas A&M,Texas,2026-11-28T00:30:00Z,,53.5
2026-09-05T14:43:05.907596,Alabama,Auburn,2026-11-28T16:00:00Z,,52.5
2026-09-05T14:43:05.907596,Arizona,Arizona State,2026-11-28T16:00:00Z,,52.5
2026-09-05T14:43:05.907596,Clemson,South Carolina,2026-11-28T16:00:00Z,,53.5
2026-09-05T14:43:05.907596,Oregon,Washington,2026-11-28T16:00:00Z,,54.5
2026-09-05T14:43:05.907596,Vanderbilt,Tennessee,2026-11-28T16:00:00Z,,57.5
2026-09-05T14:43:05.907596,Ohio State,Michigan,2026-11-28T17:00:00Z,,45.5
2026-09-05T14:43:05.907596,Navy,Army,2026-12-12T20:00:00Z,,37.5
2026-09-07T19:01:01.970993,Florida State,SMU,2026-09-07T23:30:00Z,54.5,54.5
2026-09-07T19:01:01.970993,Miami,Florida,2026-09-11T00:00:00Z,,60.5
2026-09-07T19:01:01.970993,Boston College,Rutgers,2026-09-11T23:30:00Z,54.5,54.5
2026-09-07T19:01:01.970993,Kansas,Missouri,2026-09-12T00:00:00Z,50.0,50.0
2026-09-07T19:01:01.970993,East Carolina,App State,2026-09-12T16:00:00Z,56.5,56.5
2026-09-07T19:01:01.970993,Texas A&M,Arizona State,2026-09-12T16:00:00Z,51.5,51.5
2026-09-07T19:01:01.970993,Army,South Florida,2026-09-12T16:00:00Z,48.5,48.5
2026-09-07T19:01:01.970993,Kansas State,Washington State,2026-09-12T16:00:00Z,,49.5
2026-09-07T19:01:01.970993,Michigan,Oklahoma,2026-09-12T16:00:00Z,43.5,43.5
2026-09-07T19:01:01.970993,Oklahoma State,Oregon,2026-09-12T16:00:00Z,57.5,57.5
2026-09-07T19:01:01.970993,Virginia Tech,Old Dominion,2026-09-12T16:00:00Z,51.0,51.0
2026-09-07T19:01:01.970993,Temple,Penn State,2026-09-12T16:00:00Z,49.5,49.5
2026-09-07T19:01:01.970993,Purdue,Wake Forest,2026-09-12T16:00:00Z,50.0,49.5
2026-09-07T19:01:01.970993,Georgia,Western Kentucky,2026-09-12T16:45:00Z,54.0,54.5
2026-09-07T19:01:01.970993,Kentucky,Alabama,2026-09-12T19:30:00Z,49.0,49.5
2026-09-07T19:01:01.970993,BYU,Arizona,2026-09-12T19:30:00Z,50.5,50.5
2026-09-07T19:01:01.970993,Syracuse,California,2026-09-12T19:30:00Z,56.5,56.5
2026-09-07T19:01:01.970993,Illinois,Duke,2026-09-12T19:30:00Z,53.5,53.5
2026-09-07T19:01:01.970993,Michigan State,Eastern Michigan,2026-09-12T19:30:00Z,51.0,50.5
2026-09-07T19:01:01.970993,UConn,Maryland,2026-09-12T19:30:00Z,53.5,53.5
2026-09-07T19:01:01.970993,Minnesota,Mississippi State,2026-09-12T19:30:00Z,55.5,55.5
2026-09-07T19:01:01.970993,Notre Dame,Rice,2026-09-12T19:30:00Z,,54.5
2026-09-07T19:01:01.970993,Pittsburgh,UCF,2026-09-12T19:30:00Z,57.0,57.0
2026-09-07T19:01:01.970993,Texas State,UTSA,2026-09-12T19:30:00Z,64.5,64.5
2026-09-07T19:01:01.970993,UAB,Louisiana Monroe,2026-09-12T19:30:00Z,56.0,55.5
2026-09-07T19:01:01.970993,Washington,Utah State,2026-09-12T19:30:00Z,,55.5
2026-09-07T19:01:01.970993,North Texas,UNLV,2026-09-12T19:45:00Z,57.0,57.5
2026-09-07T19:01:01.970993,Troy,Alabama,2026-09-12T20:00:00Z,,52.5
2026-09-07T19:01:01.970993,Vanderbilt,Delaware,2026-09-12T20:15:00Z,54.5,54.0
2026-09-07T19:01:01.970993,Boise State,Memphis,2026-09-12T22:00:00Z,55.5,55.5
2026-09-07T19:01:01.970993,Florida International,Buffalo,2026-09-12T22:00:00Z,47.5,47.5
2026-09-07T19:01:01.970993,Ohio,Jacksonville State,2026-09-12T22:00:00Z,51.5,51.5
2026-09-07T19:01:01.970993,Nebraska,Bowling Green,2026-09-12T23:00:00Z,52.0,52.0
2026-09-07T19:01:01.970993,Kennesaw State,Georgia State,2026-09-12T23:00:00Z,52.5,52.5
2026-09-07T19:01:01.970993,Georgia Tech,Tennessee,2026-09-12T23:00:00Z,55.0,55.5
2026-09-07T19:01:01.970993,Marshall,Middle Tennessee,2026-09-12T23:00:00Z,58.0,58.5
2026-09-07T19:01:01.970993,Sam Houston,Tulsa,2026-09-12T23:00:00Z,52.0,52.0
2026-09-07T19:01:01.970993,Tulane,South Alabama,2026-09-12T23:00:00Z,50.5,49.5
2026-09-07T19:01:01.970993,UCLA,San Diego State,2026-09-12T23:15:00Z,53.0,53.0
2026-09-07T19:01:01.970993,Clemson,Georgia Southern,2026-09-12T23:30:00Z,55.5,55.5
2026-09-07T19:01:01.970993,Florida Atlantic,Navy,2026-09-12T23:30:00Z,59.0,59.5
2026-09-07T19:01:01.970993,Iowa,Iowa State,2026-09-12T23:30:00Z,41.0,41.0
2026-09-07T19:01:01.970993,LSU,Louisiana Tech,2026-09-12T23:30:00Z,56.0,55.5
2026-09-07T19:01:01.970993,Texas,Ohio State,2026-09-12T23:30:00Z,49.0,48.5
2026-09-07T19:01:01.970993,Oregon State,Texas Tech,2026-09-12T23:30:00Z,51.5,51.0
2026-09-07T19:01:01.970993,Auburn,Southern Miss,2026-09-12T23:45:00Z,54.5,53.5
2026-09-07T19:01:01.970993,Ole Miss,Charlotte,2026-09-12T23:45:00Z,,61.5
2026-09-07T19:01:01.970993,UTEP,Texas,2026-09-13T01:00:00Z,,53.5
2026-09-07T19:01:01.970993,Air Force,North Dakota State,2026-09-13T02:00:00Z,47.0,47.5
2026-09-07T19:01:01.970993,Utah,Arkansas,2026-09-13T02:15:00Z,57.0,56.5
2026-09-07T19:01:01.970993,Fresno State,Sacramento State,2026-09-13T02:30:00Z,45.5,45.5
2026-09-07T19:01:01.970993,USC,Louisiana,2026-09-13T03:00:00Z,60.0,60.5
2026-09-07T19:01:01.970993,Hawai'i,New Mexico State,2026-09-13T04:00:00Z,50.5,50.5
2026-09-08T15:13:36.516272,Miami,Florida,2026-09-11T00:00:00Z,,60.5
2026-09-08T15:13:36.516272,Boston College,Rutgers,2026-09-11T23:30:00Z,54.0,54.5
2026-09-08T15:13:36.516272,Kansas,Missouri,2026-09-12T00:00:00Z,50.0,50.0
2026-09-08T15:13:36.516272,East Carolina,App State,2026-09-12T16:00:00Z,56.5,56.5
2026-09-08T15:13:36.516272,Texas A&M,Arizona State,2026-09-12T16:00:00Z,50.0,50.5
2026-09-08T15:13:36.516272,Army,South Florida,2026-09-12T16:00:00Z,46.5,46.5
2026-09-08T15:13:36.516272,Kansas State,Washington State,2026-09-12T16:00:00Z,48.5,48.5
2026-09-08T15:13:36.516272,Michigan,Oklahoma,2026-09-12T16:00:00Z,43.5,43.5
2026-09-08T15:13:36.516272,Oklahoma State,Oregon,2026-09-12T16:00:00Z,57.5,57.5
2026-09-08T15:13:36.516272,Virginia Tech,Old Dominion,2026-09-12T16:00:00Z,50.0,50.0
2026-09-08T15:13:36.516272,Temple,Penn State,2026-09-12T16:00:00Z,49.5,49.5
2026-09-08T15:13:36.516272,Purdue,Wake Forest,2026-09-12T16:00:00Z,48.5,48.5
2026-09-08T15:13:36.516272,Georgia,Western Kentucky,2026-09-12T16:45:00Z,55.5,55.5
2026-09-08T15:13:36.516272,Kentucky,Alabama,2026-09-12T19:30:00Z,49.0,49.5
2026-09-08T15:13:36.516272,BYU,Arizona,2026-09-12T19:30:00Z,48.5,48.5
2026-09-08T15:13:36.516272,Syracuse,California,2026-09-12T19:30:00Z,56.5,56.5
2026-09-08T15:13:36.516272,Illinois,Duke,2026-09-12T19:30:00Z,53.5,53.5
2026-09-08T15:13:36.516272,Michigan State,Eastern Michigan,2026-09-12T19:30:00Z,49.5,49.5
2026-09-08T15:13:36.516272,UConn,Maryland,2026-09-12T19:30:00Z,52.5,52.5
2026-09-08T15:13:36.516272,Minnesota,Mississippi State,2026-09-12T19:30:00Z,55.5,55.5
2026-09-08T15:13:36.516272,Notre Dame,Rice,2026-09-12T19:30:00Z,56.0,55.5
2026-09-08T15:13:36.516272,Pittsburgh,UCF,2026-09-12T19:30:00Z,57.5,57.5
2026-09-08T15:13:36.516272,Texas State,UTSA,2026-09-12T19:30:00Z,67.0,66.5
2026-09-08T15:13:36.516272,UAB,Louisiana Monroe,2026-09-12T19:30:00Z,56.0,55.5
2026-09-08T15:13:36.516272,Washington,Utah State,2026-09-12T19:30:00Z,55.5,55.5
2026-09-08T15:13:36.516272,North Texas,UNLV,2026-09-12T19:45:00Z,57.0,57.0
2026-09-08T15:13:36.516272,Troy,Alabama,2026-09-12T20:00:00Z,,52.5
2026-09-08T15:13:36.516272,Vanderbilt,Delaware,2026-09-12T20:15:00Z,54.5,54.5
2026-09-08T15:13:36.516272,Boise State,Memphis,2026-09-12T22:00:00Z,54.5,54.5
2026-09-08T15:13:36.516272,Florida International,Buffalo,2026-09-12T22:00:00Z,47.5,47.5
2026-09-08T15:13:36.516272,Ohio,Jacksonville State,2026-09-12T22:00:00Z,51.5,51.5
2026-09-08T15:13:36.516272,Nebraska,Bowling Green,2026-09-12T23:00:00Z,,52.0
2026-09-08T15:13:36.516272,Kennesaw State,Georgia State,2026-09-12T23:00:00Z,54.5,54.5
2026-09-08T15:13:36.516272,Georgia Tech,Tennessee,2026-09-12T23:00:00Z,55.5,55.5
2026-09-08T15:13:36.516272,Northern Illinois,Illinois,2026-09-12T23:00:00Z,,47.5
2026-09-08T15:13:36.516272,Marshall,Middle Tennessee,2026-09-12T23:00:00Z,57.5,57.5
2026-09-08T15:13:36.516272,Sam Houston,Tulsa,2026-09-12T23:00:00Z,51.0,51.5
2026-09-08T15:13:36.516272,Tulane,South Alabama,2026-09-12T23:00:00Z,50.0,49.5
2026-09-08T15:13:36.516272,UCLA,San Diego State,2026-09-12T23:15:00Z,53.5,53.5
2026-09-08T15:13:36.516272,Clemson,Georgia Southern,2026-09-12T23:30:00Z,55.5,55.5
2026-09-08T15:13:36.516272,Florida Atlantic,Navy,2026-09-12T23:30:00Z,59.0,59.5
2026-09-08T15:13:36.516272,Iowa,Iowa State,2026-09-12T23:30:00Z,41.0,41.0
2026-09-08T15:13:36.516272,LSU,Louisiana Tech,2026-09-12T23:30:00Z,,55.5
2026-09-08T15:13:36.516272,Texas,Ohio State,2026-09-12T23:30:00Z,49.0,48.5
2026-09-08T15:13:36.516272,Oregon State,Texas Tech,2026-09-12T23:30:00Z,52.0,52.0
2026-09-08T15:13:36.516272,Auburn,Southern Miss,2026-09-12T23:45:00Z,57.5,57.0
2026-09-08T15:13:36.516272,Ole Miss,Charlotte,2026-09-12T23:45:00Z,,61.5
2026-09-08T15:13:36.516272,UTEP,Texas,2026-09-13T01:00:00Z,,53.5
2026-09-08T15:13:36.516272,Air Force,North Dakota State,2026-09-13T02:00:00Z,47.5,47.5
2026-09-08T15:13:36.516272,Utah,Arkansas,2026-09-13T02:15:00Z,56.5,56.5
2026-09-08T15:13:36.516272,Fresno State,Sacramento State,2026-09-13T02:30:00Z,,45.5
2026-09-08T15:13:36.516272,USC,Louisiana,2026-09-13T03:00:00Z,,60.25
2026-09-08T15:13:36.516272,Hawai'i,New Mexico State,2026-09-13T04:00:00Z,50.5,50.5
2026-09-12T19:40:12.354934,East Carolina,App State,2026-09-12T16:00:00Z,,51.5
2026-09-12T19:40:12.354934,Purdue,Wake Forest,2026-09-12T16:00:00Z,,
2026-09-12T19:40:12.354934,Kansas State,Washington State,2026-09-12T16:05:00Z,47.5,46.5
2026-09-12T19:40:12.354934,Texas A&M,Arizona State,2026-09-12T16:07:35Z,,68.5
2026-09-12T19:40:12.354934,Virginia Tech,Old Dominion,2026-09-12T16:10:50Z,,65.5
2026-09-12T19:40:12.354934,Michigan,Oklahoma,2026-09-12T16:14:37Z,,27.5
2026-09-12T19:40:12.354934,Georgia,Western Kentucky,2026-09-12T16:47:21Z,,75.5
2026-09-12T19:40:12.354934,Oklahoma State,Oregon,2026-09-12T17:30:00Z,69.0,71.0
2026-09-12T19:40:12.354934,Syracuse,California,2026-09-12T19:30:00Z,57.0,57.0
2026-09-12T19:40:12.354934,Michigan State,Eastern Michigan,2026-09-12T19:30:00Z,50.0,50.0
2026-09-12T19:40:12.354934,UConn,Maryland,2026-09-12T19:30:00Z,53.0,51.5
2026-09-12T19:40:12.354934,Texas State,UTSA,2026-09-12T19:30:00Z,65.5,65.5
2026-09-12T19:40:12.354934,UAB,Louisiana Monroe,2026-09-12T19:30:00Z,53.5,52.5
2026-09-12T19:40:12.354934,Washington,Utah State,2026-09-12T19:30:00Z,55.5,55.5
2026-09-12T19:40:12.354934,Notre Dame,Rice,2026-09-12T19:36:27Z,54.5,55.0
2026-09-12T19:40:12.354934,Minnesota,Mississippi State,2026-09-12T19:38:32Z,53.0,53.5
2026-09-12T19:40:12.354934,Illinois,Duke,2026-09-12T19:40:00Z,51.5,51.5
2026-09-12T19:40:12.354934,Kentucky,Alabama,2026-09-12T19:45:00Z,47.0,47.5
2026-09-12T19:40:12.354934,BYU,Arizona,2026-09-12T19:45:00Z,49.0,48.5
2026-09-12T19:40:12.354934,North Texas,UNLV,2026-09-12T19:45:00Z,58.0,58.0
2026-09-12T19:40:12.354934,Pittsburgh,UCF,2026-09-12T19:45:00Z,55.0,55.5
2026-09-12T19:40:12.354934,Troy,Alabama,2026-09-12T20:00:00Z,52.5,52.5
2026-09-12T19:40:12.354934,Vanderbilt,Delaware,2026-09-12T20:15:00Z,55.0,54.5
2026-09-12T19:40:12.354934,Boise State,Memphis,2026-09-12T22:00:00Z,55.0,55.0
2026-09-12T19:40:12.354934,Florida International,Buffalo,2026-09-12T22:00:00Z,47.5,47.5
2026-09-12T19:40:12.354934,Ohio,Jacksonville State,2026-09-12T22:00:00Z,50.0,50.5
2026-09-12T19:40:12.354934,Nebraska,Bowling Green,2026-09-12T23:00:00Z,49.5,50.0
2026-09-12T19:40:12.354934,Kennesaw State,Georgia State,2026-09-12T23:00:00Z,55.5,55.5
2026-09-12T19:40:12.354934,Georgia Tech,Tennessee,2026-09-12T23:00:00Z,55.5,55.5
2026-09-12T19:40:12.354934,Northern Illinois,Illinois,2026-09-12T23:00:00Z,48.0,48.0
2026-09-12T19:40:12.354934,Marshall,Middle Tennessee,2026-09-12T23:00:00Z,56.0,56.0
2026-09-12T19:40:12.354934,Sam Houston,Tulsa,2026-09-12T23:00:00Z,52.0,51.5
2026-09-12T19:40:12.354934,Tulane,South Alabama,2026-09-12T23:00:00Z,48.0,48.0
2026-09-12T19:40:12.354934,UCLA,San Diego State,2026-09-12T23:15:00Z,54.0,54.5
2026-09-12T19:40:12.354934,Clemson,Georgia Southern,2026-09-12T23:30:00Z,55.0,55.0
2026-09-12T19:40:12.354934,Florida Atlantic,Navy,2026-09-12T23:30:00Z,59.5,59.5
2026-09-12T19:40:12.354934,Iowa,Iowa State,2026-09-12T23:30:00Z,42.5,42.5
2026-09-12T19:40:12.354934,LSU,Louisiana Tech,2026-09-12T23:30:00Z,56.0,55.5
2026-09-12T19:40:12.354934,Texas,Ohio State,2026-09-12T23:30:00Z,51.0,50.5
2026-09-12T19:40:12.354934,Oregon State,Texas Tech,2026-09-12T23:30:00Z,53.5,53.0
2026-09-12T19:40:12.354934,Auburn,Southern Miss,2026-09-12T23:45:00Z,57.0,57.0
2026-09-12T19:40:12.354934,Ole Miss,Charlotte,2026-09-12T23:45:00Z,59.5,59.5
2026-09-12T19:40:12.354934,UTEP,Texas,2026-09-13T01:00:00Z,53.5,52.5
2026-09-12T19:40:12.354934,Air Force,North Dakota State,2026-09-13T02:00:00Z,47.5,47.5
2026-09-12T19:40:12.354934,Utah,Arkansas,2026-09-13T02:15:00Z,55.5,55.5
2026-09-12T19:40:12.354934,Fresno State,Sacramento State,2026-09-13T02:30:00Z,44.5,44.5
2026-09-12T19:40:12.354934,USC,Louisiana,2026-09-13T03:00:00Z,59.5,59.5
2026-09-12T19:40:12.354934,Hawai'i,New Mexico State,2026-09-13T04:00:00Z,50.0,50.0
2026-09-12T19:40:12.354934,Ole Miss,LSU,2026-09-19T23:30:00Z,,58.5
2026-09-13T15:05:01.133869,Pittsburgh,Syracuse,2026-09-17T23:30:00Z,,53.5
2026-09-13T15:05:01.133869,Wake Forest,Miami,2026-09-18T23:30:00Z,,56.0
2026-09-13T15:05:01.133869,Texas Tech,Houston,2026-09-19T00:00:00Z,,52.5
2026-09-13T15:05:01.133869,Delaware,Coastal Carolina,2026-09-19T15:30:00Z,,57.5
2026-09-13T15:05:01.133869,Minnesota,Akron,2026-09-19T16:00:00Z,,49.5
2026-09-13T15:05:01.133869,Arizona State,Kansas,2026-09-19T16:00:00Z,,55.5
2026-09-13T15:05:01.133869,Arkansas,Georgia,2026-09-19T16:00:00Z,,53.75
2026-09-13T15:05:01.133869,Iowa State,Bowling Green,2026-09-19T16:00:00Z,,47.5
2026-09-13T15:05:01.133869,Clemson,North Carolina,2026-09-19T16:00:00Z,,45.5
2026-09-13T15:05:01.133869,Kansas State,Tulane,2026-09-19T16:00:00Z,,50.5
2026-09-13T15:05:01.133869,Ohio State,Kent State,2026-09-19T16:00:00Z,,56.5
2026-09-13T15:05:01.133869,Texas State,North Texas,2026-09-19T16:00:00Z,,62.5
2026-09-13T15:05:01.133869,Wisconsin,Eastern Michigan,2026-09-19T16:30:00Z,,47.5
2026-09-13T15:05:01.133869,Vanderbilt,NC State,2026-09-19T16:45:00Z,,52.5
2026-09-13T15:05:01.133869,Central Michigan,Wyoming,2026-09-19T17:00:00Z,,39.5
2026-09-13T15:05:01.133869,Toledo,Temple,2026-09-19T19:00:00Z,,51.5
2026-09-13T15:05:01.133869,Alabama,Florida State,2026-09-19T19:30:00Z,,50.5
2026-09-13T15:05:01.133869,Cincinnati,Miami (OH),2026-09-19T19:30:00Z,,48.5
2026-09-13T15:05:01.133869,Texas A&M,Kentucky,2026-09-19T19:30:00Z,,48.5
2026-09-13T15:05:01.133869,Louisville,SMU,2026-09-19T19:30:00Z,,59.75
2026-09-13T15:05:01.133869,Michigan,UTEP,2026-09-19T19:30:00Z,,48.5
2026-09-13T15:05:01.133869,Rutgers,USC,2026-09-19T19:30:00Z,,55.5
2026-09-13T15:05:01.133869,Utah,Utah State,2026-09-19T19:30:00Z,,57.5
2026-09-13T15:05:01.133869,Liberty,Ball State,2026-09-19T20:00:00Z,,56.5
2026-09-13T15:05:01.133869,Baylor,Louisiana Tech,2026-09-19T20:00:00Z,,55.5
2026-09-13T15:05:01.133869,Duke,Stanford,2026-09-19T20:00:00Z,,50.5
2026-09-13T15:05:01.133869,Indiana,Western Kentucky,2026-09-19T20:00:00Z,,59.5
2026-09-13T15:05:01.133869,South Carolina,Mississippi State,2026-09-19T20:15:00Z,,57.5
2026-09-13T15:05:01.133869,Florida Atlantic,Florida International,2026-09-19T22:00:00Z,,62.5
2026-09-13T15:05:01.133869,Auburn,Florida,2026-09-19T23:00:00Z,,53.5
2026-09-13T15:05:01.133869,UCF,Georgia State,2026-09-19T23:00:00Z,,50.5
2026-09-13T15:05:01.133869,Rice,Western Michigan,2026-09-19T23:00:00Z,,46.5
2026-09-13T15:05:01.133869,Colorado State,BYU,2026-09-19T23:30:00Z,,52.5
2026-09-13T15:05:01.133869,Northwestern,Colorado,2026-09-19T23:30:00Z,,46.5
2026-09-13T15:05:01.133869,Ole Miss,LSU,2026-09-19T23:30:00Z,,58.5
2026-09-13T15:05:01.133869,Maryland,Virginia Tech,2026-09-19T23:30:00Z,,52.5
2026-09-13T15:05:01.133869,Notre Dame,Michigan State,2026-09-19T23:30:00Z,,53.5
2026-09-13T15:05:01.133869,Oklahoma,New Mexico,2026-09-19T23:30:00Z,,49.5
2026-09-13T15:05:01.133869,West Virginia,Virginia,2026-09-19T23:30:00Z,,54.5
2026-09-13T15:05:01.133869,Tennessee,Kennesaw State,2026-09-19T23:45:00Z,,60.5
2026-09-13T15:05:01.133869,TCU,Arkansas State,2026-09-20T00:00:00Z,,55.5
2026-09-13T15:05:01.133869,Louisiana,UAB,2026-09-20T00:00:00Z,,57.5
2026-09-13T15:05:01.133869,Texas,UTSA,2026-09-20T00:00:00Z,,57.5
2026-09-13T15:05:01.133869,Arizona,Northern Illinois,2026-09-20T02:30:00Z,,50.5
2026-09-13T15:05:01.133869,San José State,Fresno State,2026-09-20T03:00:00Z,,52.5
2026-09-13T15:05:01.133869,UCLA,Purdue,2026-09-20T03:00:00Z,,52.5
2026-09-13T15:08:11.692907,Pittsburgh,Syracuse,2026-09-17T23:30:00Z,,53.5
2026-09-13T15:08:11.692907,Wake Forest,Miami,2026-09-18T23:30:00Z,,56.0
2026-09-13T15:08:11.692907,Texas Tech,Houston,2026-09-19T00:00:00Z,,52.5
2026-09-13T15:08:11.692907,Delaware,Coastal Carolina,2026-09-19T15:30:00Z,,57.5
2026-09-13T15:08:11.692907,Minnesota,Akron,2026-09-19T16:00:00Z,,49.5
2026-09-13T15:08:11.692907,Arizona State,Kansas,2026-09-19T16:00:00Z,,55.5
2026-09-13T15:08:11.692907,Arkansas,Georgia,2026-09-19T16:00:00Z,,53.75
2026-09-13T15:08:11.692907,Iowa State,Bowling Green,2026-09-19T16:00:00Z,,47.5
2026-09-13T15:08:11.692907,Clemson,North Carolina,2026-09-19T16:00:00Z,,45.5
2026-09-13T15:08:11.692907,Kansas State,Tulane,2026-09-19T16:00:00Z,,50.5
2026-09-13T15:08:11.692907,Ohio State,Kent State,2026-09-19T16:00:00Z,,56.5
2026-09-13T15:08:11.692907,Texas State,North Texas,2026-09-19T16:00:00Z,,62.5
2026-09-13T15:08:11.692907,Wisconsin,Eastern Michigan,2026-09-19T16:30:00Z,,47.5
2026-09-13T15:08:11.692907,Vanderbilt,NC State,2026-09-19T16:45:00Z,,52.5
2026-09-13T15:08:11.692907,Central Michigan,Wyoming,2026-09-19T17:00:00Z,,39.5
2026-09-13T15:08:11.692907,Toledo,Temple,2026-09-19T19:00:00Z,,51.5
2026-09-13T15:08:11.692907,Alabama,Florida State,2026-09-19T19:30:00Z,,50.5
2026-09-13T15:08:11.692907,Cincinnati,Miami (OH),2026-09-19T19:30:00Z,,48.5
2026-09-13T15:08:11.692907,Texas A&M,Kentucky,2026-09-19T19:30:00Z,,48.5
2026-09-13T15:08:11.692907,Louisville,SMU,2026-09-19T19:30:00Z,,59.75
2026-09-13T15:08:11.692907,Michigan,UTEP,2026-09-19T19:30:00Z,,48.5
2026-09-13T15:08:11.692907,Rutgers,USC,2026-09-19T19:30:00Z,,55.5
2026-09-13T15:08:11.692907,Utah,Utah State,2026-09-19T19:30:00Z,,57.5
2026-09-13T15:08:11.692907,Liberty,Ball State,2026-09-19T20:00:00Z,,56.5
2026-09-13T15:08:11.692907,Baylor,Louisiana Tech,2026-09-19T20:00:00Z,,55.5
2026-09-13T15:08:11.692907,Duke,Stanford,2026-09-19T20:00:00Z,,50.5
2026-09-13T15:08:11.692907,Indiana,Western Kentucky,2026-09-19T20:00:00Z,,59.5
2026-09-13T15:08:11.692907,South Carolina,Mississippi State,2026-09-19T20:15:00Z,,57.5
2026-09-13T15:08:11.692907,Florida Atlantic,Florida International,2026-09-19T22:00:00Z,,62.5
2026-09-13T15:08:11.692907,Auburn,Florida,2026-09-19T23:00:00Z,,53.5
2026-09-13T15:08:11.692907,UCF,Georgia State,2026-09-19T23:00:00Z,,50.5
2026-09-13T15:08:11.692907,Rice,Western Michigan,2026-09-19T23:00:00Z,,46.5
2026-09-13T15:08:11.692907,Colorado State,BYU,2026-09-19T23:30:00Z,,52.5
2026-09-13T15:08:11.692907,Northwestern,Colorado,2026-09-19T23:30:00Z,,46.5
2026-09-13T15:08:11.692907,Ole Miss,LSU,2026-09-19T23:30:00Z,,58.5
2026-09-13T15:08:11.692907,Maryland,Virginia Tech,2026-09-19T23:30:00Z,,52.5
2026-09-13T15:08:11.692907,Notre Dame,Michigan State,2026-09-19T23:30:00Z,,53.5
2026-09-13T15:08:11.692907,Oklahoma,New Mexico,2026-09-19T23:30:00Z,,49.5
2026-09-13T15:08:11.692907,West Virginia,Virginia,2026-09-19T23:30:00Z,,54.5
2026-09-13T15:08:11.692907,Tennessee,Kennesaw State,2026-09-19T23:45:00Z,,60.5
2026-09-13T15:08:11.692907,TCU,Arkansas State,2026-09-20T00:00:00Z,,55.5
2026-09-13T15:08:11.692907,Louisiana,UAB,2026-09-20T00:00:00Z,,57.5
2026-09-13T15:08:11.692907,Texas,UTSA,2026-09-20T00:00:00Z,,57.5
2026-09-13T15:08:11.692907,Arizona,Northern Illinois,2026-09-20T02:30:00Z,,50.5
2026-09-13T15:08:11.692907,San José State,Fresno State,2026-09-20T03:00:00Z,,52.5
2026-09-13T15:08:11.692907,UCLA,Purdue,2026-09-20T03:00:00Z,,52.5
2026-09-19T15:49:38.138872,Delaware,Coastal Carolina,2026-09-19T15:36:00Z,,56.0
2026-09-19T15:49:38.138872,Arkansas,Georgia,2026-09-19T15:59:00Z,55.0,54.5
2026-09-19T15:49:38.138872,Minnesota,Akron,2026-09-19T16:00:00Z,48.5,48.5
2026-09-19T15:49:38.138872,Arizona State,Kansas,2026-09-19T16:00:00Z,51.0,50.5
2026-09-19T15:49:38.138872,Iowa State,Bowling Green,2026-09-19T16:00:00Z,43.5,43.5
2026-09-19T15:49:38.138872,Penn State,Buffalo,2026-09-19T16:00:00Z,48.0,48.0
2026-09-19T15:49:38.138872,Clemson,North Carolina,2026-09-19T16:00:00Z,44.5,44.5
2026-09-19T15:49:38.138872,Kansas State,Tulane,2026-09-19T16:00:00Z,49.5,49.5
2026-09-19T15:49:38.138872,Texas State,North Texas,2026-09-19T16:00:00Z,62.5,62.5
2026-09-19T15:49:38.138872,Ohio State,Kent State,2026-09-19T16:05:00Z,59.0,58.5
2026-09-19T15:49:38.138872,Wisconsin,Eastern Michigan,2026-09-19T16:30:00Z,44.0,44.0
2026-09-19T15:49:38.138872,Vanderbilt,NC State,2026-09-19T16:45:00Z,50.5,50.5
2026-09-19T15:49:38.138872,Central Michigan,Wyoming,2026-09-19T17:00:00Z,40.0,40.0
2026-09-19T15:49:38.138872,Toledo,Temple,2026-09-19T19:00:00Z,48.5,48.5
2026-09-19T15:49:38.138872,Alabama,Florida State,2026-09-19T19:30:00Z,50.0,49.5
2026-09-19T15:49:38.138872,Cincinnati,Miami (OH),2026-09-19T19:30:00Z,50.0,50.0
2026-09-19T15:49:38.138872,Texas A&M,Kentucky,2026-09-19T19:30:00Z,49.5,50.0
2026-09-19T15:49:38.138872,Louisville,SMU,2026-09-19T19:30:00Z,58.5,58.5
2026-09-19T15:49:38.138872,Michigan,UTEP,2026-09-19T19:30:00Z,48.5,48.5
2026-09-19T15:49:38.138872,Rutgers,USC,2026-09-19T19:30:00Z,57.0,57.5
2026-09-19T15:49:38.138872,Utah,Utah State,2026-09-19T19:30:00Z,56.5,56.5
2026-09-19T15:49:38.138872,Liberty,Ball State,2026-09-19T20:00:00Z,49.0,48.5
2026-09-19T15:49:38.138872,Baylor,Louisiana Tech,2026-09-19T20:00:00Z,50.5,50.5
2026-09-19T15:49:38.138872,Duke,Stanford,2026-09-19T20:00:00Z,51.0,51.0
2026-09-19T15:49:38.138872,Indiana,Western Kentucky,2026-09-19T20:00:00Z,61.0,60.5
2026-09-19T15:49:38.138872,South Carolina,Mississippi State,2026-09-19T20:15:00Z,59.0,58.5
2026-09-19T15:49:38.138872,App State,Charlotte,2026-09-19T22:00:00Z,53.0,53.0
2026-09-19T15:49:38.138872,Old Dominion,East Carolina,2026-09-19T22:00:00Z,49.0,48.5
2026-09-19T15:49:38.138872,Florida Atlantic,Florida International,2026-09-19T22:00:00Z,62.0,62.5
2026-09-19T15:49:38.138872,Missouri State,Marshall,2026-09-19T22:30:00Z,53.0,53.5
2026-09-19T15:49:38.138872,Auburn,Florida,2026-09-19T23:00:00Z,53.0,53.0
2026-09-19T15:49:38.138872,South Florida,Delaware,2026-09-19T23:00:00Z,61.0,60.5
2026-09-19T15:49:38.138872,Jacksonville State,Georgia Southern,2026-09-19T23:00:00Z,52.5,52.5
2026-09-19T15:49:38.138872,UCF,Georgia State,2026-09-19T23:00:00Z,50.0,50.0
2026-09-19T15:49:38.138872,Middle Tennessee,Nevada,2026-09-19T23:00:00Z,50.0,50.5
2026-09-19T15:49:38.138872,Missouri,Troy,2026-09-19T23:00:00Z,49.5,49.5
2026-09-19T15:49:38.138872,South Alabama,Ohio,2026-09-19T23:00:00Z,48.5,49.0
2026-09-19T15:49:38.138872,Rice,Western Michigan,2026-09-19T23:00:00Z,43.5,43.5
2026-09-19T15:49:38.138872,Southern Miss,UConn,2026-09-19T23:00:00Z,54.5,54.5
2026-09-19T15:49:38.138872,Colorado State,BYU,2026-09-19T23:30:00Z,52.5,52.5
2026-09-19T15:49:38.138872,Northwestern,Colorado,2026-09-19T23:30:00Z,48.0,48.0
2026-09-19T15:49:38.138872,Ole Miss,LSU,2026-09-19T23:30:00Z,58.5,58.5
2026-09-19T15:49:38.138872,Maryland,Virginia Tech,2026-09-19T23:30:00Z,53.0,53.5
2026-09-19T15:49:38.138872,Notre Dame,Michigan State,2026-09-19T23:30:00Z,52.0,52.0
2026-09-19T15:49:38.138872,Oklahoma,New Mexico,2026-09-19T23:30:00Z,45.5,45.5
2026-09-19T15:49:38.138872,West Virginia,Virginia,2026-09-19T23:30:00Z,53.5,53.5
2026-09-19T15:49:38.138872,Tennessee,Kennesaw State,2026-09-19T23:45:00Z,60.0,61.0
2026-09-19T15:49:38.138872,TCU,Arkansas State,2026-09-20T00:00:00Z,56.0,56.0
2026-09-19T15:49:38.138872,Louisiana,UAB,2026-09-20T00:00:00Z,55.0,55.0
2026-09-19T15:49:38.138872,Texas,UTSA,2026-09-20T00:00:00Z,58.0,58.5
2026-09-19T15:49:38.138872,San Diego State,James Madison,2026-09-20T02:00:00Z,46.5,46.5
2026-09-19T15:49:38.138872,Arizona,Northern Illinois,2026-09-20T02:30:00Z,50.0,50.5
2026-09-19T15:49:38.138872,Sacramento State,North Dakota State,2026-09-20T02:30:00Z,50.5,50.5
2026-09-19T15:49:38.138872,San José State,Fresno State,2026-09-20T03:00:00Z,48.0,48.5
2026-09-19T15:49:38.138872,UCLA,Purdue,2026-09-20T03:00:00Z,52.5,52.5
2026-09-19T15:49:38.138872,Western Michigan,Boise State,2026-09-26T16:00:00Z,,47.5
2026-09-19T15:49:38.138872,Ohio State,Illinois,2026-09-26T16:00:00Z,,53.5
2026-09-19T15:49:38.138872,Tennessee,Texas,2026-09-26T16:00:00Z,,56.5
2026-09-19T15:49:38.138872,Maryland,UCLA,2026-09-26T17:30:00Z,,51.5
2026-09-19T15:49:38.138872,Florida,Ole Miss,2026-09-26T19:30:00Z,,58.0
2026-09-19T15:49:38.138872,Georgia,Oklahoma,2026-09-26T19:30:00Z,,47.0
2026-09-19T15:49:38.138872,Michigan,Iowa,2026-09-26T19:30:00Z,,37.0
2026-09-19T15:49:38.138872,Washington,Minnesota,2026-09-26T19:30:00Z,,46.5
2026-09-19T15:49:38.138872,Auburn,Vanderbilt,2026-09-26T20:15:00Z,,50.5
2026-09-19T15:49:38.138872,Michigan State,Nebraska,2026-09-26T21:00:00Z,,52.5
2026-09-19T15:49:38.138872,Penn State,Wisconsin,2026-09-26T21:00:00Z,,43.5
2026-09-19T15:49:38.138872,Alabama,South Carolina,2026-09-26T23:00:00Z,,49.5
2026-09-19T15:49:38.138872,West Virginia,Oklahoma State,2026-09-26T23:00:00Z,,57.5
2026-09-19T15:49:38.138872,USC,Oregon,2026-09-26T23:00:00Z,,61.0
2026-09-19T15:49:38.138872,LSU,Texas A&M,2026-09-26T23:30:00Z,,54.5
2026-09-19T15:49:38.138872,Mississippi State,Missouri,2026-09-26T23:45:00Z,,57.5
2026-09-19T16:03:56.076726,Delaware,Coastal Carolina,2026-09-19T15:36:00Z,51.5,51.5
2026-09-19T16:03:56.076726,Minnesota,Akron,2026-09-19T16:00:00Z,48.5,48.5
2026-09-19T16:03:56.076726,Iowa State,Bowling Green,2026-09-19T16:00:00Z,43.5,43.5
2026-09-19T16:03:56.076726,Texas State,North Texas,2026-09-19T16:00:00Z,62.5,62.5
2026-09-19T16:03:56.076726,Arizona State,Kansas,2026-09-19T16:05:00Z,51.0,50.5
2026-09-19T16:03:56.076726,Arkansas,Georgia,2026-09-19T16:05:00Z,54.0,54.5
2026-09-19T16:03:56.076726,Penn State,Buffalo,2026-09-19T16:05:00Z,48.5,48.25
2026-09-19T16:03:56.076726,Clemson,North Carolina,2026-09-19T16:05:00Z,44.5,44.5
2026-09-19T16:03:56.076726,Kansas State,Tulane,2026-09-19T16:05:00Z,49.5,49.5
2026-09-19T16:03:56.076726,Ohio State,Kent State,2026-09-19T16:05:00Z,59.0,58.75
2026-09-19T16:03:56.076726,Wisconsin,Eastern Michigan,2026-09-19T16:30:00Z,44.0,44.0
2026-09-19T16:03:56.076726,Vanderbilt,NC State,2026-09-19T16:45:00Z,50.5,50.5
2026-09-19T16:03:56.076726,Central Michigan,Wyoming,2026-09-19T17:00:00Z,40.0,40.0
2026-09-19T16:03:56.076726,Toledo,Temple,2026-09-19T19:00:00Z,48.5,48.5
2026-09-19T16:03:56.076726,Alabama,Florida State,2026-09-19T19:30:00Z,50.0,49.5
2026-09-19T16:03:56.076726,Cincinnati,Miami (OH),2026-09-19T19:30:00Z,50.0,50.0
2026-09-19T16:03:56.076726,Texas A&M,Kentucky,2026-09-19T19:30:00Z,49.5,50.0
2026-09-19T16:03:56.076726,Louisville,SMU,2026-09-19T19:30:00Z,58.5,58.5
2026-09-19T16:03:56.076726,Michigan,UTEP,2026-09-19T19:30:00Z,48.5,48.5
2026-09-19T16:03:56.076726,Rutgers,USC,2026-09-19T19:30:00Z,57.0,57.5
2026-09-19T16:03:56.076726,Utah,Utah State,2026-09-19T19:30:00Z,56.5,56.5
2026-09-19T16:03:56.076726,Liberty,Ball State,2026-09-19T20:00:00Z,49.0,48.5
2026-09-19T16:03:56.076726,Baylor,Louisiana Tech,2026-09-19T20:00:00Z,50.5,50.5
2026-09-19T16:03:56.076726,Duke,Stanford,2026-09-19T20:00:00Z,51.0,51.0
2026-09-19T16:03:56.076726,Indiana,Western Kentucky,2026-09-19T20:00:00Z,61.0,60.5
2026-09-19T16:03:56.076726,South Carolina,Mississippi State,2026-09-19T20:15:00Z,59.0,58.5
2026-09-19T16:03:56.076726,App State,Charlotte,2026-09-19T22:00:00Z,53.0,53.0
2026-09-19T16:03:56.076726,Old Dominion,East Carolina,2026-09-19T22:00:00Z,49.0,48.5
2026-09-19T16:03:56.076726,Florida Atlantic,Florida International,2026-09-19T22:00:00Z,62.0,62.5
2026-09-19T16:03:56.076726,Missouri State,Marshall,2026-09-19T22:30:00Z,53.0,53.5
2026-09-19T16:03:56.076726,Auburn,Florida,2026-09-19T23:00:00Z,53.0,53.0
2026-09-19T16:03:56.076726,South Florida,Delaware,2026-09-19T23:00:00Z,61.0,60.5
2026-09-19T16:03:56.076726,Jacksonville State,Georgia Southern,2026-09-19T23:00:00Z,52.5,52.5
2026-09-19T16:03:56.076726,UCF,Georgia State,2026-09-19T23:00:00Z,50.0,50.0
2026-09-19T16:03:56.076726,Middle Tennessee,Nevada,2026-09-19T23:00:00Z,50.0,50.5
2026-09-19T16:03:56.076726,Missouri,Troy,2026-09-19T23:00:00Z,49.5,49.5
2026-09-19T16:03:56.076726,South Alabama,Ohio,2026-09-19T23:00:00Z,48.5,49.0
2026-09-19T16:03:56.076726,Rice,Western Michigan,2026-09-19T23:00:00Z,43.5,43.5
2026-09-19T16:03:56.076726,Southern Miss,UConn,2026-09-19T23:00:00Z,54.5,54.5
2026-09-19T16:03:56.076726,Colorado State,BYU,2026-09-19T23:30:00Z,52.5,52.5
2026-09-19T16:03:56.076726,Northwestern,Colorado,2026-09-19T23:30:00Z,48.0,48.0
2026-09-19T16:03:56.076726,Ole Miss,LSU,2026-09-19T23:30:00Z,58.5,58.5
2026-09-19T16:03:56.076726,Maryland,Virginia Tech,2026-09-19T23:30:00Z,53.0,53.5
2026-09-19T16:03:56.076726,Notre Dame,Michigan State,2026-09-19T23:30:00Z,52.0,52.0
2026-09-19T16:03:56.076726,Oklahoma,New Mexico,2026-09-19T23:30:00Z,45.5,45.5
2026-09-19T16:03:56.076726,West Virginia,Virginia,2026-09-19T23:30:00Z,53.5,53.5
2026-09-19T16:03:56.076726,Tennessee,Kennesaw State,2026-09-19T23:45:00Z,60.0,61.0
2026-09-19T16:03:56.076726,TCU,Arkansas State,2026-09-20T00:00:00Z,56.0,56.0
2026-09-19T16:03:56.076726,Louisiana,UAB,2026-09-20T00:00:00Z,55.0,55.0
2026-09-19T16:03:56.076726,Texas,UTSA,2026-09-20T00:00:00Z,58.0,58.5
2026-09-19T16:03:56.076726,San Diego State,James Madison,2026-09-20T02:00:00Z,46.5,46.5
2026-09-19T16:03:56.076726,Arizona,Northern Illinois,2026-09-20T02:30:00Z,50.0,50.5
2026-09-19T16:03:56.076726,Sacramento State,North Dakota State,2026-09-20T02:30:00Z,50.5,50.5
2026-09-19T16:03:56.076726,San José State,Fresno State,2026-09-20T03:00:00Z,47.5,48.0
2026-09-19T16:03:56.076726,UCLA,Purdue,2026-09-20T03:00:00Z,52.5,52.5
2026-09-19T16:03:56.076726,Western Michigan,Boise State,2026-09-26T16:00:00Z,,47.5
2026-09-19T16:03:56.076726,Ohio State,Illinois,2026-09-26T16:00:00Z,,53.5
2026-09-19T16:03:56.076726,Tennessee,Texas,2026-09-26T16:00:00Z,,56.5
2026-09-19T16:03:56.076726,Maryland,UCLA,2026-09-26T17:30:00Z,,51.5
2026-09-19T16:03:56.076726,Florida,Ole Miss,2026-09-26T19:30:00Z,,58.0
2026-09-19T16:03:56.076726,Georgia,Oklahoma,2026-09-26T19:30:00Z,,47.0
2026-09-19T16:03:56.076726,Michigan,Iowa,2026-09-26T19:30:00Z,,37.0
2026-09-19T16:03:56.076726,Washington,Minnesota,2026-09-26T19:30:00Z,,46.5
2026-09-19T16:03:56.076726,Auburn,Vanderbilt,2026-09-26T20:15:00Z,,50.5
2026-09-19T16:03:56.076726,Michigan State,Nebraska,2026-09-26T21:00:00Z,,52.5
2026-09-19T16:03:56.076726,Penn State,Wisconsin,2026-09-26T21:00:00Z,,43.5
2026-09-19T16:03:56.076726,Alabama,South Carolina,2026-09-26T23:00:00Z,,49.5
2026-09-19T16:03:56.076726,West Virginia,Oklahoma State,2026-09-26T23:00:00Z,,57.5
2026-09-19T16:03:56.076726,USC,Oregon,2026-09-26T23:00:00Z,,61.0
2026-09-19T16:03:56.076726,LSU,Texas A&M,2026-09-26T23:30:00Z,,54.5
2026-09-19T16:03:56.076726,Mississippi State,Missouri,2026-09-26T23:45:00Z,,57.5
2026-09-20T17:17:37.153993,Coastal Carolina,Liberty,2026-09-24T23:30:00Z,,52.5
2026-09-20T17:17:37.153993,Temple,Army,2026-09-25T20:00:00Z,,50.0
2026-09-20T17:17:37.153993,UAB,Navy,2026-09-25T23:00:00Z,,53.0
2026-09-20T17:17:37.153993,Indiana,Northwestern,2026-09-26T00:00:00Z,,47.5
2026-09-20T17:17:37.153993,California,Clemson,2026-09-26T02:30:00Z,,48.0
2026-09-20T17:17:37.153993,Kent State,Ball State,2026-09-26T16:00:00Z,,50.5
2026-09-20T17:17:37.153993,Boston College,Virginia Tech,2026-09-26T16:00:00Z,,53.5
2026-09-20T17:17:37.153993,Bowling Green,South Florida,2026-09-26T16:00:00Z,,51.5
2026-09-20T17:17:37.153993,Charlotte,Louisiana,2026-09-26T16:00:00Z,,52.5
2026-09-20T17:17:37.153993,Cincinnati,Kansas State,2026-09-26T16:00:00Z,,53.5
2026-09-20T17:17:37.153993,Louisiana Monroe,Florida Atlantic,2026-09-26T16:00:00Z,,58.5
2026-09-20T17:17:37.153993,Georgia Southern,Houston,2026-09-26T16:00:00Z,,54.5
2026-09-20T17:17:37.153993,Georgia State,Northern Illinois,2026-09-26T16:00:00Z,,54.5
2026-09-20T17:17:37.153993,Ohio State,Illinois,2026-09-26T16:00:00Z,,53.5
2026-09-20T17:17:37.153993,Old Dominion,James Madison,2026-09-26T16:00:00Z,,51.5
2026-09-20T17:17:37.153993,Louisville,Wake Forest,2026-09-26T16:00:00Z,,58.0
2026-09-20T17:17:37.153993,Miami (OH),UConn,2026-09-26T16:00:00Z,,49.5
2026-09-20T17:17:37.153993,Tulane,Southern Miss,2026-09-26T16:00:00Z,,54.5
2026-09-20T17:17:37.153993,UCF,TCU,2026-09-26T16:00:00Z,,51.5
2026-09-20T17:17:37.153993,Tennessee,Texas,2026-09-26T16:00:00Z,,57.5
2026-09-20T17:17:37.153993,Kentucky,South Alabama,2026-09-26T16:45:00Z,,56.5
2026-09-20T17:17:37.153993,Wyoming,Hawai'i,2026-09-26T19:00:00Z,,45.5
2026-09-20T17:17:37.153993,Akron,UNLV,2026-09-26T19:30:00Z,,49.5
2026-09-20T17:17:37.153993,Baylor,Colorado,2026-09-26T19:30:00Z,,52.5
2026-09-20T17:17:37.153993,Western Michigan,Boise State,2026-09-26T19:30:00Z,,47.5
2026-09-20T17:17:37.153993,UTSA,Colorado State,2026-09-26T19:30:00Z,,56.5
2026-09-20T17:17:37.153993,Florida,Ole Miss,2026-09-26T19:30:00Z,,59.5
2026-09-20T17:17:37.153993,Georgia,Oklahoma,2026-09-26T19:30:00Z,,44.25
2026-09-20T17:17:37.153993,Michigan,Iowa,2026-09-26T19:30:00Z,,38.0
2026-09-20T17:17:37.153993,Iowa State,Utah,2026-09-26T19:30:00Z,,48.5
2026-09-20T17:17:37.153993,Maryland,UCLA,2026-09-26T19:30:00Z,,57.5
2026-09-20T17:17:37.153993,New Mexico State,New Mexico,2026-09-26T19:30:00Z,,50.5
2026-09-20T17:17:37.153993,Purdue,Notre Dame,2026-09-26T19:30:00Z,,57.5
2026-09-20T17:17:37.153993,Texas Tech,Sam Houston,2026-09-26T19:30:00Z,,55.5
2026-09-20T17:17:37.153993,Toledo,San Diego State,2026-09-26T19:30:00Z,,48.5
2026-09-20T17:17:37.153993,Auburn,Vanderbilt,2026-09-26T20:15:00Z,,52.5
2026-09-20T17:17:37.153993,Michigan State,Nebraska,2026-09-26T21:00:00Z,,48.0
2026-09-20T17:17:37.153993,Penn State,Wisconsin,2026-09-26T21:00:00Z,,44.5
2026-09-20T17:17:37.153993,Virginia,Delaware,2026-09-26T22:00:00Z,,54.5
2026-09-20T17:17:37.153993,Miami,Central Michigan,2026-09-26T22:30:00Z,,54.5
2026-09-20T17:17:37.153993,Nevada,Air Force,2026-09-26T23:00:00Z,,49.0
2026-09-20T17:17:37.153993,Alabama,South Carolina,2026-09-26T23:00:00Z,,53.5
2026-09-20T17:17:37.153993,Arkansas State,Kennesaw State,2026-09-26T23:00:00Z,,54.5
2026-09-20T17:17:37.153993,Jacksonville State,Middle Tennessee,2026-09-26T23:00:00Z,,53.5
2026-09-20T17:17:37.153993,West Virginia,Oklahoma State,2026-09-26T23:00:00Z,,59.5
2026-09-20T17:17:37.153993,NC State,App State,2026-09-26T23:30:00Z,,54.5
2026-09-20T17:17:37.153993,Washington State,Arizona,2026-09-26T23:30:00Z,,49.5
2026-09-20T17:17:37.153993,LSU,Texas A&M,2026-09-26T23:30:00Z,,53.5
2026-09-20T17:17:37.153993,USC,Oregon,2026-09-26T23:30:00Z,,62.5
2026-09-20T17:17:37.153993,Utah State,Troy,2026-09-26T23:30:00Z,,53.0
2026-09-20T17:17:37.153993,Mississippi State,Missouri,2026-09-26T23:45:00Z,,58.5
2026-09-20T17:17:37.153993,Arkansas,Tulsa,2026-09-27T00:00:00Z,,52.5
2026-09-20T17:17:37.153993,SMU,Missouri State,2026-09-27T01:00:00Z,,59.5
2026-09-20T17:17:37.153993,UTEP,Oregon State,2026-09-27T01:00:00Z,,56.5
2026-09-20T17:17:37.153993,Fresno State,Rice,2026-09-27T02:00:00Z,,44.0
2026-09-20T17:17:37.153993,Stanford,Georgia Tech,2026-09-27T02:30:00Z,,47.5
2026-09-20T17:17:37.153993,Washington,Minnesota,2026-09-27T03:00:00Z,,46.0
2026-09-21T01:25:42.400689,Coastal Carolina,Liberty,2026-09-24T23:30:00Z,52.0,52.0
2026-09-21T01:25:42.400689,Temple,Army,2026-09-25T20:00:00Z,49.0,49.0
2026-09-21T01:25:42.400689,UAB,Navy,2026-09-25T23:00:00Z,51.5,52.0
2026-09-21T01:25:42.400689,Indiana,Northwestern,2026-09-26T00:00:00Z,50.0,50.0
2026-09-21T01:25:42.400689,California,Clemson,2026-09-26T02:30:00Z,50.5,50.5
2026-09-21T01:25:42.400689,Akron,UNLV,2026-09-26T16:00:00Z,50.0,49.5
2026-09-21T01:25:42.400689,Kent State,Ball State,2026-09-26T16:00:00Z,49.5,49.5
2026-09-21T01:25:42.400689,Baylor,Colorado,2026-09-26T16:00:00Z,55.0,55.0
2026-09-21T01:25:42.400689,Boston College,Virginia Tech,2026-09-26T16:00:00Z,52.0,52.5
2026-09-21T01:25:42.400689,UTSA,Colorado State,2026-09-26T16:00:00Z,57.5,57.5
2026-09-21T01:25:42.400689,Ohio State,Illinois,2026-09-26T16:00:00Z,54.0,53.5
2026-09-21T01:25:42.400689,Louisville,Wake Forest,2026-09-26T16:00:00Z,58.0,58.0
2026-09-21T01:25:42.400689,Texas Tech,Sam Houston,2026-09-26T16:00:00Z,54.5,55.0
2026-09-21T01:25:42.400689,Toledo,San Diego State,2026-09-26T16:00:00Z,49.0,49.0
2026-09-21T01:25:42.400689,Tennessee,Texas,2026-09-26T16:00:00Z,56.0,56.0
2026-09-21T01:25:42.400689,Kentucky,South Alabama,2026-09-26T16:45:00Z,55.0,54.5
2026-09-21T01:25:42.400689,Maryland,UCLA,2026-09-26T17:30:00Z,58.0,58.0
2026-09-21T01:25:42.400689,Georgia State,Northern Illinois,2026-09-26T18:00:00Z,55.5,55.5
2026-09-21T01:25:42.400689,Purdue,Notre Dame,2026-09-26T18:00:00Z,57.5,57.5
2026-09-21T01:25:42.400689,Wyoming,Hawai'i,2026-09-26T19:00:00Z,46.0,45.5
2026-09-21T01:25:42.400689,Western Michigan,Boise State,2026-09-26T19:30:00Z,,48.5
2026-09-21T01:25:42.400689,Florida,Ole Miss,2026-09-26T19:30:00Z,61.0,60.5
2026-09-21T01:25:42.400689,Georgia,Oklahoma,2026-09-26T19:30:00Z,43.5,43.5
2026-09-21T01:25:42.400689,Michigan,Iowa,2026-09-26T19:30:00Z,37.5,37.5
2026-09-21T01:25:42.400689,Iowa State,Utah,2026-09-26T19:30:00Z,49.0,49.0
2026-09-21T01:25:42.400689,Miami (OH),UConn,2026-09-26T19:30:00Z,51.0,51.5
2026-09-21T01:25:42.400689,New Mexico State,New Mexico,2026-09-26T19:30:00Z,48.5,48.5
2026-09-21T01:25:42.400689,UCF,TCU,2026-09-26T19:30:00Z,49.5,49.5
2026-09-21T01:25:42.400689,Georgia Southern,Houston,2026-09-26T20:00:00Z,,54.75
2026-09-21T01:25:42.400689,Auburn,Vanderbilt,2026-09-26T20:15:00Z,54.5,54.5
2026-09-21T01:25:42.400689,Bowling Green,South Florida,2026-09-26T21:00:00Z,49.5,50.0
2026-09-21T01:25:42.400689,Michigan State,Nebraska,2026-09-26T21:00:00Z,48.5,48.5
2026-09-21T01:25:42.400689,Penn State,Wisconsin,2026-09-26T21:00:00Z,46.5,46.0
2026-09-21T01:25:42.400689,Virginia,Delaware,2026-09-26T22:00:00Z,52.5,52.5
2026-09-21T01:25:42.400689,Old Dominion,James Madison,2026-09-26T22:00:00Z,47.5,47.5
2026-09-21T01:25:42.400689,Miami,Central Michigan,2026-09-26T22:30:00Z,53.0,53.5
2026-09-21T01:25:42.400689,Charlotte,Louisiana,2026-09-26T22:30:00Z,50.0,50.5
2026-09-21T01:25:42.400689,Alabama,South Carolina,2026-09-26T23:00:00Z,54.0,54.5
2026-09-21T01:25:42.400689,Arkansas State,Kennesaw State,2026-09-26T23:00:00Z,53.5,53.5
2026-09-21T01:25:42.400689,Cincinnati,Kansas State,2026-09-26T23:00:00Z,54.0,53.5
2026-09-21T01:25:42.400689,Jacksonville State,Middle Tennessee,2026-09-26T23:00:00Z,52.0,52.0
2026-09-21T01:25:42.400689,West Virginia,Oklahoma State,2026-09-26T23:00:00Z,59.5,59.5
2026-09-21T01:25:42.400689,Tulane,Southern Miss,2026-09-26T23:00:00Z,52.5,52.5
2026-09-21T01:25:42.400689,NC State,App State,2026-09-26T23:30:00Z,55.0,55.0
2026-09-21T01:25:42.400689,Washington State,Arizona,2026-09-26T23:30:00Z,47.5,47.5
2026-09-21T01:25:42.400689,LSU,Texas A&M,2026-09-26T23:30:00Z,52.5,52.5
2026-09-21T01:25:42.400689,USC,Oregon,2026-09-26T23:30:00Z,62.0,62.5
2026-09-21T01:25:42.400689,Utah State,Troy,2026-09-26T23:30:00Z,49.0,49.0
2026-09-21T01:25:42.400689,Mississippi State,Missouri,2026-09-26T23:45:00Z,58.0,58.5
2026-09-21T01:25:42.400689,Arkansas,Tulsa,2026-09-27T00:00:00Z,53.0,53.0
2026-09-21T01:25:42.400689,Louisiana Monroe,Florida Atlantic,2026-09-27T00:00:00Z,57.0,57.5
2026-09-21T01:25:42.400689,SMU,Missouri State,2026-09-27T01:00:00Z,58.0,58.25
2026-09-21T01:25:42.400689,UTEP,Oregon State,2026-09-27T01:00:00Z,54.0,54.5
2026-09-21T01:25:42.400689,Fresno State,Rice,2026-09-27T02:00:00Z,44.5,44.5
2026-09-21T01:25:42.400689,Nevada,Air Force,2026-09-27T02:30:00Z,49.0,49.0
2026-09-21T01:25:42.400689,Stanford,Georgia Tech,2026-09-27T02:30:00Z,48.0,48.0
2026-09-21T01:25:42.400689,Washington,Minnesota,2026-09-27T03:00:00Z,45.0,45.5
2026-09-21T16:51:19.563236,Coastal Carolina,Liberty,2026-09-24T23:30:00Z,52.0,52.0
2026-09-21T16:51:19.563236,Temple,Army,2026-09-25T20:00:00Z,48.0,48.0
2026-09-21T16:51:19.563236,UAB,Navy,2026-09-25T23:00:00Z,51.5,52.0
2026-09-21T16:51:19.563236,Indiana,Northwestern,2026-09-26T00:00:00Z,49.5,49.5
2026-09-21T16:51:19.563236,California,Clemson,2026-09-26T02:30:00Z,50.5,50.5
2026-09-21T16:51:19.563236,Akron,UNLV,2026-09-26T16:00:00Z,51.0,51.0
2026-09-21T16:51:19.563236,Kent State,Ball State,2026-09-26T16:00:00Z,49.5,49.5
2026-09-21T16:51:19.563236,Baylor,Colorado,2026-09-26T16:00:00Z,55.0,55.0
2026-09-21T16:51:19.563236,Boston College,Virginia Tech,2026-09-26T16:00:00Z,51.0,51.0
2026-09-21T16:51:19.563236,UTSA,Colorado State,2026-09-26T16:00:00Z,58.5,58.5
2026-09-21T16:51:19.563236,Ohio State,Illinois,2026-09-26T16:00:00Z,53.5,53.5
2026-09-21T16:51:19.563236,Louisville,Wake Forest,2026-09-26T16:00:00Z,58.0,58.5
2026-09-21T16:51:19.563236,Texas Tech,Sam Houston,2026-09-26T16:00:00Z,54.5,54.5
2026-09-21T16:51:19.563236,Toledo,San Diego State,2026-09-26T16:00:00Z,50.5,50.5
2026-09-21T16:51:19.563236,Tennessee,Texas,2026-09-26T16:00:00Z,56.5,56.5
2026-09-21T16:51:19.563236,Kentucky,South Alabama,2026-09-26T16:45:00Z,54.5,54.5
2026-09-21T16:51:19.563236,Maryland,UCLA,2026-09-26T17:30:00Z,58.0,57.5
2026-09-21T16:51:19.563236,Georgia State,Northern Illinois,2026-09-26T18:00:00Z,55.5,55.5
2026-09-21T16:51:19.563236,Purdue,Notre Dame,2026-09-26T18:00:00Z,58.0,58.0
2026-09-21T16:51:19.563236,Wyoming,Hawai'i,2026-09-26T19:00:00Z,46.0,45.5
2026-09-21T16:51:19.563236,Western Michigan,Boise State,2026-09-26T19:30:00Z,48.5,48.5
2026-09-21T16:51:19.563236,Florida,Ole Miss,2026-09-26T19:30:00Z,61.0,60.5
2026-09-21T16:51:19.563236,Georgia,Oklahoma,2026-09-26T19:30:00Z,43.5,43.5
2026-09-21T16:51:19.563236,Michigan,Iowa,2026-09-26T19:30:00Z,39.0,38.5
2026-09-21T16:51:19.563236,Iowa State,Utah,2026-09-26T19:30:00Z,49.0,49.0
2026-09-21T16:51:19.563236,Miami (OH),UConn,2026-09-26T19:30:00Z,51.0,51.5
2026-09-21T16:51:19.563236,New Mexico State,New Mexico,2026-09-26T19:30:00Z,48.5,48.5
2026-09-21T16:51:19.563236,UCF,TCU,2026-09-26T19:30:00Z,49.5,49.5
2026-09-21T16:51:19.563236,Georgia Southern,Houston,2026-09-26T20:00:00Z,55.0,55.0
2026-09-21T16:51:19.563236,Auburn,Vanderbilt,2026-09-26T20:15:00Z,55.5,55.5
2026-09-21T16:51:19.563236,Bowling Green,South Florida,2026-09-26T21:00:00Z,49.5,50.0
2026-09-21T16:51:19.563236,Michigan State,Nebraska,2026-09-26T21:00:00Z,48.5,48.5
2026-09-21T16:51:19.563236,Penn State,Wisconsin,2026-09-26T21:00:00Z,46.5,45.5
2026-09-21T16:51:19.563236,Virginia,Delaware,2026-09-26T22:00:00Z,51.5,51.5
2026-09-21T16:51:19.563236,Old Dominion,James Madison,2026-09-26T22:00:00Z,47.5,47.5
2026-09-21T16:51:19.563236,Miami,Central Michigan,2026-09-26T22:30:00Z,53.0,53.5
2026-09-21T16:51:19.563236,Charlotte,Louisiana,2026-09-26T22:30:00Z,49.5,49.5
2026-09-21T16:51:19.563236,Alabama,South Carolina,2026-09-26T23:00:00Z,54.5,54.5
2026-09-21T16:51:19.563236,Arkansas State,Kennesaw State,2026-09-26T23:00:00Z,53.0,53.5
2026-09-21T16:51:19.563236,Cincinnati,Kansas State,2026-09-26T23:00:00Z,55.0,55.0
2026-09-21T16:51:19.563236,Jacksonville State,Middle Tennessee,2026-09-26T23:00:00Z,51.0,51.5
2026-09-21T16:51:19.563236,West Virginia,Oklahoma State,2026-09-26T23:00:00Z,59.5,59.5
2026-09-21T16:51:19.563236,Tulane,Southern Miss,2026-09-26T23:00:00Z,51.0,51.5
2026-09-21T16:51:19.563236,NC State,App State,2026-09-26T23:30:00Z,55.0,54.5
2026-09-21T16:51:19.563236,Washington State,Arizona,2026-09-26T23:30:00Z,47.5,47.5
2026-09-21T16:51:19.563236,LSU,Texas A&M,2026-09-26T23:30:00Z,52.5,52.5
2026-09-21T16:51:19.563236,USC,Oregon,2026-09-26T23:30:00Z,62.5,62.5
2026-09-21T16:51:19.563236,Utah State,Troy,2026-09-26T23:30:00Z,49.0,48.5
2026-09-21T16:51:19.563236,Mississippi State,Missouri,2026-09-26T23:45:00Z,58.5,58.5
2026-09-21T16:51:19.563236,Arkansas,Tulsa,2026-09-27T00:00:00Z,53.0,53.0
2026-09-21T16:51:19.563236,Louisiana Monroe,Florida Atlantic,2026-09-27T00:00:00Z,57.5,57.5
2026-09-21T16:51:19.563236,SMU,Missouri State,2026-09-27T01:00:00Z,58.0,58.0
2026-09-21T16:51:19.563236,UTEP,Oregon State,2026-09-27T01:00:00Z,53.5,54.0
2026-09-21T16:51:19.563236,Fresno State,Rice,2026-09-27T02:00:00Z,44.5,44.5
2026-09-21T16:51:19.563236,Nevada,Air Force,2026-09-27T02:30:00Z,49.0,49.0
2026-09-21T16:51:19.563236,Stanford,Georgia Tech,2026-09-27T02:30:00Z,48.0,48.5
2026-09-21T16:51:19.563236,Washington,Minnesota,2026-09-27T03:00:00Z,46.0,46.0
2026-09-21T17:30:27.824992,Coastal Carolina,Liberty,2026-09-24T23:30:00Z,52.0,52.0
2026-09-21T17:30:27.824992,Temple,Army,2026-09-25T20:00:00Z,48.0,48.0
2026-09-21T17:30:27.824992,UAB,Navy,2026-09-25T23:00:00Z,51.5,51.5
2026-09-21T17:30:27.824992,Indiana,Northwestern,2026-09-26T00:00:00Z,49.5,49.5
2026-09-21T17:30:27.824992,California,Clemson,2026-09-26T02:30:00Z,50.5,50.5
2026-09-21T17:30:27.824992,Akron,UNLV,2026-09-26T16:00:00Z,51.0,51.0
2026-09-21T17:30:27.824992,Kent State,Ball State,2026-09-26T16:00:00Z,49.5,49.5
2026-09-21T17:30:27.824992,Baylor,Colorado,2026-09-26T16:00:00Z,,55.5
2026-09-21T17:30:27.824992,Boston College,Virginia Tech,2026-09-26T16:00:00Z,51.0,51.0
2026-09-21T17:30:27.824992,UTSA,Colorado State,2026-09-26T16:00:00Z,58.5,58.5
2026-09-21T17:30:27.824992,Ohio State,Illinois,2026-09-26T16:00:00Z,53.5,53.5
2026-09-21T17:30:27.824992,Louisville,Wake Forest,2026-09-26T16:00:00Z,58.0,58.5
2026-09-21T17:30:27.824992,Texas Tech,Sam Houston,2026-09-26T16:00:00Z,54.5,54.5
2026-09-21T17:30:27.824992,Toledo,San Diego State,2026-09-26T16:00:00Z,50.5,50.5
2026-09-21T17:30:27.824992,Tennessee,Texas,2026-09-26T16:00:00Z,56.5,55.5
2026-09-21T17:30:27.824992,Kentucky,South Alabama,2026-09-26T16:45:00Z,53.5,53.5
2026-09-21T17:30:27.824992,Maryland,UCLA,2026-09-26T17:30:00Z,58.0,57.5
2026-09-21T17:30:27.824992,Georgia State,Northern Illinois,2026-09-26T18:00:00Z,55.5,56.0
2026-09-21T17:30:27.824992,Purdue,Notre Dame,2026-09-26T18:00:00Z,58.0,57.5
2026-09-21T17:30:27.824992,Wyoming,Hawai'i,2026-09-26T19:00:00Z,46.0,45.5
2026-09-21T17:30:27.824992,Western Michigan,Boise State,2026-09-26T19:30:00Z,48.5,48.5
2026-09-21T17:30:27.824992,Florida,Ole Miss,2026-09-26T19:30:00Z,61.0,60.5
2026-09-21T17:30:27.824992,Georgia,Oklahoma,2026-09-26T19:30:00Z,43.5,43.5
2026-09-21T17:30:27.824992,Michigan,Iowa,2026-09-26T19:30:00Z,39.0,38.5
2026-09-21T17:30:27.824992,Iowa State,Utah,2026-09-26T19:30:00Z,49.0,49.0
2026-09-21T17:30:27.824992,Miami (OH),UConn,2026-09-26T19:30:00Z,52.0,51.5
2026-09-21T17:30:27.824992,New Mexico State,New Mexico,2026-09-26T19:30:00Z,48.5,48.5
2026-09-21T17:30:27.824992,UCF,TCU,2026-09-26T19:30:00Z,49.5,49.5
2026-09-21T17:30:27.824992,Georgia Southern,Houston,2026-09-26T20:00:00Z,55.0,55.0
2026-09-21T17:30:27.824992,Auburn,Vanderbilt,2026-09-26T20:15:00Z,55.5,55.5
2026-09-21T17:30:27.824992,Bowling Green,South Florida,2026-09-26T21:00:00Z,49.0,48.5
2026-09-21T17:30:27.824992,Michigan State,Nebraska,2026-09-26T21:00:00Z,48.5,48.5
2026-09-21T17:30:27.824992,Penn State,Wisconsin,2026-09-26T21:00:00Z,45.0,44.5
2026-09-21T17:30:27.824992,Virginia,Delaware,2026-09-26T22:00:00Z,51.5,51.5
2026-09-21T17:30:27.824992,Old Dominion,James Madison,2026-09-26T22:00:00Z,47.5,47.5
2026-09-21T17:30:27.824992,Miami,Central Michigan,2026-09-26T22:30:00Z,53.0,53.5
2026-09-21T17:30:27.824992,Charlotte,Louisiana,2026-09-26T22:30:00Z,49.5,49.5
2026-09-21T17:30:27.824992,Alabama,South Carolina,2026-09-26T23:00:00Z,54.5,54.5
2026-09-21T17:30:27.824992,Arkansas State,Kennesaw State,2026-09-26T23:00:00Z,53.0,52.5
2026-09-21T17:30:27.824992,Cincinnati,Kansas State,2026-09-26T23:00:00Z,55.5,55.5
2026-09-21T17:30:27.824992,Jacksonville State,Middle Tennessee,2026-09-26T23:00:00Z,51.0,51.5
2026-09-21T17:30:27.824992,West Virginia,Oklahoma State,2026-09-26T23:00:00Z,59.0,59.5
2026-09-21T17:30:27.824992,Tulane,Southern Miss,2026-09-26T23:00:00Z,51.5,51.5
2026-09-21T17:30:27.824992,NC State,App State,2026-09-26T23:30:00Z,55.0,55.0
2026-09-21T17:30:27.824992,Washington State,Arizona,2026-09-26T23:30:00Z,47.5,47.5
2026-09-21T17:30:27.824992,LSU,Texas A&M,2026-09-26T23:30:00Z,52.5,52.5
2026-09-21T17:30:27.824992,USC,Oregon,2026-09-26T23:30:00Z,62.5,62.5
2026-09-21T17:30:27.824992,Utah State,Troy,2026-09-26T23:30:00Z,49.0,48.5
2026-09-21T17:30:27.824992,Mississippi State,Missouri,2026-09-26T23:45:00Z,58.5,58.5
2026-09-21T17:30:27.824992,Arkansas,Tulsa,2026-09-27T00:00:00Z,53.0,53.0
2026-09-21T17:30:27.824992,Louisiana Monroe,Florida Atlantic,2026-09-27T00:00:00Z,57.5,57.5
2026-09-21T17:30:27.824992,SMU,Missouri State,2026-09-27T01:00:00Z,58.0,58.0
2026-09-21T17:30:27.824992,UTEP,Oregon State,2026-09-27T01:00:00Z,53.5,54.0
2026-09-21T17:30:27.824992,Fresno State,Rice,2026-09-27T02:00:00Z,44.5,44.5
2026-09-21T17:30:27.824992,Nevada,Air Force,2026-09-27T02:30:00Z,49.0,49.0
2026-09-21T17:30:27.824992,Stanford,Georgia Tech,2026-09-27T02:30:00Z,48.0,48.5
2026-09-21T17:30:27.824992,Washington,Minnesota,2026-09-27T03:00:00Z,46.0,46.0
2026-09-22T01:44:56.224298,Coastal Carolina,Liberty,2026-09-24T23:30:00Z,52.0,52.0
2026-09-22T01:44:56.224298,Temple,Army,2026-09-25T20:00:00Z,48.0,48.0
2026-09-22T01:44:56.224298,UAB,Navy,2026-09-25T23:00:00Z,51.5,51.5
2026-09-22T01:44:56.224298,Indiana,Northwestern,2026-09-26T00:00:00Z,49.5,49.5
2026-09-22T01:44:56.224298,California,Clemson,2026-09-26T02:30:00Z,50.5,50.5
2026-09-22T01:44:56.224298,Akron,UNLV,2026-09-26T16:00:00Z,52.0,52.5
2026-09-22T01:44:56.224298,Kent State,Ball State,2026-09-26T16:00:00Z,51.0,50.5
2026-09-22T01:44:56.224298,Baylor,Colorado,2026-09-26T16:00:00Z,55.5,55.5
2026-09-22T01:44:56.224298,Boston College,Virginia Tech,2026-09-26T16:00:00Z,48.5,48.5
2026-09-22T01:44:56.224298,UTSA,Colorado State,2026-09-26T16:00:00Z,58.0,58.0
2026-09-22T01:44:56.224298,Ohio State,Illinois,2026-09-26T16:00:00Z,53.5,53.5
2026-09-22T01:44:56.224298,Louisville,Wake Forest,2026-09-26T16:00:00Z,58.0,58.5
2026-09-22T01:44:56.224298,Texas Tech,Sam Houston,2026-09-26T16:00:00Z,54.5,54.5
2026-09-22T01:44:56.224298,Toledo,San Diego State,2026-09-26T16:00:00Z,51.0,51.0
2026-09-22T01:44:56.224298,Tennessee,Texas,2026-09-26T16:00:00Z,56.5,55.5
2026-09-22T01:44:56.224298,Kentucky,South Alabama,2026-09-26T16:45:00Z,54.5,54.5
2026-09-22T01:44:56.224298,Maryland,UCLA,2026-09-26T17:30:00Z,57.5,57.5
2026-09-22T01:44:56.224298,Georgia State,Northern Illinois,2026-09-26T18:00:00Z,55.5,56.0
2026-09-22T01:44:56.224298,Purdue,Notre Dame,2026-09-26T18:00:00Z,58.0,57.5
2026-09-22T01:44:56.224298,Wyoming,Hawai'i,2026-09-26T19:00:00Z,45.5,45.5
2026-09-22T01:44:56.224298,Western Michigan,Boise State,2026-09-26T19:30:00Z,48.5,48.5
2026-09-22T01:44:56.224298,Florida,Ole Miss,2026-09-26T19:30:00Z,61.0,61.0
2026-09-22T01:44:56.224298,Georgia,Oklahoma,2026-09-26T19:30:00Z,44.5,44.0
2026-09-22T01:44:56.224298,Michigan,Iowa,2026-09-26T19:30:00Z,38.5,37.5
2026-09-22T01:44:56.224298,Iowa State,Utah,2026-09-26T19:30:00Z,49.0,48.75
2026-09-22T01:44:56.224298,Miami (OH),UConn,2026-09-26T19:30:00Z,52.0,51.5
2026-09-22T01:44:56.224298,New Mexico State,New Mexico,2026-09-26T19:30:00Z,48.5,48.5
2026-09-22T01:44:56.224298,UCF,TCU,2026-09-26T19:30:00Z,48.5,48.5
2026-09-22T01:44:56.224298,Georgia Southern,Houston,2026-09-26T20:00:00Z,56.5,56.5
2026-09-22T01:44:56.224298,Auburn,Vanderbilt,2026-09-26T20:15:00Z,55.0,55.0
2026-09-22T01:44:56.224298,Bowling Green,South Florida,2026-09-26T21:00:00Z,49.0,48.5
2026-09-22T01:44:56.224298,Michigan State,Nebraska,2026-09-26T21:00:00Z,48.5,48.5
2026-09-22T01:44:56.224298,Penn State,Wisconsin,2026-09-26T21:00:00Z,45.0,44.5
2026-09-22T01:44:56.224298,Virginia,Delaware,2026-09-26T22:00:00Z,52.5,52.5
2026-09-22T01:44:56.224298,Old Dominion,James Madison,2026-09-26T22:00:00Z,45.0,44.5
2026-09-22T01:44:56.224298,Miami,Central Michigan,2026-09-26T22:30:00Z,53.5,53.5
2026-09-22T01:44:56.224298,Charlotte,Louisiana,2026-09-26T22:30:00Z,48.5,48.5
2026-09-22T01:44:56.224298,Alabama,South Carolina,2026-09-26T23:00:00Z,54.5,54.5
2026-09-22T01:44:56.224298,Arkansas State,Kennesaw State,2026-09-26T23:00:00Z,53.0,52.5
2026-09-22T01:44:56.224298,Cincinnati,Kansas State,2026-09-26T23:00:00Z,55.5,55.5
2026-09-22T01:44:56.224298,Jacksonville State,Middle Tennessee,2026-09-26T23:00:00Z,51.0,51.5
2026-09-22T01:44:56.224298,West Virginia,Oklahoma State,2026-09-26T23:00:00Z,59.0,59.0
2026-09-22T01:44:56.224298,Tulane,Southern Miss,2026-09-26T23:00:00Z,51.5,51.5
2026-09-22T01:44:56.224298,NC State,App State,2026-09-26T23:30:00Z,55.0,55.0
2026-09-22T01:44:56.224298,Washington State,Arizona,2026-09-26T23:30:00Z,48.0,48.5
2026-09-22T01:44:56.224298,LSU,Texas A&M,2026-09-26T23:30:00Z,52.5,52.5
2026-09-22T01:44:56.224298,USC,Oregon,2026-09-26T23:30:00Z,62.5,62.5
2026-09-22T01:44:56.224298,Utah State,Troy,2026-09-26T23:30:00Z,48.5,48.5
2026-09-22T01:44:56.224298,Mississippi State,Missouri,2026-09-26T23:45:00Z,58.5,58.5
2026-09-22T01:44:56.224298,Arkansas,Tulsa,2026-09-27T00:00:00Z,51.5,51.5
2026-09-22T01:44:56.224298,Louisiana Monroe,Florida Atlantic,2026-09-27T00:00:00Z,57.5,57.5
2026-09-22T01:44:56.224298,SMU,Missouri State,2026-09-27T01:00:00Z,59.0,59.5
2026-09-22T01:44:56.224298,UTEP,Oregon State,2026-09-27T01:00:00Z,55.0,54.5
2026-09-22T01:44:56.224298,Fresno State,Rice,2026-09-27T02:00:00Z,44.0,44.5
2026-09-22T01:44:56.224298,Nevada,Air Force,2026-09-27T02:30:00Z,49.5,50.0
2026-09-22T01:44:56.224298,Stanford,Georgia Tech,2026-09-27T02:30:00Z,48.0,48.0
2026-09-22T01:44:56.224298,Washington,Minnesota,2026-09-27T03:00:00Z,46.0,46.0
2026-09-22T14:37:44.811168,Coastal Carolina,Liberty,2026-09-24T23:30:00Z,52.0,52.0
2026-09-22T14:37:44.811168,Temple,Army,2026-09-25T20:00:00Z,48.0,48.0
2026-09-22T14:37:44.811168,UAB,Navy,2026-09-25T23:00:00Z,51.5,51.5
2026-09-22T14:37:44.811168,Indiana,Northwestern,2026-09-26T00:00:00Z,49.5,49.5
2026-09-22T14:37:44.811168,California,Clemson,2026-09-26T02:30:00Z,50.5,50.5
2026-09-22T14:37:44.811168,Akron,UNLV,2026-09-26T16:00:00Z,52.0,52.5
2026-09-22T14:37:44.811168,Kent State,Ball State,2026-09-26T16:00:00Z,51.0,50.5
2026-09-22T14:37:44.811168,Baylor,Colorado,2026-09-26T16:00:00Z,55.5,55.5
2026-09-22T14:37:44.811168,Boston College,Virginia Tech,2026-09-26T16:00:00Z,48.5,48.5
2026-09-22T14:37:44.811168,UTSA,Colorado State,2026-09-26T16:00:00Z,58.0,58.0
2026-09-22T14:37:44.811168,Ohio State,Illinois,2026-09-26T16:00:00Z,54.0,53.5
2026-09-22T14:37:44.811168,Louisville,Wake Forest,2026-09-26T16:00:00Z,58.0,58.5
2026-09-22T14:37:44.811168,Texas Tech,Sam Houston,2026-09-26T16:00:00Z,55.0,55.5
2026-09-22T14:37:44.811168,Toledo,San Diego State,2026-09-26T16:00:00Z,52.0,52.0
2026-09-22T14:37:44.811168,Tennessee,Texas,2026-09-26T16:00:00Z,56.5,56.0
2026-09-22T14:37:44.811168,Kentucky,South Alabama,2026-09-26T16:45:00Z,54.5,54.5
2026-09-22T14:37:44.811168,Maryland,UCLA,2026-09-26T17:30:00Z,57.5,57.5
2026-09-22T14:37:44.811168,Georgia State,Northern Illinois,2026-09-26T18:00:00Z,55.5,56.0
2026-09-22T14:37:44.811168,Purdue,Notre Dame,2026-09-26T18:00:00Z,58.0,57.5
2026-09-22T14:37:44.811168,Wyoming,Hawai'i,2026-09-26T19:00:00Z,44.5,44.5
2026-09-22T14:37:44.811168,Western Michigan,Boise State,2026-09-26T19:30:00Z,48.5,48.5
2026-09-22T14:37:44.811168,Florida,Ole Miss,2026-09-26T19:30:00Z,60.0,60.5
2026-09-22T14:37:44.811168,Georgia,Oklahoma,2026-09-26T19:30:00Z,44.5,44.0
2026-09-22T14:37:44.811168,Michigan,Iowa,2026-09-26T19:30:00Z,38.5,37.5
2026-09-22T14:37:44.811168,Iowa State,Utah,2026-09-26T19:30:00Z,48.5,48.5
2026-09-22T14:37:44.811168,Miami (OH),UConn,2026-09-26T19:30:00Z,51.5,51.5
2026-09-22T14:37:44.811168,New Mexico State,New Mexico,2026-09-26T19:30:00Z,48.5,48.5
2026-09-22T14:37:44.811168,UCF,TCU,2026-09-26T19:30:00Z,48.5,48.5
2026-09-22T14:37:44.811168,East Carolina,North Carolina,2026-09-26T20:00:00Z,,53.5
2026-09-22T14:37:44.811168,Georgia Southern,Houston,2026-09-26T20:00:00Z,56.5,56.5
2026-09-22T14:37:44.811168,Auburn,Vanderbilt,2026-09-26T20:15:00Z,55.0,55.5
2026-09-22T14:37:44.811168,Bowling Green,South Florida,2026-09-26T21:00:00Z,48.5,48.5
2026-09-22T14:37:44.811168,Michigan State,Nebraska,2026-09-26T21:00:00Z,48.5,48.5
2026-09-22T14:37:44.811168,Penn State,Wisconsin,2026-09-26T21:00:00Z,45.0,44.5
2026-09-22T14:37:44.811168,Virginia,Delaware,2026-09-26T22:00:00Z,52.5,52.5
2026-09-22T14:37:44.811168,Old Dominion,James Madison,2026-09-26T22:00:00Z,45.0,45.0
2026-09-22T14:37:44.811168,Miami,Central Michigan,2026-09-26T22:30:00Z,53.5,53.5
2026-09-22T14:37:44.811168,Charlotte,Louisiana,2026-09-26T22:30:00Z,48.5,49.0
2026-09-22T14:37:44.811168,Alabama,South Carolina,2026-09-26T23:00:00Z,54.5,54.5
2026-09-22T14:37:44.811168,Arkansas State,Kennesaw State,2026-09-26T23:00:00Z,53.0,52.5
2026-09-22T14:37:44.811168,Cincinnati,Kansas State,2026-09-26T23:00:00Z,55.5,55.5
2026-09-22T14:37:44.811168,Jacksonville State,Middle Tennessee,2026-09-26T23:00:00Z,51.0,51.5
2026-09-22T14:37:44.811168,West Virginia,Oklahoma State,2026-09-26T23:00:00Z,60.0,60.0
2026-09-22T14:37:44.811168,Tulane,Southern Miss,2026-09-26T23:00:00Z,51.5,51.5
2026-09-22T14:37:44.811168,NC State,App State,2026-09-26T23:30:00Z,55.0,55.0
2026-09-22T14:37:44.811168,Washington State,Arizona,2026-09-26T23:30:00Z,48.5,48.5
2026-09-22T14:37:44.811168,North Texas,Houston,2026-09-26T23:30:00Z,,58.5
2026-09-22T14:37:44.811168,LSU,Texas A&M,2026-09-26T23:30:00Z,52.5,52.5
2026-09-22T14:37:44.811168,USC,Oregon,2026-09-26T23:30:00Z,62.0,62.0
2026-09-22T14:37:44.811168,Utah State,Troy,2026-09-26T23:30:00Z,48.5,48.5
2026-09-22T14:37:44.811168,Mississippi State,Missouri,2026-09-26T23:45:00Z,58.5,58.5
2026-09-22T14:37:44.811168,Arkansas,Tulsa,2026-09-27T00:00:00Z,51.5,51.5
2026-09-22T14:37:44.811168,Louisiana Monroe,Florida Atlantic,2026-09-27T00:00:00Z,57.5,57.5
2026-09-22T14:37:44.811168,SMU,Missouri State,2026-09-27T01:00:00Z,60.0,59.5
2026-09-22T14:37:44.811168,UTEP,Oregon State,2026-09-27T01:00:00Z,55.0,54.5
2026-09-22T14:37:44.811168,Fresno State,Rice,2026-09-27T02:00:00Z,44.0,44.5
2026-09-22T14:37:44.811168,Nevada,Air Force,2026-09-27T02:30:00Z,49.5,50.0
2026-09-22T14:37:44.811168,Stanford,Georgia Tech,2026-09-27T02:30:00Z,48.0,48.5
2026-09-22T14:37:44.811168,Washington,Minnesota,2026-09-27T03:00:00Z,46.0,46.0
2026-09-22T15:59:33.003553,Coastal Carolina,Liberty,2026-09-24T23:30:00Z,51.0,51.0
2026-09-22T15:59:33.003553,Temple,Army,2026-09-25T20:00:00Z,48.0,48.0
2026-09-22T15:59:33.003553,UAB,Navy,2026-09-25T23:00:00Z,51.5,51.5
2026-09-22T15:59:33.003553,Indiana,Northwestern,2026-09-26T00:00:00Z,49.5,49.0
2026-09-22T15:59:33.003553,California,Clemson,2026-09-26T02:30:00Z,50.5,50.5
2026-09-22T15:59:33.003553,Akron,UNLV,2026-09-26T16:00:00Z,52.0,52.5
2026-09-22T15:59:33.003553,Kent State,Ball State,2026-09-26T16:00:00Z,51.0,50.5
2026-09-22T15:59:33.003553,Baylor,Colorado,2026-09-26T16:00:00Z,55.5,55.5
2026-09-22T15:59:33.003553,Boston College,Virginia Tech,2026-09-26T16:00:00Z,48.5,48.5
2026-09-22T15:59:33.003553,UTSA,Colorado State,2026-09-26T16:00:00Z,58.0,58.0
2026-09-22T15:59:33.003553,Ohio State,Illinois,2026-09-26T16:00:00Z,54.0,53.5
2026-09-22T15:59:33.003553,Louisville,Wake Forest,2026-09-26T16:00:00Z,58.0,58.5
2026-09-22T15:59:33.003553,Texas Tech,Sam Houston,2026-09-26T16:00:00Z,55.0,55.5
2026-09-22T15:59:33.003553,Toledo,San Diego State,2026-09-26T16:00:00Z,52.0,52.0
2026-09-22T15:59:33.003553,Tennessee,Texas,2026-09-26T16:00:00Z,56.5,56.0
2026-09-22T15:59:33.003553,Kentucky,South Alabama,2026-09-26T16:45:00Z,54.5,54.5
2026-09-22T15:59:33.003553,Maryland,UCLA,2026-09-26T17:30:00Z,57.0,56.5
2026-09-22T15:59:33.003553,Georgia State,Northern Illinois,2026-09-26T18:00:00Z,55.5,56.0
2026-09-22T15:59:33.003553,Purdue,Notre Dame,2026-09-26T18:00:00Z,58.0,57.5
2026-09-22T15:59:33.003553,Wyoming,Hawai'i,2026-09-26T19:00:00Z,44.5,44.5
2026-09-22T15:59:33.003553,Western Michigan,Boise State,2026-09-26T19:30:00Z,48.5,48.5
2026-09-22T15:59:33.003553,Florida,Ole Miss,2026-09-26T19:30:00Z,60.0,60.5
2026-09-22T15:59:33.003553,Georgia,Oklahoma,2026-09-26T19:30:00Z,44.5,44.0
2026-09-22T15:59:33.003553,Michigan,Iowa,2026-09-26T19:30:00Z,38.5,38.0
2026-09-22T15:59:33.003553,Iowa State,Utah,2026-09-26T19:30:00Z,48.5,48.5
2026-09-22T15:59:33.003553,Miami (OH),UConn,2026-09-26T19:30:00Z,51.5,51.5
2026-09-22T15:59:33.003553,New Mexico State,New Mexico,2026-09-26T19:30:00Z,48.5,48.5
2026-09-22T15:59:33.003553,UCF,TCU,2026-09-26T19:30:00Z,48.5,48.5
2026-09-22T15:59:33.003553,East Carolina,North Carolina,2026-09-26T20:00:00Z,,53.5
2026-09-22T15:59:33.003553,Georgia Southern,Houston,2026-09-26T20:00:00Z,56.5,56.5
2026-09-22T15:59:33.003553,Auburn,Vanderbilt,2026-09-26T20:15:00Z,55.0,55.0
2026-09-22T15:59:33.003553,Bowling Green,South Florida,2026-09-26T21:00:00Z,48.5,48.5
2026-09-22T15:59:33.003553,Michigan State,Nebraska,2026-09-26T21:00:00Z,48.5,48.5
2026-09-22T15:59:33.003553,Penn State,Wisconsin,2026-09-26T21:00:00Z,45.0,44.5
2026-09-22T15:59:33.003553,Virginia,Delaware,2026-09-26T22:00:00Z,52.5,52.5
2026-09-22T15:59:33.003553,Old Dominion,James Madison,2026-09-26T22:00:00Z,45.0,45.0
2026-09-22T15:59:33.003553,Miami,Central Michigan,2026-09-26T22:30:00Z,53.5,53.5
2026-09-22T15:59:33.003553,Charlotte,Louisiana,2026-09-26T22:30:00Z,48.5,48.5
2026-09-22T15:59:33.003553,Alabama,South Carolina,2026-09-26T23:00:00Z,54.5,54.5
2026-09-22T15:59:33.003553,Arkansas State,Kennesaw State,2026-09-26T23:00:00Z,52.5,52.5
2026-09-22T15:59:33.003553,Cincinnati,Kansas State,2026-09-26T23:00:00Z,55.5,55.5
2026-09-22T15:59:33.003553,Jacksonville State,Middle Tennessee,2026-09-26T23:00:00Z,51.0,51.5
2026-09-22T15:59:33.003553,West Virginia,Oklahoma State,2026-09-26T23:00:00Z,60.0,60.0
2026-09-22T15:59:33.003553,Tulane,Southern Miss,2026-09-26T23:00:00Z,52.5,52.5
2026-09-22T15:59:33.003553,NC State,App State,2026-09-26T23:30:00Z,55.0,55.0
2026-09-22T15:59:33.003553,Washington State,Arizona,2026-09-26T23:30:00Z,48.5,48.5
2026-09-22T15:59:33.003553,North Texas,Houston,2026-09-26T23:30:00Z,,58.5
2026-09-22T15:59:33.003553,LSU,Texas A&M,2026-09-26T23:30:00Z,51.5,52.0
2026-09-22T15:59:33.003553,USC,Oregon,2026-09-26T23:30:00Z,62.0,62.0
2026-09-22T15:59:33.003553,Utah State,Troy,2026-09-26T23:30:00Z,48.5,48.5
2026-09-22T15:59:33.003553,Mississippi State,Missouri,2026-09-26T23:45:00Z,58.5,58.5
2026-09-22T15:59:33.003553,Arkansas,Tulsa,2026-09-27T00:00:00Z,50.5,50.5
2026-09-22T15:59:33.003553,Louisiana Monroe,Florida Atlantic,2026-09-27T00:00:00Z,57.5,57.5
2026-09-22T15:59:33.003553,SMU,Missouri State,2026-09-27T01:00:00Z,60.0,59.5
2026-09-22T15:59:33.003553,UTEP,Oregon State,2026-09-27T01:00:00Z,55.5,55.5
2026-09-22T15:59:33.003553,Fresno State,Rice,2026-09-27T02:00:00Z,44.0,44.5
2026-09-22T15:59:33.003553,Nevada,Air Force,2026-09-27T02:30:00Z,49.5,50.0
2026-09-22T15:59:33.003553,Stanford,Georgia Tech,2026-09-27T02:30:00Z,48.0,48.5
2026-09-22T15:59:33.003553,Washington,Minnesota,2026-09-27T03:00:00Z,46.0,46.0
2026-09-23T01:42:15.072793,Coastal Carolina,Liberty,2026-09-24T23:30:00Z,50.0,50.5
2026-09-23T01:42:15.072793,Temple,Army,2026-09-25T20:00:00Z,48.0,48.5
2026-09-23T01:42:15.072793,UAB,Navy,2026-09-25T23:00:00Z,51.5,51.5
2026-09-23T01:42:15.072793,Indiana,Northwestern,2026-09-26T00:00:00Z,49.5,49.5
2026-09-23T01:42:15.072793,California,Clemson,2026-09-26T02:30:00Z,50.5,50.5
2026-09-23T01:42:15.072793,Akron,UNLV,2026-09-26T16:00:00Z,52.0,52.5
2026-09-23T01:42:15.072793,Kent State,Ball State,2026-09-26T16:00:00Z,51.0,51.0
2026-09-23T01:42:15.072793,Baylor,Colorado,2026-09-26T16:00:00Z,55.5,55.5
2026-09-23T01:42:15.072793,Boston College,Virginia Tech,2026-09-26T16:00:00Z,48.5,48.5
2026-09-23T01:42:15.072793,UTSA,Colorado State,2026-09-26T16:00:00Z,58.0,58.0
2026-09-23T01:42:15.072793,Ohio State,Illinois,2026-09-26T16:00:00Z,54.0,54.0
2026-09-23T01:42:15.072793,Louisville,Wake Forest,2026-09-26T16:00:00Z,58.5,58.5
2026-09-23T01:42:15.072793,Texas Tech,Sam Houston,2026-09-26T16:00:00Z,55.0,55.5
2026-09-23T01:42:15.072793,Toledo,San Diego State,2026-09-26T16:00:00Z,52.0,52.0
2026-09-23T01:42:15.072793,Tennessee,Texas,2026-09-26T16:00:00Z,56.0,55.5
2026-09-23T01:42:15.072793,Kentucky,South Alabama,2026-09-26T16:45:00Z,54.5,54.5
2026-09-23T01:42:15.072793,Maryland,UCLA,2026-09-26T17:30:00Z,57.0,56.5
2026-09-23T01:42:15.072793,Georgia State,Northern Illinois,2026-09-26T18:00:00Z,55.5,55.5
2026-09-23T01:42:15.072793,Purdue,Notre Dame,2026-09-26T18:00:00Z,58.0,58.0
2026-09-23T01:42:15.072793,Wyoming,Hawai'i,2026-09-26T19:00:00Z,44.5,44.5
2026-09-23T01:42:15.072793,Western Michigan,Boise State,2026-09-26T19:30:00Z,50.0,49.5
2026-09-23T01:42:15.072793,Florida,Ole Miss,2026-09-26T19:30:00Z,59.0,59.0
2026-09-23T01:42:15.072793,Georgia,Oklahoma,2026-09-26T19:30:00Z,45.0,44.5
2026-09-23T01:42:15.072793,Michigan,Iowa,2026-09-26T19:30:00Z,38.5,38.5
2026-09-23T01:42:15.072793,Iowa State,Utah,2026-09-26T19:30:00Z,48.5,48.5
2026-09-23T01:42:15.072793,Miami (OH),UConn,2026-09-26T19:30:00Z,51.5,51.5
2026-09-23T01:42:15.072793,New Mexico State,New Mexico,2026-09-26T19:30:00Z,48.5,48.5
2026-09-23T01:42:15.072793,UCF,TCU,2026-09-26T19:30:00Z,48.5,48.5
2026-09-23T01:42:15.072793,East Carolina,North Carolina,2026-09-26T20:00:00Z,,54.5
2026-09-23T01:42:15.072793,Georgia Southern,Houston,2026-09-26T20:00:00Z,56.5,56.5
2026-09-23T01:42:15.072793,Auburn,Vanderbilt,2026-09-26T20:15:00Z,55.0,54.5
2026-09-23T01:42:15.072793,Bowling Green,South Florida,2026-09-26T21:00:00Z,48.5,48.5
2026-09-23T01:42:15.072793,Michigan State,Nebraska,2026-09-26T21:00:00Z,48.5,48.5
2026-09-23T01:42:15.072793,Penn State,Wisconsin,2026-09-26T21:00:00Z,45.0,44.5
2026-09-23T01:42:15.072793,Virginia,Delaware,2026-09-26T22:00:00Z,52.5,52.5
2026-09-23T01:42:15.072793,Old Dominion,James Madison,2026-09-26T22:00:00Z,45.0,45.0
2026-09-23T01:42:15.072793,Miami,Central Michigan,2026-09-26T22:30:00Z,53.5,53.75
2026-09-23T01:42:15.072793,Charlotte,Louisiana,2026-09-26T22:30:00Z,48.5,48.5
2026-09-23T01:42:15.072793,Alabama,South Carolina,2026-09-26T23:00:00Z,54.0,54.0
2026-09-23T01:42:15.072793,Arkansas State,Kennesaw State,2026-09-26T23:00:00Z,52.5,52.5
2026-09-23T01:42:15.072793,Cincinnati,Kansas State,2026-09-26T23:00:00Z,55.5,55.5
2026-09-23T01:42:15.072793,Jacksonville State,Middle Tennessee,2026-09-26T23:00:00Z,51.0,51.5
2026-09-23T01:42:15.072793,West Virginia,Oklahoma State,2026-09-26T23:00:00Z,60.5,60.0
2026-09-23T01:42:15.072793,Tulane,Southern Miss,2026-09-26T23:00:00Z,52.5,52.5
2026-09-23T01:42:15.072793,NC State,App State,2026-09-26T23:30:00Z,55.0,55.0
2026-09-23T01:42:15.072793,Washington State,Arizona,2026-09-26T23:30:00Z,48.5,48.5
2026-09-23T01:42:15.072793,North Texas,Houston,2026-09-26T23:30:00Z,,59.5
2026-09-23T01:42:15.072793,LSU,Texas A&M,2026-09-26T23:30:00Z,51.5,51.5
2026-09-23T01:42:15.072793,USC,Oregon,2026-09-26T23:30:00Z,62.5,62.0
2026-09-23T01:42:15.072793,Utah State,Troy,2026-09-26T23:30:00Z,47.5,47.5
2026-09-23T01:42:15.072793,Mississippi State,Missouri,2026-09-26T23:45:00Z,58.5,58.5
2026-09-23T01:42:15.072793,Arkansas,Tulsa,2026-09-27T00:00:00Z,50.5,50.5
2026-09-23T01:42:15.072793,Louisiana Monroe,Florida Atlantic,2026-09-27T00:00:00Z,57.0,57.5
2026-09-23T01:42:15.072793,SMU,Missouri State,2026-09-27T01:00:00Z,60.0,59.5
2026-09-23T01:42:15.072793,UTEP,Oregon State,2026-09-27T01:00:00Z,55.5,55.5
2026-09-23T01:42:15.072793,Fresno State,Rice,2026-09-27T02:00:00Z,44.0,44.5
2026-09-23T01:42:15.072793,Nevada,Air Force,2026-09-27T02:30:00Z,49.5,50.0
2026-09-23T01:42:15.072793,Stanford,Georgia Tech,2026-09-27T02:30:00Z,48.0,48.5
2026-09-23T01:42:15.072793,Washington,Minnesota,2026-09-27T03:00:00Z,46.0,46.0
2026-09-23T15:49:59.307382,Coastal Carolina,Liberty,2026-09-24T23:30:00Z,50.0,50.5
2026-09-23T15:49:59.307382,Temple,Army,2026-09-25T20:00:00Z,48.0,48.5
2026-09-23T15:49:59.307382,UAB,Navy,2026-09-25T23:00:00Z,51.5,51.5
2026-09-23T15:49:59.307382,Indiana,Northwestern,2026-09-26T00:00:00Z,49.5,49.5
2026-09-23T15:49:59.307382,California,Clemson,2026-09-26T02:30:00Z,50.5,50.5
2026-09-23T15:49:59.307382,Akron,UNLV,2026-09-26T16:00:00Z,52.0,52.5
2026-09-23T15:49:59.307382,Kent State,Ball State,2026-09-26T16:00:00Z,51.0,51.0
2026-09-23T15:49:59.307382,Baylor,Colorado,2026-09-26T16:00:00Z,55.5,55.5
2026-09-23T15:49:59.307382,Boston College,Virginia Tech,2026-09-26T16:00:00Z,48.5,48.5
2026-09-23T15:49:59.307382,UTSA,Colorado State,2026-09-26T16:00:00Z,58.0,58.0
2026-09-23T15:49:59.307382,Ohio State,Illinois,2026-09-26T16:00:00Z,54.0,54.0
2026-09-23T15:49:59.307382,Louisville,Wake Forest,2026-09-26T16:00:00Z,58.5,58.5
2026-09-23T15:49:59.307382,Texas Tech,Sam Houston,2026-09-26T16:00:00Z,55.0,55.5
2026-09-23T15:49:59.307382,Toledo,San Diego State,2026-09-26T16:00:00Z,52.0,52.0
2026-09-23T15:49:59.307382,Tennessee,Texas,2026-09-26T16:00:00Z,56.0,55.5
2026-09-23T15:49:59.307382,Kentucky,South Alabama,2026-09-26T16:45:00Z,54.5,54.5
2026-09-23T15:49:59.307382,Maryland,UCLA,2026-09-26T17:30:00Z,57.0,56.5
2026-09-23T15:49:59.307382,Georgia State,Northern Illinois,2026-09-26T18:00:00Z,55.5,55.5
2026-09-23T15:49:59.307382,Purdue,Notre Dame,2026-09-26T18:00:00Z,58.0,58.0
2026-09-23T15:49:59.307382,Wyoming,Hawai'i,2026-09-26T19:00:00Z,44.5,44.5
2026-09-23T15:49:59.307382,Western Michigan,Boise State,2026-09-26T19:30:00Z,50.0,49.5
2026-09-23T15:49:59.307382,Florida,Ole Miss,2026-09-26T19:30:00Z,59.0,58.75
2026-09-23T15:49:59.307382,Georgia,Oklahoma,2026-09-26T19:30:00Z,45.0,44.5
2026-09-23T15:49:59.307382,Michigan,Iowa,2026-09-26T19:30:00Z,38.5,38.5
2026-09-23T15:49:59.307382,Iowa State,Utah,2026-09-26T19:30:00Z,48.5,48.5
2026-09-23T15:49:59.307382,Miami (OH),UConn,2026-09-26T19:30:00Z,51.5,51.5
2026-09-23T15:49:59.307382,New Mexico State,New Mexico,2026-09-26T19:30:00Z,48.5,48.5
2026-09-23T15:49:59.307382,UCF,TCU,2026-09-26T19:30:00Z,48.5,48.5
2026-09-23T15:49:59.307382,East Carolina,North Carolina,2026-09-26T20:00:00Z,,54.5
2026-09-23T15:49:59.307382,Georgia Southern,Houston,2026-09-26T20:00:00Z,56.5,56.5
2026-09-23T15:49:59.307382,Auburn,Vanderbilt,2026-09-26T20:15:00Z,55.0,54.5
2026-09-23T15:49:59.307382,Bowling Green,South Florida,2026-09-26T21:00:00Z,48.5,48.5
2026-09-23T15:49:59.307382,Michigan State,Nebraska,2026-09-26T21:00:00Z,48.5,48.5
2026-09-23T15:49:59.307382,Penn State,Wisconsin,2026-09-26T21:00:00Z,45.0,44.5
2026-09-23T15:49:59.307382,Virginia,Delaware,2026-09-26T22:00:00Z,52.5,52.5
2026-09-23T15:49:59.307382,Old Dominion,James Madison,2026-09-26T22:00:00Z,45.0,45.0
2026-09-23T15:49:59.307382,Miami,Central Michigan,2026-09-26T22:30:00Z,53.5,53.5
2026-09-23T15:49:59.307382,Charlotte,Louisiana,2026-09-26T22:30:00Z,48.5,48.5
2026-09-23T15:49:59.307382,Alabama,South Carolina,2026-09-26T23:00:00Z,54.0,54.0
2026-09-23T15:49:59.307382,Arkansas State,Kennesaw State,2026-09-26T23:00:00Z,52.5,52.5
2026-09-23T15:49:59.307382,Cincinnati,Kansas State,2026-09-26T23:00:00Z,55.5,55.5
2026-09-23T15:49:59.307382,Jacksonville State,Middle Tennessee,2026-09-26T23:00:00Z,51.0,51.5
2026-09-23T15:49:59.307382,West Virginia,Oklahoma State,2026-09-26T23:00:00Z,60.0,60.0
2026-09-23T15:49:59.307382,Tulane,Southern Miss,2026-09-26T23:00:00Z,52.5,52.5
2026-09-23T15:49:59.307382,NC State,App State,2026-09-26T23:30:00Z,55.0,55.0
2026-09-23T15:49:59.307382,Washington State,Arizona,2026-09-26T23:30:00Z,49.0,48.5
2026-09-23T15:49:59.307382,North Texas,Houston,2026-09-26T23:30:00Z,,58.5
2026-09-23T15:49:59.307382,LSU,Texas A&M,2026-09-26T23:30:00Z,51.5,51.5
2026-09-23T15:49:59.307382,USC,Oregon,2026-09-26T23:30:00Z,62.5,62.0
2026-09-23T15:49:59.307382,Utah State,Troy,2026-09-26T23:30:00Z,47.5,47.5
2026-09-23T15:49:59.307382,Mississippi State,Missouri,2026-09-26T23:45:00Z,58.5,58.5
2026-09-23T15:49:59.307382,Arkansas,Tulsa,2026-09-27T00:00:00Z,50.5,50.5
2026-09-23T15:49:59.307382,Louisiana Monroe,Florida Atlantic,2026-09-27T00:00:00Z,57.0,57.5
2026-09-23T15:49:59.307382,SMU,Missouri State,2026-09-27T01:00:00Z,60.0,59.5
2026-09-23T15:49:59.307382,UTEP,Oregon State,2026-09-27T01:00:00Z,55.5,55.5
2026-09-23T15:49:59.307382,Fresno State,Rice,2026-09-27T02:00:00Z,44.0,44.5
2026-09-23T15:49:59.307382,Nevada,Air Force,2026-09-27T02:30:00Z,49.5,50.0
2026-09-23T15:49:59.307382,Stanford,Georgia Tech,2026-09-27T02:30:00Z,48.0,48.0
2026-09-23T15:49:59.307382,Washington,Minnesota,2026-09-27T03:00:00Z,46.0,46.0
2026-09-24T01:36:38.325023,Coastal Carolina,Liberty,2026-09-24T23:30:00Z,50.0,50.5
2026-09-24T01:36:38.325023,Temple,Army,2026-09-25T20:00:00Z,48.0,48.0
2026-09-24T01:36:38.325023,UAB,Navy,2026-09-25T23:00:00Z,51.5,51.5
2026-09-24T01:36:38.325023,Indiana,Northwestern,2026-09-26T00:00:00Z,49.5,49.5
2026-09-24T01:36:38.325023,California,Clemson,2026-09-26T02:30:00Z,50.0,50.5
2026-09-24T01:36:38.325023,Akron,UNLV,2026-09-26T16:00:00Z,53.0,52.5
2026-09-24T01:36:38.325023,Kent State,Ball State,2026-09-26T16:00:00Z,51.5,51.0
2026-09-24T01:36:38.325023,Baylor,Colorado,2026-09-26T16:00:00Z,55.5,55.5
2026-09-24T01:36:38.325023,Boston College,Virginia Tech,2026-09-26T16:00:00Z,47.5,48.5
2026-09-24T01:36:38.325023,UTSA,Colorado State,2026-09-26T16:00:00Z,58.0,58.0
2026-09-24T01:36:38.325023,Ohio State,Illinois,2026-09-26T16:00:00Z,54.0,53.5
2026-09-24T01:36:38.325023,Louisville,Wake Forest,2026-09-26T16:00:00Z,58.0,57.5
2026-09-24T01:36:38.325023,Texas Tech,Sam Houston,2026-09-26T16:00:00Z,55.5,55.5
2026-09-24T01:36:38.325023,Toledo,San Diego State,2026-09-26T16:00:00Z,52.0,52.0
2026-09-24T01:36:38.325023,Tennessee,Texas,2026-09-26T16:00:00Z,55.5,55.5
2026-09-24T01:36:38.325023,Kentucky,South Alabama,2026-09-26T16:45:00Z,54.5,54.5
2026-09-24T01:36:38.325023,Maryland,UCLA,2026-09-26T17:30:00Z,57.0,56.5
2026-09-24T01:36:38.325023,Georgia State,Northern Illinois,2026-09-26T18:00:00Z,56.0,56.0
2026-09-24T01:36:38.325023,Purdue,Notre Dame,2026-09-26T18:00:00Z,58.0,58.0
2026-09-24T01:36:38.325023,Wyoming,Hawai'i,2026-09-26T19:00:00Z,44.5,44.5
2026-09-24T01:36:38.325023,Western Michigan,Boise State,2026-09-26T19:30:00Z,50.0,50.0
2026-09-24T01:36:38.325023,Florida,Ole Miss,2026-09-26T19:30:00Z,59.0,58.5
2026-09-24T01:36:38.325023,Georgia,Oklahoma,2026-09-26T19:30:00Z,44.5,44.5
2026-09-24T01:36:38.325023,Michigan,Iowa,2026-09-26T19:30:00Z,38.5,38.5
2026-09-24T01:36:38.325023,Iowa State,Utah,2026-09-26T19:30:00Z,48.0,48.25
2026-09-24T01:36:38.325023,Miami (OH),UConn,2026-09-26T19:30:00Z,51.5,51.5
2026-09-24T01:36:38.325023,New Mexico State,New Mexico,2026-09-26T19:30:00Z,48.5,48.5
2026-09-24T01:36:38.325023,UCF,TCU,2026-09-26T19:30:00Z,48.5,48.5
2026-09-24T01:36:38.325023,East Carolina,North Carolina,2026-09-26T20:00:00Z,,54.5
2026-09-24T01:36:38.325023,Georgia Southern,Houston,2026-09-26T20:00:00Z,56.5,56.5
2026-09-24T01:36:38.325023,Auburn,Vanderbilt,2026-09-26T20:15:00Z,55.0,55.0
2026-09-24T01:36:38.325023,Bowling Green,South Florida,2026-09-26T21:00:00Z,48.5,49.0
2026-09-24T01:36:38.325023,Michigan State,Nebraska,2026-09-26T21:00:00Z,49.0,48.5
2026-09-24T01:36:38.325023,Penn State,Wisconsin,2026-09-26T21:00:00Z,45.0,44.5
2026-09-24T01:36:38.325023,Virginia,Delaware,2026-09-26T22:00:00Z,52.5,52.5
2026-09-24T01:36:38.325023,Old Dominion,James Madison,2026-09-26T22:00:00Z,44.5,44.5
2026-09-24T01:36:38.325023,Miami,Central Michigan,2026-09-26T22:30:00Z,53.5,53.75
2026-09-24T01:36:38.325023,Charlotte,Louisiana,2026-09-26T22:30:00Z,49.0,49.0
2026-09-24T01:36:38.325023,Alabama,South Carolina,2026-09-26T23:00:00Z,54.0,53.5
2026-09-24T01:36:38.325023,Arkansas State,Kennesaw State,2026-09-26T23:00:00Z,52.5,52.5
2026-09-24T01:36:38.325023,Cincinnati,Kansas State,2026-09-26T23:00:00Z,55.5,55.5
2026-09-24T01:36:38.325023,Jacksonville State,Middle Tennessee,2026-09-26T23:00:00Z,51.5,51.5
2026-09-24T01:36:38.325023,West Virginia,Oklahoma State,2026-09-26T23:00:00Z,60.0,60.0
2026-09-24T01:36:38.325023,Tulane,Southern Miss,2026-09-26T23:00:00Z,52.5,52.5
2026-09-24T01:36:38.325023,NC State,App State,2026-09-26T23:30:00Z,55.0,55.0
2026-09-24T01:36:38.325023,Washington State,Arizona,2026-09-26T23:30:00Z,49.0,48.5
2026-09-24T01:36:38.325023,North Texas,Houston,2026-09-26T23:30:00Z,,58.5
2026-09-24T01:36:38.325023,LSU,Texas A&M,2026-09-26T23:30:00Z,51.5,51.5
2026-09-24T01:36:38.325023,USC,Oregon,2026-09-26T23:30:00Z,62.5,62.5
2026-09-24T01:36:38.325023,Utah State,Troy,2026-09-26T23:30:00Z,47.5,47.5
2026-09-24T01:36:38.325023,Mississippi State,Missouri,2026-09-26T23:45:00Z,58.5,58.5
2026-09-24T01:36:38.325023,Arkansas,Tulsa,2026-09-27T00:00:00Z,50.5,50.5
2026-09-24T01:36:38.325023,Louisiana Monroe,Florida Atlantic,2026-09-27T00:00:00Z,57.5,57.5
2026-09-24T01:36:38.325023,SMU,Missouri State,2026-09-27T01:00:00Z,60.0,59.5
2026-09-24T01:36:38.325023,UTEP,Oregon State,2026-09-27T01:00:00Z,55.5,55.5
2026-09-24T01:36:38.325023,Fresno State,Rice,2026-09-27T02:00:00Z,44.0,44.5
2026-09-24T01:36:38.325023,Nevada,Air Force,2026-09-27T02:30:00Z,49.5,50.0
2026-09-24T01:36:38.325023,Stanford,Georgia Tech,2026-09-27T02:30:00Z,48.0,48.0
2026-09-24T01:36:38.325023,Washington,Minnesota,2026-09-27T03:00:00Z,46.0,46.0
2026-09-24T01:36:38.325023,Virginia Tech,Pittsburgh,2026-10-02T23:00:00Z,,56.5
2026-09-24T01:36:38.325023,Northwestern,Penn State,2026-10-03T00:00:00Z,,48.5
2026-09-24T01:36:38.325023,Mississippi State,Alabama,2026-10-03T16:00:00Z,,58.5
2026-09-24T01:36:38.325023,Clemson,Miami,2026-10-03T16:00:00Z,,50.5
2026-09-24T01:36:38.325023,Georgia,Vanderbilt,2026-10-03T16:00:00Z,,57.5
2026-09-24T01:36:38.325023,NC State,Louisville,2026-10-03T16:00:00Z,,59.5
2026-09-24T01:36:38.325023,Minnesota,Michigan,2026-10-03T16:00:00Z,,44.5
2026-09-24T01:36:38.325023,North Carolina,Notre Dame,2026-10-03T16:00:00Z,,49.5
2026-09-24T01:36:38.325023,Tennessee,Auburn,2026-10-03T19:30:00Z,,57.5
2026-09-24T01:36:38.325023,Missouri,Florida,2026-10-03T19:30:00Z,,53.5
2026-09-24T01:36:38.325023,Iowa,Ohio State,2026-10-03T19:30:00Z,,44.5
2026-09-24T01:36:38.325023,South Carolina,Kentucky,2026-10-03T20:15:00Z,,49.5
2026-09-24T01:36:38.325023,TCU,BYU,2026-10-03T23:00:00Z,,52.5
2026-09-24T01:36:38.325023,USC,Washington,2026-10-03T23:30:00Z,,57.5
2026-09-24T16:11:37.863753,Coastal Carolina,Liberty,2026-09-24T23:30:00Z,50.0,50.5
2026-09-24T16:11:37.863753,Temple,Army,2026-09-25T20:00:00Z,48.0,48.0
2026-09-24T16:11:37.863753,UAB,Navy,2026-09-25T23:00:00Z,51.0,51.5
2026-09-24T16:11:37.863753,Indiana,Northwestern,2026-09-26T00:00:00Z,49.5,49.5
2026-09-24T16:11:37.863753,California,Clemson,2026-09-26T02:30:00Z,50.5,50.5
2026-09-24T16:11:37.863753,Akron,UNLV,2026-09-26T16:00:00Z,53.0,52.5
2026-09-24T16:11:37.863753,Kent State,Ball State,2026-09-26T16:00:00Z,51.0,50.5
2026-09-24T16:11:37.863753,Baylor,Colorado,2026-09-26T16:00:00Z,55.5,55.5
2026-09-24T16:11:37.863753,Boston College,Virginia Tech,2026-09-26T16:00:00Z,47.5,47.5
2026-09-24T16:11:37.863753,UTSA,Colorado State,2026-09-26T16:00:00Z,58.0,58.0
2026-09-24T16:11:37.863753,Ohio State,Illinois,2026-09-26T16:00:00Z,54.0,53.5
2026-09-24T16:11:37.863753,Louisville,Wake Forest,2026-09-26T16:00:00Z,58.0,57.5
2026-09-24T16:11:37.863753,Texas Tech,Sam Houston,2026-09-26T16:00:00Z,55.5,55.5
2026-09-24T16:11:37.863753,Toledo,San Diego State,2026-09-26T16:00:00Z,52.0,51.5
2026-09-24T16:11:37.863753,Tennessee,Texas,2026-09-26T16:00:00Z,55.5,55.5
2026-09-24T16:11:37.863753,Kentucky,South Alabama,2026-09-26T16:45:00Z,54.5,54.5
2026-09-24T16:11:37.863753,Maryland,UCLA,2026-09-26T17:30:00Z,57.0,56.5
2026-09-24T16:11:37.863753,Georgia State,Northern Illinois,2026-09-26T18:00:00Z,56.0,56.0
2026-09-24T16:11:37.863753,Purdue,Notre Dame,2026-09-26T18:00:00Z,58.0,58.0
2026-09-24T16:11:37.863753,Wyoming,Hawai'i,2026-09-26T19:00:00Z,44.5,44.5
2026-09-24T16:11:37.863753,Western Michigan,Boise State,2026-09-26T19:30:00Z,50.0,50.0
2026-09-24T16:11:37.863753,Florida,Ole Miss,2026-09-26T19:30:00Z,59.0,58.5
2026-09-24T16:11:37.863753,Georgia,Oklahoma,2026-09-26T19:30:00Z,44.5,44.5
2026-09-24T16:11:37.863753,Michigan,Iowa,2026-09-26T19:30:00Z,38.5,38.5
2026-09-24T16:11:37.863753,Iowa State,Utah,2026-09-26T19:30:00Z,48.0,48.0
2026-09-24T16:11:37.863753,Miami (OH),UConn,2026-09-26T19:30:00Z,51.5,51.5
2026-09-24T16:11:37.863753,New Mexico State,New Mexico,2026-09-26T19:30:00Z,48.5,48.5
2026-09-24T16:11:37.863753,UCF,TCU,2026-09-26T19:30:00Z,48.5,48.5
2026-09-24T16:11:37.863753,East Carolina,North Carolina,2026-09-26T20:00:00Z,,55.5
2026-09-24T16:11:37.863753,Georgia Southern,Houston,2026-09-26T20:00:00Z,56.5,56.5
2026-09-24T16:11:37.863753,Auburn,Vanderbilt,2026-09-26T20:15:00Z,55.0,55.0
2026-09-24T16:11:37.863753,Bowling Green,South Florida,2026-09-26T21:00:00Z,49.0,49.0
2026-09-24T16:11:37.863753,Michigan State,Nebraska,2026-09-26T21:00:00Z,49.0,48.5
2026-09-24T16:11:37.863753,Penn State,Wisconsin,2026-09-26T21:00:00Z,45.0,44.5
2026-09-24T16:11:37.863753,Virginia,Delaware,2026-09-26T22:00:00Z,52.5,52.5
2026-09-24T16:11:37.863753,Old Dominion,James Madison,2026-09-26T22:00:00Z,44.5,44.5
2026-09-24T16:11:37.863753,Miami,Central Michigan,2026-09-26T22:30:00Z,53.5,54.0
2026-09-24T16:11:37.863753,Charlotte,Louisiana,2026-09-26T22:30:00Z,49.0,48.5
2026-09-24T16:11:37.863753,Alabama,South Carolina,2026-09-26T23:00:00Z,54.0,53.5
2026-09-24T16:11:37.863753,Arkansas State,Kennesaw State,2026-09-26T23:00:00Z,52.5,52.5
2026-09-24T16:11:37.863753,Cincinnati,Kansas State,2026-09-26T23:00:00Z,55.5,55.5
2026-09-24T16:11:37.863753,Jacksonville State,Middle Tennessee,2026-09-26T23:00:00Z,51.5,51.5
2026-09-24T16:11:37.863753,West Virginia,Oklahoma State,2026-09-26T23:00:00Z,60.0,60.0
2026-09-24T16:11:37.863753,Tulane,Southern Miss,2026-09-26T23:00:00Z,52.5,52.5
2026-09-24T16:11:37.863753,NC State,App State,2026-09-26T23:30:00Z,55.0,55.0
2026-09-24T16:11:37.863753,Washington State,Arizona,2026-09-26T23:30:00Z,49.0,48.5
2026-09-24T16:11:37.863753,North Texas,Houston,2026-09-26T23:30:00Z,,58.5
2026-09-24T16:11:37.863753,LSU,Texas A&M,2026-09-26T23:30:00Z,51.5,51.5
2026-09-24T16:11:37.863753,USC,Oregon,2026-09-26T23:30:00Z,62.5,62.5
2026-09-24T16:11:37.863753,Utah State,Troy,2026-09-26T23:30:00Z,47.5,47.5
2026-09-24T16:11:37.863753,Mississippi State,Missouri,2026-09-26T23:45:00Z,58.5,58.5
2026-09-24T16:11:37.863753,Arkansas,Tulsa,2026-09-27T00:00:00Z,50.5,50.5
2026-09-24T16:11:37.863753,Louisiana Monroe,Florida Atlantic,2026-09-27T00:00:00Z,57.5,57.5
2026-09-24T16:11:37.863753,SMU,Missouri State,2026-09-27T01:00:00Z,60.0,59.5
2026-09-24T16:11:37.863753,UTEP,Oregon State,2026-09-27T01:00:00Z,55.5,55.5
2026-09-24T16:11:37.863753,Fresno State,Rice,2026-09-27T02:00:00Z,44.0,44.5
2026-09-24T16:11:37.863753,Nevada,Air Force,2026-09-27T02:30:00Z,49.5,49.5
2026-09-24T16:11:37.863753,Stanford,Georgia Tech,2026-09-27T02:30:00Z,48.0,48.0
2026-09-24T16:11:37.863753,Washington,Minnesota,2026-09-27T03:00:00Z,46.0,46.0
2026-09-24T16:11:37.863753,Virginia Tech,Pittsburgh,2026-10-02T23:00:00Z,,56.5
2026-09-24T16:11:37.863753,Northwestern,Penn State,2026-10-03T00:00:00Z,,48.5
2026-09-24T16:11:37.863753,Mississippi State,Alabama,2026-10-03T16:00:00Z,,58.5
2026-09-24T16:11:37.863753,Clemson,Miami,2026-10-03T16:00:00Z,,50.5
2026-09-24T16:11:37.863753,Georgia,Vanderbilt,2026-10-03T16:00:00Z,,57.5
2026-09-24T16:11:37.863753,NC State,Louisville,2026-10-03T16:00:00Z,,59.5
2026-09-24T16:11:37.863753,Minnesota,Michigan,2026-10-03T16:00:00Z,,43.5
2026-09-24T16:11:37.863753,North Carolina,Notre Dame,2026-10-03T16:00:00Z,,49.5
2026-09-24T16:11:37.863753,Tennessee,Auburn,2026-10-03T19:30:00Z,,57.5
2026-09-24T16:11:37.863753,Missouri,Florida,2026-10-03T19:30:00Z,,53.5
2026-09-24T16:11:37.863753,Iowa,Ohio State,2026-10-03T19:30:00Z,,44.5
2026-09-24T16:11:37.863753,South Carolina,Kentucky,2026-10-03T20:15:00Z,,49.5
2026-09-24T16:11:37.863753,TCU,BYU,2026-10-03T23:00:00Z,,52.5
2026-09-24T16:11:37.863753,USC,Washington,2026-10-03T23:30:00Z,,57.5
2026-09-25T01:46:06.394188,Coastal Carolina,Liberty,2026-09-24T23:38:00Z,54.0,53.5
2026-09-25T01:46:06.394188,Temple,Army,2026-09-25T20:00:00Z,48.0,48.5
2026-09-25T01:46:06.394188,UAB,Navy,2026-09-25T23:00:00Z,51.0,51.5
2026-09-25T01:46:06.394188,Indiana,Northwestern,2026-09-26T00:00:00Z,49.5,49.5
2026-09-25T01:46:06.394188,California,Clemson,2026-09-26T02:30:00Z,51.0,50.5
2026-09-25T01:46:06.394188,Akron,UNLV,2026-09-26T16:00:00Z,53.0,52.5
2026-09-25T01:46:06.394188,Kent State,Ball State,2026-09-26T16:00:00Z,51.0,50.5
2026-09-25T01:46:06.394188,Baylor,Colorado,2026-09-26T16:00:00Z,55.5,55.5
2026-09-25T01:46:06.394188,Boston College,Virginia Tech,2026-09-26T16:00:00Z,47.5,47.5
2026-09-25T01:46:06.394188,UTSA,Colorado State,2026-09-26T16:00:00Z,58.0,58.0
2026-09-25T01:46:06.394188,Ohio State,Illinois,2026-09-26T16:00:00Z,,53.5
2026-09-25T01:46:06.394188,Louisville,Wake Forest,2026-09-26T16:00:00Z,57.5,57.5
2026-09-25T01:46:06.394188,Texas Tech,Sam Houston,2026-09-26T16:00:00Z,56.0,55.75
2026-09-25T01:46:06.394188,Toledo,San Diego State,2026-09-26T16:00:00Z,51.5,51.5
2026-09-25T01:46:06.394188,Tennessee,Texas,2026-09-26T16:00:00Z,55.5,55.5
2026-09-25T01:46:06.394188,Kentucky,South Alabama,2026-09-26T16:45:00Z,54.5,54.5
2026-09-25T01:46:06.394188,Maryland,UCLA,2026-09-26T17:30:00Z,57.0,56.5
2026-09-25T01:46:06.394188,Georgia State,Northern Illinois,2026-09-26T18:00:00Z,56.5,56.0
2026-09-25T01:46:06.394188,Purdue,Notre Dame,2026-09-26T18:00:00Z,58.0,58.0
2026-09-25T01:46:06.394188,Wyoming,Hawai'i,2026-09-26T19:00:00Z,44.0,43.5
2026-09-25T01:46:06.394188,Western Michigan,Boise State,2026-09-26T19:30:00Z,50.0,49.5
2026-09-25T01:46:06.394188,Florida,Ole Miss,2026-09-26T19:30:00Z,59.0,59.0
2026-09-25T01:46:06.394188,Georgia,Oklahoma,2026-09-26T19:30:00Z,44.5,44.5
2026-09-25T01:46:06.394188,Michigan,Iowa,2026-09-26T19:30:00Z,38.5,38.5
2026-09-25T01:46:06.394188,Iowa State,Utah,2026-09-26T19:30:00Z,48.0,48.0
2026-09-25T01:46:06.394188,Miami (OH),UConn,2026-09-26T19:30:00Z,52.0,51.5
2026-09-25T01:46:06.394188,New Mexico State,New Mexico,2026-09-26T19:30:00Z,48.5,48.5
2026-09-25T01:46:06.394188,UCF,TCU,2026-09-26T19:30:00Z,48.5,48.5
2026-09-25T01:46:06.394188,East Carolina,North Carolina,2026-09-26T20:00:00Z,,56.5
2026-09-25T01:46:06.394188,Georgia Southern,Houston,2026-09-26T20:00:00Z,56.5,56.5
2026-09-25T01:46:06.394188,Auburn,Vanderbilt,2026-09-26T20:15:00Z,55.0,55.0
2026-09-25T01:46:06.394188,Bowling Green,South Florida,2026-09-26T21:00:00Z,49.0,49.0
2026-09-25T01:46:06.394188,Michigan State,Nebraska,2026-09-26T21:00:00Z,49.0,48.5
2026-09-25T01:46:06.394188,Penn State,Wisconsin,2026-09-26T21:00:00Z,44.5,44.5
2026-09-25T01:46:06.394188,Virginia,Delaware,2026-09-26T22:00:00Z,52.5,52.5
2026-09-25T01:46:06.394188,Old Dominion,James Madison,2026-09-26T22:00:00Z,44.5,44.5
2026-09-25T01:46:06.394188,Miami,Central Michigan,2026-09-26T22:30:00Z,53.5,54.0
2026-09-25T01:46:06.394188,Charlotte,Louisiana,2026-09-26T22:30:00Z,49.0,48.5
2026-09-25T01:46:06.394188,Alabama,South Carolina,2026-09-26T23:00:00Z,54.0,54.0
2026-09-25T01:46:06.394188,Arkansas State,Kennesaw State,2026-09-26T23:00:00Z,53.0,52.5
2026-09-25T01:46:06.394188,Cincinnati,Kansas State,2026-09-26T23:00:00Z,55.5,55.5
2026-09-25T01:46:06.394188,Jacksonville State,Middle Tennessee,2026-09-26T23:00:00Z,51.5,51.5
2026-09-25T01:46:06.394188,West Virginia,Oklahoma State,2026-09-26T23:00:00Z,61.0,61.0
2026-09-25T01:46:06.394188,Tulane,Southern Miss,2026-09-26T23:00:00Z,52.5,52.5
2026-09-25T01:46:06.394188,NC State,App State,2026-09-26T23:30:00Z,55.0,55.0
2026-09-25T01:46:06.394188,Washington State,Arizona,2026-09-26T23:30:00Z,48.0,48.0
2026-09-25T01:46:06.394188,North Texas,Houston,2026-09-26T23:30:00Z,,58.5
2026-09-25T01:46:06.394188,LSU,Texas A&M,2026-09-26T23:30:00Z,52.0,52.0
2026-09-25T01:46:06.394188,USC,Oregon,2026-09-26T23:30:00Z,61.5,61.5
2026-09-25T01:46:06.394188,Utah State,Troy,2026-09-26T23:30:00Z,47.0,47.0
2026-09-25T01:46:06.394188,Mississippi State,Missouri,2026-09-26T23:45:00Z,58.5,58.5
2026-09-25T01:46:06.394188,Arkansas,Tulsa,2026-09-27T00:00:00Z,51.0,50.5
2026-09-25T01:46:06.394188,Louisiana Monroe,Florida Atlantic,2026-09-27T00:00:00Z,57.5,57.5
2026-09-25T01:46:06.394188,SMU,Missouri State,2026-09-27T01:00:00Z,60.0,59.5
2026-09-25T01:46:06.394188,UTEP,Oregon State,2026-09-27T01:00:00Z,56.5,56.5
2026-09-25T01:46:06.394188,Fresno State,Rice,2026-09-27T02:00:00Z,44.0,44.5
2026-09-25T01:46:06.394188,Nevada,Air Force,2026-09-27T02:30:00Z,49.5,49.5
2026-09-25T01:46:06.394188,Stanford,Georgia Tech,2026-09-27T02:30:00Z,48.0,48.0
2026-09-25T01:46:06.394188,Washington,Minnesota,2026-09-27T03:00:00Z,46.0,46.0
2026-09-25T01:46:06.394188,Virginia Tech,Pittsburgh,2026-10-02T23:00:00Z,,56.5
2026-09-25T01:46:06.394188,Northwestern,Penn State,2026-10-03T00:00:00Z,,48.5
2026-09-25T01:46:06.394188,Mississippi State,Alabama,2026-10-03T16:00:00Z,,59.5
2026-09-25T01:46:06.394188,Clemson,Miami,2026-10-03T16:00:00Z,,51.0
2026-09-25T01:46:06.394188,Georgia,Vanderbilt,2026-10-03T16:00:00Z,,57.5
2026-09-25T01:46:06.394188,NC State,Louisville,2026-10-03T16:00:00Z,,59.5
2026-09-25T01:46:06.394188,Minnesota,Michigan,2026-10-03T16:00:00Z,,43.5
2026-09-25T01:46:06.394188,North Carolina,Notre Dame,2026-10-03T16:00:00Z,,49.5
2026-09-25T01:46:06.394188,Tennessee,Auburn,2026-10-03T19:30:00Z,,58.0
2026-09-25T01:46:06.394188,Missouri,Florida,2026-10-03T19:30:00Z,,53.0
2026-09-25T01:46:06.394188,Iowa,Ohio State,2026-10-03T19:30:00Z,,44.0
2026-09-25T01:46:06.394188,South Carolina,Kentucky,2026-10-03T20:15:00Z,,49.5
2026-09-25T01:46:06.394188,TCU,BYU,2026-10-03T23:00:00Z,,52.5
2026-09-25T01:46:06.394188,USC,Washington,2026-10-03T23:30:00Z,,57.5
2026-09-25T16:11:58.018795,Temple,Army,2026-09-25T20:00:00Z,48.0,47.5
2026-09-25T16:11:58.018795,UAB,Navy,2026-09-25T23:00:00Z,51.0,51.5
2026-09-25T16:11:58.018795,Indiana,Northwestern,2026-09-26T00:00:00Z,50.0,49.5
2026-09-25T16:11:58.018795,California,Clemson,2026-09-26T02:30:00Z,51.0,51.0
2026-09-25T16:11:58.018795,Akron,UNLV,2026-09-26T16:00:00Z,53.0,52.5
2026-09-25T16:11:58.018795,Kent State,Ball State,2026-09-26T16:00:00Z,51.0,50.5
2026-09-25T16:11:58.018795,Baylor,Colorado,2026-09-26T16:00:00Z,55.5,55.5
2026-09-25T16:11:58.018795,Boston College,Virginia Tech,2026-09-26T16:00:00Z,47.0,47.5
2026-09-25T16:11:58.018795,UTSA,Colorado State,2026-09-26T16:00:00Z,56.5,57.0
2026-09-25T16:11:58.018795,Ohio State,Illinois,2026-09-26T16:00:00Z,,53.5
2026-09-25T16:11:58.018795,Louisville,Wake Forest,2026-09-26T16:00:00Z,57.5,57.0
2026-09-25T16:11:58.018795,Texas Tech,Sam Houston,2026-09-26T16:00:00Z,56.0,56.0
2026-09-25T16:11:58.018795,Toledo,San Diego State,2026-09-26T16:00:00Z,51.5,51.5
2026-09-25T16:11:58.018795,Tennessee,Texas,2026-09-26T16:00:00Z,55.5,54.5
2026-09-25T16:11:58.018795,Kentucky,South Alabama,2026-09-26T16:45:00Z,54.5,54.5
2026-09-25T16:11:58.018795,Maryland,UCLA,2026-09-26T17:30:00Z,56.5,56.5
2026-09-25T16:11:58.018795,Georgia State,Northern Illinois,2026-09-26T18:00:00Z,56.5,56.0
2026-09-25T16:11:58.018795,Purdue,Notre Dame,2026-09-26T18:00:00Z,58.0,58.0
2026-09-25T16:11:58.018795,Wyoming,Hawai'i,2026-09-26T19:00:00Z,43.5,43.5
2026-09-25T16:11:58.018795,Western Michigan,Boise State,2026-09-26T19:30:00Z,50.0,49.5
2026-09-25T16:11:58.018795,Florida,Ole Miss,2026-09-26T19:30:00Z,59.0,59.0
2026-09-25T16:11:58.018795,Georgia,Oklahoma,2026-09-26T19:30:00Z,44.5,44.5
2026-09-25T16:11:58.018795,Michigan,Iowa,2026-09-26T19:30:00Z,38.0,38.5
2026-09-25T16:11:58.018795,Iowa State,Utah,2026-09-26T19:30:00Z,47.5,47.75
2026-09-25T16:11:58.018795,Miami (OH),UConn,2026-09-26T19:30:00Z,52.0,51.5
2026-09-25T16:11:58.018795,New Mexico State,New Mexico,2026-09-26T19:30:00Z,48.5,48.5
2026-09-25T16:11:58.018795,UCF,TCU,2026-09-26T19:30:00Z,48.5,48.5
2026-09-25T16:11:58.018795,East Carolina,North Carolina,2026-09-26T20:00:00Z,,56.5
2026-09-25T16:11:58.018795,Georgia Southern,Houston,2026-09-26T20:00:00Z,56.5,56.5
2026-09-25T16:11:58.018795,Auburn,Vanderbilt,2026-09-26T20:15:00Z,55.5,55.0
2026-09-25T16:11:58.018795,Bowling Green,South Florida,2026-09-26T21:00:00Z,49.0,49.0
2026-09-25T16:11:58.018795,Michigan State,Nebraska,2026-09-26T21:00:00Z,49.0,48.5
2026-09-25T16:11:58.018795,Penn State,Wisconsin,2026-09-26T21:00:00Z,44.0,44.0
2026-09-25T16:11:58.018795,Virginia,Delaware,2026-09-26T22:00:00Z,52.5,52.5
2026-09-25T16:11:58.018795,Old Dominion,James Madison,2026-09-26T22:00:00Z,44.5,44.5
2026-09-25T16:11:58.018795,Miami,Central Michigan,2026-09-26T22:30:00Z,53.5,54.0
2026-09-25T16:11:58.018795,Charlotte,Louisiana,2026-09-26T22:30:00Z,49.0,48.5
2026-09-25T16:11:58.018795,Alabama,South Carolina,2026-09-26T23:00:00Z,54.0,54.0
2026-09-25T16:11:58.018795,Arkansas State,Kennesaw State,2026-09-26T23:00:00Z,53.0,53.0
2026-09-25T16:11:58.018795,Cincinnati,Kansas State,2026-09-26T23:00:00Z,55.5,55.5
2026-09-25T16:11:58.018795,Jacksonville State,Middle Tennessee,2026-09-26T23:00:00Z,51.5,51.5
2026-09-25T16:11:58.018795,West Virginia,Oklahoma State,2026-09-26T23:00:00Z,61.0,61.5
2026-09-25T16:11:58.018795,Tulane,Southern Miss,2026-09-26T23:00:00Z,52.5,52.5
2026-09-25T16:11:58.018795,NC State,App State,2026-09-26T23:30:00Z,55.0,55.0
2026-09-25T16:11:58.018795,Washington State,Arizona,2026-09-26T23:30:00Z,48.0,48.0
2026-09-25T16:11:58.018795,North Texas,Houston,2026-09-26T23:30:00Z,,59.5
2026-09-25T16:11:58.018795,LSU,Texas A&M,2026-09-26T23:30:00Z,52.0,52.0
2026-09-25T16:11:58.018795,USC,Oregon,2026-09-26T23:30:00Z,61.5,61.5
2026-09-25T16:11:58.018795,Utah State,Troy,2026-09-26T23:30:00Z,47.0,47.0
2026-09-25T16:11:58.018795,Mississippi State,Missouri,2026-09-26T23:45:00Z,58.5,58.5
2026-09-25T16:11:58.018795,Arkansas,Tulsa,2026-09-27T00:00:00Z,51.0,50.5
2026-09-25T16:11:58.018795,Louisiana Monroe,Florida Atlantic,2026-09-27T00:00:00Z,58.5,58.0
2026-09-25T16:11:58.018795,SMU,Missouri State,2026-09-27T01:00:00Z,60.0,59.5
2026-09-25T16:11:58.018795,UTEP,Oregon State,2026-09-27T01:00:00Z,56.0,56.0
2026-09-25T16:11:58.018795,Fresno State,Rice,2026-09-27T02:00:00Z,44.0,44.5
2026-09-25T16:11:58.018795,Nevada,Air Force,2026-09-27T02:30:00Z,50.5,50.5
2026-09-25T16:11:58.018795,Stanford,Georgia Tech,2026-09-27T02:30:00Z,48.5,48.5
2026-09-25T16:11:58.018795,Washington,Minnesota,2026-09-27T03:00:00Z,46.0,46.0
2026-09-25T16:11:58.018795,Virginia Tech,Pittsburgh,2026-10-02T23:00:00Z,,56.5
2026-09-25T16:11:58.018795,Northwestern,Penn State,2026-10-03T00:00:00Z,,48.5
2026-09-25T16:11:58.018795,Mississippi State,Alabama,2026-10-03T16:00:00Z,,59.5
2026-09-25T16:11:58.018795,Clemson,Miami,2026-10-03T16:00:00Z,,51.0
2026-09-25T16:11:58.018795,Georgia,Vanderbilt,2026-10-03T16:00:00Z,,57.5
2026-09-25T16:11:58.018795,NC State,Louisville,2026-10-03T16:00:00Z,,59.5
2026-09-25T16:11:58.018795,Minnesota,Michigan,2026-10-03T16:00:00Z,,43.5
2026-09-25T16:11:58.018795,North Carolina,Notre Dame,2026-10-03T16:00:00Z,,49.5
2026-09-25T16:11:58.018795,Tennessee,Auburn,2026-10-03T19:30:00Z,,58.0
2026-09-25T16:11:58.018795,Missouri,Florida,2026-10-03T19:30:00Z,,54.0
2026-09-25T16:11:58.018795,Iowa,Ohio State,2026-10-03T19:30:00Z,,44.0
2026-09-25T16:11:58.018795,South Carolina,Kentucky,2026-10-03T20:15:00Z,,49.5
2026-09-25T16:11:58.018795,TCU,BYU,2026-10-03T23:00:00Z,,52.5
2026-09-25T16:11:58.018795,USC,Washington,2026-10-03T23:30:00Z,,57.5
2026-09-26T01:51:30.874079,UAB,Navy,2026-09-25T23:05:00Z,51.5,51.5
2026-09-26T01:51:30.874079,Indiana,Northwestern,2026-09-26T00:08:00Z,34.5,34.5
2026-09-26T01:51:30.874079,California,Clemson,2026-09-26T02:30:00Z,51.5,51.5
2026-09-26T01:51:30.874079,Akron,UNLV,2026-09-26T16:00:00Z,53.0,52.5
2026-09-26T01:51:30.874079,Kent State,Ball State,2026-09-26T16:00:00Z,51.0,51.0
2026-09-26T01:51:30.874079,Baylor,Colorado,2026-09-26T16:00:00Z,55.5,55.5
2026-09-26T01:51:30.874079,Boston College,Virginia Tech,2026-09-26T16:00:00Z,46.5,47.0
2026-09-26T01:51:30.874079,UTSA,Colorado State,2026-09-26T16:00:00Z,56.5,57.0
2026-09-26T01:51:30.874079,Ohio State,Illinois,2026-09-26T16:00:00Z,53.5,54.0
2026-09-26T01:51:30.874079,Louisville,Wake Forest,2026-09-26T16:00:00Z,57.0,57.0
2026-09-26T01:51:30.874079,Texas Tech,Sam Houston,2026-09-26T16:00:00Z,56.0,56.25
2026-09-26T01:51:30.874079,Toledo,San Diego State,2026-09-26T16:00:00Z,51.0,51.5
2026-09-26T01:51:30.874079,Tennessee,Texas,2026-09-26T16:00:00Z,55.0,54.5
2026-09-26T01:51:30.874079,Kentucky,South Alabama,2026-09-26T16:45:00Z,54.0,53.5
2026-09-26T01:51:30.874079,Maryland,UCLA,2026-09-26T17:30:00Z,56.5,56.5
2026-09-26T01:51:30.874079,Georgia State,Northern Illinois,2026-09-26T18:00:00Z,56.5,56.5
2026-09-26T01:51:30.874079,Purdue,Notre Dame,2026-09-26T18:00:00Z,57.0,57.5
2026-09-26T01:51:30.874079,Wyoming,Hawai'i,2026-09-26T19:00:00Z,43.5,43.5
2026-09-26T01:51:30.874079,Western Michigan,Boise State,2026-09-26T19:30:00Z,50.0,49.5
2026-09-26T01:51:30.874079,Florida,Ole Miss,2026-09-26T19:30:00Z,58.5,58.75
2026-09-26T01:51:30.874079,Georgia,Oklahoma,2026-09-26T19:30:00Z,44.0,44.0
2026-09-26T01:51:30.874079,Michigan,Iowa,2026-09-26T19:30:00Z,38.0,38.5
2026-09-26T01:51:30.874079,Iowa State,Utah,2026-09-26T19:30:00Z,47.5,47.5
2026-09-26T01:51:30.874079,Miami (OH),UConn,2026-09-26T19:30:00Z,52.5,51.5
2026-09-26T01:51:30.874079,New Mexico State,New Mexico,2026-09-26T19:30:00Z,48.5,48.5
2026-09-26T01:51:30.874079,UCF,TCU,2026-09-26T19:30:00Z,48.5,48.5
2026-09-26T01:51:30.874079,East Carolina,North Carolina,2026-09-26T20:00:00Z,56.5,56.5
2026-09-26T01:51:30.874079,Georgia Southern,Houston,2026-09-26T20:00:00Z,56.5,56.5
2026-09-26T01:51:30.874079,Auburn,Vanderbilt,2026-09-26T20:15:00Z,55.5,55.5
2026-09-26T01:51:30.874079,Bowling Green,South Florida,2026-09-26T21:00:00Z,49.0,48.5
2026-09-26T01:51:30.874079,Michigan State,Nebraska,2026-09-26T21:00:00Z,49.0,48.5
2026-09-26T01:51:30.874079,Penn State,Wisconsin,2026-09-26T21:00:00Z,44.0,44.0
2026-09-26T01:51:30.874079,Virginia,Delaware,2026-09-26T22:00:00Z,52.5,52.5
2026-09-26T01:51:30.874079,Old Dominion,James Madison,2026-09-26T22:00:00Z,45.0,44.5
2026-09-26T01:51:30.874079,Miami,Central Michigan,2026-09-26T22:30:00Z,53.5,54.0
2026-09-26T01:51:30.874079,Charlotte,Louisiana,2026-09-26T22:30:00Z,49.5,49.0
2026-09-26T01:51:30.874079,Alabama,South Carolina,2026-09-26T23:00:00Z,54.0,54.0
2026-09-26T01:51:30.874079,Arkansas State,Kennesaw State,2026-09-26T23:00:00Z,53.0,53.0
2026-09-26T01:51:30.874079,Cincinnati,Kansas State,2026-09-26T23:00:00Z,55.5,55.5
2026-09-26T01:51:30.874079,Jacksonville State,Middle Tennessee,2026-09-26T23:00:00Z,51.5,51.5
2026-09-26T01:51:30.874079,West Virginia,Oklahoma State,2026-09-26T23:00:00Z,61.0,60.5
2026-09-26T01:51:30.874079,Tulane,Southern Miss,2026-09-26T23:00:00Z,52.5,52.5
2026-09-26T01:51:30.874079,NC State,App State,2026-09-26T23:30:00Z,55.5,55.5
2026-09-26T01:51:30.874079,Washington State,Arizona,2026-09-26T23:30:00Z,48.0,48.0
2026-09-26T01:51:30.874079,North Texas,Houston,2026-09-26T23:30:00Z,60.0,59.5
2026-09-26T01:51:30.874079,LSU,Texas A&M,2026-09-26T23:30:00Z,52.0,52.0
2026-09-26T01:51:30.874079,USC,Oregon,2026-09-26T23:30:00Z,61.5,61.5
2026-09-26T01:51:30.874079,Utah State,Troy,2026-09-26T23:30:00Z,47.0,47.0
2026-09-26T01:51:30.874079,Mississippi State,Missouri,2026-09-26T23:45:00Z,58.5,58.5
2026-09-26T01:51:30.874079,Arkansas,Tulsa,2026-09-27T00:00:00Z,51.0,50.5
2026-09-26T01:51:30.874079,Louisiana Monroe,Florida Atlantic,2026-09-27T00:00:00Z,58.0,58.0
2026-09-26T01:51:30.874079,SMU,Missouri State,2026-09-27T01:00:00Z,60.0,59.5
2026-09-26T01:51:30.874079,UTEP,Oregon State,2026-09-27T01:00:00Z,56.0,56.0
2026-09-26T01:51:30.874079,Fresno State,Rice,2026-09-27T02:00:00Z,44.0,44.5
2026-09-26T01:51:30.874079,Nevada,Air Force,2026-09-27T02:30:00Z,50.5,50.5
2026-09-26T01:51:30.874079,Stanford,Georgia Tech,2026-09-27T02:30:00Z,48.5,48.5
2026-09-26T01:51:30.874079,Washington,Minnesota,2026-09-27T03:00:00Z,46.0,46.0
2026-09-26T01:51:30.874079,Virginia Tech,Pittsburgh,2026-10-02T23:00:00Z,,56.5
2026-09-26T01:51:30.874079,Northwestern,Penn State,2026-10-03T00:00:00Z,,48.25
2026-09-26T01:51:30.874079,Mississippi State,Alabama,2026-10-03T16:00:00Z,,60.0
2026-09-26T01:51:30.874079,Clemson,Miami,2026-10-03T16:00:00Z,,52.5
2026-09-26T01:51:30.874079,Georgia,Vanderbilt,2026-10-03T16:00:00Z,,57.5
2026-09-26T01:51:30.874079,NC State,Louisville,2026-10-03T16:00:00Z,,59.5
2026-09-26T01:51:30.874079,Minnesota,Michigan,2026-10-03T16:00:00Z,,43.0
2026-09-26T01:51:30.874079,North Carolina,Notre Dame,2026-10-03T16:00:00Z,,49.5
2026-09-26T01:51:30.874079,Tennessee,Auburn,2026-10-03T19:30:00Z,,58.5
2026-09-26T01:51:30.874079,Missouri,Florida,2026-10-03T19:30:00Z,,54.5
2026-09-26T01:51:30.874079,Iowa,Ohio State,2026-10-03T19:30:00Z,,44.0
2026-09-26T01:51:30.874079,South Carolina,Kentucky,2026-10-03T20:15:00Z,,49.5
2026-09-26T01:51:30.874079,TCU,BYU,2026-10-03T23:00:00Z,,52.5
2026-09-26T01:51:30.874079,USC,Washington,2026-10-03T23:30:00Z,,57.5
2026-09-26T15:25:58.382190,Akron,UNLV,2026-09-26T16:00:00Z,53.0,52.5
2026-09-26T15:25:58.382190,Baylor,Colorado,2026-09-26T16:00:00Z,54.0,54.5
2026-09-26T15:25:58.382190,Boston College,Virginia Tech,2026-09-26T16:00:00Z,46.5,46.5
2026-09-26T15:25:58.382190,Ohio State,Illinois,2026-09-26T16:00:00Z,54.0,54.0
2026-09-26T15:25:58.382190,Louisville,Wake Forest,2026-09-26T16:00:00Z,57.5,57.5
2026-09-26T15:25:58.382190,Toledo,San Diego State,2026-09-26T16:00:00Z,50.5,50.5
2026-09-26T15:25:58.382190,Tennessee,Texas,2026-09-26T16:00:00Z,55.0,55.0
2026-09-26T15:25:58.382190,Texas Tech,Sam Houston,2026-09-26T16:04:00Z,56.5,56.5
2026-09-26T15:25:58.382190,UTSA,Colorado State,2026-09-26T16:05:00Z,56.5,56.5
2026-09-26T15:25:58.382190,Kent State,Ball State,2026-09-26T16:07:00Z,51.0,50.5
2026-09-26T15:25:58.382190,Kentucky,South Alabama,2026-09-26T16:45:00Z,54.0,54.0
2026-09-26T15:25:58.382190,Maryland,UCLA,2026-09-26T17:30:00Z,56.0,55.5
2026-09-26T15:25:58.382190,Georgia State,Northern Illinois,2026-09-26T18:00:00Z,56.5,56.5
2026-09-26T15:25:58.382190,Purdue,Notre Dame,2026-09-26T18:00:00Z,57.0,57.5
2026-09-26T15:25:58.382190,Wyoming,Hawai'i,2026-09-26T19:00:00Z,43.5,43.5
2026-09-26T15:25:58.382190,Western Michigan,Boise State,2026-09-26T19:30:00Z,50.5,50.5
2026-09-26T15:25:58.382190,Florida,Ole Miss,2026-09-26T19:30:00Z,59.0,59.0
2026-09-26T15:25:58.382190,Georgia,Oklahoma,2026-09-26T19:30:00Z,44.0,44.0
2026-09-26T15:25:58.382190,Michigan,Iowa,2026-09-26T19:30:00Z,38.5,38.5
2026-09-26T15:25:58.382190,Iowa State,Utah,2026-09-26T19:30:00Z,47.0,47.5
2026-09-26T15:25:58.382190,Miami (OH),UConn,2026-09-26T19:30:00Z,52.0,51.5
2026-09-26T15:25:58.382190,New Mexico State,New Mexico,2026-09-26T19:30:00Z,47.5,48.0
2026-09-26T15:25:58.382190,UCF,TCU,2026-09-26T19:30:00Z,48.0,48.0
2026-09-26T15:25:58.382190,East Carolina,North Carolina,2026-09-26T20:00:00Z,57.5,57.5
2026-09-26T15:25:58.382190,Georgia Southern,Houston,2026-09-26T20:00:00Z,56.5,56.5
2026-09-26T15:25:58.382190,Auburn,Vanderbilt,2026-09-26T20:15:00Z,56.0,55.5
2026-09-26T15:25:58.382190,Bowling Green,South Florida,2026-09-26T21:00:00Z,49.0,48.5
2026-09-26T15:25:58.382190,Michigan State,Nebraska,2026-09-26T21:00:00Z,49.0,49.0
2026-09-26T15:25:58.382190,Penn State,Wisconsin,2026-09-26T21:00:00Z,44.0,44.0
2026-09-26T15:25:58.382190,Virginia,Delaware,2026-09-26T22:00:00Z,52.5,52.5
2026-09-26T15:25:58.382190,Old Dominion,James Madison,2026-09-26T22:00:00Z,42.5,42.5
2026-09-26T15:25:58.382190,Miami,Central Michigan,2026-09-26T22:30:00Z,53.5,53.5
2026-09-26T15:25:58.382190,Charlotte,Louisiana,2026-09-26T22:30:00Z,49.5,49.0
2026-09-26T15:25:58.382190,Alabama,South Carolina,2026-09-26T23:00:00Z,54.0,54.0
2026-09-26T15:25:58.382190,Arkansas State,Kennesaw State,2026-09-26T23:00:00Z,52.5,53.0
2026-09-26T15:25:58.382190,Cincinnati,Kansas State,2026-09-26T23:00:00Z,55.5,55.5
2026-09-26T15:25:58.382190,Jacksonville State,Middle Tennessee,2026-09-26T23:00:00Z,51.5,51.5
2026-09-26T15:25:58.382190,West Virginia,Oklahoma State,2026-09-26T23:00:00Z,61.0,61.0
2026-09-26T15:25:58.382190,Tulane,Southern Miss,2026-09-26T23:00:00Z,52.5,52.5
2026-09-26T15:25:58.382190,NC State,App State,2026-09-26T23:30:00Z,55.5,55.5
2026-09-26T15:25:58.382190,Washington State,Arizona,2026-09-26T23:30:00Z,48.0,48.0
2026-09-26T15:25:58.382190,North Texas,Houston,2026-09-26T23:30:00Z,60.5,60.0
2026-09-26T15:25:58.382190,LSU,Texas A&M,2026-09-26T23:30:00Z,52.0,52.0
2026-09-26T15:25:58.382190,USC,Oregon,2026-09-26T23:30:00Z,61.5,61.5
2026-09-26T15:25:58.382190,Utah State,Troy,2026-09-26T23:30:00Z,47.5,47.0
2026-09-26T15:25:58.382190,Mississippi State,Missouri,2026-09-26T23:45:00Z,58.5,58.5
2026-09-26T15:25:58.382190,Arkansas,Tulsa,2026-09-27T00:00:00Z,50.5,50.5
2026-09-26T15:25:58.382190,Louisiana Monroe,Florida Atlantic,2026-09-27T00:00:00Z,58.0,58.0
2026-09-26T15:25:58.382190,SMU,Missouri State,2026-09-27T01:00:00Z,60.0,60.0
2026-09-26T15:25:58.382190,UTEP,Oregon State,2026-09-27T01:00:00Z,56.0,56.0
2026-09-26T15:25:58.382190,Fresno State,Rice,2026-09-27T02:00:00Z,43.5,43.5
2026-09-26T15:25:58.382190,Nevada,Air Force,2026-09-27T02:30:00Z,50.5,50.5
2026-09-26T15:25:58.382190,Stanford,Georgia Tech,2026-09-27T02:30:00Z,48.5,48.5
2026-09-26T15:25:58.382190,Washington,Minnesota,2026-09-27T03:00:00Z,46.0,46.0
2026-09-26T15:25:58.382190,Virginia Tech,Pittsburgh,2026-10-02T23:00:00Z,,56.5
2026-09-26T15:25:58.382190,Mississippi State,Alabama,2026-10-03T16:00:00Z,,60.0
2026-09-26T15:25:58.382190,Clemson,Miami,2026-10-03T16:00:00Z,,51.5
2026-09-26T15:25:58.382190,Georgia,Vanderbilt,2026-10-03T16:00:00Z,,57.5
2026-09-26T15:25:58.382190,NC State,Louisville,2026-10-03T16:00:00Z,,59.5
2026-09-26T15:25:58.382190,Minnesota,Michigan,2026-10-03T16:00:00Z,,43.0
2026-09-26T15:25:58.382190,North Carolina,Notre Dame,2026-10-03T16:00:00Z,,49.5
2026-09-26T15:25:58.382190,Tennessee,Auburn,2026-10-03T19:30:00Z,,58.5
2026-09-26T15:25:58.382190,Missouri,Florida,2026-10-03T19:30:00Z,,54.5
2026-09-26T15:25:58.382190,Iowa,Ohio State,2026-10-03T19:30:00Z,,44.0
2026-09-26T15:25:58.382190,South Carolina,Kentucky,2026-10-03T20:15:00Z,,49.5
2026-09-26T15:25:58.382190,TCU,BYU,2026-10-03T23:00:00Z,,52.5
2026-09-26T15:25:58.382190,USC,Washington,2026-10-03T23:30:00Z,,57.5
2026-09-27T01:40:38.599811,Old Dominion,James Madison,2026-09-26T22:00:00Z,66.5,66.5
2026-09-27T01:40:38.599811,Charlotte,Louisiana,2026-09-26T22:34:00Z,40.5,40.5
2026-09-27T01:40:38.599811,Miami,Central Michigan,2026-09-26T22:40:49Z,61.5,55.5
2026-09-27T01:40:38.599811,Arkansas State,Kennesaw State,2026-09-26T23:00:00Z,38.5,38.5
2026-09-27T01:40:38.599811,Cincinnati,Kansas State,2026-09-26T23:00:00Z,58.0,61.5
2026-09-27T01:40:38.599811,Jacksonville State,Middle Tennessee,2026-09-26T23:00:00Z,39.5,39.5
2026-09-27T01:40:38.599811,West Virginia,Oklahoma State,2026-09-26T23:05:29Z,72.5,72.5
2026-09-27T01:40:38.599811,Tulane,Southern Miss,2026-09-26T23:06:00Z,52.5,52.5
2026-09-27T01:40:38.599811,Alabama,South Carolina,2026-09-26T23:11:02Z,59.0,59.0
2026-09-27T01:40:38.599811,NC State,App State,2026-09-26T23:33:00Z,66.5,68.5
2026-09-27T01:40:38.599811,North Texas,Houston,2026-09-26T23:33:00Z,79.5,79.5
2026-09-27T01:40:38.599811,Utah State,Troy,2026-09-26T23:33:00Z,43.5,42.0
2026-09-27T01:40:38.599811,USC,Oregon,2026-09-26T23:35:25Z,50.5,55.5
2026-09-27T01:40:38.599811,Washington State,Arizona,2026-09-26T23:42:00Z,55.5,54.5
2026-09-27T01:40:38.599811,LSU,Texas A&M,2026-09-26T23:45:12Z,40.5,40.5
2026-09-27T01:40:38.599811,Mississippi State,Missouri,2026-09-26T23:55:43Z,52.0,52.0
2026-09-27T01:40:38.599811,Arkansas,Tulsa,2026-09-27T00:00:00Z,39.0,39.5
2026-09-27T01:40:38.599811,Louisiana Monroe,Florida Atlantic,2026-09-27T00:05:00Z,80.5,80.5
2026-09-27T01:40:38.599811,UTEP,Oregon State,2026-09-27T01:00:00Z,58.5,58.5
2026-09-27T01:40:38.599811,SMU,Missouri State,2026-09-27T01:10:00Z,47.5,47.5
2026-09-27T01:40:38.599811,Fresno State,Rice,2026-09-27T02:00:00Z,43.5,43.5
2026-09-27T01:40:38.599811,Nevada,Air Force,2026-09-27T02:30:00Z,50.5,50.5
2026-09-27T01:40:38.599811,Stanford,Georgia Tech,2026-09-27T02:30:00Z,48.0,48.5
2026-09-27T01:40:38.599811,Washington,Minnesota,2026-09-27T03:00:00Z,45.5,46.0
2026-09-27T01:40:38.599811,Virginia Tech,Pittsburgh,2026-10-02T23:00:00Z,,56.5
2026-09-27T01:40:38.599811,North Carolina,Notre Dame,2026-10-03T16:00:00Z,,50.5
2026-09-27T01:40:38.599811,Tennessee,Auburn,2026-10-03T19:30:00Z,,56.5
2026-09-27T01:40:38.599811,Iowa,Ohio State,2026-10-03T19:30:00Z,,44.5
2026-09-27T01:40:38.599811,TCU,BYU,2026-10-03T23:00:00Z,,52.5
2026-09-27T03:53:04.982453,UTEP,Oregon State,2026-09-27T01:00:00Z,46.5,42.5
2026-09-27T03:53:04.982453,SMU,Missouri State,2026-09-27T01:10:00Z,49.5,46.5
2026-09-27T03:53:04.982453,Fresno State,Rice,2026-09-27T02:10:00Z,52.5,52.5
2026-09-27T03:53:04.982453,Nevada,Air Force,2026-09-27T02:30:00Z,47.5,47.5
2026-09-27T03:53:04.982453,Stanford,Georgia Tech,2026-09-27T02:35:00Z,54.0,57.5
2026-09-27T03:53:04.982453,Washington,Minnesota,2026-09-27T03:05:29Z,51.5,51.5
2026-09-27T03:53:04.982453,Virginia Tech,Pittsburgh,2026-10-02T23:00:00Z,,56.5
2026-09-27T03:53:04.982453,Northwestern,Penn State,2026-10-03T00:00:00Z,,48.5
2026-09-27T03:53:04.982453,Mississippi State,Alabama,2026-10-03T16:00:00Z,,59.5
2026-09-27T03:53:04.982453,Clemson,Miami,2026-10-03T16:00:00Z,,51.5
2026-09-27T03:53:04.982453,Georgia,Vanderbilt,2026-10-03T16:00:00Z,,56.5
2026-09-27T03:53:04.982453,North Carolina,Notre Dame,2026-10-03T16:00:00Z,,50.5
2026-09-27T03:53:04.982453,Tennessee,Auburn,2026-10-03T19:30:00Z,,56.5
2026-09-27T03:53:04.982453,Missouri,Florida,2026-10-03T19:30:00Z,,56.5
2026-09-27T03:53:04.982453,Iowa,Ohio State,2026-10-03T19:30:00Z,,44.5
2026-09-27T03:53:04.982453,TCU,BYU,2026-10-03T23:00:00Z,,52.5
2026-09-27T16:05:26.682598,New Mexico State,Western Kentucky,2026-10-02T00:00:00Z,,53.0
2026-09-27T16:05:26.682598,Tulsa,North Texas,2026-10-02T01:00:00Z,,57.5
2026-09-27T16:05:26.682598,Delaware,Liberty,2026-10-02T23:00:00Z,,50.5
2026-09-27T16:05:26.682598,Virginia Tech,Pittsburgh,2026-10-02T23:00:00Z,,53.0
2026-09-27T16:05:26.682598,Northwestern,Penn State,2026-10-03T00:00:00Z,,47.5
2026-09-27T16:05:26.682598,Air Force,Navy,2026-10-03T16:00:00Z,,48.5
2026-09-27T16:05:26.682598,Mississippi State,Alabama,2026-10-03T16:00:00Z,,59.5
2026-09-27T16:05:26.682598,SMU,Boston College,2026-10-03T16:00:00Z,,57.0
2026-09-27T16:05:26.682598,Clemson,Miami,2026-10-03T16:00:00Z,,51.5
2026-09-27T16:05:26.682598,Georgia,Vanderbilt,2026-10-03T16:00:00Z,,53.5
2026-09-27T16:05:26.682598,Houston,UCF,2026-10-03T16:00:00Z,,51.5
2026-09-27T16:05:26.682598,Iowa State,West Virginia,2026-10-03T16:00:00Z,,52.5
2026-09-27T16:05:26.682598,NC State,Louisville,2026-10-03T16:00:00Z,,59.5
2026-09-27T16:05:26.682598,Minnesota,Michigan,2026-10-03T16:00:00Z,,44.5
2026-09-27T16:05:26.682598,North Carolina,Notre Dame,2026-10-03T16:00:00Z,,49.5
2026-09-27T16:05:26.682598,Wake Forest,Stanford,2026-10-03T16:00:00Z,,54.5
2026-09-27T16:05:26.682598,UConn,Syracuse,2026-10-03T16:00:00Z,,52.5
2026-09-27T16:05:26.682598,Wisconsin,Michigan State,2026-10-03T16:30:00Z,,44.5
2026-09-27T16:05:26.682598,Ball State,Toledo,2026-10-03T18:00:00Z,,51.5
2026-09-27T16:05:26.682598,Central Michigan,Akron,2026-10-03T19:30:00Z,,46.5
2026-09-27T16:05:26.682598,Tennessee,Auburn,2026-10-03T19:30:00Z,,54.5
2026-09-27T16:05:26.682598,UNLV,California,2026-10-03T19:30:00Z,,52.5
2026-09-27T16:05:26.682598,Missouri,Florida,2026-10-03T19:30:00Z,,56.5
2026-09-27T16:05:26.682598,Florida State,Virginia,2026-10-03T19:30:00Z,,51.5
2026-09-27T16:05:26.682598,Georgia State,Old Dominion,2026-10-03T19:30:00Z,,52.5
2026-09-27T16:05:26.682598,Iowa,Ohio State,2026-10-03T19:30:00Z,,44.5
2026-09-27T16:05:26.682598,Kent State,Ohio,2026-10-03T19:30:00Z,,52.5
2026-09-27T16:05:26.682598,James Madison,Marshall,2026-10-03T19:45:00Z,,56.0
2026-09-27T16:05:26.682598,Nebraska,Maryland,2026-10-03T20:00:00Z,,52.5
2026-09-27T16:05:26.682598,Illinois,Purdue,2026-10-03T20:15:00Z,,60.5
2026-09-27T16:05:26.682598,South Carolina,Kentucky,2026-10-03T20:15:00Z,,53.0
2026-09-27T16:05:26.682598,Colorado State,Oregon State,2026-10-03T22:00:00Z,,59.5
2026-09-27T16:05:26.682598,Texas A&M,Arkansas,2026-10-03T23:00:00Z,,51.5
2026-09-27T16:05:26.682598,TCU,BYU,2026-10-03T23:00:00Z,,51.0
2026-09-27T16:05:26.682598,Rice,UTSA,2026-10-03T23:00:00Z,,54.5
2026-09-27T16:05:26.682598,South Alabama,Louisiana Monroe,2026-10-03T23:00:00Z,,55.0
2026-09-27T16:05:26.682598,Boise State,Utah State,2026-10-03T23:30:00Z,,49.5
2026-09-27T16:05:26.682598,Colorado,Texas Tech,2026-10-03T23:30:00Z,,51.0
2026-09-27T16:05:26.682598,South Florida,Temple,2026-10-03T23:30:00Z,,51.5
2026-09-27T16:05:26.682598,USC,Washington,2026-10-03T23:30:00Z,,55.0
2026-09-27T16:05:26.682598,Rutgers,Indiana,2026-10-04T00:00:00Z,,54.5
2026-09-27T16:05:26.682598,Washington State,Fresno State,2026-10-04T01:30:00Z,,45.5
2026-09-27T16:05:26.682598,Arizona State,Baylor,2026-10-04T02:30:00Z,,50.5
2026-09-27T16:05:26.682598,San Diego State,Texas State,2026-10-04T02:30:00Z,,59.5
2026-09-27T16:05:26.682598,Arizona,Cincinnati,2026-10-04T03:00:00Z,,54.5
2026-09-27T16:05:26.682598,Hawai'i,San José State,2026-10-04T03:59:00Z,,52.5
2026-09-28T01:55:22.618924,New Mexico State,Western Kentucky,2026-10-02T00:00:00Z,53.5,53.5
2026-09-28T01:55:22.618924,Tulsa,North Texas,2026-10-02T01:00:00Z,58.0,57.5
2026-09-28T01:55:22.618924,Delaware,Liberty,2026-10-02T23:00:00Z,50.0,49.5
2026-09-28T01:55:22.618924,Virginia Tech,Pittsburgh,2026-10-02T23:00:00Z,52.5,52.5
2026-09-28T01:55:22.618924,Northwestern,Penn State,2026-10-03T00:00:00Z,45.5,45.5
2026-09-28T01:55:22.618924,Air Force,Navy,2026-10-03T16:00:00Z,47.0,46.5
2026-09-28T01:55:22.618924,Mississippi State,Alabama,2026-10-03T16:00:00Z,59.5,59.5
2026-09-28T01:55:22.618924,SMU,Boston College,2026-10-03T16:00:00Z,57.0,57.0
2026-09-28T01:55:22.618924,Clemson,Miami,2026-10-03T16:00:00Z,,49.25
2026-09-28T01:55:22.618924,Houston,UCF,2026-10-03T16:00:00Z,51.0,51.5
2026-09-28T01:55:22.618924,Iowa State,West Virginia,2026-10-03T16:00:00Z,53.0,52.5
2026-09-28T01:55:22.618924,Kansas,Middle Tennessee,2026-10-03T16:00:00Z,50.5,50.5
2026-09-28T01:55:22.618924,Minnesota,Michigan,2026-10-03T16:00:00Z,43.0,43.5
2026-09-28T01:55:22.618924,North Carolina,Notre Dame,2026-10-03T16:00:00Z,48.0,47.5
2026-09-28T01:55:22.618924,Wake Forest,Stanford,2026-10-03T16:00:00Z,54.5,54.5
2026-09-28T01:55:22.618924,UConn,Syracuse,2026-10-03T16:00:00Z,52.0,52.0
2026-09-28T01:55:22.618924,Wisconsin,Michigan State,2026-10-03T16:30:00Z,44.5,44.0
2026-09-28T01:55:22.618924,Georgia,Vanderbilt,2026-10-03T16:45:00Z,52.5,52.5
2026-09-28T01:55:22.618924,Buffalo,Western Michigan,2026-10-03T17:00:00Z,47.5,47.5
2026-09-28T01:55:22.618924,Ball State,Toledo,2026-10-03T18:00:00Z,51.5,51.5
2026-09-28T01:55:22.618924,Central Michigan,Akron,2026-10-03T19:30:00Z,47.0,47.0
2026-09-28T01:55:22.618924,Tennessee,Auburn,2026-10-03T19:30:00Z,54.5,54.5
2026-09-28T01:55:22.618924,Miami (OH),Bowling Green,2026-10-03T19:30:00Z,46.0,46.0
2026-09-28T01:55:22.618924,UNLV,California,2026-10-03T19:30:00Z,53.0,53.5
2026-09-28T01:55:22.618924,Charlotte,Memphis,2026-10-03T19:30:00Z,54.0,54.25
2026-09-28T01:55:22.618924,Missouri,Florida,2026-10-03T19:30:00Z,56.5,56.5
2026-09-28T01:55:22.618924,Florida State,Virginia,2026-10-03T19:30:00Z,51.5,51.5
2026-09-28T01:55:22.618924,Georgia State,Old Dominion,2026-10-03T19:30:00Z,50.5,50.5
2026-09-28T01:55:22.618924,Iowa,Ohio State,2026-10-03T19:30:00Z,46.0,45.5
2026-09-28T01:55:22.618924,Kent State,Ohio,2026-10-03T19:30:00Z,51.0,50.5
2026-09-28T01:55:22.618924,NC State,Louisville,2026-10-03T19:30:00Z,60.5,60.5
2026-09-28T01:55:22.618924,North Dakota State,Wyoming,2026-10-03T19:30:00Z,46.0,45.5
2026-09-28T01:55:22.618924,James Madison,Marshall,2026-10-03T19:45:00Z,54.5,54.5
2026-09-28T01:55:22.618924,Nebraska,Maryland,2026-10-03T20:00:00Z,52.5,52.5
2026-09-28T01:55:22.618924,New Mexico,UTEP,2026-10-03T20:00:00Z,48.5,48.5
2026-09-28T01:55:22.618924,Illinois,Purdue,2026-10-03T20:15:00Z,60.5,60.0
2026-09-28T01:55:22.618924,South Carolina,Kentucky,2026-10-03T20:15:00Z,54.0,53.5
2026-09-28T01:55:22.618924,Colorado State,Oregon State,2026-10-03T22:00:00Z,61.0,61.0
2026-09-28T01:55:22.618924,Texas A&M,Arkansas,2026-10-03T23:00:00Z,51.5,51.5
2026-09-28T01:55:22.618924,TCU,BYU,2026-10-03T23:00:00Z,49.0,48.5
2026-09-28T01:55:22.618924,Coastal Carolina,Georgia Southern,2026-10-03T23:00:00Z,54.0,54.0
2026-09-28T01:55:22.618924,Rice,UTSA,2026-10-03T23:00:00Z,54.5,54.5
2026-09-28T01:55:22.618924,South Alabama,Louisiana Monroe,2026-10-03T23:00:00Z,55.5,55.5
2026-09-28T01:55:22.618924,Louisiana Tech,Army,2026-10-03T23:30:00Z,47.0,46.75
2026-09-28T01:55:22.618924,Boise State,Utah State,2026-10-03T23:30:00Z,51.0,50.5
2026-09-28T01:55:22.618924,Colorado,Texas Tech,2026-10-03T23:30:00Z,50.0,50.5
2026-09-28T01:55:22.618924,South Florida,Temple,2026-10-03T23:30:00Z,51.0,51.5
2026-09-28T01:55:22.618924,USC,Washington,2026-10-03T23:30:00Z,56.5,56.0
2026-09-28T01:55:22.618924,Louisiana,Arkansas State,2026-10-04T00:00:00Z,47.0,47.25
2026-09-28T01:55:22.618924,Rutgers,Indiana,2026-10-04T00:00:00Z,55.5,55.5
2026-09-28T01:55:22.618924,Washington State,Fresno State,2026-10-04T01:30:00Z,46.5,46.5
2026-09-28T01:55:22.618924,Arizona State,Baylor,2026-10-04T02:30:00Z,51.0,50.5
2026-09-28T01:55:22.618924,San Diego State,Texas State,2026-10-04T02:30:00Z,58.5,58.5
2026-09-28T01:55:22.618924,Arizona,Cincinnati,2026-10-04T03:00:00Z,55.0,55.0
2026-09-28T01:55:22.618924,Hawai'i,San José State,2026-10-04T03:59:00Z,52.0,51.5
2026-09-28T19:01:04.725341,New Mexico State,Western Kentucky,2026-10-02T00:00:00Z,55.5,55.0
2026-09-28T19:01:04.725341,Tulsa,North Texas,2026-10-02T01:00:00Z,57.5,57.5
2026-09-28T19:01:04.725341,Delaware,Liberty,2026-10-02T23:00:00Z,50.0,49.5
2026-09-28T19:01:04.725341,Virginia Tech,Pittsburgh,2026-10-02T23:00:00Z,53.5,53.5
2026-09-28T19:01:04.725341,Northwestern,Penn State,2026-10-03T00:00:00Z,45.5,45.5
2026-09-28T19:01:04.725341,Air Force,Navy,2026-10-03T16:00:00Z,45.5,45.5
2026-09-28T19:01:04.725341,Mississippi State,Alabama,2026-10-03T16:00:00Z,60.0,60.0
2026-09-28T19:01:04.725341,SMU,Boston College,2026-10-03T16:00:00Z,57.0,56.5
2026-09-28T19:01:04.725341,Houston,UCF,2026-10-03T16:00:00Z,51.0,51.5
2026-09-28T19:01:04.725341,Iowa State,West Virginia,2026-10-03T16:00:00Z,53.0,53.0
2026-09-28T19:01:04.725341,Kansas,Middle Tennessee,2026-10-03T16:00:00Z,50.5,50.5
2026-09-28T19:01:04.725341,Minnesota,Michigan,2026-10-03T16:00:00Z,43.0,43.5
2026-09-28T19:01:04.725341,North Carolina,Notre Dame,2026-10-03T16:00:00Z,47.5,47.5
2026-09-28T19:01:04.725341,Wake Forest,Stanford,2026-10-03T16:00:00Z,53.5,53.5
2026-09-28T19:01:04.725341,UConn,Syracuse,2026-10-03T16:00:00Z,52.0,52.0
2026-09-28T19:01:04.725341,Wisconsin,Michigan State,2026-10-03T16:30:00Z,43.5,43.5
2026-09-28T19:01:04.725341,Georgia,Vanderbilt,2026-10-03T16:45:00Z,52.0,51.5
2026-09-28T19:01:04.725341,Buffalo,Western Michigan,2026-10-03T17:00:00Z,47.0,47.0
2026-09-28T19:01:04.725341,Ball State,Toledo,2026-10-03T18:00:00Z,51.5,51.5
2026-09-28T19:01:04.725341,Central Michigan,Akron,2026-10-03T19:30:00Z,47.0,47.0
2026-09-28T19:01:04.725341,Tennessee,Auburn,2026-10-03T19:30:00Z,54.0,54.0
2026-09-28T19:01:04.725341,Miami (OH),Bowling Green,2026-10-03T19:30:00Z,43.0,43.0
2026-09-28T19:01:04.725341,UNLV,California,2026-10-03T19:30:00Z,53.5,53.5
2026-09-28T19:01:04.725341,Charlotte,Memphis,2026-10-03T19:30:00Z,54.0,54.5
2026-09-28T19:01:04.725341,Missouri,Florida,2026-10-03T19:30:00Z,56.5,56.5
2026-09-28T19:01:04.725341,Florida State,Virginia,2026-10-03T19:30:00Z,51.5,51.5
2026-09-28T19:01:04.725341,Georgia State,Old Dominion,2026-10-03T19:30:00Z,51.5,51.0
2026-09-28T19:01:04.725341,Iowa,Ohio State,2026-10-03T19:30:00Z,45.5,45.5
2026-09-28T19:01:04.725341,Kent State,Ohio,2026-10-03T19:30:00Z,51.0,50.5
2026-09-28T19:01:04.725341,NC State,Louisville,2026-10-03T19:30:00Z,58.5,58.5
2026-09-28T19:01:04.725341,North Dakota State,Wyoming,2026-10-03T19:30:00Z,45.5,45.5
2026-09-28T19:01:04.725341,James Madison,Marshall,2026-10-03T19:45:00Z,55.0,55.0
2026-09-28T19:01:04.725341,Nebraska,Maryland,2026-10-03T20:00:00Z,52.5,52.5
2026-09-28T19:01:04.725341,New Mexico,UTEP,2026-10-03T20:00:00Z,48.0,48.5
2026-09-28T19:01:04.725341,Illinois,Purdue,2026-10-03T20:15:00Z,60.5,60.5
2026-09-28T19:01:04.725341,South Carolina,Kentucky,2026-10-03T20:15:00Z,53.5,53.5
2026-09-28T19:01:04.725341,Colorado State,Oregon State,2026-10-03T22:00:00Z,61.0,61.0
2026-09-28T19:01:04.725341,Texas A&M,Arkansas,2026-10-03T23:00:00Z,51.5,51.5
2026-09-28T19:01:04.725341,TCU,BYU,2026-10-03T23:00:00Z,48.5,48.5
2026-09-28T19:01:04.725341,Coastal Carolina,Georgia Southern,2026-10-03T23:00:00Z,54.0,54.0
2026-09-28T19:01:04.725341,Rice,UTSA,2026-10-03T23:00:00Z,55.0,55.0
2026-09-28T19:01:04.725341,South Alabama,Louisiana Monroe,2026-10-03T23:00:00Z,56.0,56.0
2026-09-28T19:01:04.725341,Louisiana Tech,Army,2026-10-03T23:30:00Z,46.0,46.5
2026-09-28T19:01:04.725341,Boise State,Utah State,2026-10-03T23:30:00Z,51.5,51.5
2026-09-28T19:01:04.725341,Clemson,Miami,2026-10-03T23:30:00Z,48.5,48.5
2026-09-28T19:01:04.725341,Colorado,Texas Tech,2026-10-03T23:30:00Z,50.0,50.5
2026-09-28T19:01:04.725341,South Florida,Temple,2026-10-03T23:30:00Z,51.0,51.5
2026-09-28T19:01:04.725341,USC,Washington,2026-10-03T23:30:00Z,57.5,57.5
2026-09-28T19:01:04.725341,Louisiana,Arkansas State,2026-10-04T00:00:00Z,47.0,47.0
2026-09-28T19:01:04.725341,Rutgers,Indiana,2026-10-04T00:00:00Z,56.0,56.0
2026-09-28T19:01:04.725341,Washington State,Fresno State,2026-10-04T01:30:00Z,46.5,46.5
2026-09-28T19:01:04.725341,Arizona State,Baylor,2026-10-04T02:30:00Z,51.0,50.5
2026-09-28T19:01:04.725341,San Diego State,Texas State,2026-10-04T02:30:00Z,58.0,58.5
2026-09-28T19:01:04.725341,Arizona,Cincinnati,2026-10-04T03:00:00Z,55.0,55.0
2026-09-28T19:01:04.725341,Hawai'i,San José State,2026-10-04T03:59:00Z,51.5,51.5
2026-09-29T02:40:56.989421,New Mexico State,Western Kentucky,2026-10-02T00:00:00Z,56.5,56.5
2026-09-29T02:40:56.989421,Tulsa,North Texas,2026-10-02T01:00:00Z,57.5,57.5
2026-09-29T02:40:56.989421,Delaware,Liberty,2026-10-02T23:00:00Z,50.0,49.5
2026-09-29T02:40:56.989421,Virginia Tech,Pittsburgh,2026-10-02T23:00:00Z,55.0,54.5
2026-09-29T02:40:56.989421,Northwestern,Penn State,2026-10-03T00:00:00Z,45.5,45.5
2026-09-29T02:40:56.989421,Air Force,Navy,2026-10-03T16:00:00Z,46.0,46.0
2026-09-29T02:40:56.989421,Mississippi State,Alabama,2026-10-03T16:00:00Z,60.0,60.5
2026-09-29T02:40:56.989421,SMU,Boston College,2026-10-03T16:00:00Z,55.5,55.5
2026-09-29T02:40:56.989421,Houston,UCF,2026-10-03T16:00:00Z,51.0,51.5
2026-09-29T02:40:56.989421,Iowa State,West Virginia,2026-10-03T16:00:00Z,53.0,53.0
2026-09-29T02:40:56.989421,Kansas,Middle Tennessee,2026-10-03T16:00:00Z,50.5,50.5
2026-09-29T02:40:56.989421,Minnesota,Michigan,2026-10-03T16:00:00Z,43.0,43.5
2026-09-29T02:40:56.989421,North Carolina,Notre Dame,2026-10-03T16:00:00Z,47.5,47.5
2026-09-29T02:40:56.989421,Wake Forest,Stanford,2026-10-03T16:00:00Z,53.5,53.5
2026-09-29T02:40:56.989421,UConn,Syracuse,2026-10-03T16:00:00Z,50.5,51.0
2026-09-29T02:40:56.989421,Wisconsin,Michigan State,2026-10-03T16:30:00Z,43.5,43.5
2026-09-29T02:40:56.989421,Georgia,Vanderbilt,2026-10-03T16:45:00Z,50.5,50.5
2026-09-29T02:40:56.989421,Buffalo,Western Michigan,2026-10-03T17:00:00Z,47.0,47.0
2026-09-29T02:40:56.989421,Ball State,Toledo,2026-10-03T18:00:00Z,51.5,51.5
2026-09-29T02:40:56.989421,Central Michigan,Akron,2026-10-03T19:30:00Z,47.0,47.0
2026-09-29T02:40:56.989421,Tennessee,Auburn,2026-10-03T19:30:00Z,54.0,54.0
2026-09-29T02:40:56.989421,Miami (OH),Bowling Green,2026-10-03T19:30:00Z,43.0,43.0
2026-09-29T02:40:56.989421,UNLV,California,2026-10-03T19:30:00Z,53.5,53.5
2026-09-29T02:40:56.989421,Charlotte,Memphis,2026-10-03T19:30:00Z,54.0,54.0
2026-09-29T02:40:56.989421,Missouri,Florida,2026-10-03T19:30:00Z,57.0,57.0
2026-09-29T02:40:56.989421,Florida State,Virginia,2026-10-03T19:30:00Z,51.5,51.5
2026-09-29T02:40:56.989421,Georgia State,Old Dominion,2026-10-03T19:30:00Z,51.5,51.0
2026-09-29T02:40:56.989421,Iowa,Ohio State,2026-10-03T19:30:00Z,45.5,45.5
2026-09-29T02:40:56.989421,Kent State,Ohio,2026-10-03T19:30:00Z,51.0,50.5
2026-09-29T02:40:56.989421,NC State,Louisville,2026-10-03T19:30:00Z,58.5,58.5
2026-09-29T02:40:56.989421,North Dakota State,Wyoming,2026-10-03T19:30:00Z,45.5,45.5
2026-09-29T02:40:56.989421,James Madison,Marshall,2026-10-03T19:45:00Z,55.0,55.0
2026-09-29T02:40:56.989421,Nebraska,Maryland,2026-10-03T20:00:00Z,52.5,52.5
2026-09-29T02:40:56.989421,New Mexico,UTEP,2026-10-03T20:00:00Z,48.0,48.5
2026-09-29T02:40:56.989421,Illinois,Purdue,2026-10-03T20:15:00Z,61.5,61.5
2026-09-29T02:40:56.989421,South Carolina,Kentucky,2026-10-03T20:15:00Z,53.5,53.5
2026-09-29T02:40:56.989421,Colorado State,Oregon State,2026-10-03T22:00:00Z,61.0,61.0
2026-09-29T02:40:56.989421,Texas A&M,Arkansas,2026-10-03T23:00:00Z,51.5,51.5
2026-09-29T02:40:56.989421,TCU,BYU,2026-10-03T23:00:00Z,48.5,48.5
2026-09-29T02:40:56.989421,Coastal Carolina,Georgia Southern,2026-10-03T23:00:00Z,54.0,54.0
2026-09-29T02:40:56.989421,Rice,UTSA,2026-10-03T23:00:00Z,55.0,55.0
2026-09-29T02:40:56.989421,South Alabama,Louisiana Monroe,2026-10-03T23:00:00Z,57.0,57.0
2026-09-29T02:40:56.989421,Louisiana Tech,Army,2026-10-03T23:30:00Z,46.0,46.5
2026-09-29T02:40:56.989421,Boise State,Utah State,2026-10-03T23:30:00Z,51.5,51.5
2026-09-29T02:40:56.989421,Clemson,Miami,2026-10-03T23:30:00Z,48.5,48.5
2026-09-29T02:40:56.989421,Colorado,Texas Tech,2026-10-03T23:30:00Z,50.0,50.5
2026-09-29T02:40:56.989421,South Florida,Temple,2026-10-03T23:30:00Z,50.0,50.5
2026-09-29T02:40:56.989421,USC,Washington,2026-10-03T23:30:00Z,57.5,57.5
2026-09-29T02:40:56.989421,Louisiana,Arkansas State,2026-10-04T00:00:00Z,47.0,47.0
2026-09-29T02:40:56.989421,Rutgers,Indiana,2026-10-04T00:00:00Z,56.0,56.0
2026-09-29T02:40:56.989421,Washington State,Fresno State,2026-10-04T01:30:00Z,46.5,46.5
2026-09-29T02:40:56.989421,Arizona State,Baylor,2026-10-04T02:30:00Z,49.5,49.0
2026-09-29T02:40:56.989421,San Diego State,Texas State,2026-10-04T02:30:00Z,59.0,59.5
2026-09-29T02:40:56.989421,Arizona,Cincinnati,2026-10-04T03:00:00Z,55.0,55.0
2026-09-29T02:40:56.989421,Hawai'i,San José State,2026-10-04T03:59:00Z,51.5,51.5
2026-09-29T02:40:56.989421,Oklahoma,Texas,2026-10-10T19:30:00Z,,42.5
2026-09-29T02:40:56.989421,Oregon,UCLA,2026-10-10T23:00:00Z,,58.5
2026-09-29T17:20:59.403118,New Mexico State,Western Kentucky,2026-10-02T00:00:00Z,57.5,57.0
2026-09-29T17:20:59.403118,Tulsa,North Texas,2026-10-02T01:00:00Z,57.5,57.5
2026-09-29T17:20:59.403118,Delaware,Liberty,2026-10-02T23:00:00Z,50.0,50.0
2026-09-29T17:20:59.403118,Virginia Tech,Pittsburgh,2026-10-02T23:00:00Z,55.0,54.5
2026-09-29T17:20:59.403118,Northwestern,Penn State,2026-10-03T00:00:00Z,45.5,45.5
2026-09-29T17:20:59.403118,Air Force,Navy,2026-10-03T16:00:00Z,46.0,46.0
2026-09-29T17:20:59.403118,Mississippi State,Alabama,2026-10-03T16:00:00Z,60.0,60.5
2026-09-29T17:20:59.403118,SMU,Boston College,2026-10-03T16:00:00Z,55.5,55.5
2026-09-29T17:20:59.403118,Houston,UCF,2026-10-03T16:00:00Z,51.0,51.5
2026-09-29T17:20:59.403118,Iowa State,West Virginia,2026-10-03T16:00:00Z,53.0,53.0
2026-09-29T17:20:59.403118,Kansas,Middle Tennessee,2026-10-03T16:00:00Z,50.0,49.5
2026-09-29T17:20:59.403118,Minnesota,Michigan,2026-10-03T16:00:00Z,43.0,43.5
2026-09-29T17:20:59.403118,North Carolina,Notre Dame,2026-10-03T16:00:00Z,47.0,47.0
2026-09-29T17:20:59.403118,Wake Forest,Stanford,2026-10-03T16:00:00Z,53.5,53.5
2026-09-29T17:20:59.403118,UConn,Syracuse,2026-10-03T16:00:00Z,50.5,50.5
2026-09-29T17:20:59.403118,Wisconsin,Michigan State,2026-10-03T16:30:00Z,43.5,43.5
2026-09-29T17:20:59.403118,Georgia,Vanderbilt,2026-10-03T16:45:00Z,50.5,50.5
2026-09-29T17:20:59.403118,Buffalo,Western Michigan,2026-10-03T17:00:00Z,47.0,46.5
2026-09-29T17:20:59.403118,Ball State,Toledo,2026-10-03T18:00:00Z,52.5,52.0
2026-09-29T17:20:59.403118,Central Michigan,Akron,2026-10-03T19:30:00Z,47.0,47.0
2026-09-29T17:20:59.403118,Tennessee,Auburn,2026-10-03T19:30:00Z,54.0,54.0
2026-09-29T17:20:59.403118,Miami (OH),Bowling Green,2026-10-03T19:30:00Z,43.5,43.5
2026-09-29T17:20:59.403118,UNLV,California,2026-10-03T19:30:00Z,53.0,53.0
2026-09-29T17:20:59.403118,Charlotte,Memphis,2026-10-03T19:30:00Z,53.0,53.0
2026-09-29T17:20:59.403118,Missouri,Florida,2026-10-03T19:30:00Z,57.0,57.0
2026-09-29T17:20:59.403118,Florida State,Virginia,2026-10-03T19:30:00Z,51.5,51.5
2026-09-29T17:20:59.403118,Georgia State,Old Dominion,2026-10-03T19:30:00Z,52.0,52.0
2026-09-29T17:20:59.403118,Iowa,Ohio State,2026-10-03T19:30:00Z,45.5,45.5
2026-09-29T17:20:59.403118,Kent State,Ohio,2026-10-03T19:30:00Z,51.0,50.5
2026-09-29T17:20:59.403118,NC State,Louisville,2026-10-03T19:30:00Z,58.5,58.5
2026-09-29T17:20:59.403118,North Dakota State,Wyoming,2026-10-03T19:30:00Z,45.5,45.5
2026-09-29T17:20:59.403118,James Madison,Marshall,2026-10-03T19:45:00Z,55.5,55.5
2026-09-29T17:20:59.403118,Nebraska,Maryland,2026-10-03T20:00:00Z,52.5,52.0
2026-09-29T17:20:59.403118,New Mexico,UTEP,2026-10-03T20:00:00Z,49.0,49.0
2026-09-29T17:20:59.403118,Illinois,Purdue,2026-10-03T20:15:00Z,61.5,61.5
2026-09-29T17:20:59.403118,South Carolina,Kentucky,2026-10-03T20:15:00Z,53.5,53.5
2026-09-29T17:20:59.403118,Colorado State,Oregon State,2026-10-03T22:00:00Z,62.0,62.0
2026-09-29T17:20:59.403118,Texas A&M,Arkansas,2026-10-03T23:00:00Z,51.0,50.5
2026-09-29T17:20:59.403118,TCU,BYU,2026-10-03T23:00:00Z,48.0,47.5
2026-09-29T17:20:59.403118,Coastal Carolina,Georgia Southern,2026-10-03T23:00:00Z,54.0,54.0
2026-09-29T17:20:59.403118,Rice,UTSA,2026-10-03T23:00:00Z,56.0,55.5
2026-09-29T17:20:59.403118,South Alabama,Louisiana Monroe,2026-10-03T23:00:00Z,57.0,57.0
2026-09-29T17:20:59.403118,Louisiana Tech,Army,2026-10-03T23:30:00Z,46.0,46.5
2026-09-29T17:20:59.403118,Boise State,Utah State,2026-10-03T23:30:00Z,51.5,51.5
2026-09-29T17:20:59.403118,Clemson,Miami,2026-10-03T23:30:00Z,48.0,47.5
2026-09-29T17:20:59.403118,Colorado,Texas Tech,2026-10-03T23:30:00Z,50.0,50.5
2026-09-29T17:20:59.403118,South Florida,Temple,2026-10-03T23:30:00Z,49.0,48.5
2026-09-29T17:20:59.403118,USC,Washington,2026-10-03T23:30:00Z,58.0,58.5
2026-09-29T17:20:59.403118,Louisiana,Arkansas State,2026-10-04T00:00:00Z,48.0,47.5
2026-09-29T17:20:59.403118,Rutgers,Indiana,2026-10-04T00:00:00Z,56.0,55.5
2026-09-29T17:20:59.403118,Washington State,Fresno State,2026-10-04T01:30:00Z,46.0,45.5
2026-09-29T17:20:59.403118,Arizona State,Baylor,2026-10-04T02:30:00Z,49.5,49.0
2026-09-29T17:20:59.403118,San Diego State,Texas State,2026-10-04T02:30:00Z,59.0,59.5
2026-09-29T17:20:59.403118,Arizona,Cincinnati,2026-10-04T03:00:00Z,55.0,55.5
2026-09-29T17:20:59.403118,Hawai'i,San José State,2026-10-04T03:59:00Z,51.5,51.5
2026-09-29T17:20:59.403118,Oklahoma,Texas,2026-10-10T19:30:00Z,,42.5
2026-09-29T17:20:59.403118,Oregon,UCLA,2026-10-10T19:30:00Z,,59.5
2026-09-30T02:18:15.974804,New Mexico State,Western Kentucky,2026-10-02T00:00:00Z,57.5,57.5
2026-09-30T02:18:15.974804,Tulsa,North Texas,2026-10-02T01:00:00Z,57.5,57.5
2026-09-30T02:18:15.974804,Delaware,Liberty,2026-10-02T23:00:00Z,50.0,50.0
2026-09-30T02:18:15.974804,Virginia Tech,Pittsburgh,2026-10-02T23:00:00Z,55.0,54.5
2026-09-30T02:18:15.974804,Northwestern,Penn State,2026-10-03T00:00:00Z,45.5,45.5
2026-09-30T02:18:15.974804,Air Force,Navy,2026-10-03T16:00:00Z,46.0,46.0
2026-09-30T02:18:15.974804,Mississippi State,Alabama,2026-10-03T16:00:00Z,60.0,60.5
2026-09-30T02:18:15.974804,SMU,Boston College,2026-10-03T16:00:00Z,55.5,55.5
2026-09-30T02:18:15.974804,Houston,UCF,2026-10-03T16:00:00Z,51.5,51.5
2026-09-30T02:18:15.974804,Iowa State,West Virginia,2026-10-03T16:00:00Z,53.0,53.0
2026-09-30T02:18:15.974804,Kansas,Middle Tennessee,2026-10-03T16:00:00Z,49.5,49.5
2026-09-30T02:18:15.974804,Minnesota,Michigan,2026-10-03T16:00:00Z,43.0,43.5
2026-09-30T02:18:15.974804,North Carolina,Notre Dame,2026-10-03T16:00:00Z,47.0,47.0
2026-09-30T02:18:15.974804,Wake Forest,Stanford,2026-10-03T16:00:00Z,53.5,53.5
2026-09-30T02:18:15.974804,UConn,Syracuse,2026-10-03T16:00:00Z,50.5,50.5
2026-09-30T02:18:15.974804,Wisconsin,Michigan State,2026-10-03T16:30:00Z,43.5,43.5
2026-09-30T02:18:15.974804,Georgia,Vanderbilt,2026-10-03T16:45:00Z,50.5,51.0
2026-09-30T02:18:15.974804,Buffalo,Western Michigan,2026-10-03T17:00:00Z,47.0,46.5
2026-09-30T02:18:15.974804,Ball State,Toledo,2026-10-03T18:00:00Z,52.5,52.0
2026-09-30T02:18:15.974804,Central Michigan,Akron,2026-10-03T19:30:00Z,47.0,47.0
2026-09-30T02:18:15.974804,Tennessee,Auburn,2026-10-03T19:30:00Z,54.0,54.0
2026-09-30T02:18:15.974804,Miami (OH),Bowling Green,2026-10-03T19:30:00Z,43.5,42.5
2026-09-30T02:18:15.974804,UNLV,California,2026-10-03T19:30:00Z,53.0,53.0
2026-09-30T02:18:15.974804,Charlotte,Memphis,2026-10-03T19:30:00Z,53.0,53.0
2026-09-30T02:18:15.974804,Missouri,Florida,2026-10-03T19:30:00Z,57.0,57.0
2026-09-30T02:18:15.974804,Florida State,Virginia,2026-10-03T19:30:00Z,51.5,51.5
2026-09-30T02:18:15.974804,Georgia State,Old Dominion,2026-10-03T19:30:00Z,52.0,52.5
2026-09-30T02:18:15.974804,Iowa,Ohio State,2026-10-03T19:30:00Z,45.5,45.5
2026-09-30T02:18:15.974804,Kent State,Ohio,2026-10-03T19:30:00Z,51.0,50.5
2026-09-30T02:18:15.974804,NC State,Louisville,2026-10-03T19:30:00Z,58.5,58.5
2026-09-30T02:18:15.974804,North Dakota State,Wyoming,2026-10-03T19:30:00Z,45.5,45.5
2026-09-30T02:18:15.974804,James Madison,Marshall,2026-10-03T19:45:00Z,56.0,56.5
2026-09-30T02:18:15.974804,Nebraska,Maryland,2026-10-03T20:00:00Z,52.5,52.0
2026-09-30T02:18:15.974804,New Mexico,UTEP,2026-10-03T20:00:00Z,49.0,49.0
2026-09-30T02:18:15.974804,Illinois,Purdue,2026-10-03T20:15:00Z,61.5,61.5
2026-09-30T02:18:15.974804,South Carolina,Kentucky,2026-10-03T20:15:00Z,53.5,53.5
2026-09-30T02:18:15.974804,Colorado State,Oregon State,2026-10-03T22:00:00Z,61.5,62.0
2026-09-30T02:18:15.974804,Florida Atlantic,Texas,2026-10-03T22:00:00Z,,61.5
2026-09-30T02:18:15.974804,Texas A&M,Arkansas,2026-10-03T23:00:00Z,50.0,50.5
2026-09-30T02:18:15.974804,TCU,BYU,2026-10-03T23:00:00Z,48.0,47.5
2026-09-30T02:18:15.974804,Coastal Carolina,Georgia Southern,2026-10-03T23:00:00Z,54.0,54.0
2026-09-30T02:18:15.974804,Rice,UTSA,2026-10-03T23:00:00Z,56.0,55.5
2026-09-30T02:18:15.974804,South Alabama,Louisiana Monroe,2026-10-03T23:00:00Z,57.0,57.0
2026-09-30T02:18:15.974804,Louisiana Tech,Army,2026-10-03T23:30:00Z,46.0,46.5
2026-09-30T02:18:15.974804,Boise State,Utah State,2026-10-03T23:30:00Z,51.5,51.5
2026-09-30T02:18:15.974804,Clemson,Miami,2026-10-03T23:30:00Z,48.0,47.5
2026-09-30T02:18:15.974804,South Florida,Temple,2026-10-03T23:30:00Z,49.0,48.5
2026-09-30T02:18:15.974804,USC,Washington,2026-10-03T23:30:00Z,58.0,58.5
2026-09-30T02:18:15.974804,Colorado,Texas Tech,2026-10-03T23:31:00Z,50.5,50.5
2026-09-30T02:18:15.974804,Louisiana,Arkansas State,2026-10-04T00:00:00Z,48.0,47.5
2026-09-30T02:18:15.974804,Rutgers,Indiana,2026-10-04T00:00:00Z,56.0,55.5
2026-09-30T02:18:15.974804,Washington State,Fresno State,2026-10-04T01:30:00Z,45.5,45.5
2026-09-30T02:18:15.974804,Arizona State,Baylor,2026-10-04T02:30:00Z,49.5,49.0
2026-09-30T02:18:15.974804,San Diego State,Texas State,2026-10-04T02:30:00Z,59.0,59.5
2026-09-30T02:18:15.974804,Arizona,Cincinnati,2026-10-04T03:00:00Z,55.5,55.5
2026-09-30T02:18:15.974804,Hawai'i,San José State,2026-10-04T03:59:00Z,51.5,51.5
2026-09-30T02:18:15.974804,Oklahoma,Texas,2026-10-10T19:30:00Z,,42.5
2026-09-30T02:18:15.974804,Oregon,UCLA,2026-10-10T19:30:00Z,,59.5
2026-09-30T17:18:12.296184,New Mexico State,Western Kentucky,2026-10-02T00:00:00Z,57.5,57.5
2026-09-30T17:18:12.296184,Tulsa,North Texas,2026-10-02T01:00:00Z,57.0,57.5
2026-09-30T17:18:12.296184,Delaware,Liberty,2026-10-02T23:00:00Z,50.0,50.0
2026-09-30T17:18:12.296184,Virginia Tech,Pittsburgh,2026-10-02T23:00:00Z,55.0,54.5
2026-09-30T17:18:12.296184,Northwestern,Penn State,2026-10-03T00:00:00Z,45.5,45.5
2026-09-30T17:18:12.296184,Air Force,Navy,2026-10-03T16:00:00Z,46.0,46.0
2026-09-30T17:18:12.296184,Mississippi State,Alabama,2026-10-03T16:00:00Z,60.0,60.5
2026-09-30T17:18:12.296184,SMU,Boston College,2026-10-03T16:00:00Z,55.0,55.0
2026-09-30T17:18:12.296184,Houston,UCF,2026-10-03T16:00:00Z,51.5,51.5
2026-09-30T17:18:12.296184,Iowa State,West Virginia,2026-10-03T16:00:00Z,53.0,53.0
2026-09-30T17:18:12.296184,Kansas,Middle Tennessee,2026-10-03T16:00:00Z,49.5,49.5
2026-09-30T17:18:12.296184,Minnesota,Michigan,2026-10-03T16:00:00Z,43.0,43.5
2026-09-30T17:18:12.296184,North Carolina,Notre Dame,2026-10-03T16:00:00Z,47.0,47.5
2026-09-30T17:18:12.296184,Wake Forest,Stanford,2026-10-03T16:00:00Z,53.5,53.5
2026-09-30T17:18:12.296184,UConn,Syracuse,2026-10-03T16:00:00Z,50.5,50.5
2026-09-30T17:18:12.296184,Wisconsin,Michigan State,2026-10-03T16:30:00Z,43.5,43.5
2026-09-30T17:18:12.296184,Georgia,Vanderbilt,2026-10-03T16:45:00Z,51.0,51.0
2026-09-30T17:18:12.296184,Buffalo,Western Michigan,2026-10-03T17:00:00Z,46.5,46.5
2026-09-30T17:18:12.296184,Ball State,Toledo,2026-10-03T18:00:00Z,52.5,52.0
2026-09-30T17:18:12.296184,Central Michigan,Akron,2026-10-03T19:30:00Z,47.0,47.0
2026-09-30T17:18:12.296184,Tennessee,Auburn,2026-10-03T19:30:00Z,54.0,54.5
2026-09-30T17:18:12.296184,Miami (OH),Bowling Green,2026-10-03T19:30:00Z,43.5,43.5
2026-09-30T17:18:12.296184,UNLV,California,2026-10-03T19:30:00Z,53.0,53.0
2026-09-30T17:18:12.296184,Charlotte,Memphis,2026-10-03T19:30:00Z,53.0,53.0
2026-09-30T17:18:12.296184,Missouri,Florida,2026-10-03T19:30:00Z,57.0,57.0
2026-09-30T17:18:12.296184,Florida State,Virginia,2026-10-03T19:30:00Z,51.5,51.5
2026-09-30T17:18:12.296184,Georgia State,Old Dominion,2026-10-03T19:30:00Z,51.5,51.5
2026-09-30T17:18:12.296184,Iowa,Ohio State,2026-10-03T19:30:00Z,45.5,45.5
2026-09-30T17:18:12.296184,Kent State,Ohio,2026-10-03T19:30:00Z,51.0,50.5
2026-09-30T17:18:12.296184,NC State,Louisville,2026-10-03T19:30:00Z,58.5,58.5
2026-09-30T17:18:12.296184,North Dakota State,Wyoming,2026-10-03T19:30:00Z,45.5,45.5
2026-09-30T17:18:12.296184,James Madison,Marshall,2026-10-03T19:45:00Z,56.0,56.0
2026-09-30T17:18:12.296184,Nebraska,Maryland,2026-10-03T20:00:00Z,52.5,52.0
2026-09-30T17:18:12.296184,New Mexico,UTEP,2026-10-03T20:00:00Z,49.0,49.0
2026-09-30T17:18:12.296184,Illinois,Purdue,2026-10-03T20:15:00Z,61.5,62.0
2026-09-30T17:18:12.296184,South Carolina,Kentucky,2026-10-03T20:15:00Z,53.5,53.5
2026-09-30T17:18:12.296184,Colorado State,Oregon State,2026-10-03T22:00:00Z,61.5,62.0
2026-09-30T17:18:12.296184,Florida Atlantic,Texas,2026-10-03T22:00:00Z,,61.5
2026-09-30T17:18:12.296184,Texas A&M,Arkansas,2026-10-03T23:00:00Z,50.5,50.5
2026-09-30T17:18:12.296184,TCU,BYU,2026-10-03T23:00:00Z,48.0,47.5
2026-09-30T17:18:12.296184,Coastal Carolina,Georgia Southern,2026-10-03T23:00:00Z,54.0,54.0
2026-09-30T17:18:12.296184,Rice,UTSA,2026-10-03T23:00:00Z,56.0,55.5
2026-09-30T17:18:12.296184,South Alabama,Louisiana Monroe,2026-10-03T23:00:00Z,57.5,57.0
2026-09-30T17:18:12.296184,Louisiana Tech,Army,2026-10-03T23:30:00Z,48.0,47.5
2026-09-30T17:18:12.296184,Boise State,Utah State,2026-10-03T23:30:00Z,51.5,51.5
2026-09-30T17:18:12.296184,Clemson,Miami,2026-10-03T23:30:00Z,48.0,48.0
2026-09-30T17:18:12.296184,South Florida,Temple,2026-10-03T23:30:00Z,48.0,48.5
2026-09-30T17:18:12.296184,USC,Washington,2026-10-03T23:30:00Z,59.0,58.5
2026-09-30T17:18:12.296184,Colorado,Texas Tech,2026-10-03T23:31:00Z,50.5,50.5
2026-09-30T17:18:12.296184,Louisiana,Arkansas State,2026-10-04T00:00:00Z,48.0,47.5
2026-09-30T17:18:12.296184,Rutgers,Indiana,2026-10-04T00:00:00Z,56.0,55.5
2026-09-30T17:18:12.296184,Washington State,Fresno State,2026-10-04T01:30:00Z,45.5,45.5
2026-09-30T17:18:12.296184,Arizona State,Baylor,2026-10-04T02:30:00Z,49.0,49.0
2026-09-30T17:18:12.296184,San Diego State,Texas State,2026-10-04T02:30:00Z,59.0,59.5
2026-09-30T17:18:12.296184,Arizona,Cincinnati,2026-10-04T03:00:00Z,55.5,55.5
2026-09-30T17:18:12.296184,Hawai'i,San José State,2026-10-04T03:59:00Z,51.5,51.5
2026-09-30T17:18:12.296184,Troy,Southern Miss,2026-10-07T00:00:00Z,,50.5
2026-09-30T17:18:12.296184,Kennesaw State,Jacksonville State,2026-10-07T23:00:00Z,,51.5
2026-09-30T17:18:12.296184,Oklahoma,Texas,2026-10-10T19:30:00Z,,42.5
2026-09-30T17:18:12.296184,Oregon,UCLA,2026-10-10T19:30:00Z,,59.5
2026-10-01T02:18:51.824355,New Mexico State,Western Kentucky,2026-10-02T00:00:00Z,57.0,57.0
2026-10-01T02:18:51.824355,Tulsa,North Texas,2026-10-02T01:00:00Z,57.0,57.5
2026-10-01T02:18:51.824355,Delaware,Liberty,2026-10-02T23:00:00Z,50.0,50.0
2026-10-01T02:18:51.824355,Virginia Tech,Pittsburgh,2026-10-02T23:00:00Z,55.0,54.5
2026-10-01T02:18:51.824355,Northwestern,Penn State,2026-10-03T00:00:00Z,45.5,45.5
2026-10-01T02:18:51.824355,Air Force,Navy,2026-10-03T16:00:00Z,46.0,46.0
2026-10-01T02:18:51.824355,Mississippi State,Alabama,2026-10-03T16:00:00Z,60.0,60.5
2026-10-01T02:18:51.824355,SMU,Boston College,2026-10-03T16:00:00Z,55.5,55.5
2026-10-01T02:18:51.824355,Houston,UCF,2026-10-03T16:00:00Z,51.5,51.5
2026-10-01T02:18:51.824355,Iowa State,West Virginia,2026-10-03T16:00:00Z,53.0,53.0
2026-10-01T02:18:51.824355,Kansas,Middle Tennessee,2026-10-03T16:00:00Z,49.5,49.5
2026-10-01T02:18:51.824355,Minnesota,Michigan,2026-10-03T16:00:00Z,43.0,43.0
2026-10-01T02:18:51.824355,North Carolina,Notre Dame,2026-10-03T16:00:00Z,47.0,47.5
2026-10-01T02:18:51.824355,Wake Forest,Stanford,2026-10-03T16:00:00Z,53.5,53.5
2026-10-01T02:18:51.824355,UConn,Syracuse,2026-10-03T16:00:00Z,50.5,50.5
2026-10-01T02:18:51.824355,Wisconsin,Michigan State,2026-10-03T16:30:00Z,43.0,43.5
2026-10-01T02:18:51.824355,Georgia,Vanderbilt,2026-10-03T16:45:00Z,50.5,50.5
2026-10-01T02:18:51.824355,Buffalo,Western Michigan,2026-10-03T17:00:00Z,46.5,46.5
2026-10-01T02:18:51.824355,Ball State,Toledo,2026-10-03T18:00:00Z,52.5,52.0
2026-10-01T02:18:51.824355,Central Michigan,Akron,2026-10-03T19:30:00Z,47.0,47.0
2026-10-01T02:18:51.824355,Tennessee,Auburn,2026-10-03T19:30:00Z,54.0,54.0
2026-10-01T02:18:51.824355,Miami (OH),Bowling Green,2026-10-03T19:30:00Z,43.5,43.5
2026-10-01T02:18:51.824355,UNLV,California,2026-10-03T19:30:00Z,53.5,53.5
2026-10-01T02:18:51.824355,Charlotte,Memphis,2026-10-03T19:30:00Z,53.0,52.5
2026-10-01T02:18:51.824355,Missouri,Florida,2026-10-03T19:30:00Z,57.0,57.0
2026-10-01T02:18:51.824355,Florida State,Virginia,2026-10-03T19:30:00Z,51.5,51.5
2026-10-01T02:18:51.824355,Georgia State,Old Dominion,2026-10-03T19:30:00Z,51.5,51.5
2026-10-01T02:18:51.824355,Iowa,Ohio State,2026-10-03T19:30:00Z,45.5,45.5
2026-10-01T02:18:51.824355,Kent State,Ohio,2026-10-03T19:30:00Z,51.0,50.5
2026-10-01T02:18:51.824355,NC State,Louisville,2026-10-03T19:30:00Z,58.5,58.5
2026-10-01T02:18:51.824355,North Dakota State,Wyoming,2026-10-03T19:30:00Z,45.5,45.5
2026-10-01T02:18:51.824355,James Madison,Marshall,2026-10-03T19:45:00Z,56.0,56.5
2026-10-01T02:18:51.824355,Nebraska,Maryland,2026-10-03T20:00:00Z,52.5,52.5
2026-10-01T02:18:51.824355,New Mexico,UTEP,2026-10-03T20:00:00Z,48.5,48.5
2026-10-01T02:18:51.824355,Illinois,Purdue,2026-10-03T20:15:00Z,61.5,62.5
2026-10-01T02:18:51.824355,South Carolina,Kentucky,2026-10-03T20:15:00Z,53.5,53.5
2026-10-01T02:18:51.824355,Colorado State,Oregon State,2026-10-03T22:00:00Z,61.5,62.0
2026-10-01T02:18:51.824355,Florida Atlantic,Texas,2026-10-03T22:00:00Z,,61.0
2026-10-01T02:18:51.824355,Texas A&M,Arkansas,2026-10-03T23:00:00Z,50.0,50.5
2026-10-01T02:18:51.824355,TCU,BYU,2026-10-03T23:00:00Z,48.0,47.5
2026-10-01T02:18:51.824355,Coastal Carolina,Georgia Southern,2026-10-03T23:00:00Z,54.0,54.0
2026-10-01T02:18:51.824355,Rice,UTSA,2026-10-03T23:00:00Z,56.0,56.0
2026-10-01T02:18:51.824355,South Alabama,Louisiana Monroe,2026-10-03T23:00:00Z,57.5,57.5
2026-10-01T02:18:51.824355,Louisiana Tech,Army,2026-10-03T23:30:00Z,47.5,47.5
2026-10-01T02:18:51.824355,Boise State,Utah State,2026-10-03T23:30:00Z,51.5,51.5
2026-10-01T02:18:51.824355,Clemson,Miami,2026-10-03T23:30:00Z,48.0,47.5
2026-10-01T02:18:51.824355,South Florida,Temple,2026-10-03T23:30:00Z,48.0,48.0
2026-10-01T02:18:51.824355,USC,Washington,2026-10-03T23:30:00Z,59.0,59.0
2026-10-01T02:18:51.824355,Colorado,Texas Tech,2026-10-03T23:31:00Z,50.5,50.5
2026-10-01T02:18:51.824355,Louisiana,Arkansas State,2026-10-04T00:00:00Z,48.0,47.5
2026-10-01T02:18:51.824355,Rutgers,Indiana,2026-10-04T00:00:00Z,56.0,56.0
2026-10-01T02:18:51.824355,Washington State,Fresno State,2026-10-04T01:30:00Z,45.5,45.5
2026-10-01T02:18:51.824355,Arizona State,Baylor,2026-10-04T02:30:00Z,49.0,49.0
2026-10-01T02:18:51.824355,San Diego State,Texas State,2026-10-04T02:30:00Z,59.0,59.5
2026-10-01T02:18:51.824355,Arizona,Cincinnati,2026-10-04T03:00:00Z,55.5,55.5
2026-10-01T02:18:51.824355,Hawai'i,San José State,2026-10-04T03:59:00Z,51.5,51.5
2026-10-01T02:18:51.824355,Troy,Southern Miss,2026-10-07T00:00:00Z,,49.5
2026-10-01T02:18:51.824355,Kennesaw State,Jacksonville State,2026-10-07T23:00:00Z,,49.5
2026-10-01T02:18:51.824355,Washington,Iowa,2026-10-10T01:00:00Z,,41.5
2026-10-01T02:18:51.824355,BYU,Iowa State,2026-10-10T02:15:00Z,,50.5
2026-10-01T02:18:51.824355,Nebraska,Indiana,2026-10-10T16:00:00Z,,49.5
2026-10-01T02:18:51.824355,Penn State,USC,2026-10-10T16:00:00Z,,58.5
2026-10-01T02:18:51.824355,Florida,South Carolina,2026-10-10T17:00:00Z,,57.5
2026-10-01T02:18:51.824355,Missouri,Texas A&M,2026-10-10T17:00:00Z,,50.5
2026-10-01T02:18:51.824355,Oklahoma,Texas,2026-10-10T19:30:00Z,,41.5
2026-10-01T02:18:51.824355,Oregon,UCLA,2026-10-10T19:30:00Z,,60.5
2026-10-01T02:18:51.824355,Kentucky,LSU,2026-10-10T23:00:00Z,,49.5
2026-10-01T02:18:51.824355,Alabama,Georgia,2026-10-10T23:30:00Z,,55.0
2026-10-01T17:46:14.962862,New Mexico State,Western Kentucky,2026-10-02T00:00:00Z,56.5,56.5
2026-10-01T17:46:14.962862,Tulsa,North Texas,2026-10-02T01:00:00Z,56.5,56.5
2026-10-01T17:46:14.962862,Delaware,Liberty,2026-10-02T23:00:00Z,50.0,50.0
2026-10-01T17:46:14.962862,Virginia Tech,Pittsburgh,2026-10-02T23:00:00Z,55.0,55.0
2026-10-01T17:46:14.962862,Northwestern,Penn State,2026-10-03T00:00:00Z,45.5,45.5
2026-10-01T17:46:14.962862,Air Force,Navy,2026-10-03T16:00:00Z,46.0,46.0
2026-10-01T17:46:14.962862,Mississippi State,Alabama,2026-10-03T16:00:00Z,60.0,60.5
2026-10-01T17:46:14.962862,SMU,Boston College,2026-10-03T16:00:00Z,55.5,55.5
2026-10-01T17:46:14.962862,Houston,UCF,2026-10-03T16:00:00Z,51.5,51.5
2026-10-01T17:46:14.962862,Iowa State,West Virginia,2026-10-03T16:00:00Z,53.0,53.0
2026-10-01T17:46:14.962862,Kansas,Middle Tennessee,2026-10-03T16:00:00Z,49.5,49.5
2026-10-01T17:46:14.962862,Minnesota,Michigan,2026-10-03T16:00:00Z,43.0,43.0
2026-10-01T17:46:14.962862,North Carolina,Notre Dame,2026-10-03T16:00:00Z,47.0,47.0
2026-10-01T17:46:14.962862,Wake Forest,Stanford,2026-10-03T16:00:00Z,53.5,53.5
2026-10-01T17:46:14.962862,UConn,Syracuse,2026-10-03T16:00:00Z,50.5,50.5
2026-10-01T17:46:14.962862,Wisconsin,Michigan State,2026-10-03T16:30:00Z,43.5,43.5
2026-10-01T17:46:14.962862,Georgia,Vanderbilt,2026-10-03T16:45:00Z,50.5,50.5
2026-10-01T17:46:14.962862,Buffalo,Western Michigan,2026-10-03T17:00:00Z,46.5,46.5
2026-10-01T17:46:14.962862,Ball State,Toledo,2026-10-03T18:00:00Z,52.5,52.0
2026-10-01T17:46:14.962862,Central Michigan,Akron,2026-10-03T19:30:00Z,47.0,47.0
2026-10-01T17:46:14.962862,Tennessee,Auburn,2026-10-03T19:30:00Z,54.0,54.0
2026-10-01T17:46:14.962862,Miami (OH),Bowling Green,2026-10-03T19:30:00Z,43.5,43.5
2026-10-01T17:46:14.962862,UNLV,California,2026-10-03T19:30:00Z,53.5,53.5
2026-10-01T17:46:14.962862,Charlotte,Memphis,2026-10-03T19:30:00Z,53.0,52.5
2026-10-01T17:46:14.962862,Missouri,Florida,2026-10-03T19:30:00Z,57.0,57.0
2026-10-01T17:46:14.962862,Florida State,Virginia,2026-10-03T19:30:00Z,51.5,51.5
2026-10-01T17:46:14.962862,Georgia State,Old Dominion,2026-10-03T19:30:00Z,51.5,51.5
2026-10-01T17:46:14.962862,Iowa,Ohio State,2026-10-03T19:30:00Z,45.5,45.5
2026-10-01T17:46:14.962862,Kent State,Ohio,2026-10-03T19:30:00Z,51.0,50.5
2026-10-01T17:46:14.962862,NC State,Louisville,2026-10-03T19:30:00Z,58.5,58.5
2026-10-01T17:46:14.962862,North Dakota State,Wyoming,2026-10-03T19:30:00Z,45.5,45.5
2026-10-01T17:46:14.962862,James Madison,Marshall,2026-10-03T19:45:00Z,56.0,56.5
2026-10-01T17:46:14.962862,Nebraska,Maryland,2026-10-03T20:00:00Z,52.5,52.5
2026-10-01T17:46:14.962862,New Mexico,UTEP,2026-10-03T20:00:00Z,48.5,48.5
2026-10-01T17:46:14.962862,Illinois,Purdue,2026-10-03T20:15:00Z,62.0,62.5
2026-10-01T17:46:14.962862,South Carolina,Kentucky,2026-10-03T20:15:00Z,54.0,54.5
2026-10-01T17:46:14.962862,Colorado State,Oregon State,2026-10-03T22:00:00Z,61.5,62.0
2026-10-01T17:46:14.962862,Florida Atlantic,Texas,2026-10-03T22:00:00Z,,61.5
2026-10-01T17:46:14.962862,Texas A&M,Arkansas,2026-10-03T23:00:00Z,50.0,50.5
2026-10-01T17:46:14.962862,TCU,BYU,2026-10-03T23:00:00Z,47.5,47.5
2026-10-01T17:46:14.962862,Coastal Carolina,Georgia Southern,2026-10-03T23:00:00Z,54.0,54.0
2026-10-01T17:46:14.962862,Rice,UTSA,2026-10-03T23:00:00Z,56.0,56.0
2026-10-01T17:46:14.962862,South Alabama,Louisiana Monroe,2026-10-03T23:00:00Z,57.5,57.5
2026-10-01T17:46:14.962862,Louisiana Tech,Army,2026-10-03T23:30:00Z,47.5,47.5
2026-10-01T17:46:14.962862,Boise State,Utah State,2026-10-03T23:30:00Z,51.5,51.5
2026-10-01T17:46:14.962862,Clemson,Miami,2026-10-03T23:30:00Z,48.0,47.5
2026-10-01T17:46:14.962862,South Florida,Temple,2026-10-03T23:30:00Z,48.0,48.0
2026-10-01T17:46:14.962862,USC,Washington,2026-10-03T23:30:00Z,59.0,59.0
2026-10-01T17:46:14.962862,Colorado,Texas Tech,2026-10-03T23:31:00Z,50.5,50.5
2026-10-01T17:46:14.962862,Louisiana,Arkansas State,2026-10-04T00:00:00Z,48.0,47.5
2026-10-01T17:46:14.962862,Rutgers,Indiana,2026-10-04T00:00:00Z,57.0,56.5
2026-10-01T17:46:14.962862,Washington State,Fresno State,2026-10-04T01:30:00Z,45.5,45.5
2026-10-01T17:46:14.962862,Arizona State,Baylor,2026-10-04T02:30:00Z,49.0,49.0
2026-10-01T17:46:14.962862,San Diego State,Texas State,2026-10-04T02:30:00Z,57.5,58.0
2026-10-01T17:46:14.962862,Arizona,Cincinnati,2026-10-04T03:00:00Z,55.5,55.5
2026-10-01T17:46:14.962862,Hawai'i,San José State,2026-10-04T03:59:00Z,51.5,51.5
2026-10-01T17:46:14.962862,Troy,Southern Miss,2026-10-07T00:00:00Z,,49.5
2026-10-01T17:46:14.962862,Kennesaw State,Jacksonville State,2026-10-07T23:00:00Z,,49.5
2026-10-01T17:46:14.962862,Washington,Iowa,2026-10-10T01:00:00Z,,41.5
2026-10-01T17:46:14.962862,BYU,Iowa State,2026-10-10T02:15:00Z,,50.5
2026-10-01T17:46:14.962862,Nebraska,Indiana,2026-10-10T16:00:00Z,,49.5
2026-10-01T17:46:14.962862,Penn State,USC,2026-10-10T16:00:00Z,,58.5
2026-10-01T17:46:14.962862,Florida,South Carolina,2026-10-10T17:00:00Z,,57.5
2026-10-01T17:46:14.962862,Missouri,Texas A&M,2026-10-10T17:00:00Z,,50.5
2026-10-01T17:46:14.962862,Oklahoma,Texas,2026-10-10T19:30:00Z,,41.5
2026-10-01T17:46:14.962862,Oregon,UCLA,2026-10-10T19:30:00Z,,60.5
2026-10-01T17:46:14.962862,Kentucky,LSU,2026-10-10T23:00:00Z,,49.5
2026-10-01T17:46:14.962862,Alabama,Georgia,2026-10-10T23:30:00Z,,55.0
2026-10-02T02:29:33.736419,New Mexico State,Western Kentucky,2026-10-02T00:00:00Z,59.5,58.5
2026-10-02T02:29:33.736419,Tulsa,North Texas,2026-10-02T01:07:00Z,57.5,57.5
2026-10-02T02:29:33.736419,Delaware,Liberty,2026-10-02T23:00:00Z,50.0,50.0
2026-10-02T02:29:33.736419,Virginia Tech,Pittsburgh,2026-10-02T23:00:00Z,54.5,54.5
2026-10-02T02:29:33.736419,Northwestern,Penn State,2026-10-03T00:00:00Z,45.5,45.5
2026-10-02T02:29:33.736419,Charlotte,Memphis,2026-10-03T15:00:00Z,52.0,52.0
2026-10-02T02:29:33.736419,Air Force,Navy,2026-10-03T16:00:00Z,46.0,46.0
2026-10-02T02:29:33.736419,Mississippi State,Alabama,2026-10-03T16:00:00Z,60.0,60.5
2026-10-02T02:29:33.736419,SMU,Boston College,2026-10-03T16:00:00Z,55.5,55.5
2026-10-02T02:29:33.736419,Houston,UCF,2026-10-03T16:00:00Z,51.0,51.5
2026-10-02T02:29:33.736419,Iowa State,West Virginia,2026-10-03T16:00:00Z,53.0,53.0
2026-10-02T02:29:33.736419,Kansas,Middle Tennessee,2026-10-03T16:00:00Z,50.5,50.5
2026-10-02T02:29:33.736419,Minnesota,Michigan,2026-10-03T16:00:00Z,43.0,43.0
2026-10-02T02:29:33.736419,North Carolina,Notre Dame,2026-10-03T16:00:00Z,46.5,46.5
2026-10-02T02:29:33.736419,Wake Forest,Stanford,2026-10-03T16:00:00Z,53.5,53.5
2026-10-02T02:29:33.736419,UConn,Syracuse,2026-10-03T16:00:00Z,50.5,50.5
2026-10-02T02:29:33.736419,Wisconsin,Michigan State,2026-10-03T16:30:00Z,43.0,43.5
2026-10-02T02:29:33.736419,Georgia,Vanderbilt,2026-10-03T16:45:00Z,50.5,50.5
2026-10-02T02:29:33.736419,Buffalo,Western Michigan,2026-10-03T17:00:00Z,46.0,46.0
2026-10-02T02:29:33.736419,Ball State,Toledo,2026-10-03T18:00:00Z,52.5,52.0
2026-10-02T02:29:33.736419,Central Michigan,Akron,2026-10-03T19:30:00Z,47.0,47.0
2026-10-02T02:29:33.736419,Tennessee,Auburn,2026-10-03T19:30:00Z,54.0,54.0
2026-10-02T02:29:33.736419,Miami (OH),Bowling Green,2026-10-03T19:30:00Z,43.5,43.0
2026-10-02T02:29:33.736419,UNLV,California,2026-10-03T19:30:00Z,53.5,53.5
2026-10-02T02:29:33.736419,Missouri,Florida,2026-10-03T19:30:00Z,58.0,57.5
2026-10-02T02:29:33.736419,Florida State,Virginia,2026-10-03T19:30:00Z,51.5,51.5
2026-10-02T02:29:33.736419,Georgia State,Old Dominion,2026-10-03T19:30:00Z,51.5,51.5
2026-10-02T02:29:33.736419,Iowa,Ohio State,2026-10-03T19:30:00Z,45.5,45.5
2026-10-02T02:29:33.736419,Kent State,Ohio,2026-10-03T19:30:00Z,51.0,50.5
2026-10-02T02:29:33.736419,NC State,Louisville,2026-10-03T19:30:00Z,58.0,58.0
2026-10-02T02:29:33.736419,North Dakota State,Wyoming,2026-10-03T19:30:00Z,44.5,44.5
2026-10-02T02:29:33.736419,James Madison,Marshall,2026-10-03T19:45:00Z,56.0,56.5
2026-10-02T02:29:33.736419,Nebraska,Maryland,2026-10-03T20:00:00Z,52.5,52.5
2026-10-02T02:29:33.736419,New Mexico,UTEP,2026-10-03T20:00:00Z,48.0,47.5
2026-10-02T02:29:33.736419,Illinois,Purdue,2026-10-03T20:15:00Z,62.5,62.5
2026-10-02T02:29:33.736419,South Carolina,Kentucky,2026-10-03T20:15:00Z,54.0,54.5
2026-10-02T02:29:33.736419,Colorado State,Oregon State,2026-10-03T22:00:00Z,,62.0
2026-10-02T02:29:33.736419,Florida Atlantic,Texas,2026-10-03T22:00:00Z,,61.5
2026-10-02T02:29:33.736419,Texas A&M,Arkansas,2026-10-03T23:00:00Z,50.0,50.5
2026-10-02T02:29:33.736419,TCU,BYU,2026-10-03T23:00:00Z,47.5,47.5
2026-10-02T02:29:33.736419,Coastal Carolina,Georgia Southern,2026-10-03T23:00:00Z,54.0,54.0
2026-10-02T02:29:33.736419,Rice,UTSA,2026-10-03T23:00:00Z,56.0,56.0
2026-10-02T02:29:33.736419,South Alabama,Louisiana Monroe,2026-10-03T23:00:00Z,57.5,57.5
2026-10-02T02:29:33.736419,Louisiana Tech,Army,2026-10-03T23:30:00Z,47.5,47.5
2026-10-02T02:29:33.736419,Boise State,Utah State,2026-10-03T23:30:00Z,51.5,51.5
2026-10-02T02:29:33.736419,Clemson,Miami,2026-10-03T23:30:00Z,48.0,47.5
2026-10-02T02:29:33.736419,South Florida,Temple,2026-10-03T23:30:00Z,48.5,48.5
2026-10-02T02:29:33.736419,USC,Washington,2026-10-03T23:30:00Z,58.0,58.5
2026-10-02T02:29:33.736419,Colorado,Texas Tech,2026-10-03T23:31:00Z,50.5,50.5
2026-10-02T02:29:33.736419,Louisiana,Arkansas State,2026-10-04T00:00:00Z,48.0,47.5
2026-10-02T02:29:33.736419,Rutgers,Indiana,2026-10-04T00:00:00Z,57.0,56.5
2026-10-02T02:29:33.736419,Washington State,Fresno State,2026-10-04T01:30:00Z,45.5,45.5
2026-10-02T02:29:33.736419,Arizona State,Baylor,2026-10-04T02:30:00Z,49.0,49.0
2026-10-02T02:29:33.736419,San Diego State,Texas State,2026-10-04T02:30:00Z,57.5,57.5
2026-10-02T02:29:33.736419,Arizona,Cincinnati,2026-10-04T03:00:00Z,56.0,56.5
2026-10-02T02:29:33.736419,Hawai'i,San José State,2026-10-04T03:59:00Z,50.5,50.5
2026-10-02T02:29:33.736419,Troy,Southern Miss,2026-10-07T00:00:00Z,,49.5
2026-10-02T02:29:33.736419,Kennesaw State,Jacksonville State,2026-10-07T23:00:00Z,,50.5
2026-10-02T02:29:33.736419,Washington,Iowa,2026-10-10T01:00:00Z,,41.5
2026-10-02T02:29:33.736419,BYU,Iowa State,2026-10-10T02:15:00Z,,50.5
2026-10-02T02:29:33.736419,Nebraska,Indiana,2026-10-10T16:00:00Z,,49.5
2026-10-02T02:29:33.736419,Penn State,USC,2026-10-10T16:00:00Z,,58.5
2026-10-02T02:29:33.736419,Florida,South Carolina,2026-10-10T17:00:00Z,,57.5
2026-10-02T02:29:33.736419,Missouri,Texas A&M,2026-10-10T17:00:00Z,,50.5
2026-10-02T02:29:33.736419,Oklahoma,Texas,2026-10-10T19:30:00Z,,41.5
2026-10-02T02:29:33.736419,Oregon,UCLA,2026-10-10T19:30:00Z,,60.5
2026-10-02T02:29:33.736419,Kentucky,LSU,2026-10-10T23:00:00Z,,50.0
2026-10-02T02:29:33.736419,Alabama,Georgia,2026-10-10T23:30:00Z,,54.5
2026-10-02T17:06:14.795110,Delaware,Liberty,2026-10-02T23:00:00Z,50.0,50.0
2026-10-02T17:06:14.795110,Virginia Tech,Pittsburgh,2026-10-02T23:00:00Z,54.5,54.5
2026-10-02T17:06:14.795110,Northwestern,Penn State,2026-10-03T00:00:00Z,46.0,45.5
2026-10-02T17:06:14.795110,Charlotte,Memphis,2026-10-03T15:00:00Z,52.0,52.0
2026-10-02T17:06:14.795110,Air Force,Navy,2026-10-03T16:00:00Z,45.5,46.0
2026-10-02T17:06:14.795110,Mississippi State,Alabama,2026-10-03T16:00:00Z,60.0,60.5
2026-10-02T17:06:14.795110,SMU,Boston College,2026-10-03T16:00:00Z,55.5,55.5
2026-10-02T17:06:14.795110,Houston,UCF,2026-10-03T16:00:00Z,51.0,51.0
2026-10-02T17:06:14.795110,Iowa State,West Virginia,2026-10-03T16:00:00Z,53.0,53.0
2026-10-02T17:06:14.795110,Kansas,Middle Tennessee,2026-10-03T16:00:00Z,50.5,50.5
2026-10-02T17:06:14.795110,Minnesota,Michigan,2026-10-03T16:00:00Z,43.5,43.5
2026-10-02T17:06:14.795110,North Carolina,Notre Dame,2026-10-03T16:00:00Z,46.5,46.5
2026-10-02T17:06:14.795110,Wake Forest,Stanford,2026-10-03T16:00:00Z,53.5,53.5
2026-10-02T17:06:14.795110,UConn,Syracuse,2026-10-03T16:00:00Z,50.5,50.5
2026-10-02T17:06:14.795110,Wisconsin,Michigan State,2026-10-03T16:30:00Z,43.0,43.5
2026-10-02T17:06:14.795110,Georgia,Vanderbilt,2026-10-03T16:45:00Z,51.0,51.0
2026-10-02T17:06:14.795110,Buffalo,Western Michigan,2026-10-03T17:00:00Z,46.0,46.0
2026-10-02T17:06:14.795110,Ball State,Toledo,2026-10-03T18:00:00Z,52.5,52.0
2026-10-02T17:06:14.795110,Central Michigan,Akron,2026-10-03T19:30:00Z,47.0,47.0
2026-10-02T17:06:14.795110,Tennessee,Auburn,2026-10-03T19:30:00Z,54.0,54.0
2026-10-02T17:06:14.795110,Miami (OH),Bowling Green,2026-10-03T19:30:00Z,43.5,43.0
2026-10-02T17:06:14.795110,UNLV,California,2026-10-03T19:30:00Z,53.5,53.5
2026-10-02T17:06:14.795110,Missouri,Florida,2026-10-03T19:30:00Z,57.5,57.5
2026-10-02T17:06:14.795110,Florida State,Virginia,2026-10-03T19:30:00Z,51.5,51.5
2026-10-02T17:06:14.795110,Georgia State,Old Dominion,2026-10-03T19:30:00Z,51.5,51.5
2026-10-02T17:06:14.795110,Iowa,Ohio State,2026-10-03T19:30:00Z,45.5,45.5
2026-10-02T17:06:14.795110,Kent State,Ohio,2026-10-03T19:30:00Z,51.0,50.5
2026-10-02T17:06:14.795110,NC State,Louisville,2026-10-03T19:30:00Z,58.0,58.0
2026-10-02T17:06:14.795110,North Dakota State,Wyoming,2026-10-03T19:30:00Z,44.5,44.5
2026-10-02T17:06:14.795110,James Madison,Marshall,2026-10-03T19:45:00Z,56.0,56.5
2026-10-02T17:06:14.795110,Nebraska,Maryland,2026-10-03T20:00:00Z,52.5,52.5
2026-10-02T17:06:14.795110,New Mexico,UTEP,2026-10-03T20:00:00Z,48.0,47.5
2026-10-02T17:06:14.795110,Illinois,Purdue,2026-10-03T20:15:00Z,62.5,62.5
2026-10-02T17:06:14.795110,South Carolina,Kentucky,2026-10-03T20:15:00Z,54.0,54.5
2026-10-02T17:06:14.795110,Colorado State,Oregon State,2026-10-03T22:00:00Z,62.0,62.5
2026-10-02T17:06:14.795110,Florida Atlantic,Texas,2026-10-03T22:00:00Z,61.0,61.5
2026-10-02T17:06:14.795110,Texas A&M,Arkansas,2026-10-03T23:00:00Z,50.0,50.5
2026-10-02T17:06:14.795110,TCU,BYU,2026-10-03T23:00:00Z,48.0,47.5
2026-10-02T17:06:14.795110,Coastal Carolina,Georgia Southern,2026-10-03T23:00:00Z,54.0,54.0
2026-10-02T17:06:14.795110,Rice,UTSA,2026-10-03T23:00:00Z,56.0,56.0
2026-10-02T17:06:14.795110,South Alabama,Louisiana Monroe,2026-10-03T23:00:00Z,57.5,57.5
2026-10-02T17:06:14.795110,Louisiana Tech,Army,2026-10-03T23:30:00Z,47.5,47.5
2026-10-02T17:06:14.795110,Boise State,Utah State,2026-10-03T23:30:00Z,51.5,51.5
2026-10-02T17:06:14.795110,Clemson,Miami,2026-10-03T23:30:00Z,47.5,47.5
2026-10-02T17:06:14.795110,South Florida,Temple,2026-10-03T23:30:00Z,48.5,48.5
2026-10-02T17:06:14.795110,USC,Washington,2026-10-03T23:30:00Z,58.0,58.5
2026-10-02T17:06:14.795110,Colorado,Texas Tech,2026-10-03T23:31:00Z,50.5,50.5
2026-10-02T17:06:14.795110,Louisiana,Arkansas State,2026-10-04T00:00:00Z,48.0,47.5
2026-10-02T17:06:14.795110,Rutgers,Indiana,2026-10-04T00:00:00Z,57.0,56.5
2026-10-02T17:06:14.795110,Washington State,Fresno State,2026-10-04T01:30:00Z,45.5,45.5
2026-10-02T17:06:14.795110,Arizona State,Baylor,2026-10-04T02:30:00Z,49.0,49.0
2026-10-02T17:06:14.795110,San Diego State,Texas State,2026-10-04T02:30:00Z,57.5,57.5
2026-10-02T17:06:14.795110,Arizona,Cincinnati,2026-10-04T03:00:00Z,55.5,55.5
2026-10-02T17:06:14.795110,Hawai'i,San José State,2026-10-04T03:59:00Z,50.5,50.5
2026-10-02T17:06:14.795110,Troy,Southern Miss,2026-10-07T00:00:00Z,,49.5
2026-10-02T17:06:14.795110,Kennesaw State,Jacksonville State,2026-10-07T23:00:00Z,,50.5
2026-10-02T17:06:14.795110,Washington,Iowa,2026-10-10T01:00:00Z,,41.5
2026-10-02T17:06:14.795110,BYU,Iowa State,2026-10-10T02:15:00Z,,50.5
2026-10-02T17:06:14.795110,Nebraska,Indiana,2026-10-10T16:00:00Z,,49.5
2026-10-02T17:06:14.795110,Penn State,USC,2026-10-10T16:00:00Z,,58.5
2026-10-02T17:06:14.795110,Florida,South Carolina,2026-10-10T17:00:00Z,,57.5
2026-10-02T17:06:14.795110,Missouri,Texas A&M,2026-10-10T17:00:00Z,,50.5
2026-10-02T17:06:14.795110,Oklahoma,Texas,2026-10-10T19:30:00Z,,41.5
2026-10-02T17:06:14.795110,Oregon,UCLA,2026-10-10T19:30:00Z,,60.5
2026-10-02T17:06:14.795110,Kentucky,LSU,2026-10-10T23:00:00Z,,50.0
2026-10-02T17:06:14.795110,Alabama,Georgia,2026-10-10T23:30:00Z,,54.5
2026-10-03T02:15:32.678709,Delaware,Liberty,2026-10-02T23:05:00Z,,36.5
2026-10-03T02:15:32.678709,Virginia Tech,Pittsburgh,2026-10-02T23:06:16Z,76.5,76.0
2026-10-03T02:15:32.678709,Northwestern,Penn State,2026-10-03T00:14:11Z,52.5,54.5
2026-10-03T02:15:32.678709,Charlotte,Memphis,2026-10-03T15:00:00Z,52.0,52.0
2026-10-03T02:15:32.678709,Air Force,Navy,2026-10-03T16:00:00Z,45.5,45.5
2026-10-03T02:15:32.678709,Mississippi State,Alabama,2026-10-03T16:00:00Z,60.5,60.5
2026-10-03T02:15:32.678709,SMU,Boston College,2026-10-03T16:00:00Z,55.0,55.0
2026-10-03T02:15:32.678709,Houston,UCF,2026-10-03T16:00:00Z,51.0,51.0
2026-10-03T02:15:32.678709,Iowa State,West Virginia,2026-10-03T16:00:00Z,53.0,53.0
2026-10-03T02:15:32.678709,Kansas,Middle Tennessee,2026-10-03T16:00:00Z,50.5,50.5
2026-10-03T02:15:32.678709,Minnesota,Michigan,2026-10-03T16:00:00Z,43.0,43.0
2026-10-03T02:15:32.678709,North Carolina,Notre Dame,2026-10-03T16:00:00Z,46.5,46.5
2026-10-03T02:15:32.678709,Wake Forest,Stanford,2026-10-03T16:00:00Z,53.5,53.5
2026-10-03T02:15:32.678709,UConn,Syracuse,2026-10-03T16:00:00Z,50.5,50.5
2026-10-03T02:15:32.678709,Wisconsin,Michigan State,2026-10-03T16:30:00Z,43.0,43.5
2026-10-03T02:15:32.678709,Georgia,Vanderbilt,2026-10-03T16:45:00Z,51.0,50.5
2026-10-03T02:15:32.678709,Buffalo,Western Michigan,2026-10-03T17:00:00Z,46.0,46.0
2026-10-03T02:15:32.678709,Ball State,Toledo,2026-10-03T18:00:00Z,52.0,51.5
2026-10-03T02:15:32.678709,Central Michigan,Akron,2026-10-03T19:30:00Z,47.0,47.0
2026-10-03T02:15:32.678709,Tennessee,Auburn,2026-10-03T19:30:00Z,54.0,54.0
2026-10-03T02:15:32.678709,Miami (OH),Bowling Green,2026-10-03T19:30:00Z,43.0,43.0
2026-10-03T02:15:32.678709,UNLV,California,2026-10-03T19:30:00Z,53.0,53.5
2026-10-03T02:15:32.678709,Missouri,Florida,2026-10-03T19:30:00Z,58.0,57.5
2026-10-03T02:15:32.678709,Florida State,Virginia,2026-10-03T19:30:00Z,51.5,51.5
2026-10-03T02:15:32.678709,Georgia State,Old Dominion,2026-10-03T19:30:00Z,51.5,51.5
2026-10-03T02:15:32.678709,Iowa,Ohio State,2026-10-03T19:30:00Z,45.5,45.5
2026-10-03T02:15:32.678709,Kent State,Ohio,2026-10-03T19:30:00Z,51.0,50.5
2026-10-03T02:15:32.678709,NC State,Louisville,2026-10-03T19:30:00Z,58.0,58.0
2026-10-03T02:15:32.678709,North Dakota State,Wyoming,2026-10-03T19:30:00Z,45.0,44.5
2026-10-03T02:15:32.678709,James Madison,Marshall,2026-10-03T19:45:00Z,56.0,56.0
2026-10-03T02:15:32.678709,Nebraska,Maryland,2026-10-03T20:00:00Z,52.5,52.5
2026-10-03T02:15:32.678709,New Mexico,UTEP,2026-10-03T20:00:00Z,48.0,47.5
2026-10-03T02:15:32.678709,Illinois,Purdue,2026-10-03T20:15:00Z,62.5,62.5
2026-10-03T02:15:32.678709,South Carolina,Kentucky,2026-10-03T20:15:00Z,54.0,54.0
2026-10-03T02:15:32.678709,Colorado State,Oregon State,2026-10-03T22:00:00Z,62.5,62.5
2026-10-03T02:15:32.678709,Florida Atlantic,Texas,2026-10-03T22:00:00Z,61.0,61.5
2026-10-03T02:15:32.678709,Texas A&M,Arkansas,2026-10-03T23:00:00Z,50.0,50.5
2026-10-03T02:15:32.678709,TCU,BYU,2026-10-03T23:00:00Z,48.0,48.0
2026-10-03T02:15:32.678709,Coastal Carolina,Georgia Southern,2026-10-03T23:00:00Z,53.5,53.5
2026-10-03T02:15:32.678709,Rice,UTSA,2026-10-03T23:00:00Z,56.0,56.0
2026-10-03T02:15:32.678709,South Alabama,Louisiana Monroe,2026-10-03T23:00:00Z,56.5,56.5
2026-10-03T02:15:32.678709,Louisiana Tech,Army,2026-10-03T23:30:00Z,47.0,47.0
2026-10-03T02:15:32.678709,Boise State,Utah State,2026-10-03T23:30:00Z,51.5,51.5
2026-10-03T02:15:32.678709,Clemson,Miami,2026-10-03T23:30:00Z,47.5,47.5
2026-10-03T02:15:32.678709,South Florida,Temple,2026-10-03T23:30:00Z,48.0,48.5
2026-10-03T02:15:32.678709,USC,Washington,2026-10-03T23:30:00Z,58.0,58.5
2026-10-03T02:15:32.678709,Colorado,Texas Tech,2026-10-03T23:31:00Z,49.5,49.5
2026-10-03T02:15:32.678709,Louisiana,Arkansas State,2026-10-04T00:00:00Z,48.5,47.5
2026-10-03T02:15:32.678709,Rutgers,Indiana,2026-10-04T00:00:00Z,57.0,56.5
2026-10-03T02:15:32.678709,Washington State,Fresno State,2026-10-04T01:30:00Z,45.5,45.5
2026-10-03T02:15:32.678709,Arizona State,Baylor,2026-10-04T02:30:00Z,48.5,48.5
2026-10-03T02:15:32.678709,San Diego State,Texas State,2026-10-04T02:30:00Z,57.5,57.5
2026-10-03T02:15:32.678709,Arizona,Cincinnati,2026-10-04T03:00:00Z,55.5,55.5
2026-10-03T02:15:32.678709,Hawai'i,San José State,2026-10-04T03:59:00Z,51.0,51.0
2026-10-03T02:15:32.678709,Troy,Southern Miss,2026-10-07T00:00:00Z,,49.5
2026-10-03T02:15:32.678709,Kennesaw State,Jacksonville State,2026-10-07T23:00:00Z,,49.5
2026-10-03T02:15:32.678709,Florida International,New Mexico State,2026-10-07T23:30:00Z,,50.5
2026-10-03T02:15:32.678709,Washington,Iowa,2026-10-10T01:00:00Z,,41.5
2026-10-03T02:15:32.678709,BYU,Iowa State,2026-10-10T02:15:00Z,,50.5
2026-10-03T02:15:32.678709,Nebraska,Indiana,2026-10-10T16:00:00Z,,50.5
2026-10-03T02:15:32.678709,Florida,South Carolina,2026-10-10T17:00:00Z,,57.5
2026-10-03T02:15:32.678709,Missouri,Texas A&M,2026-10-10T17:00:00Z,,50.5
2026-10-03T02:15:32.678709,Oklahoma,Texas,2026-10-10T19:30:00Z,,41.5
2026-10-03T02:15:32.678709,Oregon,UCLA,2026-10-10T19:30:00Z,,60.5
2026-10-03T02:15:32.678709,Kentucky,LSU,2026-10-10T23:00:00Z,,50.5
2026-10-03T02:15:32.678709,Alabama,Georgia,2026-10-10T23:30:00Z,,54.5
2026-10-03T15:27:37.973456,Charlotte,Memphis,2026-10-03T15:02:25Z,55.5,57.5
2026-10-03T15:27:37.973456,Air Force,Navy,2026-10-03T16:00:00Z,45.5,45.5
2026-10-03T15:27:37.973456,Mississippi State,Alabama,2026-10-03T16:00:00Z,62.5,62.5
2026-10-03T15:27:37.973456,SMU,Boston College,2026-10-03T16:00:00Z,55.5,55.5
2026-10-03T15:27:37.973456,Houston,UCF,2026-10-03T16:00:00Z,50.0,50.0
2026-10-03T15:27:37.973456,Iowa State,West Virginia,2026-10-03T16:00:00Z,53.0,53.0
2026-10-03T15:27:37.973456,Kansas,Middle Tennessee,2026-10-03T16:00:00Z,50.5,51.0
2026-10-03T15:27:37.973456,Minnesota,Michigan,2026-10-03T16:00:00Z,42.0,42.0
2026-10-03T15:27:37.973456,North Carolina,Notre Dame,2026-10-03T16:00:00Z,46.5,46.5
2026-10-03T15:27:37.973456,Wake Forest,Stanford,2026-10-03T16:00:00Z,54.0,54.0
2026-10-03T15:27:37.973456,UConn,Syracuse,2026-10-03T16:00:00Z,51.5,51.5
2026-10-03T15:27:37.973456,Wisconsin,Michigan State,2026-10-03T16:30:00Z,43.0,43.5
2026-10-03T15:27:37.973456,Georgia,Vanderbilt,2026-10-03T16:45:00Z,51.0,50.5
2026-10-03T15:27:37.973456,Buffalo,Western Michigan,2026-10-03T17:00:00Z,45.5,46.0
2026-10-03T15:27:37.973456,Ball State,Toledo,2026-10-03T18:00:00Z,52.0,52.0
2026-10-03T15:27:37.973456,Central Michigan,Akron,2026-10-03T19:30:00Z,47.5,47.5
2026-10-03T15:27:37.973456,Tennessee,Auburn,2026-10-03T19:30:00Z,54.0,54.0
2026-10-03T15:27:37.973456,Miami (OH),Bowling Green,2026-10-03T19:30:00Z,41.5,41.5
2026-10-03T15:27:37.973456,UNLV,California,2026-10-03T19:30:00Z,53.0,52.5
2026-10-03T15:27:37.973456,Missouri,Florida,2026-10-03T19:30:00Z,58.0,57.5
2026-10-03T15:27:37.973456,Florida State,Virginia,2026-10-03T19:30:00Z,51.5,51.5
2026-10-03T15:27:37.973456,Georgia State,Old Dominion,2026-10-03T19:30:00Z,51.5,51.5
2026-10-03T15:27:37.973456,Iowa,Ohio State,2026-10-03T19:30:00Z,45.5,45.5
2026-10-03T15:27:37.973456,Kent State,Ohio,2026-10-03T19:30:00Z,51.0,50.5
2026-10-03T15:27:37.973456,NC State,Louisville,2026-10-03T19:30:00Z,57.0,57.5
2026-10-03T15:27:37.973456,North Dakota State,Wyoming,2026-10-03T19:30:00Z,44.0,44.0
2026-10-03T15:27:37.973456,James Madison,Marshall,2026-10-03T19:45:00Z,55.5,55.5
2026-10-03T15:27:37.973456,Nebraska,Maryland,2026-10-03T20:00:00Z,52.5,52.5
2026-10-03T15:27:37.973456,New Mexico,UTEP,2026-10-03T20:00:00Z,48.0,48.0
2026-10-03T15:27:37.973456,Illinois,Purdue,2026-10-03T20:15:00Z,61.5,61.5
2026-10-03T15:27:37.973456,South Carolina,Kentucky,2026-10-03T20:15:00Z,53.0,53.0
2026-10-03T15:27:37.973456,Colorado State,Oregon State,2026-10-03T22:00:00Z,62.5,62.5
2026-10-03T15:27:37.973456,Florida Atlantic,Texas,2026-10-03T22:00:00Z,62.0,62.5
2026-10-03T15:27:37.973456,Texas A&M,Arkansas,2026-10-03T23:00:00Z,50.0,50.5
2026-10-03T15:27:37.973456,TCU,BYU,2026-10-03T23:00:00Z,48.0,48.0
2026-10-03T15:27:37.973456,Coastal Carolina,Georgia Southern,2026-10-03T23:00:00Z,53.0,53.5
2026-10-03T15:27:37.973456,Rice,UTSA,2026-10-03T23:00:00Z,55.5,55.5
2026-10-03T15:27:37.973456,South Alabama,Louisiana Monroe,2026-10-03T23:00:00Z,56.5,56.5
2026-10-03T15:27:37.973456,Louisiana Tech,Army,2026-10-03T23:30:00Z,47.0,47.0
2026-10-03T15:27:37.973456,Boise State,Utah State,2026-10-03T23:30:00Z,51.5,51.5
2026-10-03T15:27:37.973456,Clemson,Miami,2026-10-03T23:30:00Z,48.5,48.5
2026-10-03T15:27:37.973456,South Florida,Temple,2026-10-03T23:30:00Z,48.5,48.5
2026-10-03T15:27:37.973456,USC,Washington,2026-10-03T23:30:00Z,57.5,58.0
2026-10-03T15:27:37.973456,Colorado,Texas Tech,2026-10-03T23:31:00Z,49.5,49.5
2026-10-03T15:27:37.973456,Louisiana,Arkansas State,2026-10-04T00:00:00Z,49.0,48.5
2026-10-03T15:27:37.973456,Rutgers,Indiana,2026-10-04T00:00:00Z,57.0,57.0
2026-10-03T15:27:37.973456,Washington State,Fresno State,2026-10-04T01:30:00Z,45.5,45.5
2026-10-03T15:27:37.973456,Arizona State,Baylor,2026-10-04T02:30:00Z,48.5,48.5
2026-10-03T15:27:37.973456,San Diego State,Texas State,2026-10-04T02:30:00Z,57.5,57.5
2026-10-03T15:27:37.973456,Arizona,Cincinnati,2026-10-04T03:00:00Z,56.0,55.5
2026-10-03T15:27:37.973456,Hawai'i,San José State,2026-10-04T03:59:00Z,51.0,50.5
2026-10-03T15:27:37.973456,Troy,Southern Miss,2026-10-07T00:00:00Z,,49.5
2026-10-03T15:27:37.973456,Kennesaw State,Jacksonville State,2026-10-07T23:00:00Z,,49.5
2026-10-03T15:27:37.973456,Florida International,New Mexico State,2026-10-07T23:30:00Z,,48.5
2026-10-03T15:27:37.973456,Washington,Iowa,2026-10-10T01:00:00Z,,41.5
2026-10-03T15:27:37.973456,BYU,Iowa State,2026-10-10T02:15:00Z,,50.5
2026-10-03T15:27:37.973456,Nebraska,Indiana,2026-10-10T16:00:00Z,,50.5
2026-10-03T15:27:37.973456,Florida,South Carolina,2026-10-10T17:00:00Z,,57.5
2026-10-03T15:27:37.973456,Missouri,Texas A&M,2026-10-10T17:00:00Z,,50.5
2026-10-03T15:27:37.973456,Oklahoma,Texas,2026-10-10T19:30:00Z,,41.5
2026-10-03T15:27:37.973456,Oregon,UCLA,2026-10-10T19:30:00Z,,60.5
2026-10-03T15:27:37.973456,Kentucky,LSU,2026-10-10T23:00:00Z,,50.5
2026-10-03T15:27:37.973456,Alabama,Georgia,2026-10-10T23:30:00Z,,54.5
