season,week,date,away,home,opener,close,proj,edge,rec,tier,result,clv,clv_pts,margin,proj_err,vegas_err,proj_vs_vegas,actual
2020,1,09/03/20,South Alabama,Southern Miss,54.5,54.5,51.5,-3.0,UNDER,LEAN,WIN,-,0.0,1.5,1.5,-1.5,-3.0,53.0
2020,1,09/05/20,Middle Tennessee,Army,54.0,54.0,56.1,2.1,,,,,,,-14.1,-12.0,2.1,42.0
2020,1,09/05/20,SMU,Texas State,70.5,70.5,54.1,-16.4,UNDER,STRONG,WIN,-,0.0,15.5,0.9,-15.5,-16.4,55.0
2020,1,09/05/20,Arkansas State,Memphis,72.0,72.0,65.1,-6.9,UNDER,STRONG,WIN,-,0.0,11.0,-4.1,-11.0,-6.9,61.0
2020,1,09/07/20,BYU,Navy,48.5,48.5,55.9,7.4,OVER,STRONG,WIN,-,0.0,9.5,2.1,9.5,7.4,58.0
2020,1,12/21/20,App State,North Texas,67.5,67.5,59.0,-8.5,UNDER,STRONG,LOSS,-,0.0,-16.5,25.0,16.5,-8.5,84.0
2020,1,12/22/20,Tulane,Nevada,56.5,56.5,54.6,-1.9,,,,,,,10.4,8.5,-1.9,65.0
2020,1,12/22/20,UCF,BYU,80.0,80.0,56.1,-23.9,UNDER,STRONG,WIN,-,0.0,8.0,15.9,-8.0,-23.9,72.0
2020,1,12/23/20,Louisiana Tech,Georgia Southern,48.0,48.0,53.8,5.8,OVER,STRONG,LOSS,-,0.0,-7.0,-12.8,-7.0,5.8,41.0
2020,1,12/23/20,Memphis,Florida Atlantic,52.5,52.5,56.7,4.2,OVER,LEAN,LOSS,-,0.0,-17.5,-21.7,-17.5,4.2,35.0
2020,1,12/24/20,Hawai'i,Houston,60.5,60.5,59.0,-1.5,,,,,,,-17.0,-18.5,-1.5,42.0
2020,1,12/25/20,Marshall,Buffalo,53.5,53.5,51.1,-2.4,,,,,,,-24.1,-26.5,-2.4,27.0
2020,1,12/26/20,Louisiana,UTSA,54.5,54.5,59.7,5.2,OVER,STRONG,WIN,-,0.0,0.5,-4.7,0.5,5.2,55.0
2020,1,12/26/20,Western Kentucky,Georgia State,50.5,50.5,53.6,3.1,OVER,LEAN,WIN,-,0.0,9.5,6.4,9.5,3.1,60.0
2020,1,12/26/20,Liberty,Coastal Carolina,60.0,60.0,56.1,-3.9,UNDER,LEAN,LOSS,-,0.0,-11.0,14.9,11.0,-3.9,71.0
2020,1,12/29/20,Oklahoma State,Miami,63.0,63.0,53.8,-9.2,UNDER,STRONG,LOSS,-,0.0,-8.0,17.2,8.0,-9.2,71.0
2020,1,12/29/20,Texas,Colorado,65.5,65.5,58.6,-6.9,UNDER,STRONG,LOSS,-,0.0,-12.5,19.4,12.5,-6.9,78.0
2020,1,12/30/20,Wake Forest,Wisconsin,51.5,51.5,55.3,3.8,OVER,LEAN,WIN,-,0.0,18.5,14.7,18.5,3.8,70.0
2020,1,12/30/20,Florida,Oklahoma,65.0,65.0,57.4,-7.6,UNDER,STRONG,LOSS,-,0.0,-10.0,17.6,10.0,-7.6,75.0
2020,1,12/31/20,Tulsa,Mississippi State,45.5,45.5,60.2,14.7,OVER,STRONG,WIN,-,0.0,8.5,-6.2,8.5,14.7,54.0
2020,1,12/31/20,Ball State,San José State,65.5,65.5,56.9,-8.6,UNDER,STRONG,WIN,-,0.0,18.5,-9.9,-18.5,-8.6,47.0
2020,1,12/31/20,West Virginia,Army,40.5,40.5,53.9,13.4,OVER,STRONG,WIN,-,0.0,4.5,-8.9,4.5,13.4,45.0
2020,1,01/01/21,Cincinnati,Georgia,53.0,53.0,48.5,-4.5,UNDER,LEAN,WIN,-,0.0,8.0,-3.5,-8.0,-4.5,45.0
2020,1,01/01/21,Auburn,Northwestern,45.0,45.0,49.9,4.9,OVER,LEAN,WIN,-,0.0,9.0,4.1,9.0,4.9,54.0
2020,1,01/01/21,Notre Dame,Alabama,65.5,65.5,53.8,-11.7,UNDER,STRONG,WIN,-,0.0,20.5,-8.8,-20.5,-11.7,45.0
2020,1,01/01/21,Ohio State,Clemson,68.5,68.5,59.0,-9.5,UNDER,STRONG,LOSS,-,0.0,-8.5,18.0,8.5,-9.5,77.0
2020,1,01/02/21,NC State,Kentucky,50.5,50.5,58.5,8.0,OVER,STRONG,LOSS,-,0.0,-6.5,-14.5,-6.5,8.0,44.0
2020,1,01/02/21,Ole Miss,Indiana,67.5,67.5,57.9,-9.6,UNDER,STRONG,WIN,-,0.0,21.5,-11.9,-21.5,-9.6,46.0
2020,1,01/02/21,Oregon,Iowa State,57.5,57.5,51.3,-6.2,UNDER,STRONG,WIN,-,0.0,6.5,-0.3,-6.5,-6.2,51.0
2020,1,01/02/21,Texas A&M,North Carolina,65.5,65.5,57.7,-7.8,UNDER,STRONG,LOSS,-,0.0,-2.5,10.3,2.5,-7.8,68.0
2020,1,01/11/21,Ohio State,Alabama,75.0,75.0,50.8,-24.2,UNDER,STRONG,LOSS,-,0.0,-1.0,25.2,1.0,-24.2,76.0
2020,2,09/10/20,UAB,Miami,55.0,55.0,51.8,-3.2,UNDER,LEAN,WIN,-,0.0,10.0,-6.8,-10.0,-3.2,45.0
2020,2,09/12/20,Syracuse,North Carolina,66.5,66.5,63.2,-3.3,UNDER,LEAN,WIN,-,0.0,29.5,-26.2,-29.5,-3.3,37.0
2020,2,09/12/20,Arkansas State,Kansas State,54.5,54.5,60.4,5.9,OVER,STRONG,WIN,-,0.0,11.5,5.6,11.5,5.9,66.0
2020,2,09/12/20,Louisiana,Iowa State,56.0,56.0,59.8,3.8,OVER,LEAN,LOSS,-,0.0,-11.0,-14.8,-11.0,3.8,45.0
2020,2,09/12/20,Charlotte,App State,59.5,59.5,56.1,-3.4,UNDER,LEAN,WIN,-,0.0,4.5,-1.1,-4.5,-3.4,55.0
2020,2,09/12/20,UL Monroe,Army,53.5,53.5,55.4,1.9,,,,,,,-11.4,-9.5,1.9,44.0
2020,2,09/12/20,Duke,Notre Dame,51.0,51.0,56.8,5.8,OVER,STRONG,LOSS,-,0.0,-11.0,-16.8,-11.0,5.8,40.0
2020,2,09/12/20,UTSA,Texas State,56.5,56.5,61.2,4.7,OVER,LEAN,WIN,-,0.0,42.5,37.8,42.5,4.7,99.0
2020,2,09/12/20,Georgia Tech,Florida State,50.5,50.5,56.0,5.5,OVER,STRONG,LOSS,-,0.0,-21.5,-27.0,-21.5,5.5,29.0
2020,2,09/12/20,Clemson,Wake Forest,58.5,58.5,61.7,3.2,OVER,LEAN,LOSS,-,0.0,-8.5,-11.7,-8.5,3.2,50.0
2020,2,09/12/20,Tulane,South Alabama,51.5,51.5,58.1,6.6,OVER,STRONG,LOSS,-,0.0,-0.5,-7.1,-0.5,6.6,51.0
2020,2,09/12/20,Western Kentucky,Louisville,55.0,55.0,55.6,0.6,,,,,,,0.4,1.0,0.6,56.0
2020,2,09/12/20,UTEP,Texas,55.0,55.0,67.6,12.6,OVER,STRONG,WIN,-,0.0,7.0,-5.6,7.0,12.6,62.0
2020,2,09/12/20,Coastal Carolina,Kansas,55.5,55.5,57.0,1.5,,,,,,,4.0,5.5,1.5,61.0
2020,3,09/19/20,Navy,Tulane,45.0,45.0,54.1,9.1,OVER,STRONG,WIN,-,0.0,6.0,-3.1,6.0,9.1,51.0
2020,3,09/19/20,Boston College,Duke,50.5,50.5,56.7,6.2,OVER,STRONG,LOSS,-,0.0,-18.5,-24.7,-18.5,6.2,32.0
2020,3,09/19/20,Louisiana,Georgia State,57.5,57.5,61.3,3.8,OVER,LEAN,WIN,-,0.0,7.5,3.7,7.5,3.8,65.0
2020,3,09/19/20,Liberty,Western Kentucky,51.5,51.5,55.8,4.3,OVER,LEAN,WIN,-,0.0,2.5,-1.8,2.5,4.3,54.0
2020,3,09/19/20,Syracuse,Pittsburgh,47.0,47.0,51.2,4.2,OVER,LEAN,LOSS,-,0.0,-16.0,-20.2,-16.0,4.2,31.0
2020,3,09/19/20,Tulsa,Oklahoma State,66.5,66.5,60.9,-5.6,UNDER,STRONG,WIN,-,0.0,43.5,-37.9,-43.5,-5.6,23.0
2020,3,09/19/20,South Florida,Notre Dame,49.0,49.0,54.3,5.3,OVER,STRONG,WIN,-,0.0,3.0,-2.3,3.0,5.3,52.0
2020,3,09/19/20,App State,Marshall,60.5,60.5,52.8,-7.7,UNDER,STRONG,WIN,-,0.0,36.5,-28.8,-36.5,-7.7,24.0
2020,3,09/19/20,Troy,Middle Tennessee,66.0,66.0,61.8,-4.2,UNDER,LEAN,WIN,-,0.0,5.0,-0.8,-5.0,-4.2,61.0
2020,3,09/19/20,UCF,Georgia Tech,63.0,63.0,59.8,-3.2,UNDER,LEAN,LOSS,-,0.0,-7.0,10.2,7.0,-3.2,70.0
2020,3,09/19/20,SMU,North Texas,71.5,71.5,70.5,-1.0,,,,,,,29.5,28.5,-1.0,100.0
2020,3,09/19/20,Louisiana Tech,Southern Miss,58.5,58.5,59.2,0.7,,,,,,,1.8,2.5,0.7,61.0
2020,3,09/19/20,Texas State,UL Monroe,58.0,58.0,61.4,3.4,OVER,LEAN,LOSS,-,0.0,-3.0,-6.4,-3.0,3.4,55.0
2020,3,09/19/20,Miami,Louisville,65.5,65.5,58.3,-7.2,UNDER,STRONG,LOSS,-,0.0,-15.5,22.7,15.5,-7.2,81.0
2020,3,09/19/20,Wake Forest,NC State,53.5,53.5,57.0,3.5,OVER,LEAN,WIN,-,0.0,33.5,30.0,33.5,3.5,87.0
2020,4,09/24/20,UAB,South Alabama,47.5,47.5,52.2,4.7,OVER,LEAN,WIN,-,0.0,4.5,-0.2,4.5,4.7,52.0
2020,4,09/25/20,Middle Tennessee,UTSA,58.5,58.5,59.3,0.8,,,,,,,12.7,13.5,0.8,72.0
2020,4,09/26/20,Georgia Southern,Louisiana,49.0,49.0,57.6,8.6,OVER,STRONG,LOSS,-,0.0,-11.0,-19.6,-11.0,8.6,38.0
2020,4,09/26/20,Louisville,Pittsburgh,53.5,53.5,57.2,3.7,OVER,LEAN,LOSS,-,0.0,-10.5,-14.2,-10.5,3.7,43.0
2020,4,09/26/20,Kansas State,Oklahoma,61.5,61.5,64.8,3.3,OVER,LEAN,WIN,-,0.0,11.5,8.2,11.5,3.3,73.0
2020,4,09/26/20,Georgia Tech,Syracuse,52.0,52.0,51.0,-1.0,,,,,,,6.0,5.0,-1.0,57.0
2020,4,09/26/20,UCF,East Carolina,77.5,77.5,73.2,-4.3,UNDER,LEAN,LOSS,-,0.0,-1.5,5.8,1.5,-4.3,79.0
2020,4,09/26/20,Florida,Ole Miss,59.5,59.5,61.0,1.5,,,,,,,25.0,26.5,1.5,86.0
2020,4,09/26/20,Kentucky,Auburn,46.5,46.5,48.8,2.3,,,,,,,-6.8,-4.5,2.3,42.0
2020,4,09/26/20,Florida International,Liberty,60.5,60.5,59.3,-1.2,,,,,,,10.7,9.5,-1.2,70.0
2020,4,09/26/20,Iowa State,TCU,43.5,43.5,50.8,7.3,OVER,STRONG,WIN,-,0.0,27.5,20.2,27.5,7.3,71.0
2020,4,09/26/20,Texas,Texas Tech,71.0,71.0,64.6,-6.4,UNDER,STRONG,LOSS,-,0.0,-48.0,54.4,48.0,-6.4,119.0
2020,4,09/26/20,West Virginia,Oklahoma State,50.0,50.0,54.3,4.3,OVER,LEAN,LOSS,-,0.0,-10.0,-14.3,-10.0,4.3,40.0
2020,4,09/26/20,Mississippi State,LSU,57.0,57.0,57.0,0.0,,,,,,,21.0,21.0,0.0,78.0
2020,4,09/26/20,UTEP,UL Monroe,50.0,50.0,65.8,15.8,OVER,STRONG,LOSS,-,0.0,-13.0,-28.8,-13.0,15.8,37.0
2020,4,09/26/20,Army,Cincinnati,44.5,44.5,49.8,5.3,OVER,STRONG,LOSS,-,0.0,-10.5,-15.8,-10.5,5.3,34.0
2020,4,09/26/20,Georgia,Arkansas,53.0,53.0,54.5,1.5,,,,,,,-7.5,-6.0,1.5,47.0
2020,4,09/26/20,Duke,Virginia,45.5,45.5,53.7,8.2,OVER,STRONG,WIN,-,0.0,12.5,4.3,12.5,8.2,58.0
2020,4,09/26/20,Texas State,Boston College,57.5,57.5,58.4,0.9,,,,,,,-13.4,-12.5,0.9,45.0
2020,4,09/26/20,Tulane,Southern Miss,54.5,54.5,58.4,3.9,OVER,LEAN,WIN,-,0.0,35.5,31.6,35.5,3.9,90.0
2020,4,09/26/20,Alabama,Missouri,55.5,55.5,60.0,4.5,OVER,LEAN,WIN,-,0.0,1.5,-3.0,1.5,4.5,57.0
2020,4,09/26/20,Kansas,Baylor,61.0,61.0,54.6,-6.4,UNDER,STRONG,PUSH,-,0.0,0.0,6.4,0.0,-6.4,61.0
2020,4,09/26/20,Tennessee,South Carolina,45.0,45.0,49.7,4.7,OVER,LEAN,WIN,-,0.0,13.0,8.3,13.0,4.7,58.0
2020,4,09/26/20,Vanderbilt,Texas A&M,46.0,46.0,63.8,17.8,OVER,STRONG,LOSS,-,0.0,-17.0,-34.8,-17.0,17.8,29.0
2020,4,09/26/20,Florida State,Miami,53.5,53.5,56.4,2.9,,,,,,,5.6,8.5,2.9,62.0
2020,4,09/26/20,NC State,Virginia Tech,56.5,56.5,58.8,2.3,,,,,,,10.2,12.5,2.3,69.0
2020,4,09/26/20,Troy,BYU,58.5,58.5,62.5,4.0,OVER,LEAN,LOSS,-,0.0,-3.5,-7.5,-3.5,4.0,55.0
2020,5,10/02/20,Louisiana Tech,BYU,61.0,61.0,60.9,-0.1,,,,,,,-1.9,-2.0,-0.1,59.0
2020,5,10/03/20,South Carolina,Florida,56.5,56.5,59.6,3.1,OVER,LEAN,WIN,-,0.0,5.5,2.4,5.5,3.1,62.0
2020,5,10/03/20,Arkansas State,Coastal Carolina,64.5,64.5,64.4,-0.1,,,,,,,10.6,10.5,-0.1,75.0
2020,5,10/03/20,NC State,Pittsburgh,46.0,46.0,51.2,5.2,OVER,STRONG,WIN,-,0.0,13.0,7.8,13.0,5.2,59.0
2020,5,10/03/20,East Carolina,Georgia State,70.0,70.0,62.8,-7.2,UNDER,STRONG,LOSS,-,0.0,-8.0,15.2,8.0,-7.2,78.0
2020,5,10/03/20,TCU,Texas,61.5,61.5,64.7,3.2,OVER,LEAN,WIN,-,0.0,2.5,-0.7,2.5,3.2,64.0
2020,5,10/03/20,Baylor,West Virginia,54.0,54.0,52.4,-1.6,,,,,,,-4.4,-6.0,-1.6,48.0
2020,5,10/03/20,Missouri,Tennessee,49.0,49.0,50.4,1.4,,,,,,,-3.4,-2.0,1.4,47.0
2020,5,10/03/20,UTSA,UAB,55.0,55.0,62.3,7.3,OVER,STRONG,LOSS,-,0.0,-21.0,-28.3,-21.0,7.3,34.0
2020,5,10/03/20,Texas Tech,Kansas State,62.5,62.5,64.5,2.0,,,,,,,-12.5,-10.5,2.0,52.0
2020,5,10/03/20,Memphis,SMU,74.5,74.5,60.5,-14.0,UNDER,STRONG,WIN,-,0.0,17.5,-3.5,-17.5,-14.0,57.0
2020,5,10/03/20,North Carolina,Boston College,52.5,52.5,56.3,3.8,OVER,LEAN,LOSS,-,0.0,-4.5,-8.3,-4.5,3.8,48.0
2020,5,10/03/20,South Florida,Cincinnati,45.5,45.5,50.6,5.1,OVER,STRONG,LOSS,-,0.0,-10.5,-15.6,-10.5,5.1,35.0
2020,5,10/03/20,Oklahoma State,Kansas,53.0,53.0,49.4,-3.6,UNDER,LEAN,LOSS,-,0.0,-1.0,4.6,1.0,-3.6,54.0
2020,5,10/03/20,Texas A&M,Alabama,53.5,53.5,56.0,2.5,,,,,,,20.0,22.5,2.5,76.0
2020,5,10/03/20,Virginia Tech,Duke,54.0,54.0,54.6,0.6,,,,,,,14.4,15.0,0.6,69.0
2020,5,10/03/20,Ole Miss,Kentucky,63.0,63.0,59.6,-3.4,UNDER,LEAN,LOSS,-,0.0,-20.0,23.4,20.0,-3.4,83.0
2020,5,10/03/20,Charlotte,Florida Atlantic,62.5,62.5,60.0,-2.5,,,,,,,-22.0,-24.5,-2.5,38.0
2020,5,10/03/20,Western Kentucky,Middle Tennessee,52.5,52.5,51.3,-1.2,,,,,,,-14.3,-15.5,-1.2,37.0
2020,5,10/03/20,Navy,Air Force,47.0,47.0,52.5,5.5,OVER,STRONG,PUSH,-,0.0,0.0,-5.5,0.0,5.5,47.0
2020,5,10/03/20,Georgia Southern,UL Monroe,50.5,50.5,55.9,5.4,OVER,STRONG,WIN,-,0.0,14.5,9.1,14.5,5.4,65.0
2020,5,10/03/20,Oklahoma,Iowa State,62.5,62.5,59.5,-3.0,UNDER,LEAN,LOSS,-,0.0,-4.5,7.5,4.5,-3.0,67.0
2020,5,10/03/20,Auburn,Georgia,44.5,44.5,47.8,3.3,OVER,LEAN,LOSS,-,0.0,-11.5,-14.8,-11.5,3.3,33.0
2020,5,10/03/20,LSU,Vanderbilt,50.0,50.0,53.2,3.2,OVER,LEAN,LOSS,-,0.0,-2.0,-5.2,-2.0,3.2,48.0
2020,5,10/03/20,Arkansas,Mississippi State,68.5,68.5,49.7,-18.8,UNDER,STRONG,WIN,-,0.0,33.5,-14.7,-33.5,-18.8,35.0
2020,5,10/03/20,Southern Miss,North Texas,74.0,74.0,72.0,-2.0,,,,,,,0.0,-2.0,-2.0,72.0
2020,5,10/03/20,Tulsa,UCF,70.0,70.0,61.1,-8.9,UNDER,STRONG,WIN,-,0.0,10.0,-1.1,-10.0,-8.9,60.0
2020,5,10/03/20,Virginia,Clemson,55.0,55.0,57.3,2.3,,,,,,,6.7,9.0,2.3,64.0
2020,6,10/08/20,Tulane,Houston,58.0,58.0,57.4,-0.6,,,,,,,22.6,22.0,-0.6,80.0
2020,6,10/09/20,Louisville,Georgia Tech,63.0,63.0,61.0,-2.0,,,,,,,12.0,10.0,-2.0,73.0
2020,6,10/10/20,NC State,Virginia,58.5,58.5,56.1,-2.4,,,,,,,2.9,0.5,-2.4,59.0
2020,6,10/10/20,Missouri,LSU,53.0,53.0,50.9,-2.1,,,,,,,35.1,33.0,-2.1,86.0
2020,6,10/10/20,UL Monroe,Liberty,63.5,63.5,58.4,-5.1,UNDER,STRONG,WIN,-,0.0,16.5,-11.4,-16.5,-5.1,47.0
2020,6,10/10/20,Virginia Tech,North Carolina,58.5,58.5,53.9,-4.6,UNDER,LEAN,LOSS,-,0.0,-42.5,47.1,42.5,-4.6,101.0
2020,6,10/10/20,Texas,Oklahoma,74.5,74.5,67.8,-6.7,UNDER,STRONG,LOSS,-,0.0,-23.5,30.2,23.5,-6.7,98.0
2020,6,10/10/20,South Carolina,Vanderbilt,40.5,40.5,44.5,4.0,OVER,LEAN,WIN,-,0.0,7.5,3.5,7.5,4.0,48.0
2020,6,10/10/20,Florida,Texas A&M,59.5,59.5,63.3,3.8,OVER,LEAN,WIN,-,0.0,19.5,15.7,19.5,3.8,79.0
2020,6,10/10/20,Duke,Syracuse,52.5,52.5,47.6,-4.9,UNDER,LEAN,LOSS,-,0.0,-9.5,14.4,9.5,-4.9,62.0
2020,6,10/10/20,Tennessee,Georgia,43.0,43.0,46.7,3.7,OVER,LEAN,WIN,-,0.0,22.0,18.3,22.0,3.7,65.0
2020,6,10/10/20,Texas Tech,Iowa State,63.5,63.5,62.5,-1.0,,,,,,,-16.5,-17.5,-1.0,46.0
2020,6,10/10/20,UTSA,BYU,63.0,63.0,60.0,-3.0,UNDER,LEAN,WIN,-,0.0,16.0,-13.0,-16.0,-3.0,47.0
2020,6,10/10/20,Texas State,Troy,59.5,59.5,58.7,-0.8,,,,,,,-4.7,-5.5,-0.8,54.0
2020,6,10/10/20,Arkansas,Auburn,46.0,46.0,49.7,3.7,OVER,LEAN,WIN,-,0.0,12.0,8.3,12.0,3.7,58.0
2020,6,10/10/20,Pittsburgh,Boston College,42.5,42.5,45.1,2.6,,,,,,,15.9,18.5,2.6,61.0
2020,6,10/10/20,Kansas State,TCU,49.5,49.5,59.8,10.3,OVER,STRONG,LOSS,-,0.0,-14.5,-24.8,-14.5,10.3,35.0
2020,6,10/10/20,Middle Tennessee,Florida International,57.0,57.0,50.5,-6.5,UNDER,STRONG,LOSS,-,0.0,-2.0,8.5,2.0,-6.5,59.0
2020,6,10/10/20,Temple,Navy,51.0,51.0,56.2,5.2,OVER,STRONG,WIN,-,0.0,9.0,3.8,9.0,5.2,60.0
2020,6,10/10/20,East Carolina,South Florida,58.0,58.0,55.8,-2.2,,,,,,,12.2,10.0,-2.2,68.0
2020,6,10/10/20,Alabama,Ole Miss,74.0,74.0,71.3,-2.7,,,,,,,39.7,37.0,-2.7,111.0
2020,6,10/10/20,Marshall,Western Kentucky,43.0,43.0,48.4,5.4,OVER,STRONG,WIN,-,0.0,9.0,3.6,9.0,5.4,52.0
2020,6,10/10/20,Miami,Clemson,60.5,60.5,58.4,-2.1,,,,,,,0.6,-1.5,-2.1,59.0
2020,6,10/10/20,Mississippi State,Kentucky,57.5,57.5,49.4,-8.1,UNDER,STRONG,WIN,-,0.0,31.5,-23.4,-31.5,-8.1,26.0
2020,6,10/10/20,UTEP,Louisiana Tech,55.5,55.5,55.8,0.3,,,,,,,-17.8,-17.5,0.3,38.0
2020,6,10/10/20,Florida State,Notre Dame,53.5,53.5,50.2,-3.3,UNDER,LEAN,LOSS,-,0.0,-14.5,17.8,14.5,-3.3,68.0
2020,6,10/10/20,Charlotte,North Texas,66.0,66.0,68.1,2.1,,,,,,,1.9,4.0,2.1,70.0
2020,7,10/14/20,Coastal Carolina,Louisiana,58.5,58.5,63.7,5.2,OVER,STRONG,LOSS,-,0.0,-1.5,-6.7,-1.5,5.2,57.0
2020,7,10/15/20,Georgia State,Arkansas State,72.5,72.5,63.8,-8.7,UNDER,STRONG,LOSS,-,0.0,-38.5,47.2,38.5,-8.7,111.0
2020,7,10/16/20,SMU,Tulane,65.0,65.0,65.6,0.6,,,,,,,5.4,6.0,0.6,71.0
2020,7,10/16/20,BYU,Houston,62.5,62.5,63.1,0.6,,,,,,,5.9,6.5,0.6,69.0
2020,7,10/17/20,South Florida,Temple,52.5,52.5,55.4,2.9,,,,,,,20.6,23.5,2.9,76.0
2020,7,10/17/20,Pittsburgh,Miami,47.0,47.0,49.1,2.1,,,,,,,0.9,3.0,2.1,50.0
2020,7,10/17/20,Navy,East Carolina,55.5,55.5,62.7,7.2,OVER,STRONG,LOSS,-,0.0,-5.5,-12.7,-5.5,7.2,50.0
2020,7,10/17/20,Texas State,South Alabama,57.5,57.5,63.0,5.5,OVER,STRONG,LOSS,-,0.0,-7.5,-13.0,-7.5,5.5,50.0
2020,7,10/17/20,Kansas,West Virginia,49.5,49.5,54.1,4.6,OVER,LEAN,WIN,-,0.0,5.5,0.9,5.5,4.6,55.0
2020,7,10/17/20,Liberty,Syracuse,54.5,54.5,49.4,-5.1,UNDER,STRONG,LOSS,-,0.0,-4.5,9.6,4.5,-5.1,59.0
2020,7,10/17/20,Clemson,Georgia Tech,64.5,64.5,59.1,-5.4,UNDER,STRONG,LOSS,-,0.0,-15.5,20.9,15.5,-5.4,80.0
2020,7,10/17/20,Auburn,South Carolina,53.5,53.5,48.4,-5.1,UNDER,STRONG,WIN,-,0.0,1.5,3.6,-1.5,-5.1,52.0
2020,7,10/17/20,Kentucky,Tennessee,45.5,45.5,42.7,-2.8,,,,,,,-1.7,-4.5,-2.8,41.0
2020,7,10/17/20,Western Kentucky,UAB,44.0,44.0,53.0,9.0,OVER,STRONG,WIN,-,0.0,7.0,-2.0,7.0,9.0,51.0
2020,7,10/17/20,Army,UTSA,46.5,46.5,53.0,6.5,OVER,STRONG,LOSS,-,0.0,-2.5,-9.0,-2.5,6.5,44.0
2020,7,10/17/20,Louisville,Notre Dame,62.0,62.0,58.1,-3.9,UNDER,LEAN,WIN,-,0.0,43.0,-39.1,-43.0,-3.9,19.0
2020,7,10/17/20,Duke,NC State,59.5,59.5,50.6,-8.9,UNDER,STRONG,WIN,-,0.0,8.5,0.4,-8.5,-8.9,51.0
2020,7,10/17/20,UCF,Memphis,77.0,77.0,68.5,-8.5,UNDER,STRONG,LOSS,-,0.0,-22.0,30.5,22.0,-8.5,99.0
2020,7,10/17/20,Ole Miss,Arkansas,77.5,77.5,76.8,-0.7,,,,,,,-22.8,-23.5,-0.7,54.0
2020,7,10/17/20,Texas A&M,Mississippi State,55.5,55.5,49.5,-6.0,UNDER,STRONG,WIN,-,0.0,13.5,-7.5,-13.5,-6.0,42.0
2020,7,10/17/20,Massachusetts,Georgia Southern,61.5,61.5,58.0,-3.5,UNDER,LEAN,WIN,-,0.0,20.5,-17.0,-20.5,-3.5,41.0
2020,7,10/17/20,Virginia,Wake Forest,57.0,57.0,56.0,-1.0,,,,,,,7.0,6.0,-1.0,63.0
2020,7,10/17/20,North Texas,Middle Tennessee,72.0,72.0,66.8,-5.2,UNDER,STRONG,LOSS,-,0.0,-15.0,20.2,15.0,-5.2,87.0
2020,7,10/17/20,Marshall,Louisiana Tech,48.0,48.0,48.8,0.8,,,,,,,3.2,4.0,0.8,52.0
2020,7,10/17/20,North Carolina,Florida State,64.5,64.5,57.7,-6.8,UNDER,STRONG,WIN,-,0.0,5.5,1.3,-5.5,-6.8,59.0
2020,7,10/17/20,Boston College,Virginia Tech,61.5,61.5,58.2,-3.3,UNDER,LEAN,WIN,-,0.0,7.5,-4.2,-7.5,-3.3,54.0
2020,7,10/17/20,Georgia,Alabama,57.0,57.0,51.5,-5.5,UNDER,STRONG,LOSS,-,0.0,-8.0,13.5,8.0,-5.5,65.0
2020,8,10/22/20,Arkansas State,App State,69.5,69.5,56.0,-13.5,UNDER,STRONG,WIN,-,0.0,7.5,6.0,-7.5,-13.5,62.0
2020,8,10/23/20,Tulsa,South Florida,51.5,51.5,47.7,-3.8,UNDER,LEAN,LOSS,-,0.0,-3.5,7.3,3.5,-3.8,55.0
2020,8,10/23/20,Illinois,Wisconsin,51.5,51.5,55.1,3.6,OVER,LEAN,WIN,-,0.0,0.5,-3.1,0.5,3.6,52.0
2020,8,10/23/20,Louisiana,UAB,50.5,50.5,54.7,4.2,OVER,LEAN,LOSS,-,0.0,-6.5,-10.7,-6.5,4.2,44.0
2020,8,10/24/20,NC State,North Carolina,61.5,61.5,63.0,1.5,,,,,,,6.0,7.5,1.5,69.0
2020,8,10/24/20,Oklahoma,TCU,58.5,58.5,66.8,8.3,OVER,STRONG,LOSS,-,0.0,-11.5,-19.8,-11.5,8.3,47.0
2020,8,10/24/20,Kansas,Kansas State,46.0,46.0,51.1,5.1,OVER,STRONG,WIN,-,0.0,23.0,17.9,23.0,5.1,69.0
2020,8,10/24/20,UTEP,Charlotte,50.0,50.0,56.5,6.5,OVER,STRONG,WIN,-,0.0,16.0,9.5,16.0,6.5,66.0
2020,8,10/24/20,Rutgers,Michigan State,44.5,44.5,53.1,8.6,OVER,STRONG,WIN,-,0.0,20.5,11.9,20.5,8.6,65.0
2020,8,10/24/20,Auburn,Ole Miss,73.5,73.5,71.6,-1.9,,,,,,,-8.6,-10.5,-1.9,63.0
2020,8,10/24/20,Florida State,Louisville,62.5,62.5,60.9,-1.6,,,,,,,3.1,1.5,-1.6,64.0
2020,8,10/24/20,Temple,Memphis,70.0,70.0,70.3,0.3,,,,,,,-0.3,0.0,0.3,70.0
2020,8,10/24/20,Nebraska,Ohio State,69.5,69.5,55.8,-13.7,UNDER,STRONG,WIN,-,0.0,0.5,13.2,-0.5,-13.7,69.0
2020,8,10/24/20,Syracuse,Clemson,63.0,63.0,63.0,0.0,,,,,,,5.0,5.0,0.0,68.0
2020,8,10/24/20,Georgia Southern,Coastal Carolina,49.0,49.0,57.6,8.6,OVER,STRONG,LOSS,-,0.0,-7.0,-15.6,-7.0,8.6,42.0
2020,8,10/24/20,Southern Miss,Liberty,59.5,59.5,59.8,0.3,,,,,,,31.2,31.5,0.3,91.0
2020,8,10/24/20,Tulane,UCF,71.0,71.0,73.7,2.7,,,,,,,11.3,14.0,2.7,85.0
2020,8,10/24/20,Florida Atlantic,Marshall,51.0,51.0,45.5,-5.5,UNDER,STRONG,WIN,-,0.0,22.0,-16.5,-22.0,-5.5,29.0
2020,8,10/24/20,Penn State,Indiana,61.5,61.5,58.5,-3.0,UNDER,LEAN,LOSS,-,0.0,-9.5,12.5,9.5,-3.0,71.0
2020,8,10/24/20,Virginia Tech,Wake Forest,68.5,68.5,58.5,-10.0,UNDER,STRONG,WIN,-,0.0,29.5,-19.5,-29.5,-10.0,39.0
2020,8,10/24/20,Iowa State,Oklahoma State,53.0,53.0,51.1,-1.9,,,,,,,-6.1,-8.0,-1.9,45.0
2020,8,10/24/20,Houston,Navy,56.0,56.0,54.9,-1.1,,,,,,,3.1,2.0,-1.1,58.0
2020,8,10/24/20,Baylor,Texas,61.5,61.5,53.7,-7.8,UNDER,STRONG,WIN,-,0.0,18.5,-10.7,-18.5,-7.8,43.0
2020,8,10/24/20,Iowa,Purdue,52.0,52.0,54.6,2.6,,,,,,,-10.6,-8.0,2.6,44.0
2020,8,10/24/20,Middle Tennessee,Rice,48.0,48.0,50.5,2.5,,,,,,,23.5,26.0,2.5,74.0
2020,8,10/24/20,Alabama,Tennessee,66.5,66.5,62.1,-4.4,UNDER,LEAN,WIN,-,0.0,1.5,2.9,-1.5,-4.4,65.0
2020,8,10/24/20,Notre Dame,Pittsburgh,43.5,43.5,44.6,1.1,,,,,,,3.4,4.5,1.1,48.0
2020,8,10/24/20,Georgia State,Troy,68.5,68.5,65.5,-3.0,UNDER,LEAN,LOSS,-,0.0,-1.5,4.5,1.5,-3.0,70.0
2020,8,10/24/20,Georgia Tech,Boston College,57.5,57.5,55.1,-2.4,,,,,,,19.9,17.5,-2.4,75.0
2020,8,10/24/20,Kentucky,Missouri,47.0,47.0,42.5,-4.5,UNDER,LEAN,WIN,-,0.0,17.0,-12.5,-17.0,-4.5,30.0
2020,8,10/24/20,West Virginia,Texas Tech,54.0,54.0,55.2,1.2,,,,,,,5.8,7.0,1.2,61.0
2020,8,10/24/20,South Carolina,LSU,54.5,54.5,53.9,-0.6,,,,,,,22.1,21.5,-0.6,76.0
2020,8,10/24/20,UL Monroe,South Alabama,57.0,57.0,57.3,0.3,,,,,,,-5.3,-5.0,0.3,52.0
2020,8,10/24/20,Utah State,Boise State,51.5,51.5,58.4,6.9,OVER,STRONG,WIN,-,0.0,3.5,-3.4,3.5,6.9,55.0
2020,8,10/24/20,Wyoming,Nevada,54.0,54.0,57.4,3.4,OVER,LEAN,WIN,-,0.0,17.0,13.6,17.0,3.4,71.0
2020,8,10/24/20,Maryland,Northwestern,52.5,52.5,49.3,-3.2,UNDER,LEAN,WIN,-,0.0,6.5,-3.3,-6.5,-3.2,46.0
2020,8,10/24/20,Hawai'i,Fresno State,64.5,64.5,57.1,-7.4,UNDER,STRONG,WIN,-,0.0,11.5,-4.1,-11.5,-7.4,53.0
2020,8,10/24/20,Michigan,Minnesota,53.5,53.5,51.9,-1.6,,,,,,,21.1,19.5,-1.6,73.0
2020,8,10/24/20,Louisiana Tech,UTSA,54.0,54.0,64.3,10.3,OVER,STRONG,LOSS,-,0.0,-1.0,-11.3,-1.0,10.3,53.0
2020,8,10/24/20,Virginia,Miami,54.0,54.0,49.8,-4.2,UNDER,LEAN,WIN,-,0.0,21.0,-16.8,-21.0,-4.2,33.0
2020,8,10/24/20,Cincinnati,SMU,57.0,57.0,56.9,-0.1,,,,,,,-1.9,-2.0,-0.1,55.0
2020,8,10/24/20,Texas State,BYU,61.5,61.5,57.4,-4.1,UNDER,LEAN,LOSS,-,0.0,-4.5,8.6,4.5,-4.1,66.0
2020,8,10/24/20,UNLV,San Diego State,50.5,50.5,51.5,1.0,,,,,,,-11.5,-10.5,1.0,40.0
2020,8,10/24/20,Air Force,San José State,64.0,64.0,54.0,-10.0,UNDER,STRONG,WIN,-,0.0,41.0,-31.0,-41.0,-10.0,23.0
2020,9,10/29/20,South Alabama,Georgia Southern,52.0,52.0,50.2,-1.8,,,,,,,-9.2,-11.0,-1.8,41.0
2020,9,10/29/20,Colorado State,Fresno State,58.0,58.0,62.3,4.3,OVER,LEAN,LOSS,-,0.0,-3.0,-7.3,-3.0,4.3,55.0
2020,9,10/30/20,Minnesota,Maryland,60.5,60.5,59.8,-0.7,,,,,,,29.2,28.5,-0.7,89.0
2020,9,10/30/20,East Carolina,Tulsa,59.5,59.5,59.8,0.3,,,,,,,4.2,4.5,0.3,64.0
2020,9,10/30/20,Hawai'i,Wyoming,60.0,60.0,49.7,-10.3,UNDER,STRONG,WIN,-,0.0,22.0,-11.7,-22.0,-10.3,38.0
2020,9,10/31/20,Temple,Tulane,58.5,58.5,57.4,-1.1,,,,,,,-16.4,-17.5,-1.1,41.0
2020,9,10/31/20,Memphis,Cincinnati,57.5,57.5,50.4,-7.1,UNDER,STRONG,LOSS,-,0.0,-1.5,8.6,1.5,-7.1,59.0
2020,9,10/31/20,Michigan State,Michigan,51.5,51.5,48.2,-3.3,UNDER,LEAN,WIN,-,0.0,0.5,2.8,-0.5,-3.3,51.0
2020,9,10/31/20,Purdue,Illinois,55.5,55.5,75.2,19.7,OVER,STRONG,LOSS,-,0.0,-0.5,-20.2,-0.5,19.7,55.0
2020,9,10/31/20,UTSA,Florida Atlantic,47.0,47.0,60.6,13.6,OVER,STRONG,LOSS,-,0.0,-20.0,-33.6,-20.0,13.6,27.0
2020,9,10/31/20,Boston College,Clemson,56.0,56.0,63.4,7.4,OVER,STRONG,WIN,-,0.0,6.0,-1.4,6.0,7.4,62.0
2020,9,10/31/20,Coastal Carolina,Georgia State,60.5,60.5,64.5,4.0,OVER,LEAN,LOSS,-,0.0,-9.5,-13.5,-9.5,4.0,51.0
2020,9,10/31/20,Wake Forest,Syracuse,59.5,59.5,50.3,-9.2,UNDER,STRONG,WIN,-,0.0,7.5,1.7,-7.5,-9.2,52.0
2020,9,10/31/20,Iowa State,Kansas,49.5,49.5,49.5,0.0,,,,,,,24.5,24.5,0.0,74.0
2020,9,10/31/20,Georgia,Kentucky,42.0,42.0,45.9,3.9,OVER,LEAN,LOSS,-,0.0,-25.0,-28.9,-25.0,3.9,17.0
2020,9,10/31/20,Kansas State,West Virginia,46.0,46.0,51.0,5.0,OVER,STRONG,WIN,-,0.0,1.0,-4.0,1.0,5.0,47.0
2020,9,10/31/20,UCF,Houston,81.5,81.5,68.4,-13.1,UNDER,STRONG,WIN,-,0.0,16.5,-3.4,-16.5,-13.1,65.0
2020,9,10/31/20,Rice,Southern Miss,59.0,59.0,55.7,-3.3,UNDER,LEAN,WIN,-,0.0,23.0,-19.7,-23.0,-3.3,36.0
2020,9,10/31/20,Troy,Arkansas State,69.5,69.5,65.3,-4.2,UNDER,LEAN,WIN,-,0.0,21.5,-17.3,-21.5,-4.2,48.0
2020,9,10/31/20,Notre Dame,Georgia Tech,58.5,58.5,54.2,-4.3,UNDER,LEAN,WIN,-,0.0,14.5,-10.2,-14.5,-4.3,44.0
2020,9,10/31/20,UAB,Louisiana Tech,47.5,47.5,46.6,-0.9,,,,,,,24.4,23.5,-0.9,71.0
2020,9,10/31/20,Indiana,Rutgers,54.0,54.0,49.1,-4.9,UNDER,LEAN,LOSS,-,0.0,-4.0,8.9,4.0,-4.9,58.0
2020,9,10/31/20,TCU,Baylor,47.5,47.5,54.7,7.2,OVER,STRONG,WIN,-,0.0,8.5,1.3,8.5,7.2,56.0
2020,9,10/31/20,LSU,Auburn,63.5,63.5,66.0,2.5,,,,,,,-7.0,-4.5,2.5,59.0
2020,9,10/31/20,Northwestern,Iowa,42.5,42.5,46.7,4.2,OVER,LEAN,LOSS,-,0.0,-1.5,-5.7,-1.5,4.2,41.0
2020,9,10/31/20,Texas,Oklahoma State,58.5,58.5,60.0,1.5,,,,,,,15.0,16.5,1.5,75.0
2020,9,10/31/20,App State,UL Monroe,56.5,56.5,58.7,2.2,,,,,,,-14.7,-12.5,2.2,44.0
2020,9,10/31/20,Virginia Tech,Louisville,67.5,67.5,57.6,-9.9,UNDER,STRONG,LOSS,-,0.0,-9.5,19.4,9.5,-9.9,77.0
2020,9,10/31/20,Ole Miss,Vanderbilt,63.5,63.5,62.3,-1.2,,,,,,,12.7,11.5,-1.2,75.0
2020,9,10/31/20,Boise State,Air Force,49.0,49.0,49.9,0.9,,,,,,,29.1,30.0,0.9,79.0
2020,9,10/31/20,Mississippi State,Alabama,63.5,63.5,57.7,-5.8,UNDER,STRONG,WIN,-,0.0,22.5,-16.7,-22.5,-5.8,41.0
2020,9,10/31/20,Charlotte,Duke,55.0,55.0,56.1,1.1,,,,,,,15.9,17.0,1.1,72.0
2020,9,10/31/20,San José State,New Mexico,55.5,55.5,63.2,7.7,OVER,STRONG,WIN,-,0.0,3.5,-4.2,3.5,7.7,59.0
2020,9,10/31/20,Navy,SMU,58.5,58.5,67.5,9.0,OVER,STRONG,WIN,-,0.0,29.5,20.5,29.5,9.0,88.0
2020,9,10/31/20,Arkansas,Texas A&M,54.5,54.5,56.6,2.1,,,,,,,16.4,18.5,2.1,73.0
2020,9,10/31/20,Missouri,Florida,63.5,63.5,54.3,-9.2,UNDER,STRONG,WIN,-,0.0,5.5,3.7,-5.5,-9.2,58.0
2020,9,10/31/20,Ohio State,Penn State,63.0,63.0,66.5,3.5,OVER,LEAN,PUSH,-,0.0,0.0,-3.5,0.0,3.5,63.0
2020,9,10/31/20,Oklahoma,Texas Tech,66.5,66.5,74.7,8.2,OVER,STRONG,WIN,-,0.0,23.5,15.3,23.5,8.2,90.0
2020,9,10/31/20,Louisiana,Texas State,57.0,57.0,54.0,-3.0,UNDER,LEAN,LOSS,-,0.0,-21.0,24.0,21.0,-3.0,78.0
2020,9,10/31/20,North Carolina,Virginia,61.0,61.0,66.6,5.6,OVER,STRONG,WIN,-,0.0,24.0,18.4,24.0,5.6,85.0
2020,9,10/31/20,San Diego State,Utah State,40.5,40.5,46.1,5.6,OVER,STRONG,WIN,-,0.0,4.5,-1.1,4.5,5.6,45.0
2020,9,10/31/20,Western Kentucky,BYU,52.5,52.5,57.0,4.5,OVER,LEAN,LOSS,-,0.0,-1.5,-6.0,-1.5,4.5,51.0
2020,9,10/31/20,Nevada,UNLV,59.5,59.5,60.8,1.3,,,,,,,-4.8,-3.5,1.3,56.0
2020,10,11/04/20,Western Michigan,Akron,52.0,52.0,55.8,3.8,OVER,LEAN,WIN,-,0.0,19.0,15.2,19.0,3.8,71.0
2020,10,11/04/20,Eastern Michigan,Kent State,65.5,65.5,63.1,-2.4,,,,,,,-13.1,-15.5,-2.4,50.0
2020,10,11/04/20,Buffalo,Northern Illinois,53.5,53.5,54.5,1.0,,,,,,,24.5,25.5,1.0,79.0
2020,10,11/04/20,Ohio,Central Michigan,54.0,54.0,63.7,9.7,OVER,STRONG,WIN,-,0.0,3.0,-6.7,3.0,9.7,57.0
2020,10,11/04/20,Ball State,Miami (OH),56.5,56.5,59.7,3.2,OVER,LEAN,WIN,-,0.0,12.5,9.3,12.5,3.2,69.0
2020,10,11/04/20,Bowling Green,Toledo,63.5,63.5,61.6,-1.9,,,,,,,-20.6,-22.5,-1.9,41.0
2020,10,11/05/20,Utah State,Nevada,58.5,58.5,54.0,-4.5,UNDER,LEAN,WIN,-,0.0,15.5,-11.0,-15.5,-4.5,43.0
2020,10,11/05/20,Wyoming,Colorado State,53.0,53.0,48.5,-4.5,UNDER,LEAN,LOSS,-,0.0,-5.0,9.5,5.0,-4.5,58.0
2020,10,11/06/20,Miami,NC State,58.5,58.5,54.8,-3.7,UNDER,LEAN,LOSS,-,0.0,-26.5,30.2,26.5,-3.7,85.0
2020,10,11/06/20,San José State,San Diego State,50.5,50.5,56.8,6.3,OVER,STRONG,LOSS,-,0.0,-5.5,-11.8,-5.5,6.3,45.0
2020,10,11/06/20,BYU,Boise State,62.5,62.5,69.2,6.7,OVER,STRONG,WIN,-,0.0,5.5,-1.2,5.5,6.7,68.0
2020,10,11/07/20,South Florida,Memphis,67.5,67.5,56.5,-11.0,UNDER,STRONG,WIN,-,0.0,0.5,10.5,-0.5,-11.0,67.0
2020,10,11/07/20,Arizona State,USC,57.5,57.5,61.0,3.5,OVER,LEAN,LOSS,-,0.0,-2.5,-6.0,-2.5,3.5,55.0
2020,10,11/07/20,West Virginia,Texas,55.0,55.0,49.4,-5.6,UNDER,STRONG,WIN,-,0.0,25.0,-19.4,-25.0,-5.6,30.0
2020,10,11/07/20,SMU,Temple,63.5,63.5,72.8,9.3,OVER,STRONG,WIN,-,0.0,6.5,-2.8,6.5,9.3,70.0
2020,10,11/07/20,Arkansas State,Louisiana,68.5,68.5,68.8,0.3,,,,,,,-21.8,-21.5,0.3,47.0
2020,10,11/07/20,Liberty,Virginia Tech,67.5,67.5,59.7,-7.8,UNDER,STRONG,LOSS,-,0.0,-5.5,13.3,5.5,-7.8,73.0
2020,10,11/07/20,UL Monroe,Georgia State,59.0,59.0,62.5,3.5,OVER,LEAN,WIN,-,0.0,27.0,23.5,27.0,3.5,86.0
2020,10,11/07/20,Michigan State,Iowa,46.0,46.0,47.5,1.5,,,,,,,8.5,10.0,1.5,56.0
2020,10,11/07/20,Nebraska,Northwestern,54.0,54.0,46.3,-7.7,UNDER,STRONG,WIN,-,0.0,20.0,-12.3,-20.0,-7.7,34.0
2020,10,11/07/20,Michigan,Indiana,55.0,55.0,51.3,-3.7,UNDER,LEAN,LOSS,-,0.0,-4.0,7.7,4.0,-3.7,59.0
2020,10,11/07/20,Tulane,East Carolina,63.5,63.5,55.7,-7.8,UNDER,STRONG,WIN,-,0.0,4.5,3.3,-4.5,-7.8,59.0
2020,10,11/07/20,North Carolina,Duke,63.5,63.5,56.3,-7.2,UNDER,STRONG,LOSS,-,0.0,-16.5,23.7,16.5,-7.2,80.0
2020,10,11/07/20,Troy,Georgia Southern,52.0,52.0,51.1,-0.9,,,,,,,-18.1,-19.0,-0.9,33.0
2020,10,11/07/20,Boston College,Syracuse,54.0,54.0,50.2,-3.8,UNDER,LEAN,WIN,-,0.0,25.0,-21.2,-25.0,-3.8,29.0
2020,10,11/07/20,Massachusetts,Marshall,55.5,55.5,56.1,0.6,,,,,,,4.9,5.5,0.6,61.0
2020,10,11/07/20,App State,Texas State,58.5,58.5,54.6,-3.9,UNDER,LEAN,WIN,-,0.0,3.5,0.4,-3.5,-3.9,55.0
2020,10,11/07/20,Fresno State,UNLV,57.5,57.5,64.6,7.1,OVER,STRONG,WIN,-,0.0,9.5,2.4,9.5,7.1,67.0
2020,10,11/07/20,Minnesota,Illinois,65.0,65.0,61.1,-3.9,UNDER,LEAN,WIN,-,0.0,10.0,-6.1,-10.0,-3.9,55.0
2020,10,11/07/20,Kansas,Oklahoma,63.0,63.0,69.5,6.5,OVER,STRONG,WIN,-,0.0,8.0,1.5,8.0,6.5,71.0
2020,10,11/07/20,Houston,Cincinnati,51.5,51.5,50.4,-1.1,,,,,,,-2.4,-3.5,-1.1,48.0
2020,10,11/07/20,Vanderbilt,Mississippi State,45.0,45.0,45.1,0.1,,,,,,,-4.1,-4.0,0.1,41.0
2020,10,11/07/20,Texas Tech,TCU,60.0,60.0,61.3,1.3,,,,,,,-9.3,-8.0,1.3,52.0
2020,10,11/07/20,Florida,Georgia,54.5,54.5,51.6,-2.9,,,,,,,20.4,17.5,-2.9,72.0
2020,10,11/07/20,Maryland,Penn State,63.0,63.0,60.1,-2.9,,,,,,,-6.1,-9.0,-2.9,54.0
2020,10,11/07/20,Pittsburgh,Florida State,52.5,52.5,46.5,-6.0,UNDER,STRONG,LOSS,-,0.0,-5.5,11.5,5.5,-6.0,58.0
2020,10,11/07/20,Oklahoma State,Kansas State,48.5,48.5,56.9,8.4,OVER,STRONG,LOSS,-,0.0,-10.5,-18.9,-10.5,8.4,38.0
2020,10,11/07/20,Western Kentucky,Florida Atlantic,38.0,38.0,48.2,10.2,OVER,STRONG,LOSS,-,0.0,-22.0,-32.2,-22.0,10.2,16.0
2020,10,11/07/20,UCLA,Colorado,56.5,56.5,65.3,8.8,OVER,STRONG,WIN,-,0.0,33.5,24.7,33.5,8.8,90.0
2020,10,11/07/20,Texas A&M,South Carolina,58.0,58.0,52.3,-5.7,UNDER,STRONG,WIN,-,0.0,7.0,-1.3,-7.0,-5.7,51.0
2020,10,11/07/20,Baylor,Iowa State,47.0,47.0,53.0,6.0,OVER,STRONG,WIN,-,0.0,22.0,16.0,22.0,6.0,69.0
2020,10,11/07/20,Clemson,Notre Dame,50.5,50.5,61.6,11.1,OVER,STRONG,WIN,-,0.0,36.5,25.4,36.5,11.1,87.0
2020,10,11/07/20,Stanford,Oregon,49.0,49.0,55.6,6.6,OVER,STRONG,PUSH,-,0.0,0.0,-6.6,0.0,6.6,49.0
2020,10,11/07/20,Tennessee,Arkansas,55.0,55.0,49.3,-5.7,UNDER,STRONG,WIN,-,0.0,18.0,-12.3,-18.0,-5.7,37.0
2020,10,11/07/20,Rutgers,Ohio State,62.5,62.5,60.9,-1.6,,,,,,,15.1,13.5,-1.6,76.0
2020,10,11/07/20,South Alabama,Coastal Carolina,57.5,57.5,55.6,-1.9,,,,,,,-26.6,-28.5,-1.9,29.0
2020,10,11/07/20,Washington State,Oregon State,63.5,63.5,71.8,8.3,OVER,STRONG,WIN,-,0.0,2.5,-5.8,2.5,8.3,66.0
2020,10,11/07/20,New Mexico,Hawai'i,65.5,65.5,61.4,-4.1,UNDER,LEAN,LOSS,-,0.0,-6.5,10.6,6.5,-4.1,72.0
2020,11,11/10/20,Akron,Ohio,59.0,59.0,58.5,-0.5,,,,,,,-24.5,-25.0,-0.5,34.0
2020,11,11/10/20,Kent State,Bowling Green,55.0,55.0,55.6,0.6,,,,,,,30.4,31.0,0.6,86.0
2020,11,11/10/20,Miami (OH),Buffalo,56.5,56.5,51.9,-4.6,UNDER,LEAN,WIN,-,0.0,4.5,0.1,-4.5,-4.6,52.0
2020,11,11/11/20,Eastern Michigan,Ball State,61.5,61.5,61.6,0.1,,,,,,,7.4,7.5,0.1,69.0
2020,11,11/11/20,Toledo,Western Michigan,58.5,58.5,61.2,2.7,,,,,,,17.8,20.5,2.7,79.0
2020,11,11/11/20,Central Michigan,Northern Illinois,57.5,57.5,62.9,5.4,OVER,STRONG,LOSS,-,0.0,-7.5,-12.9,-7.5,5.4,50.0
2020,11,11/12/20,Colorado State,Boise State,62.5,62.5,63.1,0.6,,,,,,,9.9,10.5,0.6,73.0
2020,11,11/13/20,Iowa,Minnesota,58.0,58.0,54.6,-3.4,UNDER,LEAN,WIN,-,0.0,16.0,-12.6,-16.0,-3.4,42.0
2020,11,11/13/20,Florida Atlantic,Florida International,41.5,41.5,51.9,10.4,OVER,STRONG,WIN,-,0.0,15.5,5.1,15.5,10.4,57.0
2020,11,11/13/20,East Carolina,Cincinnati,56.5,56.5,60.3,3.8,OVER,LEAN,WIN,-,0.0,15.5,11.7,15.5,3.8,72.0
2020,11,11/14/20,Wake Forest,North Carolina,70.5,70.5,65.4,-5.1,UNDER,STRONG,LOSS,-,0.0,-41.5,46.6,41.5,-5.1,112.0
2020,11,11/14/20,Indiana,Michigan State,52.5,52.5,47.4,-5.1,UNDER,STRONG,WIN,-,0.0,28.5,-23.4,-28.5,-5.1,24.0
2020,11,11/14/20,Vanderbilt,Kentucky,41.5,41.5,50.7,9.2,OVER,STRONG,WIN,-,0.0,31.5,22.3,31.5,9.2,73.0
2020,11,11/14/20,Army,Tulane,46.5,46.5,46.0,-0.5,,,,,,,4.0,3.5,-0.5,50.0
2020,11,11/14/20,TCU,West Virginia,44.5,44.5,55.9,11.4,OVER,STRONG,LOSS,-,0.0,-14.5,-25.9,-14.5,11.4,30.0
2020,11,11/14/20,Miami,Virginia Tech,68.0,68.0,58.4,-9.6,UNDER,STRONG,WIN,-,0.0,19.0,-9.4,-19.0,-9.6,49.0
2020,11,11/14/20,Middle Tennessee,Marshall,55.5,55.5,51.7,-3.8,UNDER,LEAN,LOSS,-,0.0,-0.5,4.3,0.5,-3.8,56.0
2020,11,11/14/20,Penn State,Nebraska,57.5,57.5,55.5,-2.0,,,,,,,-2.5,-4.5,-2.0,53.0
2020,11,11/14/20,Illinois,Rutgers,51.5,51.5,55.6,4.1,OVER,LEAN,LOSS,-,0.0,-8.5,-12.6,-8.5,4.1,43.0
2020,11,11/14/20,South Alabama,Louisiana,53.5,53.5,57.9,4.4,OVER,LEAN,LOSS,-,0.0,-5.5,-9.9,-5.5,4.4,48.0
2020,11,11/14/20,Fresno State,Utah State,51.5,51.5,51.3,-0.2,,,,,,,-0.3,-0.5,-0.2,51.0
2020,11,11/14/20,Georgia State,App State,63.0,63.0,59.7,-3.3,UNDER,LEAN,WIN,-,0.0,33.0,-29.7,-33.0,-3.3,30.0
2020,11,11/14/20,UTEP,UTSA,45.5,45.5,55.9,10.4,OVER,STRONG,WIN,-,0.0,27.5,17.1,27.5,10.4,73.0
2020,11,11/14/20,South Florida,Houston,58.5,58.5,56.2,-2.3,,,,,,,20.8,18.5,-2.3,77.0
2020,11,11/14/20,Texas State,Georgia Southern,49.5,49.5,54.1,4.6,OVER,LEAN,WIN,-,0.0,28.5,23.9,28.5,4.6,78.0
2020,11,11/14/20,USC,Arizona,67.5,67.5,71.3,3.8,OVER,LEAN,LOSS,-,0.0,-3.5,-7.3,-3.5,3.8,64.0
2020,11,11/14/20,Colorado,Stanford,55.5,55.5,69.2,13.7,OVER,STRONG,WIN,-,0.0,11.5,-2.2,11.5,13.7,67.0
2020,11,11/14/20,Southern Miss,Western Kentucky,45.0,45.0,48.9,3.9,OVER,LEAN,LOSS,-,0.0,-28.0,-31.9,-28.0,3.9,17.0
2020,11,11/14/20,Notre Dame,Boston College,51.5,51.5,54.3,2.8,,,,,,,21.7,24.5,2.8,76.0
2020,11,11/14/20,Louisville,Virginia,63.5,63.5,68.2,4.7,OVER,LEAN,LOSS,-,0.0,-15.5,-20.2,-15.5,4.7,48.0
2020,11,11/14/20,Baylor,Texas Tech,54.5,54.5,53.4,-1.1,,,,,,,-6.4,-7.5,-1.1,47.0
2020,11,11/14/20,Hawai'i,San Diego State,51.0,51.0,53.1,2.1,,,,,,,-9.1,-7.0,2.1,44.0
2020,11,11/14/20,Northwestern,Purdue,48.0,48.0,52.8,4.8,OVER,LEAN,LOSS,-,0.0,-1.0,-5.8,-1.0,4.8,47.0
2020,11,11/14/20,Nevada,New Mexico,62.5,62.5,66.1,3.6,OVER,LEAN,LOSS,-,0.0,-15.5,-19.1,-15.5,3.6,47.0
2020,11,11/14/20,Arkansas,Florida,62.0,62.0,65.2,3.2,OVER,LEAN,WIN,-,0.0,36.0,32.8,36.0,3.2,98.0
2020,11,11/14/20,Oregon,Washington State,57.5,57.5,57.9,0.4,,,,,,,14.1,14.5,0.4,72.0
2020,11,11/14/20,SMU,Tulsa,64.5,64.5,64.0,-0.5,,,,,,,-12.0,-12.5,-0.5,52.0
2020,11,11/14/20,Wisconsin,Michigan,51.5,51.5,54.4,2.9,,,,,,,5.6,8.5,2.9,60.0
2020,11,11/14/20,South Carolina,Ole Miss,72.5,72.5,66.5,-6.0,UNDER,STRONG,LOSS,-,0.0,-28.5,34.5,28.5,-6.0,101.0
2020,11,11/14/20,Florida State,NC State,61.5,61.5,62.3,0.8,,,,,,,-2.3,-1.5,0.8,60.0
2020,11,11/14/20,Temple,UCF,72.5,72.5,75.6,3.1,OVER,LEAN,LOSS,-,0.0,-21.5,-24.6,-21.5,3.1,51.0
2020,11,11/14/20,UNLV,San José State,61.5,61.5,56.9,-4.6,UNDER,LEAN,WIN,-,0.0,10.5,-5.9,-10.5,-4.6,51.0
2020,11,11/14/20,Oregon State,Washington,51.0,51.0,58.6,7.6,OVER,STRONG,LOSS,-,0.0,-3.0,-10.6,-3.0,7.6,48.0
2020,11,11/15/20,California,UCLA,57.5,57.5,57.6,0.1,,,,,,,-13.6,-13.5,0.1,44.0
2020,12,11/17/20,Buffalo,Bowling Green,58.5,58.5,56.1,-2.4,,,,,,,2.9,0.5,-2.4,59.0
2020,12,11/17/20,Akron,Kent State,60.0,60.0,62.4,2.4,,,,,,,41.6,44.0,2.4,104.0
2020,12,11/18/20,Northern Illinois,Ball State,59.5,59.5,63.3,3.8,OVER,LEAN,LOSS,-,0.0,-3.5,-7.3,-3.5,3.8,56.0
2020,12,11/18/20,Western Michigan,Central Michigan,59.5,59.5,57.0,-2.5,,,,,,,39.0,36.5,-2.5,96.0
2020,12,11/18/20,Toledo,Eastern Michigan,62.0,62.0,63.5,1.5,,,,,,,9.5,11.0,1.5,73.0
2020,12,11/19/20,Tulane,Tulsa,56.0,56.0,53.5,-2.5,,,,,,,0.5,-2.0,-2.5,54.0
2020,12,11/20/20,Syracuse,Louisville,55.5,55.5,59.2,3.7,OVER,LEAN,LOSS,-,0.0,-25.5,-29.2,-25.5,3.7,30.0
2020,12,11/20/20,Purdue,Minnesota,61.5,61.5,64.0,2.5,,,,,,,1.0,3.5,2.5,65.0
2020,12,11/20/20,Massachusetts,Florida Atlantic,50.5,50.5,54.6,4.1,OVER,LEAN,LOSS,-,0.0,-24.5,-28.6,-24.5,4.1,26.0
2020,12,11/20/20,New Mexico,Air Force,55.5,55.5,55.9,0.4,,,,,,,-27.9,-27.5,0.4,28.0
2020,12,11/21/20,Georgia Southern,Army,38.5,38.5,48.1,9.6,OVER,STRONG,WIN,-,0.0,16.5,6.9,16.5,9.6,55.0
2020,12,11/21/20,Florida,Vanderbilt,68.5,68.5,65.4,-3.1,UNDER,LEAN,WIN,-,0.0,13.5,-10.4,-13.5,-3.1,55.0
2020,12,11/21/20,LSU,Arkansas,65.0,65.0,70.2,5.2,OVER,STRONG,LOSS,-,0.0,-14.0,-19.2,-14.0,5.2,51.0
2020,12,11/21/20,East Carolina,Temple,53.0,53.0,69.4,16.4,OVER,STRONG,LOSS,-,0.0,-22.0,-38.4,-22.0,16.4,31.0
2020,12,11/21/20,Indiana,Ohio State,67.5,67.5,57.5,-10.0,UNDER,STRONG,LOSS,-,0.0,-9.5,19.5,9.5,-10.0,77.0
2020,12,11/21/20,App State,Coastal Carolina,48.5,48.5,59.9,11.4,OVER,STRONG,WIN,-,0.0,8.5,-2.9,8.5,11.4,57.0
2020,12,11/21/20,Arkansas State,Texas State,69.0,69.0,61.1,-7.9,UNDER,STRONG,LOSS,-,0.0,-23.0,30.9,23.0,-7.9,92.0
2020,12,11/21/20,Illinois,Nebraska,61.5,61.5,60.5,-1.0,,,,,,,3.5,2.5,-1.0,64.0
2020,12,11/21/20,Florida International,Western Kentucky,42.0,42.0,46.4,4.4,OVER,LEAN,WIN,-,0.0,17.0,12.6,17.0,4.4,59.0
2020,12,11/21/20,Rice,North Texas,65.5,65.5,70.4,4.9,OVER,LEAN,LOSS,-,0.0,-21.5,-26.4,-21.5,4.9,44.0
2020,12,11/21/20,UTSA,Southern Miss,51.5,51.5,58.6,7.1,OVER,STRONG,LOSS,-,0.0,-8.5,-15.6,-8.5,7.1,43.0
2020,12,11/21/20,UCLA,Oregon,61.5,61.5,59.7,-1.8,,,,,,,13.3,11.5,-1.8,73.0
2020,12,11/21/20,Georgia State,South Alabama,58.5,58.5,56.1,-2.4,,,,,,,-11.1,-13.5,-2.4,45.0
2020,12,11/21/20,Middle Tennessee,Troy,60.5,60.5,51.5,-9.0,UNDER,STRONG,WIN,-,0.0,23.5,-14.5,-23.5,-9.0,37.0
2020,12,11/21/20,Cincinnati,UCF,65.5,65.5,63.8,-1.7,,,,,,,5.2,3.5,-1.7,69.0
2020,12,11/21/20,Iowa,Penn State,45.5,45.5,45.3,-0.2,,,,,,,16.7,16.5,-0.2,62.0
2020,12,11/21/20,Wisconsin,Northwestern,44.5,44.5,40.7,-3.8,UNDER,LEAN,WIN,-,0.0,20.5,-16.7,-20.5,-3.8,24.0
2020,12,11/21/20,California,Oregon State,46.5,46.5,51.0,4.5,OVER,LEAN,WIN,-,0.0,11.5,7.0,11.5,4.5,58.0
2020,12,11/21/20,San Diego State,Nevada,46.5,46.5,49.4,2.9,,,,,,,-2.4,0.5,2.9,47.0
2020,12,11/21/20,Kansas State,Iowa State,48.0,48.0,53.0,5.0,OVER,STRONG,LOSS,-,0.0,-3.0,-8.0,-3.0,5.0,45.0
2020,12,11/21/20,Virginia Tech,Pittsburgh,53.0,53.0,45.1,-7.9,UNDER,STRONG,LOSS,-,0.0,-8.0,15.9,8.0,-7.9,61.0
2020,12,11/21/20,Kentucky,Alabama,57.5,57.5,61.6,4.1,OVER,LEAN,WIN,-,0.0,8.5,4.4,8.5,4.1,66.0
2020,12,11/21/20,Tennessee,Auburn,50.5,50.5,45.5,-5.0,UNDER,STRONG,WIN,-,0.0,3.5,1.5,-3.5,-5.0,47.0
2020,12,11/21/20,Mississippi State,Georgia,44.0,44.0,41.0,-3.0,UNDER,LEAN,LOSS,-,0.0,-11.0,14.0,11.0,-3.0,55.0
2020,12,11/21/20,Liberty,NC State,66.5,66.5,62.3,-4.2,UNDER,LEAN,WIN,-,0.0,37.5,-33.3,-37.5,-4.2,29.0
2020,12,11/21/20,Oklahoma State,Oklahoma,60.5,60.5,64.1,3.6,OVER,LEAN,LOSS,-,0.0,-6.5,-10.1,-6.5,3.6,54.0
2020,12,11/21/20,Michigan,Rutgers,52.0,52.0,55.4,3.4,OVER,LEAN,WIN,-,0.0,38.0,34.6,38.0,3.4,90.0
2020,12,11/21/20,Missouri,South Carolina,57.5,57.5,49.7,-7.8,UNDER,STRONG,WIN,-,0.0,30.5,-22.7,-30.5,-7.8,27.0
2020,12,11/21/20,Arizona,Washington,53.5,53.5,60.8,7.3,OVER,STRONG,WIN,-,0.0,17.5,10.2,17.5,7.3,71.0
2020,12,11/21/20,USC,Utah,59.0,59.0,54.0,-5.0,UNDER,STRONG,WIN,-,0.0,9.0,-4.0,-9.0,-5.0,50.0
2020,12,11/21/20,Boise State,Hawai'i,55.5,55.5,55.4,-0.1,,,,,,,16.6,16.5,-0.1,72.0
2020,13,11/26/20,New Mexico,Utah State,49.0,49.0,53.8,4.8,OVER,LEAN,WIN,-,0.0,19.0,14.2,19.0,4.8,68.0
2020,13,11/27/20,Iowa State,Texas,57.5,57.5,56.8,-0.7,,,,,,,-13.8,-14.5,-0.7,43.0
2020,13,11/27/20,Massachusetts,Liberty,57.5,57.5,63.1,5.6,OVER,STRONG,LOSS,-,0.0,-12.5,-18.1,-12.5,5.6,45.0
2020,13,11/27/20,Nebraska,Iowa,53.5,53.5,55.3,1.8,,,,,,,-9.3,-7.5,1.8,46.0
2020,13,11/27/20,UCF,South Florida,70.5,70.5,64.9,-5.6,UNDER,STRONG,LOSS,-,0.0,-33.5,39.1,33.5,-5.6,104.0
2020,13,11/27/20,Notre Dame,North Carolina,69.5,69.5,64.9,-4.6,UNDER,LEAN,WIN,-,0.0,21.5,-16.9,-21.5,-4.6,48.0
2020,13,11/27/20,Wyoming,UNLV,52.0,52.0,54.1,2.1,,,,,,,4.9,7.0,2.1,59.0
2020,13,11/27/20,Central Michigan,Eastern Michigan,59.0,59.0,64.5,5.5,OVER,STRONG,LOSS,-,0.0,-5.0,-10.5,-5.0,5.5,54.0
2020,13,11/27/20,Stanford,California,51.5,51.5,60.4,8.9,OVER,STRONG,LOSS,-,0.0,-4.5,-13.4,-4.5,8.9,47.0
2020,13,11/27/20,Oregon,Oregon State,64.5,64.5,54.0,-10.5,UNDER,STRONG,LOSS,-,0.0,-14.5,25.0,14.5,-10.5,79.0
2020,13,11/28/20,Northern Illinois,Western Michigan,64.5,64.5,64.8,0.3,,,,,,,-7.8,-7.5,0.3,57.0
2020,13,11/28/20,Maryland,Indiana,62.5,62.5,57.5,-5.0,UNDER,STRONG,WIN,-,0.0,24.5,-19.5,-24.5,-5.0,38.0
2020,13,11/28/20,Georgia Southern,Georgia State,51.0,51.0,57.5,6.5,OVER,STRONG,WIN,-,0.0,3.0,-3.5,3.0,6.5,54.0
2020,13,11/28/20,NC State,Syracuse,50.5,50.5,47.2,-3.3,UNDER,LEAN,LOSS,-,0.0,-14.5,17.8,14.5,-3.3,65.0
2020,13,11/28/20,Ball State,Toledo,67.5,67.5,66.0,-1.5,,,,,,,-15.0,-16.5,-1.5,51.0
2020,13,11/28/20,Texas Tech,Oklahoma State,57.0,57.0,53.9,-3.1,UNDER,LEAN,LOSS,-,0.0,-37.0,40.1,37.0,-3.1,94.0
2020,13,11/28/20,Bowling Green,Ohio,54.5,54.5,57.3,2.8,,,,,,,4.7,7.5,2.8,62.0
2020,13,11/28/20,Penn State,Michigan,56.5,56.5,52.3,-4.2,UNDER,LEAN,WIN,-,0.0,12.5,-8.3,-12.5,-4.2,44.0
2020,13,11/28/20,Vanderbilt,Missouri,51.5,51.5,47.9,-3.6,UNDER,LEAN,WIN,-,0.0,10.5,-6.9,-10.5,-3.6,41.0
2020,13,11/28/20,SMU,East Carolina,72.0,72.0,70.4,-1.6,,,,,,,19.6,18.0,-1.6,90.0
2020,13,11/28/20,Kentucky,Florida,60.5,60.5,63.0,2.5,,,,,,,-19.0,-16.5,2.5,44.0
2020,13,11/28/20,Kent State,Buffalo,69.5,69.5,62.6,-6.9,UNDER,STRONG,LOSS,-,0.0,-41.5,48.4,41.5,-6.9,111.0
2020,13,11/28/20,Miami (OH),Akron,55.5,55.5,62.3,6.8,OVER,STRONG,LOSS,-,0.0,-10.5,-17.3,-10.5,6.8,45.0
2020,13,11/28/20,Louisiana,UL Monroe,58.0,58.0,56.1,-1.9,,,,,,,33.9,32.0,-1.9,90.0
2020,13,11/28/20,North Texas,UTSA,67.5,67.5,70.8,3.3,OVER,LEAN,LOSS,-,0.0,-1.5,-4.8,-1.5,3.3,66.0
2020,13,11/28/20,Coastal Carolina,Texas State,58.5,58.5,57.6,-0.9,,,,,,,5.4,4.5,-0.9,63.0
2020,13,11/28/20,South Alabama,Arkansas State,63.5,63.5,74.0,10.5,OVER,STRONG,WIN,-,0.0,5.5,-5.0,5.5,10.5,69.0
2020,13,11/28/20,Troy,App State,50.5,50.5,60.2,9.7,OVER,STRONG,WIN,-,0.0,6.5,-3.2,6.5,9.7,57.0
2020,13,11/28/20,Pittsburgh,Clemson,58.5,58.5,49.2,-9.3,UNDER,STRONG,LOSS,-,0.0,-10.5,19.8,10.5,-9.3,69.0
2020,13,11/28/20,Northwestern,Michigan State,40.5,40.5,45.7,5.2,OVER,STRONG,WIN,-,0.0,8.5,3.3,8.5,5.2,49.0
2020,13,11/28/20,Auburn,Alabama,64.5,64.5,62.9,-1.6,,,,,,,-7.9,-9.5,-1.6,55.0
2020,13,11/28/20,Mississippi State,Ole Miss,70.5,70.5,60.7,-9.8,UNDER,STRONG,WIN,-,0.0,15.5,-5.7,-15.5,-9.8,55.0
2020,13,11/28/20,Louisville,Boston College,56.5,56.5,63.2,6.7,OVER,STRONG,WIN,-,0.0,4.5,-2.2,4.5,6.7,61.0
2020,13,11/28/20,Rutgers,Purdue,61.0,61.0,52.6,-8.4,UNDER,STRONG,LOSS,-,0.0,-6.0,14.4,6.0,-8.4,67.0
2020,13,11/28/20,San Diego State,Colorado,51.5,51.5,54.6,3.1,OVER,LEAN,LOSS,-,0.0,-21.5,-24.6,-21.5,3.1,30.0
2020,13,11/28/20,Memphis,Navy,62.5,62.5,58.6,-3.9,UNDER,LEAN,WIN,-,0.0,45.5,-41.6,-45.5,-3.9,17.0
2020,13,11/28/20,Duke,Georgia Tech,57.5,57.5,55.5,-2.0,,,,,,,33.5,31.5,-2.0,89.0
2020,13,11/28/20,Kansas State,Baylor,44.5,44.5,50.0,5.5,OVER,STRONG,WIN,-,0.0,18.5,13.0,18.5,5.5,63.0
2020,13,11/28/20,LSU,Texas A&M,60.5,60.5,72.3,11.8,OVER,STRONG,LOSS,-,0.0,-33.5,-45.3,-33.5,11.8,27.0
2020,13,11/28/20,Utah,Washington,47.5,47.5,51.0,3.5,OVER,LEAN,LOSS,-,0.0,-2.5,-6.0,-2.5,3.5,45.0
2020,13,11/28/20,Georgia,South Carolina,50.5,50.5,50.1,-0.4,,,,,,,10.9,10.5,-0.4,61.0
2020,13,11/28/20,TCU,Kansas,51.0,51.0,55.7,4.7,OVER,LEAN,WIN,-,0.0,31.0,26.3,31.0,4.7,82.0
2020,13,11/28/20,Arizona,UCLA,70.5,70.5,61.7,-8.8,UNDER,STRONG,WIN,-,0.0,33.5,-24.7,-33.5,-8.8,37.0
2020,13,11/28/20,Nevada,Hawai'i,63.0,63.0,54.3,-8.7,UNDER,STRONG,WIN,-,0.0,18.0,-9.3,-18.0,-8.7,45.0
2020,14,12/03/20,Louisiana Tech,North Texas,65.5,65.5,64.1,-1.4,,,,,,,8.9,7.5,-1.4,73.0
2020,14,12/03/20,Air Force,Utah State,51.5,51.5,50.7,-0.8,,,,,,,-8.7,-9.5,-0.8,42.0
2020,14,12/04/20,Louisiana,App State,51.5,51.5,58.3,6.8,OVER,STRONG,LOSS,-,0.0,-6.5,-13.3,-6.5,6.8,45.0
2020,14,12/05/20,Memphis,Tulane,64.0,64.0,56.0,-8.0,UNDER,STRONG,WIN,-,0.0,8.0,0.0,-8.0,-8.0,56.0
2020,14,12/05/20,Oklahoma State,TCU,52.5,52.5,60.7,8.2,OVER,STRONG,LOSS,-,0.0,-1.5,-9.7,-1.5,8.2,51.0
2020,14,12/05/20,Texas A&M,Auburn,48.5,48.5,47.2,-1.3,,,,,,,3.8,2.5,-1.3,51.0
2020,14,12/05/20,Arkansas,Missouri,54.5,54.5,47.4,-7.1,UNDER,STRONG,LOSS,-,0.0,-43.5,50.6,43.5,-7.1,98.0
2020,14,12/05/20,Ohio State,Michigan State,59.0,59.0,69.7,10.7,OVER,STRONG,WIN,-,0.0,5.0,-5.7,5.0,10.7,64.0
2020,14,12/05/20,Texas,Kansas State,53.5,53.5,56.2,2.7,,,,,,,43.8,46.5,2.7,100.0
2020,14,12/05/20,Toledo,Northern Illinois,53.5,53.5,55.2,1.7,,,,,,,9.8,11.5,1.7,65.0
2020,14,12/05/20,Kansas,Texas Tech,63.5,63.5,60.7,-2.8,,,,,,,-31.7,-34.5,-2.8,29.0
2020,14,12/05/20,Nebraska,Purdue,64.0,64.0,56.8,-7.2,UNDER,STRONG,PUSH,-,0.0,0.0,7.2,0.0,-7.2,64.0
2020,14,12/05/20,Rice,Marshall,42.5,42.5,46.1,3.6,OVER,LEAN,LOSS,-,0.0,-22.5,-26.1,-22.5,3.6,20.0
2020,14,12/05/20,Penn State,Rutgers,51.0,51.0,50.7,-0.3,,,,,,,-20.7,-21.0,-0.3,30.0
2020,14,12/05/20,Eastern Michigan,Western Michigan,67.5,67.5,62.5,-5.0,UNDER,STRONG,LOSS,-,0.0,-27.5,32.5,27.5,-5.0,95.0
2020,14,12/05/20,Ball State,Central Michigan,63.0,63.0,69.9,6.9,OVER,STRONG,WIN,-,0.0,2.0,-4.9,2.0,6.9,65.0
2020,14,12/05/20,Troy,South Alabama,54.0,54.0,63.7,9.7,OVER,STRONG,LOSS,-,0.0,-25.0,-34.7,-25.0,9.7,29.0
2020,14,12/05/20,Bowling Green,Akron,55.5,55.5,56.7,1.2,,,,,,,-22.7,-21.5,1.2,34.0
2020,14,12/05/20,Syracuse,Notre Dame,51.0,51.0,47.9,-3.1,UNDER,LEAN,LOSS,-,0.0,-15.0,18.1,15.0,-3.1,66.0
2020,14,12/05/20,UL Monroe,Arkansas State,71.0,71.0,69.3,-1.7,,,,,,,-6.3,-8.0,-1.7,63.0
2020,14,12/05/20,Iowa,Illinois,52.5,52.5,48.8,-3.7,UNDER,LEAN,LOSS,-,0.0,-3.5,7.2,3.5,-3.7,56.0
2020,14,12/05/20,West Virginia,Iowa State,48.0,48.0,53.5,5.5,OVER,STRONG,PUSH,-,0.0,0.0,-5.5,0.0,5.5,48.0
2020,14,12/05/20,Indiana,Wisconsin,44.5,44.5,45.9,1.4,,,,,,,-25.9,-24.5,1.4,20.0
2020,14,12/05/20,Tulsa,Navy,45.5,45.5,58.5,13.0,OVER,STRONG,LOSS,-,0.0,-20.5,-33.5,-20.5,13.0,25.0
2020,14,12/05/20,Boston College,Virginia,54.0,54.0,58.9,4.9,OVER,LEAN,WIN,-,0.0,21.0,16.1,21.0,4.9,75.0
2020,14,12/05/20,Florida,Tennessee,62.5,62.5,64.0,1.5,,,,,,,-14.0,-12.5,1.5,50.0
2020,14,12/05/20,Georgia Tech,NC State,60.5,60.5,53.5,-7.0,UNDER,STRONG,WIN,-,0.0,24.5,-17.5,-24.5,-7.0,36.0
2020,14,12/05/20,Stanford,Washington,49.5,49.5,54.0,4.5,OVER,LEAN,WIN,-,0.0,7.5,3.0,7.5,4.5,57.0
2020,14,12/05/20,BYU,Coastal Carolina,62.5,62.5,70.6,8.1,OVER,STRONG,LOSS,-,0.0,-23.5,-31.6,-23.5,8.1,39.0
2020,14,12/05/20,Florida Atlantic,Georgia Southern,40.5,40.5,53.7,13.2,OVER,STRONG,LOSS,-,0.0,-17.5,-30.7,-17.5,13.2,23.0
2020,14,12/05/20,Hawai'i,San José State,59.5,59.5,52.1,-7.4,UNDER,STRONG,WIN,-,0.0,0.5,6.9,-0.5,-7.4,59.0
2020,14,12/05/20,Colorado,Arizona,57.5,57.5,63.2,5.7,OVER,STRONG,LOSS,-,0.0,-20.5,-26.2,-20.5,5.7,37.0
2020,14,12/05/20,Colorado State,San Diego State,46.5,46.5,42.0,-4.5,UNDER,LEAN,WIN,-,0.0,0.5,4.0,-0.5,-4.5,46.0
2020,14,12/05/20,Oregon,California,59.5,59.5,60.5,1.0,,,,,,,-22.5,-21.5,1.0,38.0
2020,14,12/05/20,South Carolina,Kentucky,47.0,47.0,55.9,8.9,OVER,STRONG,WIN,-,0.0,12.0,3.1,12.0,8.9,59.0
2020,14,12/05/20,Clemson,Virginia Tech,66.5,66.5,60.9,-5.6,UNDER,STRONG,WIN,-,0.0,11.5,-5.9,-11.5,-5.6,55.0
2020,14,12/05/20,Alabama,LSU,64.0,64.0,76.1,12.1,OVER,STRONG,WIN,-,0.0,8.0,-4.1,8.0,12.1,72.0
2020,14,12/05/20,Miami,Duke,62.5,62.5,53.2,-9.3,UNDER,STRONG,WIN,-,0.0,14.5,-5.2,-14.5,-9.3,48.0
2020,14,12/05/20,Baylor,Oklahoma,61.0,61.0,66.5,5.5,OVER,STRONG,LOSS,-,0.0,-20.0,-25.5,-20.0,5.5,41.0
2020,14,12/05/20,Fresno State,Nevada,59.0,59.0,59.4,0.4,,,,,,,3.6,4.0,0.4,63.0
2020,14,12/05/20,Wyoming,New Mexico,51.0,51.0,58.2,7.2,OVER,STRONG,LOSS,-,0.0,-18.0,-25.2,-18.0,7.2,33.0
2020,14,12/05/20,Oregon State,Utah,51.0,51.0,53.0,2.0,,,,,,,1.0,3.0,2.0,54.0
2020,14,12/05/20,UCLA,Arizona State,57.5,57.5,58.6,1.1,,,,,,,-15.6,-14.5,1.1,43.0
2020,14,12/06/20,Western Kentucky,Charlotte,46.5,46.5,51.0,4.5,OVER,LEAN,WIN,-,0.0,9.5,5.0,9.5,4.5,56.0
2020,14,12/06/20,Washington State,USC,68.5,68.5,77.0,8.5,OVER,STRONG,LOSS,-,0.0,-17.5,-26.0,-17.5,8.5,51.0
2020,15,12/10/20,Florida Atlantic,Southern Miss,44.0,44.0,50.8,6.8,OVER,STRONG,WIN,-,0.0,32.0,25.2,32.0,6.8,76.0
2020,15,12/10/20,Pittsburgh,Georgia Tech,55.5,55.5,43.5,-12.0,UNDER,STRONG,WIN,-,0.0,1.5,10.5,-1.5,-12.0,54.0
2020,15,12/11/20,North Texas,UTEP,66.5,66.5,68.7,2.2,,,,,,,19.3,21.5,2.2,88.0
2020,15,12/11/20,Arizona State,Arizona,56.5,56.5,61.4,4.9,OVER,LEAN,WIN,-,0.0,20.5,15.6,20.5,4.9,77.0
2020,15,12/11/20,Nevada,San José State,61.5,61.5,54.0,-7.5,UNDER,STRONG,WIN,-,0.0,11.5,-4.0,-11.5,-7.5,50.0
2020,15,12/12/20,Georgia,Missouri,54.5,54.5,48.4,-6.1,UNDER,STRONG,LOSS,-,0.0,-8.5,14.6,8.5,-6.1,63.0
2020,15,12/12/20,Minnesota,Nebraska,61.5,61.5,57.0,-4.5,UNDER,LEAN,WIN,-,0.0,20.5,-16.0,-20.5,-4.5,41.0
2020,15,12/12/20,Rutgers,Maryland,55.0,55.0,57.4,2.4,,,,,,,-6.4,-4.0,2.4,51.0
2020,15,12/12/20,Wake Forest,Louisville,62.5,62.5,63.0,0.5,,,,,,,3.0,3.5,0.5,66.0
2020,15,12/12/20,Northern Illinois,Eastern Michigan,55.5,55.5,55.4,-0.1,,,,,,,18.6,18.5,-0.1,74.0
2020,15,12/12/20,Illinois,Northwestern,42.0,42.0,46.7,4.7,OVER,LEAN,LOSS,-,0.0,-4.0,-8.7,-4.0,4.7,38.0
2020,15,12/12/20,Michigan State,Penn State,46.0,46.0,45.5,-0.5,,,,,,,17.5,17.0,-0.5,63.0
2020,15,12/12/20,Utah,Colorado,49.0,49.0,55.8,6.8,OVER,STRONG,WIN,-,0.0,10.0,3.2,10.0,6.8,59.0
2020,15,12/12/20,Western Michigan,Ball State,65.5,65.5,69.6,4.1,OVER,LEAN,LOSS,-,0.0,-8.5,-12.6,-8.5,4.1,57.0
2020,15,12/12/20,Alabama,Arkansas,69.5,69.5,70.0,0.5,,,,,,,-15.0,-14.5,0.5,55.0
2020,15,12/12/20,UAB,Rice,42.5,42.5,52.5,10.0,OVER,STRONG,LOSS,-,0.0,-5.5,-15.5,-5.5,10.0,37.0
2020,15,12/12/20,Akron,Buffalo,58.5,58.5,55.2,-3.3,UNDER,LEAN,LOSS,-,0.0,-4.5,7.8,4.5,-3.3,63.0
2020,15,12/12/20,Coastal Carolina,Troy,52.5,52.5,55.6,3.1,OVER,LEAN,WIN,-,0.0,27.5,24.4,27.5,3.1,80.0
2020,15,12/12/20,Navy,Army,36.0,36.0,49.3,13.3,OVER,STRONG,LOSS,-,0.0,-21.0,-34.3,-21.0,13.3,15.0
2020,15,12/12/20,Central Michigan,Toledo,54.5,54.5,63.8,9.3,OVER,STRONG,LOSS,-,0.0,-7.5,-16.8,-7.5,9.3,47.0
2020,15,12/12/20,Wisconsin,Iowa,41.0,41.0,47.8,6.8,OVER,STRONG,LOSS,-,0.0,-6.0,-12.8,-6.0,6.8,35.0
2020,15,12/12/20,Oklahoma State,Baylor,49.5,49.5,54.0,4.5,OVER,LEAN,LOSS,-,0.0,-4.5,-9.0,-4.5,4.5,45.0
2020,15,12/12/20,Houston,Memphis,64.5,64.5,58.8,-5.7,UNDER,STRONG,WIN,-,0.0,7.5,-1.8,-7.5,-5.7,57.0
2020,15,12/12/20,North Carolina,Miami,72.0,72.0,62.1,-9.9,UNDER,STRONG,LOSS,-,0.0,-16.0,25.9,16.0,-9.9,88.0
2020,15,12/12/20,Tennessee,Vanderbilt,50.5,50.5,47.4,-3.1,UNDER,LEAN,LOSS,-,0.0,-8.5,11.6,8.5,-3.1,59.0
2020,15,12/12/20,Duke,Florida State,57.0,57.0,59.4,2.4,,,,,,,31.6,34.0,2.4,91.0
2020,15,12/12/20,Boise State,Wyoming,46.5,46.5,53.4,6.9,OVER,STRONG,LOSS,-,0.0,-20.5,-27.4,-20.5,6.9,26.0
2020,15,12/12/20,App State,Georgia Southern,45.0,45.0,56.0,11.0,OVER,STRONG,WIN,-,0.0,15.0,4.0,15.0,11.0,60.0
2020,15,12/12/20,Louisiana Tech,TCU,50.0,50.0,52.5,2.5,,,,,,,9.5,12.0,2.5,62.0
2020,15,12/12/20,LSU,Florida,65.5,65.5,76.3,10.8,OVER,STRONG,WIN,-,0.0,5.5,-5.3,5.5,10.8,71.0
2020,15,12/12/20,Auburn,Mississippi State,50.5,50.5,49.1,-1.4,,,,,,,-15.1,-16.5,-1.4,34.0
2020,15,12/12/20,USC,UCLA,65.0,65.0,62.0,-3.0,UNDER,LEAN,LOSS,-,0.0,-16.0,19.0,16.0,-3.0,81.0
2020,15,12/12/20,Virginia,Virginia Tech,64.0,64.0,63.4,-0.6,,,,,,,-15.4,-16.0,-0.6,48.0
2020,15,12/12/20,San Diego State,BYU,47.5,47.5,51.5,4.0,OVER,LEAN,LOSS,-,0.0,-5.5,-9.5,-5.5,4.0,42.0
2020,15,12/12/20,Stanford,Oregon State,55.5,55.5,58.3,2.8,,,,,,,-7.3,-4.5,2.8,51.0
2020,15,12/12/20,Fresno State,New Mexico,55.5,55.5,67.6,12.1,OVER,STRONG,WIN,-,0.0,32.5,20.4,32.5,12.1,88.0
2020,15,12/12/20,UNLV,Hawai'i,60.0,60.0,65.4,5.4,OVER,STRONG,LOSS,-,0.0,-1.0,-6.4,-1.0,5.4,59.0
2020,16,12/18/20,UAB,Marshall,45.0,45.0,46.5,1.5,,,,,,,-11.5,-10.0,1.5,35.0
2020,16,12/18/20,Nebraska,Rutgers,52.0,52.0,49.3,-2.7,,,,,,,-0.3,-3.0,-2.7,49.0
2020,16,12/18/20,Ball State,Buffalo,70.0,70.0,56.5,-13.5,UNDER,STRONG,WIN,-,0.0,4.0,9.5,-4.0,-13.5,66.0
2020,16,12/18/20,Oregon,USC,65.5,65.5,56.6,-8.9,UNDER,STRONG,WIN,-,0.0,10.5,-1.6,-10.5,-8.9,55.0
2020,16,12/19/20,Northwestern,Ohio State,56.5,56.5,50.2,-6.3,UNDER,STRONG,WIN,-,0.0,24.5,-18.2,-24.5,-6.3,32.0
2020,16,12/19/20,Texas A&M,Tennessee,49.5,49.5,47.6,-1.9,,,,,,,-0.6,-2.5,-1.9,47.0
2020,16,12/19/20,Oklahoma,Iowa State,60.0,60.0,61.7,1.7,,,,,,,-13.7,-12.0,1.7,48.0
2020,16,12/19/20,Washington State,Utah,55.0,55.0,60.8,5.8,OVER,STRONG,WIN,-,0.0,18.0,12.2,18.0,5.8,73.0
2020,16,12/19/20,Air Force,Army,37.5,37.5,50.8,13.3,OVER,STRONG,LOSS,-,0.0,-20.5,-33.8,-20.5,13.3,17.0
2020,16,12/19/20,Missouri,Mississippi State,49.0,49.0,49.1,0.1,,,,,,,33.9,34.0,0.1,83.0
2020,16,12/19/20,Ole Miss,LSU,74.5,74.5,78.1,3.6,OVER,LEAN,WIN,-,0.0,26.5,22.9,26.5,3.6,101.0
2020,16,12/19/20,Clemson,Notre Dame,58.0,58.0,62.1,4.1,OVER,LEAN,LOSS,-,0.0,-14.0,-18.1,-14.0,4.1,44.0
2020,16,12/19/20,Minnesota,Wisconsin,47.0,47.0,55.3,8.3,OVER,STRONG,LOSS,-,0.0,-10.0,-18.3,-10.0,8.3,37.0
2020,16,12/19/20,Boise State,San José State,58.5,58.5,52.4,-6.1,UNDER,STRONG,WIN,-,0.0,4.5,1.6,-4.5,-6.1,54.0
2020,16,12/19/20,Illinois,Penn State,52.5,52.5,52.9,0.4,,,,,,,24.1,24.5,0.4,77.0
2020,16,12/19/20,Stanford,UCLA,61.0,61.0,62.0,1.0,,,,,,,33.0,34.0,1.0,95.0
2020,16,12/19/20,Alabama,Florida,74.0,74.0,79.1,5.1,OVER,STRONG,WIN,-,0.0,24.0,18.9,24.0,5.1,98.0
2020,16,12/19/20,Tulsa,Cincinnati,44.5,44.5,53.5,9.0,OVER,STRONG,WIN,-,0.0,6.5,-2.5,6.5,9.0,51.0
2020,16,12/19/20,Arizona State,Oregon State,54.5,54.5,64.4,9.9,OVER,STRONG,WIN,-,0.0,24.5,14.6,24.5,9.9,79.0
2021,1,08/28/21,Nebraska,Illinois,55.0,52.5,51.4,-3.6,UNDER,LEAN,WIN,+,2.5,3.0,0.6,-0.5,-1.1,52.0
2021,1,08/28/21,UConn,Fresno State,62.5,63.5,55.8,-6.7,UNDER,STRONG,WIN,-,-1.0,17.5,-10.8,-18.5,-7.7,45.0
2021,1,08/28/21,Hawai'i,UCLA,70.5,67.0,58.2,-12.3,UNDER,STRONG,WIN,+,3.5,16.5,-4.2,-13.0,-8.8,54.0
2021,1,08/28/21,UTEP,New Mexico State,54.0,59.5,56.6,2.6,,,,,,,-23.6,-26.5,-2.9,33.0
2021,1,09/02/21,Boise State,UCF,70.0,67.0,54.7,-15.3,UNDER,STRONG,WIN,+,3.0,3.0,12.3,0.0,-12.3,67.0
2021,1,09/02/21,East Carolina,App State,59.5,55.5,51.4,-8.1,UNDER,STRONG,WIN,+,4.0,7.5,0.6,-3.5,-4.1,52.0
2021,1,09/02/21,South Florida,NC State,60.0,58.0,53.7,-6.3,UNDER,STRONG,WIN,+,2.0,15.0,-8.7,-13.0,-4.3,45.0
2021,1,09/02/21,Bowling Green,Tennessee,58.5,60.5,49.3,-9.2,UNDER,STRONG,WIN,-,-2.0,14.5,-5.3,-16.5,-11.2,44.0
2021,1,09/02/21,Ohio State,Minnesota,66.5,62.0,57.4,-9.1,UNDER,STRONG,LOSS,+,4.5,-9.5,18.6,14.0,-4.6,76.0
2021,1,09/03/21,North Carolina,Virginia Tech,66.0,63.5,56.1,-9.9,UNDER,STRONG,WIN,+,2.5,39.0,-29.1,-36.5,-7.4,27.0
2021,1,09/03/21,Old Dominion,Wake Forest,65.0,61.5,53.3,-11.7,UNDER,STRONG,WIN,+,3.5,13.0,-1.3,-9.5,-8.2,52.0
2021,1,09/03/21,Duke,Charlotte,60.0,60.5,54.6,-5.4,UNDER,STRONG,WIN,-,-0.5,1.0,4.4,-1.5,-5.9,59.0
2021,1,09/03/21,Michigan State,Northwestern,45.0,45.5,42.2,-2.8,,,,,,,16.8,13.5,-3.3,59.0
2021,1,09/04/21,Tulane,Oklahoma,70.0,66.5,59.2,-10.8,UNDER,STRONG,LOSS,+,3.5,-5.0,15.8,8.5,-7.3,75.0
2021,1,09/04/21,Stanford,Kansas State,52.5,54.0,51.6,-0.9,,,,,,,-20.6,-23.0,-2.4,31.0
2021,1,09/04/21,Western Michigan,Michigan,67.0,65.5,54.7,-12.3,UNDER,STRONG,WIN,+,1.5,6.0,6.3,-4.5,-10.8,61.0
2021,1,09/04/21,Temple,Rutgers,51.0,52.0,51.9,0.9,,,,,,,23.1,23.0,-0.1,75.0
2021,1,09/04/21,Army,Georgia State,51.5,50.0,52.3,0.8,,,,,,,0.7,3.0,2.3,53.0
2021,1,09/04/21,UL Monroe,Kentucky,54.0,54.0,47.8,-6.2,UNDER,STRONG,LOSS,-,0.0,-1.0,7.2,1.0,-6.2,55.0
2021,1,09/04/21,Penn State,Wisconsin,51.5,49.0,45.8,-5.7,UNDER,STRONG,WIN,+,2.5,25.5,-19.8,-23.0,-3.2,26.0
2021,1,09/04/21,Rice,Arkansas,51.0,50.0,50.0,-1.0,,,,,,,5.0,5.0,0.0,55.0
2021,1,09/04/21,Fresno State,Oregon,61.5,63.0,53.6,-7.9,UNDER,STRONG,WIN,-,-1.5,6.5,1.4,-8.0,-9.4,55.0
2021,1,09/04/21,Miami (OH),Cincinnati,51.0,49.0,48.9,-2.1,,,,,,,14.1,14.0,-0.1,63.0
2021,1,09/04/21,West Virginia,Maryland,55.0,57.0,51.8,-3.2,UNDER,LEAN,WIN,-,-2.0,1.0,2.2,-3.0,-5.2,54.0
2021,1,09/04/21,Marshall,Navy,45.5,46.5,49.2,3.7,OVER,LEAN,WIN,+,1.0,10.5,6.8,9.5,2.7,56.0
2021,1,09/04/21,Indiana,Iowa,47.5,45.5,49.6,2.1,,,,,,,-9.6,-5.5,4.1,40.0
2021,1,09/04/21,Alabama,Miami,64.5,61.5,48.7,-15.8,UNDER,STRONG,WIN,+,3.0,7.5,8.3,-4.5,-12.8,57.0
2021,1,09/04/21,Central Michigan,Missouri,60.5,59.0,50.6,-9.9,UNDER,STRONG,WIN,+,1.5,2.5,7.4,-1.0,-8.4,58.0
2021,1,09/04/21,Massachusetts,Pittsburgh,56.5,56.0,55.2,-1.3,,,,,,,2.8,2.0,-0.8,58.0
2021,1,09/04/21,Louisiana Tech,Mississippi State,52.5,53.0,55.3,2.8,,,,,,,13.7,16.0,2.3,69.0
2021,1,09/04/21,Louisiana,Texas,59.0,58.0,53.8,-5.2,UNDER,STRONG,WIN,+,1.0,3.0,2.2,-2.0,-4.2,56.0
2021,1,09/04/21,San José State,USC,59.5,61.0,57.7,-1.8,,,,,,,-20.7,-24.0,-3.3,37.0
2021,1,09/04/21,Oregon State,Purdue,65.0,68.0,52.8,-12.2,UNDER,STRONG,WIN,-,-3.0,14.0,-1.8,-17.0,-15.2,51.0
2021,1,09/04/21,Syracuse,Ohio,56.0,55.5,50.1,-5.9,UNDER,STRONG,WIN,+,0.5,18.0,-12.1,-17.5,-5.4,38.0
2021,1,09/04/21,Texas Tech,Houston,65.0,63.0,54.2,-10.8,UNDER,STRONG,WIN,+,2.0,6.0,4.8,-4.0,-8.8,59.0
2021,1,09/04/21,Akron,Auburn,55.0,56.0,52.1,-2.9,,,,,,,17.9,14.0,-3.9,70.0
2021,1,09/04/21,Baylor,Texas State,55.5,52.5,50.0,-5.5,UNDER,STRONG,WIN,+,3.0,6.5,-1.0,-3.5,-2.5,49.0
2021,1,09/04/21,Northern Illinois,Georgia Tech,57.0,57.0,51.3,-5.7,UNDER,STRONG,WIN,-,0.0,14.0,-8.3,-14.0,-5.7,43.0
2021,1,09/04/21,UTSA,Illinois,53.0,52.0,51.0,-2.0,,,,,,,16.0,15.0,-1.0,67.0
2021,1,09/04/21,Georgia,Clemson,52.0,51.5,50.9,-1.1,,,,,,,-37.9,-38.5,-0.6,13.0
2021,1,09/04/21,Florida Atlantic,Florida,53.0,52.0,52.1,-0.9,,,,,,,-3.1,-3.0,0.1,49.0
2021,1,09/04/21,Southern Miss,South Alabama,55.0,56.5,51.9,-3.1,UNDER,LEAN,WIN,-,-1.5,17.0,-13.9,-18.5,-4.6,38.0
2021,1,09/04/21,Kent State,Texas A&M,66.0,66.0,56.4,-9.6,UNDER,STRONG,WIN,-,0.0,15.0,-5.4,-15.0,-9.6,51.0
2021,1,09/04/21,LSU,UCLA,69.0,63.5,55.7,-13.3,UNDER,STRONG,WIN,+,5.5,4.0,9.3,1.5,-7.8,65.0
2021,1,09/04/21,BYU,Arizona,54.5,54.0,52.1,-2.4,,,,,,,-12.1,-14.0,-1.9,40.0
2021,1,09/04/21,New Mexico State,San Diego State,50.0,50.5,47.8,-2.2,,,,,,,-9.8,-12.5,-2.7,38.0
2021,1,09/04/21,Nevada,California,52.5,52.5,56.7,4.2,OVER,LEAN,LOSS,-,0.0,-13.5,-17.7,-13.5,4.2,39.0
2021,1,09/04/21,Utah State,Washington State,64.5,66.5,56.7,-7.8,UNDER,STRONG,WIN,-,-2.0,15.5,-7.7,-17.5,-9.8,49.0
2021,1,09/05/21,Notre Dame,Florida State,55.5,54.0,49.2,-6.3,UNDER,STRONG,LOSS,+,1.5,-23.5,29.8,25.0,-4.8,79.0
2021,1,09/06/21,Louisville,Ole Miss,75.0,74.5,60.7,-14.3,UNDER,STRONG,WIN,+,0.5,8.0,6.3,-7.5,-13.8,67.0
2021,1,12/17/21,Middle Tennessee,Toledo,53.0,50.0,57.9,4.9,OVER,LEAN,WIN,-,-3.0,2.0,-2.9,5.0,7.9,55.0
2021,1,12/17/21,Northern Illinois,Coastal Carolina,63.5,63.5,53.8,-9.7,UNDER,STRONG,LOSS,-,0.0,-24.5,34.2,24.5,-9.7,88.0
2021,1,12/18/21,Western Kentucky,App State,67.5,67.5,49.6,-17.9,UNDER,STRONG,LOSS,-,0.0,-29.5,47.4,29.5,-17.9,97.0
2021,1,12/18/21,UTEP,Fresno State,51.0,54.5,57.7,6.7,OVER,STRONG,WIN,+,3.5,4.0,-2.7,0.5,3.2,55.0
2021,1,12/18/21,UAB,BYU,55.0,54.0,49.0,-6.0,UNDER,STRONG,LOSS,+,1.0,-4.0,10.0,5.0,-5.0,59.0
2021,1,12/18/21,Eastern Michigan,Liberty,57.5,58.5,53.8,-3.7,UNDER,LEAN,LOSS,-,-1.0,-18.5,22.2,17.5,-4.7,76.0
2021,1,12/18/21,Utah State,Oregon State,64.5,68.5,52.0,-12.5,UNDER,STRONG,WIN,-,-4.0,27.5,-15.0,-31.5,-16.5,37.0
2021,1,12/18/21,Louisiana,Marshall,51.5,55.5,47.1,-4.4,UNDER,LEAN,LOSS,-,-4.0,-5.5,9.9,1.5,-8.4,57.0
2021,1,12/20/21,Old Dominion,Tulsa,51.0,55.0,50.9,-0.1,,,,,,,-3.9,-8.0,-4.1,47.0
2021,1,12/21/21,Kent State,Wyoming,58.5,60.5,52.4,-6.1,UNDER,STRONG,LOSS,-,-2.0,-31.5,37.6,29.5,-8.1,90.0
2021,1,12/21/21,UTSA,San Diego State,50.0,48.0,49.1,-0.9,,,,,,,12.9,14.0,1.1,62.0
2021,1,12/22/21,Missouri,Army,60.5,54.0,50.5,-10.0,UNDER,STRONG,WIN,+,6.5,14.5,-4.5,-8.0,-3.5,46.0
2021,1,12/23/21,North Texas,Miami (OH),52.5,56.5,53.7,1.2,,,,,,,-12.7,-15.5,-2.8,41.0
2021,1,12/23/21,UCF,Florida,56.5,56.0,53.8,-2.7,,,,,,,-7.8,-10.0,-2.2,46.0
2021,1,12/25/21,Georgia State,Ball State,49.5,53.0,57.4,7.9,OVER,STRONG,WIN,+,3.5,21.5,13.6,18.0,4.4,71.0
2021,1,12/27/21,Western Michigan,Nevada,66.0,57.0,55.3,-10.7,UNDER,STRONG,LOSS,+,9.0,-10.0,20.7,19.0,-1.7,76.0
2021,1,12/28/21,Houston,Auburn,51.5,49.5,52.6,1.1,,,,,,,-22.6,-19.5,3.1,30.0
2021,1,12/28/21,Air Force,Louisville,55.5,55.0,51.3,-4.2,UNDER,LEAN,LOSS,+,0.5,-3.5,7.7,4.0,-3.7,59.0
2021,1,12/28/21,Mississippi State,Texas Tech,59.5,58.0,63.6,4.1,OVER,LEAN,LOSS,-,-1.5,-18.5,-22.6,-17.0,5.6,41.0
2021,1,12/28/21,West Virginia,Minnesota,44.5,45.0,51.2,6.7,OVER,STRONG,LOSS,+,0.5,-20.5,-27.2,-21.0,6.2,24.0
2021,1,12/29/21,Maryland,Virginia Tech,53.5,55.5,50.8,-2.7,,,,,,,13.2,8.5,-4.7,64.0
2021,1,12/29/21,Clemson,Iowa State,44.5,45.0,49.3,4.8,OVER,LEAN,LOSS,+,0.5,-11.5,-16.3,-12.0,4.3,33.0
2021,1,12/29/21,Oregon,Oklahoma,63.0,64.0,47.7,-15.3,UNDER,STRONG,LOSS,-,-1.0,-16.0,31.3,15.0,-16.3,79.0
2021,1,12/30/21,North Carolina,South Carolina,58.5,57.5,52.7,-5.8,UNDER,STRONG,LOSS,+,1.0,-0.5,6.3,1.5,-4.8,59.0
2021,1,12/30/21,Tennessee,Purdue,58.5,66.5,48.6,-9.9,UNDER,STRONG,LOSS,-,-8.0,-34.5,44.4,26.5,-17.9,93.0
2021,1,12/30/21,Pittsburgh,Michigan State,63.0,55.0,42.9,-20.1,UNDER,STRONG,WIN,+,8.0,11.0,9.1,-3.0,-12.1,52.0
2021,1,12/30/21,Wisconsin,Arizona State,43.0,42.5,47.8,4.8,OVER,LEAN,LOSS,-,-0.5,-10.0,-14.8,-9.5,5.3,33.0
2021,1,12/31/21,Wake Forest,Rutgers,58.5,62.5,55.0,-3.5,UNDER,LEAN,WIN,-,-4.0,10.5,-7.0,-14.5,-7.5,48.0
2021,1,12/31/21,Washington State,Central Michigan,57.0,56.0,54.6,-2.4,,,,,,,-9.6,-11.0,-1.4,45.0
2021,1,12/31/21,Cincinnati,Alabama,58.5,57.5,47.5,-11.0,UNDER,STRONG,WIN,+,1.0,25.5,-14.5,-24.5,-10.0,33.0
2021,1,12/31/21,Georgia,Michigan,43.5,46.0,52.5,9.0,OVER,STRONG,WIN,+,2.5,1.5,-7.5,-1.0,6.5,45.0
2021,1,01/01/22,Penn State,Arkansas,46.0,51.0,54.2,8.2,OVER,STRONG,LOSS,+,5.0,-12.0,-20.2,-17.0,3.2,34.0
2021,1,01/01/22,Iowa,Kentucky,45.0,43.5,46.0,1.0,,,,,,,-9.0,-6.5,2.5,37.0
2021,1,01/01/22,Oklahoma State,Notre Dame,45.0,45.0,47.4,2.4,,,,,,,24.6,27.0,2.4,72.0
2021,1,01/01/22,Utah,Ohio State,67.0,64.5,52.5,-14.5,UNDER,STRONG,LOSS,+,2.5,-26.0,40.5,28.5,-12.0,93.0
2021,1,01/01/22,Baylor,Ole Miss,52.0,60.0,61.4,9.4,OVER,STRONG,LOSS,+,8.0,-24.0,-33.4,-32.0,1.4,28.0
2021,1,01/04/22,LSU,Kansas State,46.5,47.0,51.8,5.3,OVER,STRONG,WIN,+,0.5,15.5,10.2,15.0,4.8,62.0
2021,1,01/10/22,Georgia,Alabama,52.0,53.0,49.5,-2.5,,,,,,,1.5,-2.0,-3.5,51.0
2021,2,09/10/21,Kansas,Coastal Carolina,53.0,52.0,59.4,6.4,OVER,STRONG,WIN,-,-1.0,18.0,11.6,19.0,7.4,71.0
2021,2,09/10/21,UTEP,Boise State,55.0,56.5,54.1,-0.9,,,,,,,12.9,10.5,-2.4,67.0
2021,2,09/11/21,Illinois,Virginia,54.5,56.5,49.9,-4.6,UNDER,LEAN,LOSS,-,-2.0,-1.5,6.1,-0.5,-6.6,56.0
2021,2,09/11/21,Western Kentucky,Army,54.5,52.0,46.3,-8.2,UNDER,STRONG,LOSS,+,2.5,-18.5,26.7,21.0,-5.7,73.0
2021,2,09/11/21,Tulsa,Oklahoma State,51.0,51.0,46.2,-4.8,UNDER,LEAN,PUSH,-,0.0,0.0,4.8,0.0,-4.8,51.0
2021,2,09/11/21,Pittsburgh,Tennessee,53.0,56.0,47.7,-5.3,UNDER,STRONG,LOSS,-,-3.0,-22.0,27.3,19.0,-8.3,75.0
2021,2,09/11/21,Miami (OH),Minnesota,56.0,55.0,56.3,0.3,,,,,,,0.7,2.0,1.3,57.0
2021,2,09/11/21,South Carolina,East Carolina,55.0,56.5,59.1,4.1,OVER,LEAN,LOSS,+,1.5,-18.0,-22.1,-19.5,2.6,37.0
2021,2,09/11/21,Oregon,Ohio State,63.5,65.0,55.1,-8.4,UNDER,STRONG,WIN,-,-1.5,0.5,7.9,-2.0,-9.9,63.0
2021,2,09/11/21,Florida,South Florida,56.5,57.5,59.4,2.9,,,,,,,2.6,4.5,1.9,62.0
2021,2,09/11/21,Wyoming,Northern Illinois,46.0,44.5,58.5,12.5,OVER,STRONG,WIN,-,-1.5,47.0,34.5,48.5,14.0,93.0
2021,2,09/11/21,Rutgers,Syracuse,52.0,51.0,50.9,-1.1,,,,,,,-26.9,-27.0,-0.1,24.0
2021,2,09/11/21,Middle Tennessee,Virginia Tech,54.5,54.5,50.5,-4.0,UNDER,LEAN,WIN,-,0.0,5.5,-1.5,-5.5,-4.0,49.0
2021,2,09/11/21,Toledo,Notre Dame,53.0,55.5,55.3,2.3,,,,,,,5.7,5.5,-0.2,61.0
2021,2,09/11/21,Purdue,UConn,56.5,57.5,56.7,0.2,,,,,,,-7.7,-8.5,-0.8,49.0
2021,2,09/11/21,Georgia Southern,Florida Atlantic,48.0,48.5,49.9,1.9,,,,,,,-5.9,-4.5,1.4,44.0
2021,2,09/11/21,California,TCU,48.5,46.5,47.3,-1.2,,,,,,,18.7,19.5,0.8,66.0
2021,2,09/11/21,Air Force,Navy,43.5,39.5,55.8,12.3,OVER,STRONG,LOSS,-,-4.0,-17.5,-29.8,-13.5,16.3,26.0
2021,2,09/11/21,Texas A&M,Colorado,52.0,50.0,51.5,-0.5,,,,,,,-34.5,-33.0,1.5,17.0
2021,2,09/11/21,Temple,Akron,52.0,51.5,52.5,0.5,,,,,,,16.5,17.5,1.0,69.0
2021,2,09/11/21,UAB,Georgia,44.5,44.0,46.4,1.9,,,,,,,16.6,19.0,2.4,63.0
2021,2,09/11/21,Boston College,Massachusetts,59.0,57.0,51.5,-7.5,UNDER,STRONG,LOSS,+,2.0,-14.0,21.5,16.0,-5.5,73.0
2021,2,09/11/21,Ball State,Penn State,53.5,58.0,48.9,-4.6,UNDER,LEAN,LOSS,-,-4.5,-3.5,8.1,-1.0,-9.1,57.0
2021,2,09/11/21,Buffalo,Nebraska,52.0,54.5,46.6,-5.4,UNDER,STRONG,WIN,-,-2.5,21.0,-15.6,-23.5,-7.9,31.0
2021,2,09/11/21,South Alabama,Bowling Green,51.0,48.0,42.3,-8.7,UNDER,STRONG,WIN,+,3.0,10.0,-1.3,-7.0,-5.7,41.0
2021,2,09/11/21,Iowa,Iowa State,44.5,45.0,40.7,-3.8,UNDER,LEAN,WIN,-,-0.5,0.5,3.3,-1.0,-4.3,44.0
2021,2,09/11/21,Houston,Rice,54.5,50.5,46.1,-8.4,UNDER,STRONG,WIN,+,4.0,3.5,4.9,0.5,-4.4,51.0
2021,2,09/11/21,North Texas,SMU,72.5,73.5,52.8,-19.7,UNDER,STRONG,WIN,-,-1.0,25.5,-5.8,-26.5,-20.7,47.0
2021,2,09/11/21,NC State,Mississippi State,55.5,55.5,56.8,1.3,,,,,,,-22.8,-21.5,1.3,34.0
2021,2,09/11/21,New Mexico State,New Mexico,53.0,55.5,47.2,-5.8,UNDER,STRONG,LOSS,-,-2.5,-6.0,11.8,3.5,-8.3,59.0
2021,2,09/11/21,Texas,Arkansas,58.5,57.5,50.0,-8.5,UNDER,STRONG,LOSS,+,1.0,-2.5,11.0,3.5,-7.5,61.0
2021,2,09/11/21,Memphis,Arkansas State,64.5,64.5,54.7,-9.8,UNDER,STRONG,LOSS,-,0.0,-40.5,50.3,40.5,-9.8,105.0
2021,2,09/11/21,Liberty,Troy,59.5,62.5,57.8,-1.7,,,,,,,-23.8,-28.5,-4.7,34.0
2021,2,09/11/21,App State,Miami,54.0,54.5,52.7,-1.3,,,,,,,-4.7,-6.5,-1.8,48.0
2021,2,09/11/21,Texas State,Florida International,54.0,55.5,56.1,2.1,,,,,,,-16.1,-15.5,0.6,40.0
2021,2,09/11/21,Eastern Michigan,Wisconsin,51.5,52.0,55.0,3.5,OVER,LEAN,LOSS,+,0.5,-10.5,-14.0,-11.0,3.0,41.0
2021,2,09/11/21,Missouri,Kentucky,53.0,56.5,50.6,-2.4,,,,,,,12.4,6.5,-5.9,63.0
2021,2,09/11/21,Georgia State,North Carolina,61.0,65.5,53.8,-7.2,UNDER,STRONG,LOSS,-,-4.5,-15.0,22.2,10.5,-11.7,76.0
2021,2,09/11/21,Washington,Michigan,50.5,47.5,46.3,-4.2,UNDER,LEAN,WIN,+,3.0,9.5,-5.3,-6.5,-1.2,41.0
2021,2,09/11/21,Vanderbilt,Colorado State,48.5,52.0,53.6,5.1,OVER,STRONG,LOSS,+,3.5,-3.5,-8.6,-7.0,1.6,45.0
2021,2,09/11/21,San Diego State,Arizona,48.0,46.5,49.2,1.2,,,,,,,2.8,5.5,2.7,52.0
2021,2,09/11/21,Utah,BYU,47.0,50.5,53.2,6.2,OVER,STRONG,LOSS,+,3.5,-4.0,-10.2,-7.5,2.7,43.0
2021,2,09/11/21,UNLV,Arizona State,54.5,56.0,46.6,-7.9,UNDER,STRONG,WIN,-,-1.5,7.5,0.4,-9.0,-9.4,47.0
2021,2,09/11/21,Stanford,USC,51.0,53.5,52.5,1.5,,,,,,,17.5,16.5,-1.0,70.0
2021,2,09/11/21,Hawai'i,Oregon State,61.0,65.0,52.6,-8.4,UNDER,STRONG,LOSS,-,-4.0,-11.0,19.4,7.0,-12.4,72.0
2021,3,09/16/21,Ohio,Louisiana,54.5,56.5,60.1,5.6,OVER,STRONG,WIN,+,2.0,8.5,2.9,6.5,3.6,63.0
2021,3,09/17/21,UCF,Louisville,67.0,67.5,70.1,3.1,OVER,LEAN,WIN,+,0.5,10.0,6.9,9.5,2.6,77.0
2021,3,09/17/21,Maryland,Illinois,59.5,61.5,58.7,-0.8,,,,,,,-21.7,-24.5,-2.8,37.0
2021,3,09/18/21,Cincinnati,Indiana,50.5,49.5,50.2,-0.3,,,,,,,11.8,12.5,0.7,62.0
2021,3,09/18/21,Northern Illinois,Michigan,54.5,55.0,54.9,0.4,,,,,,,18.1,18.0,-0.1,73.0
2021,3,09/18/21,Michigan State,Miami,54.5,57.5,43.4,-11.1,UNDER,STRONG,LOSS,-,-3.0,-0.5,11.6,-2.5,-14.1,55.0
2021,3,09/18/21,Nebraska,Oklahoma,61.5,62.5,62.1,0.6,,,,,,,-23.1,-23.5,-0.4,39.0
2021,3,09/18/21,Boston College,Temple,60.0,55.5,51.1,-8.9,UNDER,STRONG,WIN,+,4.5,29.0,-20.1,-24.5,-4.4,31.0
2021,3,09/18/21,Western Michigan,Pittsburgh,60.5,58.5,48.0,-12.5,UNDER,STRONG,LOSS,+,2.0,-24.5,37.0,26.5,-10.5,85.0
2021,3,09/18/21,Coastal Carolina,Buffalo,57.5,58.0,65.5,8.0,OVER,STRONG,LOSS,+,0.5,-4.5,-12.5,-5.0,7.5,53.0
2021,3,09/18/21,New Mexico,Texas A&M,51.0,49.5,53.1,2.1,,,,,,,-19.1,-15.5,3.6,34.0
2021,3,09/18/21,Virginia Tech,West Virginia,50.5,49.5,46.9,-3.6,UNDER,LEAN,WIN,+,1.0,2.5,1.1,-1.5,-2.6,48.0
2021,3,09/18/21,UConn,Army,51.5,48.0,43.2,-8.3,UNDER,STRONG,LOSS,+,3.5,-21.5,29.8,25.0,-4.8,73.0
2021,3,09/18/21,Minnesota,Colorado,50.0,49.0,47.7,-2.3,,,,,,,-17.7,-19.0,-1.3,30.0
2021,3,09/18/21,Nevada,Kansas State,49.0,51.5,46.9,-2.1,,,,,,,8.1,3.5,-4.6,55.0
2021,3,09/18/21,Purdue,Notre Dame,58.5,58.5,56.2,-2.3,,,,,,,-16.2,-18.5,-2.3,40.0
2021,3,09/18/21,USC,Washington State,63.0,61.0,58.8,-4.2,UNDER,LEAN,WIN,+,2.0,4.0,0.2,-2.0,-2.2,59.0
2021,3,09/18/21,Georgia Tech,Clemson,51.0,52.5,46.7,-4.3,UNDER,LEAN,WIN,-,-1.5,29.0,-24.7,-30.5,-5.8,22.0
2021,3,09/18/21,Tulsa,Ohio State,61.0,60.5,64.3,3.3,OVER,LEAN,PUSH,-,-0.5,0.0,-3.3,0.5,3.8,61.0
2021,3,09/18/21,Eastern Michigan,Massachusetts,55.5,56.5,56.4,0.9,,,,,,,13.6,13.5,-0.1,70.0
2021,3,09/18/21,Kent State,Iowa,54.5,55.5,51.0,-3.5,UNDER,LEAN,WIN,-,-1.0,17.5,-14.0,-18.5,-4.5,37.0
2021,3,09/18/21,Alabama,Florida,57.5,60.0,62.2,4.7,OVER,LEAN,WIN,+,2.5,2.5,-2.2,0.0,2.2,60.0
2021,3,09/18/21,Baylor,Kansas,49.5,48.5,50.8,1.3,,,,,,,1.2,3.5,2.3,52.0
2021,3,09/18/21,SMU,Louisiana Tech,65.5,65.5,60.6,-4.9,UNDER,LEAN,LOSS,-,0.0,-10.5,15.4,10.5,-4.9,76.0
2021,3,09/18/21,Florida State,Wake Forest,61.5,62.5,49.7,-11.8,UNDER,STRONG,WIN,-,-1.0,12.5,-0.7,-13.5,-12.8,49.0
2021,3,09/18/21,Ball State,Wyoming,55.0,53.0,56.1,1.1,,,,,,,0.9,4.0,3.1,57.0
2021,3,09/18/21,Georgia Southern,Arkansas,52.5,52.5,46.8,-5.7,UNDER,STRONG,LOSS,-,0.0,-2.5,8.2,2.5,-5.7,55.0
2021,3,09/18/21,Northwestern,Duke,50.0,50.0,51.9,1.9,,,,,,,1.1,3.0,1.9,53.0
2021,3,09/18/21,Mississippi State,Memphis,64.0,63.5,59.7,-4.3,UNDER,LEAN,WIN,+,0.5,4.0,0.3,-3.5,-3.8,60.0
2021,3,09/18/21,Colorado State,Toledo,58.5,59.0,56.1,-2.4,,,,,,,-28.1,-31.0,-2.9,28.0
2021,3,09/18/21,Arkansas State,Washington,58.5,58.5,56.2,-2.3,,,,,,,-1.2,-3.5,-2.3,55.0
2021,3,09/18/21,Middle Tennessee,UTSA,57.5,59.5,59.1,1.6,,,,,,,-19.1,-19.5,-0.4,40.0
2021,3,09/18/21,Old Dominion,Liberty,54.0,52.5,46.0,-8.0,UNDER,STRONG,LOSS,+,1.5,-8.0,16.0,9.5,-6.5,62.0
2021,3,09/18/21,East Carolina,Marshall,53.5,58.5,57.7,4.2,OVER,LEAN,WIN,+,5.0,26.5,22.3,21.5,-0.8,80.0
2021,3,09/18/21,Charlotte,Georgia State,64.5,63.0,60.4,-4.1,UNDER,LEAN,WIN,+,1.5,35.5,-31.4,-34.0,-2.6,29.0
2021,3,09/18/21,Florida International,Texas Tech,55.5,54.0,53.9,-1.6,,,,,,,21.1,21.0,-0.1,75.0
2021,3,09/18/21,Utah,San Diego State,44.5,43.0,51.5,7.0,OVER,STRONG,WIN,-,-1.5,19.5,12.5,21.0,8.5,64.0
2021,3,09/18/21,Troy,Southern Miss,51.5,49.5,46.8,-4.7,UNDER,LEAN,WIN,+,2.0,21.5,-16.8,-19.5,-2.7,30.0
2021,3,09/18/21,South Carolina,Georgia,48.0,47.5,45.1,-2.9,,,,,,,7.9,5.5,-2.4,53.0
2021,3,09/18/21,Virginia,North Carolina,64.5,66.5,62.5,-2.0,,,,,,,35.5,31.5,-4.0,98.0
2021,3,09/18/21,UAB,North Texas,57.0,58.0,58.1,1.1,,,,,,,-12.1,-12.0,0.1,46.0
2021,3,09/18/21,Utah State,Air Force,51.5,54.5,50.4,-1.1,,,,,,,43.6,39.5,-4.1,94.0
2021,3,09/18/21,Central Michigan,LSU,61.5,60.5,62.4,0.9,,,,,,,7.6,9.5,1.9,70.0
2021,3,09/18/21,Auburn,Penn State,53.0,52.5,46.6,-6.4,UNDER,STRONG,WIN,+,0.5,5.0,1.4,-4.5,-5.9,48.0
2021,3,09/18/21,Stanford,Vanderbilt,48.5,49.0,50.0,1.5,,,,,,,14.0,15.0,1.0,64.0
2021,3,09/18/21,Rice,Texas,52.5,51.5,48.5,-4.0,UNDER,LEAN,LOSS,+,1.0,-5.5,9.5,6.5,-3.0,58.0
2021,3,09/18/21,Tulane,Ole Miss,73.0,77.0,48.0,-25.0,UNDER,STRONG,LOSS,-,-4.0,-9.0,34.0,5.0,-29.0,82.0
2021,3,09/18/21,Oklahoma State,Boise State,57.5,58.0,55.1,-2.4,,,,,,,-14.1,-17.0,-2.9,41.0
2021,3,09/18/21,Arizona State,BYU,50.5,50.5,46.7,-3.8,UNDER,LEAN,WIN,-,0.0,6.5,-2.7,-6.5,-3.8,44.0
2021,3,09/18/21,Iowa State,UNLV,52.0,52.5,47.7,-4.3,UNDER,LEAN,WIN,-,-0.5,1.0,3.3,-1.5,-4.8,51.0
2021,3,09/18/21,Fresno State,UCLA,61.0,65.0,49.3,-11.7,UNDER,STRONG,LOSS,-,-4.0,-16.0,27.7,12.0,-15.7,77.0
2021,3,09/19/21,San José State,Hawai'i,59.5,63.0,58.3,-1.2,,,,,,,-28.3,-33.0,-4.7,30.0
2021,4,09/23/21,Marshall,App State,56.5,59.5,64.2,7.7,OVER,STRONG,WIN,+,3.0,4.5,-3.2,1.5,4.7,61.0
2021,4,09/24/21,Middle Tennessee,Charlotte,56.0,55.5,54.6,-1.4,,,,,,,26.4,25.5,-0.9,81.0
2021,4,09/24/21,Wake Forest,Virginia,66.5,71.0,62.1,-4.4,UNDER,LEAN,WIN,-,-4.5,12.5,-8.1,-17.0,-8.9,54.0
2021,4,09/24/21,Liberty,Syracuse,52.5,54.0,43.6,-8.9,UNDER,STRONG,WIN,-,-1.5,7.5,1.4,-9.0,-10.4,45.0
2021,4,09/24/21,UNLV,Fresno State,57.5,59.0,47.9,-9.6,UNDER,STRONG,LOSS,-,-1.5,-10.5,20.1,9.0,-11.1,68.0
2021,4,09/25/21,Florida International,Central Michigan,56.5,55.5,50.1,-6.4,UNDER,STRONG,LOSS,+,1.0,-1.5,7.9,2.5,-5.4,58.0
2021,4,09/25/21,SMU,TCU,64.0,65.5,59.4,-4.6,UNDER,LEAN,LOSS,-,-1.5,-12.0,16.6,10.5,-6.1,76.0
2021,4,09/25/21,Boise State,Utah State,63.5,69.5,57.2,-6.3,UNDER,STRONG,WIN,-,-6.0,33.5,-27.2,-39.5,-12.3,30.0
2021,4,09/25/21,Notre Dame,Wisconsin,46.5,44.0,45.4,-1.1,,,,,,,8.6,10.0,1.4,54.0
2021,4,09/25/21,Miami (OH),Army,52.0,48.5,51.3,-0.7,,,,,,,-18.3,-15.5,2.8,33.0
2021,4,09/25/21,Texas Tech,Texas,61.0,62.5,53.2,-7.8,UNDER,STRONG,LOSS,-,-1.5,-44.0,51.8,42.5,-9.3,105.0
2021,4,09/25/21,LSU,Mississippi State,57.5,55.0,55.9,-1.6,,,,,,,-2.9,-2.0,0.9,53.0
2021,4,09/25/21,Missouri,Boston College,59.0,58.0,55.8,-3.2,UNDER,LEAN,LOSS,+,1.0,-16.0,19.2,17.0,-2.2,75.0
2021,4,09/25/21,Bowling Green,Minnesota,50.5,51.0,46.4,-4.1,UNDER,LEAN,WIN,-,-0.5,26.5,-22.4,-27.0,-4.6,24.0
2021,4,09/25/21,Georgia,Vanderbilt,51.0,54.0,63.5,12.5,OVER,STRONG,WIN,+,3.0,11.0,-1.5,8.0,9.5,62.0
2021,4,09/25/21,Ohio,Northwestern,47.0,47.5,50.7,3.7,OVER,LEAN,LOSS,+,0.5,-6.0,-9.7,-6.5,3.2,41.0
2021,4,09/25/21,Massachusetts,Coastal Carolina,67.0,66.0,52.7,-14.3,UNDER,STRONG,WIN,+,1.0,11.0,3.3,-10.0,-13.3,56.0
2021,4,09/25/21,Toledo,Ball State,56.5,56.5,56.9,0.4,,,,,,,-22.9,-22.5,0.4,34.0
2021,4,09/25/21,Texas State,Eastern Michigan,61.0,62.5,55.5,-5.5,UNDER,STRONG,LOSS,-,-1.5,-19.0,24.5,17.5,-7.0,80.0
2021,4,09/25/21,San José State,Western Michigan,63.0,62.0,71.2,8.2,OVER,STRONG,LOSS,-,-1.0,-37.0,-45.2,-36.0,9.2,26.0
2021,4,09/25/21,Washington State,Utah,55.0,53.0,47.0,-8.0,UNDER,STRONG,WIN,+,2.0,18.0,-10.0,-16.0,-6.0,37.0
2021,4,09/25/21,Kent State,Maryland,66.5,71.5,69.0,2.5,,,,,,,-16.0,-18.5,-2.5,53.0
2021,4,09/25/21,Colorado State,Iowa,44.5,43.5,39.4,-5.1,UNDER,STRONG,WIN,+,1.0,6.5,-1.4,-5.5,-4.1,38.0
2021,4,09/25/21,Texas A&M,Arkansas,47.5,47.0,52.2,4.7,OVER,LEAN,LOSS,-,-0.5,-17.5,-22.2,-17.0,5.2,30.0
2021,4,09/25/21,Iowa State,Baylor,48.5,46.0,42.9,-5.6,UNDER,STRONG,LOSS,+,2.5,-11.5,17.1,14.0,-3.1,60.0
2021,4,09/25/21,UTSA,Memphis,64.5,66.5,56.4,-8.1,UNDER,STRONG,WIN,-,-2.0,5.5,2.6,-7.5,-10.1,59.0
2021,4,09/25/21,Rutgers,Michigan,53.0,50.0,47.7,-5.3,UNDER,STRONG,WIN,+,3.0,20.0,-14.7,-17.0,-2.3,33.0
2021,4,09/25/21,Illinois,Purdue,55.0,53.5,50.0,-5.0,UNDER,STRONG,WIN,+,1.5,33.0,-28.0,-31.5,-3.5,22.0
2021,4,09/25/21,Louisville,Florida State,61.0,61.0,54.4,-6.6,UNDER,STRONG,WIN,-,0.0,7.0,-0.4,-7.0,-6.6,54.0
2021,4,09/25/21,Clemson,NC State,47.0,47.5,45.0,-2.0,,,,,,,3.0,0.5,-2.5,48.0
2021,4,09/25/21,Wyoming,UConn,56.0,53.5,55.1,-0.9,,,,,,,-9.1,-7.5,1.6,46.0
2021,4,09/25/21,Kansas,Duke,58.0,57.5,55.3,-2.7,,,,,,,29.7,27.5,-2.2,85.0
2021,4,09/25/21,Georgia State,Auburn,57.0,57.0,48.9,-8.1,UNDER,STRONG,LOSS,-,0.0,-1.0,9.1,1.0,-8.1,58.0
2021,4,09/25/21,Arkansas State,Tulsa,62.5,65.0,63.3,0.8,,,,,,,11.7,10.0,-1.7,75.0
2021,4,09/25/21,Louisiana,Georgia Southern,53.0,54.5,51.5,-1.5,,,,,,,-3.5,-6.5,-3.0,48.0
2021,4,09/25/21,Buffalo,Old Dominion,54.0,50.5,48.9,-5.1,UNDER,STRONG,LOSS,+,3.5,-15.0,20.1,18.5,-1.6,69.0
2021,4,09/25/21,UCLA,Stanford,59.0,60.0,62.1,3.1,OVER,LEAN,PUSH,+,1.0,0.0,-3.1,-1.0,2.1,59.0
2021,4,09/25/21,Kansas State,Oklahoma State,45.5,47.5,43.6,-1.9,,,,,,,7.4,3.5,-3.9,51.0
2021,4,09/25/21,Nebraska,Michigan State,51.0,55.0,53.0,2.0,,,,,,,-10.0,-12.0,-2.0,43.0
2021,4,09/25/21,Kentucky,South Carolina,49.0,49.0,55.4,6.4,OVER,STRONG,LOSS,-,0.0,-23.0,-29.4,-23.0,6.4,26.0
2021,4,09/25/21,Tennessee,Florida,60.5,65.0,52.8,-7.7,UNDER,STRONG,WIN,-,-4.5,8.5,-0.8,-13.0,-12.2,52.0
2021,4,09/25/21,Navy,Houston,49.0,47.0,47.2,-1.8,,,,,,,0.8,1.0,0.2,48.0
2021,4,09/25/21,North Texas,Louisiana Tech,64.5,65.0,54.7,-9.8,UNDER,STRONG,WIN,-,-0.5,23.5,-13.7,-24.0,-10.3,41.0
2021,4,09/25/21,Southern Miss,Alabama,57.0,58.5,52.5,-4.5,UNDER,LEAN,LOSS,-,-1.5,-20.0,24.5,18.5,-6.0,77.0
2021,4,09/25/21,North Carolina,Georgia Tech,63.0,65.5,61.5,-1.5,,,,,,,5.5,1.5,-4.0,67.0
2021,4,09/25/21,West Virginia,Oklahoma,58.5,56.5,49.7,-8.8,UNDER,STRONG,WIN,+,2.0,29.5,-20.7,-27.5,-6.8,29.0
2021,4,09/25/21,Akron,Ohio State,67.5,66.5,70.1,2.6,,,,,,,-4.1,-0.5,3.6,66.0
2021,4,09/25/21,Hawai'i,New Mexico State,57.5,63.0,53.9,-3.6,UNDER,LEAN,LOSS,-,-5.5,-4.5,8.1,-1.0,-9.1,62.0
2021,4,09/25/21,Troy,UL Monroe,50.0,49.5,51.2,1.2,,,,,,,-6.2,-4.5,1.7,45.0
2021,4,09/25/21,Florida Atlantic,Air Force,50.5,54.0,51.4,0.9,,,,,,,-13.4,-16.0,-2.6,38.0
2021,4,09/25/21,Indiana,Western Kentucky,62.5,62.5,50.7,-11.8,UNDER,STRONG,LOSS,-,0.0,-1.5,13.3,1.5,-11.8,64.0
2021,4,09/25/21,UAB,Tulane,56.5,54.5,56.8,0.3,,,,,,,-7.8,-5.5,2.3,49.0
2021,4,09/25/21,New Mexico,UTEP,53.5,54.0,58.3,4.8,OVER,LEAN,LOSS,+,0.5,-20.5,-25.3,-21.0,4.3,33.0
2021,4,09/25/21,California,Washington,45.5,47.5,45.5,0.0,,,,,,,9.5,7.5,-2.0,55.0
2021,4,09/25/21,South Florida,BYU,52.0,54.5,56.6,4.6,OVER,LEAN,WIN,+,2.5,10.0,5.4,7.5,2.1,62.0
2021,4,09/25/21,Arizona,Oregon,58.0,59.0,54.4,-3.6,UNDER,LEAN,LOSS,-,-1.0,-2.0,5.6,1.0,-4.6,60.0
2021,4,09/25/21,Oregon State,USC,60.5,63.0,53.6,-6.9,UNDER,STRONG,LOSS,-,-2.5,-11.5,18.4,9.0,-9.4,72.0
2021,4,09/25/21,Colorado,Arizona State,44.0,45.5,39.8,-4.2,UNDER,LEAN,LOSS,-,-1.5,-4.0,8.2,2.5,-5.7,48.0
2021,5,09/30/21,Virginia,Miami,62.0,63.5,53.9,-8.1,UNDER,STRONG,WIN,-,-1.5,4.0,4.1,-5.5,-9.6,58.0
2021,5,10/01/21,Houston,Tulsa,56.0,54.0,57.2,1.2,,,,,,,-2.2,1.0,3.2,55.0
2021,5,10/01/21,Iowa,Maryland,45.5,47.5,46.5,1.0,,,,,,,18.5,17.5,-1.0,65.0
2021,5,10/01/21,BYU,Utah State,58.0,65.5,57.7,-0.3,,,,,,,-3.7,-11.5,-7.8,54.0
2021,5,10/02/21,Duke,North Carolina,69.0,74.5,64.0,-5.0,UNDER,STRONG,WIN,-,-5.5,24.0,-19.0,-29.5,-10.5,45.0
2021,5,10/02/21,Tennessee,Missouri,63.0,66.0,57.7,-5.3,UNDER,STRONG,LOSS,-,-3.0,-23.0,28.3,20.0,-8.3,86.0
2021,5,10/02/21,Charlotte,Illinois,54.5,54.0,57.8,3.3,OVER,LEAN,LOSS,-,-0.5,-16.5,-19.8,-16.0,3.8,38.0
2021,5,10/02/21,Michigan,Wisconsin,43.5,43.5,43.6,0.1,,,,,,,11.4,11.5,0.1,55.0
2021,5,10/02/21,Arkansas,Georgia,48.5,48.5,44.2,-4.3,UNDER,LEAN,WIN,-,0.0,11.5,-7.2,-11.5,-4.3,37.0
2021,5,10/02/21,Western Michigan,Buffalo,59.0,59.5,61.8,2.8,,,,,,,-20.8,-18.5,2.3,41.0
2021,5,10/02/21,Memphis,Temple,61.0,59.0,48.8,-12.2,UNDER,STRONG,LOSS,+,2.0,-4.0,16.2,6.0,-10.2,65.0
2021,5,10/02/21,Texas,TCU,67.0,65.5,62.4,-4.6,UNDER,LEAN,WIN,+,1.5,8.0,-3.4,-6.5,-3.1,59.0
2021,5,10/02/21,Pittsburgh,Georgia Tech,57.0,57.5,43.5,-13.5,UNDER,STRONG,LOSS,-,-0.5,-16.0,29.5,15.5,-14.0,73.0
2021,5,10/02/21,Minnesota,Purdue,47.5,46.0,50.5,3.0,OVER,LEAN,LOSS,-,-1.5,-14.5,-17.5,-13.0,4.5,33.0
2021,5,10/02/21,Toledo,Massachusetts,58.0,56.5,55.8,-2.2,,,,,,,-3.8,-4.5,-0.7,52.0
2021,5,10/02/21,Louisville,Wake Forest,60.5,64.5,56.3,-4.2,UNDER,LEAN,LOSS,-,-4.0,-10.5,14.7,6.5,-8.2,71.0
2021,5,10/02/21,USC,Colorado,50.5,51.0,57.6,7.1,OVER,STRONG,WIN,+,0.5,0.5,-6.6,0.0,6.6,51.0
2021,5,10/02/21,App State,Georgia State,56.0,54.5,57.0,1.0,,,,,,,4.0,6.5,2.5,61.0
2021,5,10/02/21,Eastern Michigan,Northern Illinois,62.0,62.0,66.1,4.1,OVER,LEAN,LOSS,-,0.0,-15.0,-19.1,-15.0,4.1,47.0
2021,5,10/02/21,UL Monroe,Coastal Carolina,58.5,57.5,53.1,-5.4,UNDER,STRONG,LOSS,+,1.0,-6.5,11.9,7.5,-4.4,65.0
2021,5,10/02/21,Cincinnati,Notre Dame,51.0,50.0,50.1,-0.9,,,,,,,-13.1,-13.0,0.1,37.0
2021,5,10/02/21,Oregon,Stanford,58.5,57.5,56.0,-2.5,,,,,,,-1.0,-2.5,-1.5,55.0
2021,5,10/02/21,UCF,Navy,56.5,52.5,48.0,-8.5,UNDER,STRONG,LOSS,+,4.0,-7.5,16.0,11.5,-4.5,64.0
2021,5,10/02/21,Central Michigan,Miami (OH),56.0,56.0,46.9,-9.1,UNDER,STRONG,WIN,-,0.0,11.0,-1.9,-11.0,-9.1,45.0
2021,5,10/02/21,Oklahoma,Kansas State,52.5,53.0,52.4,-0.1,,,,,,,15.6,15.0,-0.6,68.0
2021,5,10/02/21,Texas Tech,West Virginia,57.0,55.5,45.8,-11.2,UNDER,STRONG,WIN,+,1.5,14.0,-2.8,-12.5,-9.7,43.0
2021,5,10/02/21,Ohio State,Rutgers,56.5,58.0,59.4,2.9,,,,,,,5.6,7.0,1.4,65.0
2021,5,10/02/21,Ohio,Akron,54.5,55.0,53.0,-1.5,,,,,,,-2.0,-4.0,-2.0,51.0
2021,5,10/02/21,Bowling Green,Kent State,55.5,56.0,50.9,-4.6,UNDER,LEAN,WIN,-,-0.5,8.5,-3.9,-9.0,-5.1,47.0
2021,5,10/02/21,Nevada,Boise State,56.0,59.0,59.4,3.4,OVER,LEAN,WIN,+,3.0,16.0,12.6,13.0,0.4,72.0
2021,5,10/02/21,Ole Miss,Alabama,76.0,79.5,63.8,-12.2,UNDER,STRONG,WIN,-,-3.5,13.0,-0.8,-16.5,-15.7,63.0
2021,5,10/02/21,Tulane,East Carolina,64.0,64.5,60.5,-3.5,UNDER,LEAN,LOSS,-,-0.5,-17.0,20.5,16.5,-4.0,81.0
2021,5,10/02/21,Troy,South Carolina,44.0,43.5,44.9,0.9,,,,,,,-7.9,-6.5,1.4,37.0
2021,5,10/02/21,Florida International,Florida Atlantic,51.5,52.0,51.6,0.1,,,,,,,27.4,27.0,-0.4,79.0
2021,5,10/02/21,Syracuse,Florida State,52.0,50.5,43.6,-8.4,UNDER,STRONG,LOSS,+,1.5,-11.0,19.4,12.5,-6.9,63.0
2021,5,10/02/21,Arkansas State,Georgia Southern,45.5,66.0,63.6,18.1,OVER,STRONG,WIN,+,20.5,46.5,28.4,26.0,-2.4,92.0
2021,5,10/02/21,South Florida,SMU,68.0,68.5,61.4,-6.6,UNDER,STRONG,WIN,-,-0.5,10.0,-3.4,-10.5,-7.1,58.0
2021,5,10/02/21,Army,Ball State,47.0,47.5,56.1,9.1,OVER,STRONG,LOSS,+,0.5,-3.0,-12.1,-3.5,8.6,44.0
2021,5,10/02/21,Washington State,California,52.5,52.5,50.8,-1.7,,,,,,,-23.8,-25.5,-1.7,27.0
2021,5,10/02/21,Louisiana Tech,NC State,55.0,56.0,50.1,-4.9,UNDER,LEAN,LOSS,-,-1.0,-6.0,10.9,5.0,-5.9,61.0
2021,5,10/02/21,UNLV,UTSA,56.5,55.5,49.1,-7.4,UNDER,STRONG,WIN,+,1.0,15.5,-8.1,-14.5,-6.4,41.0
2021,5,10/02/21,Florida,Kentucky,55.0,56.5,45.3,-9.7,UNDER,STRONG,WIN,-,-1.5,22.0,-12.3,-23.5,-11.2,33.0
2021,5,10/02/21,Air Force,New Mexico,48.5,45.5,57.5,9.0,OVER,STRONG,LOSS,-,-3.0,-0.5,-9.5,2.5,12.0,48.0
2021,5,10/02/21,Southern Miss,Rice,45.5,44.5,42.7,-2.8,,,,,,,0.3,-1.5,-1.8,43.0
2021,5,10/02/21,Kansas,Iowa State,57.5,57.0,56.1,-1.4,,,,,,,9.9,9.0,-0.9,66.0
2021,5,10/02/21,Baylor,Oklahoma State,49.5,47.0,43.0,-6.5,UNDER,STRONG,WIN,+,2.5,11.5,-5.0,-9.0,-4.0,38.0
2021,5,10/02/21,Liberty,UAB,49.5,49.5,48.9,-0.6,,,,,,,-0.9,-1.5,-0.6,48.0
2021,5,10/02/21,Mississippi State,Texas A&M,47.0,45.5,53.9,6.9,OVER,STRONG,WIN,-,-1.5,1.0,-5.9,2.5,8.4,48.0
2021,5,10/02/21,Marshall,Middle Tennessee,64.5,65.5,62.0,-2.5,,,,,,,0.0,-3.5,-3.5,62.0
2021,5,10/02/21,Western Kentucky,Michigan State,60.0,66.5,53.1,-6.9,UNDER,STRONG,LOSS,-,-6.5,-19.0,25.9,12.5,-13.4,79.0
2021,5,10/02/21,UConn,Vanderbilt,52.0,51.0,54.3,2.3,,,,,,,3.7,7.0,3.3,58.0
2021,5,10/02/21,Boston College,Clemson,46.5,46.5,41.7,-4.8,UNDER,LEAN,WIN,-,0.0,14.5,-9.7,-14.5,-4.8,32.0
2021,5,10/02/21,Northwestern,Nebraska,50.0,51.5,50.2,0.2,,,,,,,12.8,11.5,-1.3,63.0
2021,5,10/02/21,Indiana,Penn State,51.5,54.0,48.0,-3.5,UNDER,LEAN,WIN,-,-2.5,27.5,-24.0,-30.0,-6.0,24.0
2021,5,10/02/21,Louisiana,South Alabama,51.0,52.5,49.6,-1.4,,,,,,,-11.6,-14.5,-2.9,38.0
2021,5,10/02/21,Washington,Oregon State,54.5,57.5,52.3,-2.2,,,,,,,-1.3,-6.5,-5.2,51.0
2021,5,10/02/21,Old Dominion,UTEP,49.5,48.5,46.7,-2.8,,,,,,,2.3,0.5,-1.8,49.0
2021,5,10/02/21,Auburn,LSU,53.5,56.0,64.3,10.8,OVER,STRONG,LOSS,+,2.5,-10.5,-21.3,-13.0,8.3,43.0
2021,5,10/02/21,Arizona State,UCLA,55.0,56.0,46.4,-8.6,UNDER,STRONG,LOSS,-,-1.0,-10.0,18.6,9.0,-9.6,65.0
2021,5,10/02/21,New Mexico State,San José State,51.5,51.5,48.7,-2.8,,,,,,,19.3,16.5,-2.8,68.0
2021,5,10/02/21,Fresno State,Hawai'i,63.0,64.5,54.4,-8.6,UNDER,STRONG,WIN,-,-1.5,12.0,-3.4,-13.5,-10.1,51.0
2021,6,10/07/21,Coastal Carolina,Arkansas State,70.0,74.5,67.2,-2.8,,,,,,,4.8,-2.5,-7.3,72.0
2021,6,10/07/21,Houston,Tulane,62.0,60.0,50.8,-11.2,UNDER,STRONG,PUSH,+,2.0,0.0,11.2,2.0,-9.2,62.0
2021,6,10/08/21,Charlotte,Florida International,59.0,60.5,61.5,2.5,,,,,,,16.5,17.5,1.0,78.0
2021,6,10/08/21,Temple,Cincinnati,54.0,52.5,41.4,-12.6,UNDER,STRONG,LOSS,+,1.5,-1.0,13.6,2.5,-11.1,55.0
2021,6,10/08/21,Stanford,Arizona State,52.0,53.5,50.7,-1.3,,,,,,,-12.7,-15.5,-2.8,38.0
2021,6,10/09/21,Arkansas,Ole Miss,66.0,66.5,52.9,-13.1,UNDER,STRONG,LOSS,-,-0.5,-37.0,50.1,36.5,-13.6,103.0
2021,6,10/09/21,West Virginia,Baylor,44.5,45.0,43.8,-0.7,,,,,,,21.2,20.0,-1.2,65.0
2021,6,10/09/21,Akron,Bowling Green,45.0,46.0,53.3,8.3,OVER,STRONG,WIN,+,1.0,10.0,1.7,9.0,7.3,55.0
2021,6,10/09/21,South Carolina,Tennessee,53.0,56.5,55.5,2.5,,,,,,,9.5,8.5,-1.0,65.0
2021,6,10/09/21,Vanderbilt,Florida,57.5,60.0,61.9,4.4,OVER,LEAN,LOSS,+,2.5,-15.5,-19.9,-18.0,1.9,42.0
2021,6,10/09/21,Northern Illinois,Toledo,54.5,51.0,47.2,-7.3,UNDER,STRONG,WIN,+,3.5,12.5,-5.2,-9.0,-3.8,42.0
2021,6,10/09/21,Maryland,Ohio State,68.0,71.5,64.2,-3.8,UNDER,LEAN,LOSS,-,-3.5,-15.0,18.8,11.5,-7.3,83.0
2021,6,10/09/21,Michigan State,Rutgers,50.0,49.5,42.0,-8.0,UNDER,STRONG,WIN,+,0.5,6.0,2.0,-5.5,-7.5,44.0
2021,6,10/09/21,Oklahoma,Texas,63.5,65.0,58.4,-5.1,UNDER,STRONG,LOSS,-,-1.5,-39.5,44.6,38.0,-6.6,103.0
2021,6,10/09/21,Georgia Tech,Duke,59.0,60.5,49.3,-9.7,UNDER,STRONG,WIN,-,-1.5,1.0,8.7,-2.5,-11.2,58.0
2021,6,10/09/21,Old Dominion,Marshall,64.0,62.5,49.0,-15.0,UNDER,STRONG,WIN,+,1.5,31.0,-16.0,-29.5,-13.5,33.0
2021,6,10/09/21,Virginia,Louisville,65.5,69.5,61.3,-4.2,UNDER,LEAN,LOSS,-,-4.0,-1.5,5.7,-2.5,-8.2,67.0
2021,6,10/09/21,Florida State,North Carolina,63.5,64.5,58.1,-5.4,UNDER,STRONG,WIN,-,-1.0,3.5,1.9,-4.5,-6.4,60.0
2021,6,10/09/21,Wisconsin,Illinois,43.0,42.0,43.9,0.9,,,,,,,-19.9,-18.0,1.9,24.0
2021,6,10/09/21,UConn,Massachusetts,55.0,57.0,53.6,-1.4,,,,,,,-13.6,-17.0,-3.4,40.0
2021,6,10/09/21,Ball State,Western Michigan,56.5,57.5,53.8,-2.7,,,,,,,11.2,7.5,-3.7,65.0
2021,6,10/09/21,San José State,Colorado State,45.5,44.5,43.9,-1.6,,,,,,,2.1,1.5,-0.6,46.0
2021,6,10/09/21,Miami (OH),Eastern Michigan,55.5,58.5,56.5,1.0,,,,,,,-31.5,-33.5,-2.0,25.0
2021,6,10/09/21,Central Michigan,Ohio,55.0,57.5,52.3,-2.7,,,,,,,4.7,-0.5,-5.2,57.0
2021,6,10/09/21,Florida Atlantic,UAB,49.0,49.0,55.1,6.1,OVER,STRONG,LOSS,-,0.0,-4.0,-10.1,-4.0,6.1,45.0
2021,6,10/09/21,SMU,Navy,57.5,56.5,53.0,-4.5,UNDER,LEAN,WIN,+,1.0,2.5,2.0,-1.5,-3.5,55.0
2021,6,10/09/21,Georgia,Auburn,45.0,45.5,56.9,11.9,OVER,STRONG,LOSS,+,0.5,-1.0,-12.9,-1.5,11.4,44.0
2021,6,10/09/21,Wake Forest,Syracuse,57.5,58.5,50.0,-7.5,UNDER,STRONG,LOSS,-,-1.0,-19.5,27.0,18.5,-8.5,77.0
2021,6,10/09/21,Middle Tennessee,Liberty,58.0,59.0,54.7,-3.3,UNDER,LEAN,WIN,-,-1.0,4.0,-0.7,-5.0,-4.3,54.0
2021,6,10/09/21,Boise State,BYU,56.0,58.0,50.2,-5.8,UNDER,STRONG,WIN,-,-2.0,13.0,-7.2,-15.0,-7.8,43.0
2021,6,10/09/21,North Texas,Missouri,66.5,69.0,54.8,-11.7,UNDER,STRONG,LOSS,-,-2.5,-16.5,28.2,14.0,-14.2,83.0
2021,6,10/09/21,Oregon State,Washington State,59.0,59.0,51.2,-7.8,UNDER,STRONG,WIN,-,0.0,4.0,3.8,-4.0,-7.8,55.0
2021,6,10/09/21,Penn State,Iowa,42.5,41.0,44.9,2.4,,,,,,,-1.9,2.0,3.9,43.0
2021,6,10/09/21,East Carolina,UCF,68.0,65.5,60.6,-7.4,UNDER,STRONG,WIN,+,2.5,32.0,-24.6,-29.5,-4.9,36.0
2021,6,10/09/21,TCU,Texas Tech,62.0,60.5,62.6,0.6,,,,,,,20.4,22.5,2.1,83.0
2021,6,10/09/21,Buffalo,Kent State,61.0,66.0,59.3,-1.7,,,,,,,26.7,20.0,-6.7,86.0
2021,6,10/09/21,UTEP,Southern Miss,45.5,46.0,51.5,6.0,OVER,STRONG,LOSS,+,0.5,-6.5,-12.5,-7.0,5.5,39.0
2021,6,10/09/21,UTSA,Western Kentucky,68.5,71.5,56.9,-11.6,UNDER,STRONG,LOSS,-,-3.0,-29.5,41.1,26.5,-14.6,98.0
2021,6,10/09/21,Wyoming,Air Force,49.0,46.5,51.4,2.4,,,,,,,-13.4,-8.5,4.9,38.0
2021,6,10/09/21,South Alabama,Texas State,53.0,52.5,50.9,-2.1,,,,,,,13.1,11.5,-1.6,64.0
2021,6,10/09/21,Georgia Southern,Troy,51.0,50.5,47.4,-3.6,UNDER,LEAN,PUSH,+,0.5,0.0,3.6,0.5,-3.1,51.0
2021,6,10/09/21,Michigan,Nebraska,52.0,50.0,57.9,5.9,OVER,STRONG,WIN,-,-2.0,9.0,3.1,11.0,7.9,61.0
2021,6,10/09/21,Notre Dame,Virginia Tech,46.5,47.0,48.9,2.4,,,,,,,12.1,14.0,1.9,61.0
2021,6,10/09/21,LSU,Kentucky,52.5,50.5,50.3,-2.2,,,,,,,12.7,12.5,-0.2,63.0
2021,6,10/09/21,Alabama,Texas A&M,51.0,51.0,54.5,3.5,OVER,LEAN,WIN,-,0.0,28.0,24.5,28.0,3.5,79.0
2021,6,10/09/21,Utah,USC,51.5,52.5,55.5,4.0,OVER,LEAN,WIN,+,1.0,16.5,12.5,15.5,3.0,68.0
2021,6,10/09/21,Georgia State,UL Monroe,53.0,49.5,46.2,-6.8,UNDER,STRONG,LOSS,+,3.5,-23.0,29.8,26.5,-3.3,76.0
2021,6,10/09/21,New Mexico,San Diego State,44.5,42.5,41.6,-2.9,,,,,,,-3.6,-4.5,-0.9,38.0
2021,6,10/09/21,Memphis,Tulsa,62.5,60.5,55.5,-7.0,UNDER,STRONG,LOSS,+,2.0,-1.5,8.5,3.5,-5.0,64.0
2021,6,10/09/21,UCLA,Arizona,61.0,61.0,61.2,0.2,,,,,,,-11.2,-11.0,0.2,50.0
2021,6,10/09/21,New Mexico State,Nevada,61.5,65.0,55.3,-6.2,UNDER,STRONG,LOSS,-,-3.5,-21.5,27.7,18.0,-9.7,83.0
2021,7,10/12/21,App State,Louisiana,54.5,57.5,56.2,1.7,,,,,,,-2.2,-3.5,-1.3,54.0
2021,7,10/14/21,Georgia Southern,South Alabama,50.0,49.5,51.8,1.8,,,,,,,3.2,5.5,2.3,55.0
2021,7,10/14/21,Navy,Memphis,52.5,55.5,47.4,-5.1,UNDER,STRONG,WIN,-,-3.0,0.5,4.6,-3.5,-8.1,52.0
2021,7,10/15/21,Marshall,North Texas,64.5,66.0,59.2,-5.3,UNDER,STRONG,LOSS,-,-1.5,-5.5,10.8,4.0,-6.8,70.0
2021,7,10/15/21,Clemson,Syracuse,45.5,44.0,41.2,-4.3,UNDER,LEAN,WIN,+,1.5,14.5,-10.2,-13.0,-2.8,31.0
2021,7,10/15/21,San Diego State,San José State,43.0,41.0,43.5,0.5,,,,,,,-11.5,-9.0,2.5,32.0
2021,7,10/15/21,California,Oregon,55.5,53.5,49.7,-5.8,UNDER,STRONG,WIN,+,2.0,14.5,-8.7,-12.5,-3.8,41.0
2021,7,10/16/21,Tulsa,South Florida,57.0,55.5,58.7,1.7,,,,,,,4.3,7.5,3.2,63.0
2021,7,10/16/21,Nebraska,Minnesota,47.5,48.5,49.5,2.0,,,,,,,3.5,4.5,1.0,53.0
2021,7,10/16/21,Oklahoma State,Texas,60.5,61.0,51.7,-8.8,UNDER,STRONG,WIN,-,-0.5,4.5,4.3,-5.0,-9.3,56.0
2021,7,10/16/21,UCF,Cincinnati,56.0,56.0,52.8,-3.2,UNDER,LEAN,LOSS,-,0.0,-21.0,24.2,21.0,-3.2,77.0
2021,7,10/16/21,Auburn,Arkansas,53.0,54.5,49.4,-3.6,UNDER,LEAN,LOSS,-,-1.5,-8.0,11.6,6.5,-5.1,61.0
2021,7,10/16/21,Texas A&M,Missouri,61.0,59.5,53.6,-7.4,UNDER,STRONG,WIN,+,1.5,12.0,-4.6,-10.5,-5.9,49.0
2021,7,10/16/21,Michigan State,Indiana,52.0,48.5,45.8,-6.2,UNDER,STRONG,WIN,+,3.5,17.0,-10.8,-13.5,-2.7,35.0
2021,7,10/16/21,Rutgers,Northwestern,47.0,45.0,45.3,-1.7,,,,,,,-17.3,-17.0,0.3,28.0
2021,7,10/16/21,Ohio,Buffalo,55.0,54.5,60.8,5.8,OVER,STRONG,LOSS,-,-0.5,-2.0,-7.8,-1.5,6.3,53.0
2021,7,10/16/21,Florida,LSU,58.0,61.0,56.1,-1.9,,,,,,,34.9,30.0,-4.9,91.0
2021,7,10/16/21,Duke,Virginia,69.0,69.5,68.1,-0.9,,,,,,,-20.1,-21.5,-1.4,48.0
2021,7,10/16/21,Ball State,Eastern Michigan,54.5,55.0,50.4,-4.1,UNDER,LEAN,LOSS,-,-0.5,-14.5,18.6,14.0,-4.6,69.0
2021,7,10/16/21,Akron,Miami (OH),52.5,51.0,53.6,1.1,,,,,,,1.4,4.0,2.6,55.0
2021,7,10/16/21,Troy,Texas State,49.5,48.5,42.0,-7.5,UNDER,STRONG,LOSS,+,1.0,-9.5,17.0,10.5,-6.5,59.0
2021,7,10/16/21,Western Kentucky,Old Dominion,68.5,66.5,51.5,-17.0,UNDER,STRONG,WIN,+,2.0,5.5,11.5,-3.5,-15.0,63.0
2021,7,10/16/21,Kentucky,Georgia,44.5,44.5,40.5,-4.0,UNDER,LEAN,WIN,-,0.0,1.5,2.5,-1.5,-4.0,43.0
2021,7,10/16/21,Kent State,Western Michigan,63.0,68.5,63.8,0.8,,,,,,,31.2,26.5,-4.7,95.0
2021,7,10/16/21,Pittsburgh,Virginia Tech,57.0,56.0,46.5,-10.5,UNDER,STRONG,WIN,+,1.0,22.0,-11.5,-21.0,-9.5,35.0
2021,7,10/16/21,UAB,Southern Miss,43.5,43.5,44.1,0.6,,,,,,,-10.1,-9.5,0.6,34.0
2021,7,10/16/21,BYU,Baylor,48.0,52.5,48.5,0.5,,,,,,,13.5,9.5,-4.0,62.0
2021,7,10/16/21,Miami,North Carolina,61.5,63.5,55.6,-5.9,UNDER,STRONG,LOSS,-,-2.0,-25.5,31.4,23.5,-7.9,87.0
2021,7,10/16/21,Arizona,Colorado,43.5,46.5,45.6,2.1,,,,,,,-11.6,-12.5,-0.9,34.0
2021,7,10/16/21,Fresno State,Wyoming,56.0,53.5,46.3,-9.7,UNDER,STRONG,WIN,+,2.5,39.0,-29.3,-36.5,-7.2,17.0
2021,7,10/16/21,Bowling Green,Northern Illinois,49.0,45.0,45.0,-4.0,UNDER,LEAN,LOSS,+,4.0,-11.0,15.0,15.0,0.0,60.0
2021,7,10/16/21,Toledo,Central Michigan,51.5,53.0,46.1,-5.4,UNDER,STRONG,WIN,-,-1.5,2.5,2.9,-4.0,-6.9,49.0
2021,7,10/16/21,Purdue,Iowa,43.0,42.5,42.1,-0.9,,,,,,,-11.1,-11.5,-0.4,31.0
2021,7,10/16/21,Texas Tech,Kansas,67.0,68.5,65.3,-1.7,,,,,,,-10.3,-13.5,-3.2,55.0
2021,7,10/16/21,Vanderbilt,South Carolina,51.0,50.0,49.1,-1.9,,,,,,,-8.1,-9.0,-0.9,41.0
2021,7,10/16/21,Rice,UTSA,53.5,53.5,47.6,-5.9,UNDER,STRONG,WIN,-,0.0,8.5,-2.6,-8.5,-5.9,45.0
2021,7,10/16/21,Alabama,Mississippi State,59.0,59.5,64.1,5.1,OVER,STRONG,LOSS,+,0.5,-1.0,-6.1,-1.5,4.6,58.0
2021,7,10/16/21,Liberty,UL Monroe,54.5,56.5,49.2,-5.3,UNDER,STRONG,LOSS,-,-2.0,-4.5,9.8,2.5,-7.3,59.0
2021,7,10/16/21,Colorado State,New Mexico,44.0,45.0,44.0,0.0,,,,,,,-1.0,-2.0,-1.0,43.0
2021,7,10/16/21,Utah State,UNLV,57.5,64.0,49.4,-8.1,UNDER,STRONG,WIN,-,-6.5,5.5,2.6,-12.0,-14.6,52.0
2021,7,10/16/21,TCU,Oklahoma,65.5,64.5,58.4,-7.1,UNDER,STRONG,LOSS,+,1.0,-17.5,24.6,18.5,-6.1,83.0
2021,7,10/16/21,Iowa State,Kansas State,51.5,51.0,50.4,-1.1,,,,,,,2.6,2.0,-0.6,53.0
2021,7,10/16/21,Stanford,Washington State,50.5,53.0,45.1,-5.4,UNDER,STRONG,LOSS,-,-2.5,-14.5,19.9,12.0,-7.9,65.0
2021,7,10/16/21,NC State,Boston College,51.5,51.0,48.6,-2.9,,,,,,,-8.6,-11.0,-2.4,40.0
2021,7,10/16/21,Ole Miss,Tennessee,78.0,82.5,60.6,-17.4,UNDER,STRONG,WIN,-,-4.5,21.0,-3.6,-25.5,-21.9,57.0
2021,7,10/16/21,Army,Wisconsin,42.5,37.5,45.8,3.3,OVER,LEAN,LOSS,-,-5.0,-8.5,-11.8,-3.5,8.3,34.0
2021,7,10/16/21,UCLA,Washington,55.0,55.5,45.4,-9.6,UNDER,STRONG,WIN,-,-0.5,14.0,-4.4,-14.5,-10.1,41.0
2021,7,10/16/21,Louisiana Tech,UTEP,55.0,55.5,53.1,-1.9,,,,,,,-31.1,-33.5,-2.4,22.0
2021,7,10/16/21,Air Force,Boise State,50.5,52.0,56.3,5.8,OVER,STRONG,LOSS,+,1.5,-9.5,-15.3,-11.0,4.3,41.0
2021,7,10/16/21,Arizona State,Utah,51.0,51.5,46.1,-4.9,UNDER,LEAN,LOSS,-,-0.5,-5.0,9.9,4.5,-5.4,56.0
2021,7,10/16/21,Hawai'i,Nevada,59.5,61.5,48.6,-10.9,UNDER,STRONG,WIN,-,-2.0,8.5,2.4,-10.5,-12.9,51.0
2021,8,10/20/21,Coastal Carolina,App State,59.5,60.5,61.7,2.2,,,,,,,-4.7,-3.5,1.2,57.0
2021,8,10/21/21,Florida Atlantic,Charlotte,55.0,58.0,55.1,0.1,,,,,,,-8.1,-11.0,-2.9,47.0
2021,8,10/21/21,Tulane,SMU,70.0,70.5,57.1,-12.9,UNDER,STRONG,LOSS,-,-0.5,-11.0,23.9,10.5,-13.4,81.0
2021,8,10/21/21,Louisiana,Arkansas State,67.0,70.0,61.7,-5.3,UNDER,STRONG,WIN,-,-3.0,12.0,-6.7,-15.0,-8.3,55.0
2021,8,10/21/21,San José State,UNLV,46.5,44.0,49.2,2.7,,,,,,,-2.2,3.0,5.2,47.0
2021,8,10/22/21,Middle Tennessee,UConn,54.0,54.0,51.3,-2.7,,,,,,,5.7,3.0,-2.7,57.0
2021,8,10/22/21,Memphis,UCF,64.0,63.0,59.3,-4.7,UNDER,LEAN,WIN,+,1.0,33.0,-28.3,-32.0,-3.7,31.0
2021,8,10/22/21,Colorado State,Utah State,55.0,58.5,56.6,1.6,,,,,,,-6.6,-8.5,-1.9,50.0
2021,8,10/22/21,Washington,Arizona,45.0,45.5,50.7,5.7,OVER,STRONG,LOSS,+,0.5,-8.0,-13.7,-8.5,5.2,37.0
2021,8,10/23/21,Eastern Michigan,Bowling Green,49.5,50.0,48.3,-1.2,,,,,,,30.7,29.0,-1.7,79.0
2021,8,10/23/21,Wake Forest,Army,52.0,54.0,47.7,-4.3,UNDER,LEAN,LOSS,-,-2.0,-74.0,78.3,72.0,-6.3,126.0
2021,8,10/23/21,Cincinnati,Navy,51.0,48.5,47.0,-4.0,UNDER,LEAN,WIN,+,2.5,4.0,0.0,-1.5,-1.5,47.0
2021,8,10/23/21,Illinois,Penn State,45.5,45.5,44.9,-0.6,,,,,,,-6.9,-7.5,-0.6,38.0
2021,8,10/23/21,Kansas State,Texas Tech,60.5,60.5,52.7,-7.8,UNDER,STRONG,WIN,-,0.0,11.5,-3.7,-11.5,-7.8,49.0
2021,8,10/23/21,Northwestern,Michigan,50.5,51.0,49.6,-0.9,,,,,,,-9.6,-11.0,-1.4,40.0
2021,8,10/23/21,Massachusetts,Florida State,61.0,59.0,50.9,-10.1,UNDER,STRONG,LOSS,+,2.0,-1.0,11.1,3.0,-8.1,62.0
2021,8,10/23/21,Northern Illinois,Central Michigan,58.5,56.0,49.9,-8.6,UNDER,STRONG,LOSS,+,2.5,-18.5,27.1,21.0,-6.1,77.0
2021,8,10/23/21,Oklahoma,Kansas,67.5,66.5,58.4,-9.1,UNDER,STRONG,WIN,+,1.0,9.5,-0.4,-8.5,-8.1,58.0
2021,8,10/23/21,Syracuse,Virginia Tech,46.0,45.5,42.7,-3.3,UNDER,LEAN,LOSS,+,0.5,-31.0,34.3,31.5,-2.8,77.0
2021,8,10/23/21,Kent State,Ohio,62.5,68.5,64.1,1.6,,,,,,,-3.1,-7.5,-4.4,61.0
2021,8,10/23/21,Texas State,Georgia State,61.0,58.5,50.9,-10.1,UNDER,STRONG,WIN,+,2.5,17.0,-6.9,-14.5,-7.6,44.0
2021,8,10/23/21,Wisconsin,Purdue,39.0,41.0,43.6,4.6,OVER,LEAN,WIN,+,2.0,4.0,-0.6,2.0,2.6,43.0
2021,8,10/23/21,Oklahoma State,Iowa State,47.0,47.0,45.7,-1.3,,,,,,,-0.7,-2.0,-1.3,45.0
2021,8,10/23/21,Western Michigan,Toledo,54.5,54.5,53.2,-1.3,,,,,,,-4.2,-5.5,-1.3,49.0
2021,8,10/23/21,Rice,UAB,45.0,44.5,43.4,-1.6,,,,,,,10.6,9.5,-1.1,54.0
2021,8,10/23/21,BYU,Washington State,53.0,56.5,51.1,-1.9,,,,,,,-11.1,-16.5,-5.4,40.0
2021,8,10/23/21,Clemson,Pittsburgh,47.0,47.0,43.2,-3.8,UNDER,LEAN,WIN,-,0.0,3.0,0.8,-3.0,-3.8,44.0
2021,8,10/23/21,Miami (OH),Ball State,51.0,53.0,46.4,-4.6,UNDER,LEAN,WIN,-,-2.0,10.0,-5.4,-12.0,-6.6,41.0
2021,8,10/23/21,LSU,Ole Miss,76.0,77.0,63.3,-12.7,UNDER,STRONG,WIN,-,-1.0,28.0,-15.3,-29.0,-13.7,48.0
2021,8,10/23/21,Colorado,California,43.0,44.0,49.8,6.8,OVER,STRONG,LOSS,+,1.0,-14.0,-20.8,-15.0,5.8,29.0
2021,8,10/23/21,Buffalo,Akron,57.0,58.0,58.1,1.1,,,,,,,-3.1,-3.0,0.1,55.0
2021,8,10/23/21,Maryland,Minnesota,54.0,53.0,45.9,-8.1,UNDER,STRONG,WIN,+,1.0,4.0,4.1,-3.0,-7.1,50.0
2021,8,10/23/21,Oregon,UCLA,57.5,61.5,48.9,-8.6,UNDER,STRONG,LOSS,-,-4.0,-7.5,16.1,3.5,-12.6,65.0
2021,8,10/23/21,New Mexico,Wyoming,40.0,40.5,39.0,-1.0,,,,,,,-22.0,-23.5,-1.5,17.0
2021,8,10/23/21,East Carolina,Houston,58.0,56.5,54.7,-3.3,UNDER,LEAN,WIN,+,1.5,3.0,0.3,-1.5,-1.8,55.0
2021,8,10/23/21,Liberty,North Texas,60.5,61.0,55.8,-4.7,UNDER,LEAN,LOSS,-,-0.5,-0.5,5.2,0.0,-5.2,61.0
2021,8,10/23/21,Mississippi State,Vanderbilt,51.5,53.0,55.0,3.5,OVER,LEAN,LOSS,+,1.5,-0.5,-4.0,-2.0,2.0,51.0
2021,8,10/23/21,Boston College,Louisville,57.0,57.5,58.4,1.4,,,,,,,-16.4,-15.5,0.9,42.0
2021,8,10/23/21,San Diego State,Air Force,41.0,39.0,43.3,2.3,,,,,,,-9.3,-5.0,4.3,34.0
2021,8,10/23/21,Tennessee,Alabama,67.0,68.0,56.1,-10.9,UNDER,STRONG,LOSS,-,-1.0,-9.0,19.9,8.0,-11.9,76.0
2021,8,10/23/21,South Alabama,UL Monroe,51.0,51.0,47.7,-3.3,UNDER,LEAN,LOSS,-,0.0,-21.0,24.3,21.0,-3.3,72.0
2021,8,10/23/21,Nevada,Fresno State,61.0,64.5,59.3,-1.7,,,,,,,6.7,1.5,-5.2,66.0
2021,8,10/23/21,Western Kentucky,Florida International,75.5,77.5,59.4,-16.1,UNDER,STRONG,WIN,-,-2.0,22.5,-6.4,-24.5,-18.1,53.0
2021,8,10/23/21,UTSA,Louisiana Tech,58.5,59.5,48.4,-10.1,UNDER,STRONG,LOSS,-,-1.0,-2.5,12.6,1.5,-11.1,61.0
2021,8,10/23/21,Temple,South Florida,57.5,55.0,49.5,-8.0,UNDER,STRONG,WIN,+,2.5,9.5,-1.5,-7.0,-5.5,48.0
2021,8,10/23/21,South Carolina,Texas A&M,44.5,46.0,46.2,1.7,,,,,,,11.8,12.0,0.2,58.0
2021,8,10/23/21,NC State,Miami,53.0,54.5,46.7,-6.3,UNDER,STRONG,LOSS,-,-1.5,-8.0,14.3,6.5,-7.8,61.0
2021,8,10/23/21,West Virginia,TCU,58.0,58.0,45.7,-12.3,UNDER,STRONG,WIN,-,0.0,12.0,0.3,-12.0,-12.3,46.0
2021,8,10/23/21,Ohio State,Indiana,60.0,59.0,66.4,6.4,OVER,STRONG,WIN,-,-1.0,1.0,-5.4,2.0,7.4,61.0
2021,8,10/23/21,USC,Notre Dame,57.5,59.5,55.7,-1.8,,,,,,,-8.7,-12.5,-3.8,47.0
2021,8,10/23/21,Utah,Oregon State,56.0,58.0,52.2,-3.8,UNDER,LEAN,LOSS,-,-2.0,-20.0,23.8,18.0,-5.8,76.0
2021,8,10/23/21,Georgia Tech,Virginia,61.0,65.5,53.5,-7.5,UNDER,STRONG,LOSS,-,-4.5,-27.0,34.5,22.5,-12.0,88.0
2021,8,10/23/21,New Mexico State,Hawai'i,60.0,62.75,58.0,-2.0,,,,,,,24.0,19.2,-4.8,82.0
2021,9,10/28/21,South Florida,East Carolina,57.0,55.5,56.7,-0.3,,,,,,,-13.7,-12.5,1.2,43.0
2021,9,10/28/21,Troy,Coastal Carolina,52.0,50.0,44.6,-7.4,UNDER,STRONG,LOSS,+,2.0,-11.0,18.4,13.0,-5.4,63.0
2021,9,10/29/21,Navy,Tulsa,48.0,46.0,48.1,0.1,,,,,,,-11.1,-9.0,2.1,37.0
2021,9,10/29/21,UNLV,Nevada,59.0,58.5,51.7,-7.3,UNDER,STRONG,LOSS,+,0.5,-12.0,19.3,12.5,-6.8,71.0
2021,9,10/30/21,Cincinnati,Tulane,63.0,61.5,53.5,-9.5,UNDER,STRONG,WIN,+,1.5,20.0,-10.5,-18.5,-8.0,43.0
2021,9,10/30/21,Texas State,Louisiana,56.5,58.0,52.6,-3.9,UNDER,LEAN,WIN,-,-1.5,11.5,-7.6,-13.0,-5.4,45.0
2021,9,10/30/21,Miami,Pittsburgh,62.0,61.0,46.6,-15.4,UNDER,STRONG,LOSS,+,1.0,-10.0,25.4,11.0,-14.4,72.0
2021,9,10/30/21,Rutgers,Illinois,42.0,41.5,42.9,0.9,,,,,,,-8.9,-7.5,1.4,34.0
2021,9,10/30/21,Michigan,Michigan State,51.0,50.5,46.4,-4.6,UNDER,LEAN,LOSS,+,0.5,-19.0,23.6,19.5,-4.1,70.0
2021,9,10/30/21,Indiana,Maryland,50.5,48.0,47.5,-3.0,UNDER,LEAN,LOSS,+,2.5,-22.5,25.5,25.0,-0.5,73.0
2021,9,10/30/21,Massachusetts,Liberty,60.0,56.0,51.1,-8.9,UNDER,STRONG,LOSS,+,4.0,-19.0,27.9,23.0,-4.9,79.0
2021,9,10/30/21,Texas,Baylor,62.0,61.5,53.9,-8.1,UNDER,STRONG,WIN,+,0.5,7.0,1.1,-6.5,-7.6,55.0
2021,9,10/30/21,Bowling Green,Buffalo,53.5,51.5,45.6,-7.9,UNDER,STRONG,LOSS,+,2.0,-46.5,54.4,48.5,-5.9,100.0
2021,9,10/30/21,Iowa,Wisconsin,37.0,36.0,42.6,5.6,OVER,STRONG,LOSS,-,-1.0,-3.0,-8.6,-2.0,6.6,34.0
2021,9,10/30/21,UCF,Temple,52.0,52.0,47.9,-4.1,UNDER,LEAN,LOSS,-,0.0,-4.0,8.1,4.0,-4.1,56.0
2021,9,10/30/21,Virginia Tech,Georgia Tech,55.0,55.5,52.6,-2.4,,,,,,,-9.6,-12.5,-2.9,43.0
2021,9,10/30/21,Iowa State,West Virginia,47.0,49.0,45.5,-1.5,,,,,,,23.5,20.0,-3.5,69.0
2021,9,10/30/21,North Texas,Rice,55.0,55.0,51.1,-3.9,UNDER,LEAN,WIN,-,0.0,1.0,2.9,-1.0,-3.9,54.0
2021,9,10/30/21,Hawai'i,Utah State,66.5,66.0,56.6,-9.9,UNDER,STRONG,LOSS,+,0.5,-15.5,25.4,16.0,-9.4,82.0
2021,9,10/30/21,Washington State,Arizona State,51.5,54.5,50.0,-1.5,,,,,,,5.0,0.5,-4.5,55.0
2021,9,10/30/21,Missouri,Vanderbilt,62.5,62.5,55.2,-7.3,UNDER,STRONG,LOSS,-,0.0,-2.5,9.8,2.5,-7.3,65.0
2021,9,10/30/21,Louisiana Tech,Old Dominion,53.0,52.5,43.7,-9.3,UNDER,STRONG,WIN,+,0.5,10.0,-0.7,-9.5,-8.8,43.0
2021,9,10/30/21,Georgia,Florida,50.0,50.5,54.7,4.7,OVER,LEAN,LOSS,+,0.5,-9.0,-13.7,-9.5,4.2,41.0
2021,9,10/30/21,Purdue,Nebraska,48.5,54.0,55.7,7.2,OVER,STRONG,WIN,+,5.5,2.5,-4.7,-3.0,1.7,51.0
2021,9,10/30/21,Florida State,Clemson,46.0,47.5,41.8,-4.2,UNDER,LEAN,LOSS,-,-1.5,-4.0,8.2,2.5,-5.7,50.0
2021,9,10/30/21,UL Monroe,App State,60.0,57.5,56.0,-4.0,UNDER,LEAN,LOSS,+,2.5,-27.0,31.0,29.5,-1.5,87.0
2021,9,10/30/21,Colorado,Oregon,48.5,49.5,44.1,-4.4,UNDER,LEAN,LOSS,-,-1.0,-32.5,36.9,31.5,-5.4,81.0
2021,9,10/30/21,Minnesota,Northwestern,43.5,44.0,43.8,0.3,,,,,,,11.2,11.0,-0.2,55.0
2021,9,10/30/21,Texas Tech,Oklahoma,68.5,67.0,62.8,-5.7,UNDER,STRONG,LOSS,+,1.5,-4.5,10.2,6.0,-4.2,73.0
2021,9,10/30/21,TCU,Kansas State,59.5,58.5,57.2,-2.3,,,,,,,-14.2,-15.5,-1.3,43.0
2021,9,10/30/21,Southern Miss,Middle Tennessee,48.0,47.5,47.2,-0.8,,,,,,,-2.2,-2.5,-0.3,45.0
2021,9,10/30/21,Florida International,Marshall,66.0,64.0,55.9,-10.1,UNDER,STRONG,WIN,+,2.0,28.0,-17.9,-26.0,-8.1,38.0
2021,9,10/30/21,Boston College,Syracuse,51.5,51.5,50.8,-0.7,,,,,,,-23.8,-24.5,-0.7,27.0
2021,9,10/30/21,Wyoming,San José State,40.0,40.5,44.8,4.8,OVER,LEAN,WIN,+,0.5,8.0,3.2,7.5,4.3,48.0
2021,9,10/30/21,Duke,Wake Forest,69.0,71.5,58.1,-10.9,UNDER,STRONG,WIN,-,-2.5,17.0,-6.1,-19.5,-13.4,52.0
2021,9,10/30/21,Charlotte,Western Kentucky,73.0,72.0,68.6,-4.4,UNDER,LEAN,WIN,+,1.0,15.0,-10.6,-14.0,-3.4,58.0
2021,9,10/30/21,Arkansas State,South Alabama,67.0,66.0,66.1,-0.9,,,,,,,-22.1,-22.0,0.1,44.0
2021,9,10/30/21,UTEP,Florida Atlantic,48.0,49.0,46.9,-1.1,,,,,,,6.1,4.0,-2.1,53.0
2021,9,10/30/21,Georgia State,Georgia Southern,55.0,55.0,49.3,-5.7,UNDER,STRONG,WIN,-,0.0,20.0,-14.3,-20.0,-5.7,35.0
2021,9,10/30/21,Oregon State,California,56.0,56.5,53.8,-2.2,,,,,,,10.2,7.5,-2.7,64.0
2021,9,10/30/21,Ole Miss,Auburn,66.5,67.5,62.9,-3.6,UNDER,LEAN,WIN,-,-1.0,15.5,-11.9,-16.5,-4.6,51.0
2021,9,10/30/21,Kansas,Oklahoma State,57.5,54.5,49.5,-8.0,UNDER,STRONG,LOSS,+,3.0,-0.5,8.5,3.5,-5.0,58.0
2021,9,10/30/21,Arizona,USC,56.5,55.5,64.7,8.2,OVER,STRONG,WIN,-,-1.0,18.5,10.3,19.5,9.2,75.0
2021,9,10/30/21,SMU,Houston,62.5,61.5,49.6,-12.9,UNDER,STRONG,LOSS,+,1.0,-18.5,31.4,19.5,-11.9,81.0
2021,9,10/30/21,Boise State,Colorado State,51.0,51.5,49.4,-1.6,,,,,,,-2.4,-4.5,-2.1,47.0
2021,9,10/30/21,Kentucky,Mississippi State,47.0,47.0,51.6,4.6,OVER,LEAN,WIN,-,0.0,1.0,-3.6,1.0,4.6,48.0
2021,9,10/30/21,North Carolina,Notre Dame,62.5,62.5,55.5,-7.0,UNDER,STRONG,LOSS,-,0.0,-15.5,22.5,15.5,-7.0,78.0
2021,9,10/30/21,Louisville,NC State,59.0,57.0,54.3,-4.7,UNDER,LEAN,WIN,+,2.0,18.0,-13.3,-16.0,-2.7,41.0
2021,9,10/30/21,Penn State,Ohio State,59.5,60.5,52.1,-7.4,UNDER,STRONG,WIN,-,-1.0,2.5,4.9,-3.5,-8.4,57.0
2021,9,10/30/21,UCLA,Utah,61.0,60.5,50.8,-10.2,UNDER,STRONG,LOSS,+,0.5,-7.0,17.2,7.5,-9.7,68.0
2021,9,10/30/21,Virginia,BYU,64.0,66.5,64.2,0.2,,,,,,,50.8,48.5,-2.3,115.0
2021,9,10/30/21,Washington,Stanford,48.0,46.0,53.2,5.2,OVER,STRONG,LOSS,-,-2.0,-15.0,-20.2,-13.0,7.2,33.0
2021,9,10/30/21,Fresno State,San Diego State,46.5,44.5,38.4,-8.1,UNDER,STRONG,LOSS,+,2.0,-3.5,11.6,5.5,-6.1,50.0
2021,10,11/02/21,Ball State,Akron,57.5,57.5,49.9,-7.6,UNDER,STRONG,WIN,-,0.0,1.5,6.1,-1.5,-7.6,56.0
2021,10,11/02/21,Eastern Michigan,Toledo,52.5,54.5,53.1,0.6,,,,,,,47.9,46.5,-1.4,101.0
2021,10,11/02/21,Miami (OH),Ohio,52.0,54.5,56.4,4.4,OVER,LEAN,WIN,+,2.5,16.0,11.6,13.5,1.9,68.0
2021,10,11/03/21,Northern Illinois,Kent State,67.5,72.0,63.4,-4.1,UNDER,LEAN,LOSS,-,-4.5,-31.5,35.6,27.0,-8.6,99.0
2021,10,11/03/21,Central Michigan,Western Michigan,63.0,64.5,55.3,-7.7,UNDER,STRONG,LOSS,-,-1.5,-9.0,16.7,7.5,-9.2,72.0
2021,10,11/04/21,Georgia State,Louisiana,53.0,53.5,49.6,-3.4,UNDER,LEAN,WIN,-,-0.5,15.0,-11.6,-15.5,-3.9,38.0
2021,10,11/05/21,Virginia Tech,Boston College,47.0,51.0,52.1,5.1,OVER,STRONG,LOSS,+,4.0,-27.0,-32.1,-31.0,1.1,20.0
2021,10,11/05/21,Utah,Stanford,52.5,51.5,58.3,5.8,OVER,STRONG,WIN,-,-1.0,6.5,0.7,7.5,6.8,59.0
2021,10,11/06/21,Army,Air Force,37.5,37.5,56.2,18.7,OVER,STRONG,LOSS,-,0.0,-2.5,-21.2,-2.5,18.7,35.0
2021,10,11/06/21,Kansas State,Kansas,56.5,55.5,50.4,-6.1,UNDER,STRONG,WIN,+,1.0,11.5,-5.4,-10.5,-5.1,45.0
2021,10,11/06/21,SMU,Memphis,71.0,70.5,67.1,-3.9,UNDER,LEAN,WIN,+,0.5,18.0,-14.1,-17.5,-3.4,53.0
2021,10,11/06/21,Wake Forest,North Carolina,75.5,78.0,65.8,-9.7,UNDER,STRONG,LOSS,-,-2.5,-37.5,47.2,35.0,-12.2,113.0
2021,10,11/06/21,Illinois,Minnesota,43.5,44.0,41.2,-2.3,,,,,,,-21.2,-24.0,-2.8,20.0
2021,10,11/06/21,Missouri,Georgia,59.5,59.5,53.6,-5.9,UNDER,STRONG,WIN,-,0.0,10.5,-4.6,-10.5,-5.9,49.0
2021,10,11/06/21,Louisiana Tech,UAB,50.5,49.0,47.1,-3.4,UNDER,LEAN,LOSS,+,1.5,-39.5,42.9,41.0,-1.9,90.0
2021,10,11/06/21,Pittsburgh,Duke,64.0,64.5,56.0,-8.0,UNDER,STRONG,LOSS,-,-0.5,-19.0,27.0,18.5,-8.5,83.0
2021,10,11/06/21,Liberty,Ole Miss,68.5,67.0,60.8,-7.7,UNDER,STRONG,WIN,+,1.5,27.5,-19.8,-26.0,-6.2,41.0
2021,10,11/06/21,Ohio State,Nebraska,63.0,67.5,69.8,6.8,OVER,STRONG,LOSS,+,4.5,-20.0,-26.8,-24.5,2.3,43.0
2021,10,11/06/21,Georgia Tech,Miami,63.5,63.0,50.4,-13.1,UNDER,STRONG,WIN,+,0.5,0.5,12.6,0.0,-12.6,63.0
2021,10,11/06/21,App State,Arkansas State,68.0,68.0,65.4,-2.6,,,,,,,-3.4,-6.0,-2.6,62.0
2021,10,11/06/21,North Texas,Southern Miss,47.0,49.0,47.4,0.4,,,,,,,4.6,3.0,-1.6,52.0
2021,10,11/06/21,UL Monroe,Texas State,60.5,57.5,49.8,-10.7,UNDER,STRONG,WIN,+,3.0,14.5,-3.8,-11.5,-7.7,46.0
2021,10,11/06/21,California,Arizona,50.5,47.0,57.5,7.0,OVER,STRONG,LOSS,-,-3.5,-37.5,-44.5,-34.0,10.5,13.0
2021,10,11/06/21,Temple,East Carolina,55.5,52.5,51.1,-4.4,UNDER,LEAN,WIN,+,3.0,7.5,-3.1,-4.5,-1.4,48.0
2021,10,11/06/21,Rice,Charlotte,53.0,52.5,49.1,-3.9,UNDER,LEAN,LOSS,+,0.5,-2.0,5.9,2.5,-3.4,55.0
2021,10,11/06/21,Michigan State,Purdue,52.0,53.5,48.8,-3.2,UNDER,LEAN,LOSS,-,-1.5,-17.0,20.2,15.5,-4.7,69.0
2021,10,11/06/21,Oklahoma State,West Virginia,49.0,49.0,44.6,-4.4,UNDER,LEAN,WIN,-,0.0,22.0,-17.6,-22.0,-4.4,27.0
2021,10,11/06/21,Wisconsin,Rutgers,37.5,37.5,42.0,4.5,OVER,LEAN,WIN,-,0.0,17.5,13.0,17.5,4.5,55.0
2021,10,11/06/21,Middle Tennessee,Western Kentucky,68.0,66.5,52.9,-15.1,UNDER,STRONG,LOSS,+,1.5,-1.0,16.1,2.5,-13.6,69.0
2021,10,11/06/21,Auburn,Texas A&M,50.0,49.5,43.4,-6.6,UNDER,STRONG,WIN,+,0.5,27.0,-20.4,-26.5,-6.1,23.0
2021,10,11/06/21,Tulsa,Cincinnati,54.5,56.0,52.4,-2.1,,,,,,,-4.4,-8.0,-3.6,48.0
2021,10,11/06/21,Navy,Notre Dame,47.5,47.5,44.7,-2.8,,,,,,,-4.7,-7.5,-2.8,40.0
2021,10,11/06/21,Baylor,TCU,59.0,57.0,50.8,-8.2,UNDER,STRONG,WIN,+,2.0,1.0,7.2,1.0,-6.2,58.0
2021,10,11/06/21,South Alabama,Troy,48.5,47.5,46.0,-2.5,,,,,,,9.0,7.5,-1.5,55.0
2021,10,11/06/21,Penn State,Maryland,55.0,56.5,52.2,-2.8,,,,,,,-7.2,-11.5,-4.3,45.0
2021,10,11/06/21,Colorado State,Wyoming,40.0,41.5,44.0,4.0,OVER,LEAN,WIN,+,1.5,8.0,4.0,6.5,2.5,48.0
2021,10,11/06/21,Utah State,New Mexico State,70.0,72.5,64.1,-5.9,UNDER,STRONG,WIN,-,-2.5,22.0,-16.1,-24.5,-8.4,48.0
2021,10,11/06/21,Tulane,UCF,59.5,57.0,50.2,-9.3,UNDER,STRONG,WIN,+,2.5,35.5,-26.2,-33.0,-6.8,24.0
2021,10,11/06/21,Mississippi State,Arkansas,56.0,53.5,59.7,3.7,OVER,LEAN,WIN,-,-2.5,3.0,-0.7,5.5,6.2,59.0
2021,10,11/06/21,NC State,Florida State,56.0,55.5,46.5,-9.5,UNDER,STRONG,WIN,+,0.5,14.0,-4.5,-13.5,-9.0,42.0
2021,10,11/06/21,Marshall,Florida Atlantic,57.5,57.5,52.3,-5.2,UNDER,STRONG,WIN,-,0.0,16.5,-11.3,-16.5,-5.2,41.0
2021,10,11/06/21,Coastal Carolina,Georgia Southern,61.5,56.5,57.8,-3.7,UNDER,LEAN,WIN,+,5.0,25.5,-21.8,-20.5,1.3,36.0
2021,10,11/06/21,LSU,Alabama,65.0,67.0,62.2,-2.8,,,,,,,-28.2,-33.0,-4.8,34.0
2021,10,11/06/21,Oregon State,Colorado,54.0,55.5,54.4,0.4,,,,,,,16.6,15.5,-1.1,71.0
2021,10,11/06/21,Old Dominion,Florida International,52.0,50.0,45.7,-6.3,UNDER,STRONG,LOSS,+,2.0,-19.0,25.3,21.0,-4.3,71.0
2021,10,11/06/21,UNLV,New Mexico,45.0,45.0,47.5,2.5,,,,,,,0.5,3.0,2.5,48.0
2021,10,11/06/21,Iowa,Northwestern,40.5,40.5,41.8,1.3,,,,,,,-12.8,-11.5,1.3,29.0
2021,10,11/06/21,Tennessee,Kentucky,58.5,57.5,49.4,-9.1,UNDER,STRONG,LOSS,+,1.0,-28.5,37.6,29.5,-8.1,87.0
2021,10,11/06/21,Boise State,Fresno State,58.0,61.0,57.4,-0.6,,,,,,,-3.4,-7.0,-3.6,54.0
2021,10,11/06/21,Indiana,Michigan,51.0,51.0,51.4,0.4,,,,,,,-15.4,-15.0,0.4,36.0
2021,10,11/06/21,Clemson,Louisville,45.5,46.5,44.4,-1.1,,,,,,,9.6,7.5,-2.1,54.0
2021,10,11/06/21,Oregon,Washington,50.5,48.0,44.5,-6.0,UNDER,STRONG,WIN,+,2.5,8.5,-2.5,-6.0,-3.5,42.0
2021,10,11/06/21,Houston,South Florida,54.5,53.0,46.5,-8.0,UNDER,STRONG,LOSS,+,1.5,-41.5,49.5,43.0,-6.5,96.0
2021,10,11/06/21,Florida,South Carolina,52.5,52.0,47.6,-4.9,UNDER,LEAN,LOSS,+,0.5,-4.5,9.4,5.0,-4.4,57.0
2021,10,11/06/21,Texas,Iowa State,60.0,59.5,56.8,-3.2,UNDER,LEAN,WIN,+,0.5,23.0,-19.8,-22.5,-2.7,37.0
2021,10,11/06/21,San José State,Nevada,55.0,55.5,51.4,-3.6,UNDER,LEAN,WIN,-,-0.5,4.0,-0.4,-4.5,-4.1,51.0
2021,10,11/06/21,UTSA,UTEP,52.0,53.0,45.2,-6.8,UNDER,STRONG,LOSS,-,-1.0,-15.0,21.8,14.0,-7.8,67.0
2021,10,11/06/21,USC,Arizona State,59.0,62.0,58.2,-0.8,,,,,,,-11.2,-15.0,-3.8,47.0
2021,10,11/06/21,San Diego State,Hawai'i,46.5,45.5,45.5,-1.0,,,,,,,-18.5,-18.5,0.0,27.0
2021,11,11/09/21,Akron,Western Michigan,62.0,62.0,64.7,2.7,,,,,,,20.3,23.0,2.7,85.0
2021,11,11/09/21,Buffalo,Miami (OH),57.0,58.0,48.7,-8.3,UNDER,STRONG,LOSS,-,-1.0,-6.0,14.3,5.0,-9.3,63.0
2021,11,11/09/21,Ohio,Eastern Michigan,60.5,62.0,58.7,-1.8,,,,,,,1.3,-2.0,-3.3,60.0
2021,11,11/10/21,Ball State,Northern Illinois,62.0,60.0,52.9,-9.1,UNDER,STRONG,WIN,+,2.0,3.0,6.1,-1.0,-7.1,59.0
2021,11,11/10/21,Toledo,Bowling Green,51.5,50.0,50.4,-1.1,,,,,,,15.6,16.0,0.4,66.0
2021,11,11/10/21,Kent State,Central Michigan,72.5,76.5,55.6,-16.9,UNDER,STRONG,LOSS,-,-4.0,-11.5,28.4,7.5,-20.9,84.0
2021,11,11/11/21,North Carolina,Pittsburgh,75.0,72.0,57.2,-17.8,UNDER,STRONG,WIN,+,3.0,22.0,-4.2,-19.0,-14.8,53.0
2021,11,11/12/21,Cincinnati,South Florida,59.0,58.5,60.4,1.4,,,,,,,12.6,14.5,1.9,73.0
2021,11,11/12/21,Wyoming,Boise State,48.0,48.5,51.8,3.8,OVER,LEAN,LOSS,+,0.5,-12.0,-15.8,-12.5,3.3,36.0
2021,11,11/13/21,New Mexico State,Alabama,67.0,67.0,68.3,1.3,,,,,,,-6.3,-5.0,1.3,62.0
2021,11,11/13/21,Houston,Temple,55.5,52.5,47.9,-7.6,UNDER,STRONG,WIN,+,3.0,10.5,-2.9,-7.5,-4.6,45.0
2021,11,11/13/21,Oklahoma,Baylor,64.0,62.5,50.1,-13.9,UNDER,STRONG,WIN,+,1.5,23.0,-9.1,-21.5,-12.4,41.0
2021,11,11/13/21,UCF,SMU,59.5,61.5,55.1,-4.4,UNDER,LEAN,LOSS,-,-2.0,-23.5,27.9,21.5,-6.4,83.0
2021,11,11/13/21,UConn,Clemson,49.0,50.5,45.1,-3.9,UNDER,LEAN,LOSS,-,-1.5,-2.0,5.9,0.5,-5.4,51.0
2021,11,11/13/21,Syracuse,Louisville,55.5,55.5,49.3,-6.2,UNDER,STRONG,WIN,-,0.0,11.5,-5.3,-11.5,-6.2,44.0
2021,11,11/13/21,Rutgers,Indiana,43.5,42.5,43.4,-0.1,,,,,,,-2.4,-1.5,0.9,41.0
2021,11,11/13/21,Mississippi State,Auburn,51.0,51.0,48.3,-2.7,,,,,,,28.7,26.0,-2.7,77.0
2021,11,11/13/21,Northwestern,Wisconsin,41.0,41.5,41.0,0.0,,,,,,,1.0,0.5,-0.5,42.0
2021,11,11/13/21,East Carolina,Memphis,60.0,58.5,63.6,3.6,OVER,LEAN,LOSS,-,-1.5,-1.0,-4.6,0.5,5.1,59.0
2021,11,11/13/21,Michigan,Penn State,48.5,48.5,43.3,-5.2,UNDER,STRONG,WIN,-,0.0,10.5,-5.3,-10.5,-5.2,38.0
2021,11,11/13/21,West Virginia,Kansas State,47.0,47.0,50.1,3.1,OVER,LEAN,WIN,-,0.0,4.0,0.9,4.0,3.1,51.0
2021,11,11/13/21,Georgia State,Coastal Carolina,52.5,53.5,53.9,1.4,,,,,,,28.1,28.5,0.4,82.0
2021,11,11/13/21,Western Kentucky,Rice,63.0,61.5,54.6,-8.4,UNDER,STRONG,PUSH,+,1.5,0.0,8.4,1.5,-6.9,63.0
2021,11,11/13/21,Utah,Arizona,54.0,54.5,58.8,4.8,OVER,LEAN,WIN,+,0.5,13.0,8.2,12.5,4.3,67.0
2021,11,11/13/21,South Alabama,App State,54.5,52.0,52.2,-2.3,,,,,,,-14.2,-14.0,0.2,38.0
2021,11,11/13/21,Georgia Southern,Texas State,53.5,52.0,50.8,-2.7,,,,,,,17.2,16.0,-1.2,68.0
2021,11,11/13/21,Southern Miss,UTSA,55.0,54.5,47.1,-7.9,UNDER,STRONG,WIN,+,0.5,11.0,-3.1,-10.5,-7.4,44.0
2021,11,11/13/21,Florida International,Middle Tennessee,56.0,55.0,46.5,-9.5,UNDER,STRONG,LOSS,+,1.0,-4.0,13.5,5.0,-8.5,60.0
2021,11,11/13/21,Miami,Florida State,60.0,61.5,50.0,-10.0,UNDER,STRONG,WIN,-,-1.5,1.0,9.0,-2.5,-11.5,59.0
2021,11,11/13/21,Charlotte,Louisiana Tech,57.0,57.5,55.0,-2.0,,,,,,,19.0,16.5,-2.5,74.0
2021,11,11/13/21,Louisiana,Troy,47.5,48.0,45.8,-1.7,,,,,,,10.2,8.0,-2.2,56.0
2021,11,11/13/21,Minnesota,Iowa,36.5,37.0,40.0,3.5,OVER,LEAN,WIN,+,0.5,12.5,9.0,12.0,3.0,49.0
2021,11,11/13/21,Boston College,Georgia Tech,52.0,55.5,53.0,1.0,,,,,,,18.0,15.5,-2.5,71.0
2021,11,11/13/21,Purdue,Ohio State,61.5,65.0,65.3,3.8,OVER,LEAN,WIN,+,3.5,28.5,24.7,25.0,0.3,90.0
2021,11,11/13/21,Florida Atlantic,Old Dominion,49.5,48.0,45.8,-3.7,UNDER,LEAN,WIN,+,1.5,3.5,0.2,-2.0,-2.2,46.0
2021,11,11/13/21,Georgia,Tennessee,54.5,55.5,54.4,-0.1,,,,,,,3.6,2.5,-1.1,58.0
2021,11,11/13/21,Duke,Virginia Tech,48.0,50.5,53.3,5.3,OVER,STRONG,WIN,+,2.5,17.0,11.7,14.5,2.8,65.0
2021,11,11/13/21,UAB,Marshall,55.5,55.5,53.2,-2.3,,,,,,,-18.2,-20.5,-2.3,35.0
2021,11,11/13/21,Iowa State,Texas Tech,58.0,55.5,55.2,-2.8,,,,,,,23.8,23.5,-0.3,79.0
2021,11,11/13/21,Hawai'i,UNLV,57.0,55.5,46.4,-10.6,UNDER,STRONG,WIN,+,1.5,17.0,-6.4,-15.5,-9.1,40.0
2021,11,11/13/21,UTEP,North Texas,55.5,55.0,52.3,-3.2,UNDER,LEAN,WIN,+,0.5,18.5,-15.3,-18.0,-2.7,37.0
2021,11,11/13/21,Maryland,Michigan State,62.5,60.5,46.1,-16.4,UNDER,STRONG,WIN,+,2.0,1.5,14.9,0.5,-14.4,61.0
2021,11,11/13/21,Tulsa,Tulane,58.5,55.5,51.8,-6.7,UNDER,STRONG,WIN,+,3.0,25.5,-18.8,-22.5,-3.7,33.0
2021,11,11/13/21,South Carolina,Missouri,54.5,55.0,58.9,4.4,OVER,LEAN,WIN,+,0.5,4.5,0.1,4.0,3.9,59.0
2021,11,11/13/21,Arkansas State,UL Monroe,68.5,66.5,66.8,-1.7,,,,,,,-15.8,-15.5,0.3,51.0
2021,11,11/13/21,Stanford,Oregon State,56.0,56.5,47.6,-8.4,UNDER,STRONG,WIN,-,-0.5,7.0,1.4,-7.5,-8.9,49.0
2021,11,11/13/21,Texas A&M,Ole Miss,55.0,57.5,52.3,-2.7,,,,,,,-4.3,-9.5,-5.2,48.0
2021,11,11/13/21,Kentucky,Vanderbilt,52.5,52.5,50.6,-1.9,,,,,,,0.4,-1.5,-1.9,51.0
2021,11,11/13/21,New Mexico,Fresno State,50.5,51.0,48.9,-1.6,,,,,,,-7.9,-10.0,-2.1,41.0
2021,11,11/13/21,Air Force,Colorado State,45.5,45.0,52.2,6.7,OVER,STRONG,WIN,-,-0.5,10.5,3.8,11.0,7.2,56.0
2021,11,11/13/21,Arizona State,Washington,43.5,45.5,44.4,0.9,,,,,,,20.6,19.5,-1.1,65.0
2021,11,11/13/21,Notre Dame,Virginia,64.5,62.0,59.3,-5.2,UNDER,STRONG,WIN,+,2.5,33.5,-28.3,-31.0,-2.7,31.0
2021,11,11/13/21,NC State,Wake Forest,66.5,64.5,54.5,-12.0,UNDER,STRONG,LOSS,+,2.0,-20.5,32.5,22.5,-10.0,87.0
2021,11,11/13/21,Kansas,Texas,60.5,61.5,51.3,-9.2,UNDER,STRONG,LOSS,-,-1.0,-52.5,61.7,51.5,-10.2,113.0
2021,11,11/13/21,Arkansas,LSU,58.5,59.5,57.5,-1.0,,,,,,,-28.5,-30.5,-2.0,29.0
2021,11,11/13/21,TCU,Oklahoma State,54.5,54.0,47.4,-7.1,UNDER,STRONG,LOSS,+,0.5,-25.5,32.6,26.0,-6.6,80.0
2021,11,11/13/21,Colorado,UCLA,58.0,57.0,50.4,-7.6,UNDER,STRONG,LOSS,+,1.0,-6.0,13.6,7.0,-6.6,64.0
2021,11,11/13/21,Utah State,San José State,56.5,58.0,52.3,-4.2,UNDER,LEAN,LOSS,-,-1.5,-8.5,12.7,7.0,-5.7,65.0
2021,11,11/13/21,Washington State,Oregon,56.5,57.5,47.0,-9.5,UNDER,STRONG,LOSS,-,-1.0,-5.5,15.0,4.5,-10.5,62.0
2021,11,11/13/21,Nevada,San Diego State,46.0,45.0,48.9,2.9,,,,,,,-4.9,-1.0,3.9,44.0
2021,12,11/16/21,Toledo,Ohio,54.0,57.5,54.3,0.3,,,,,,,3.7,0.5,-3.2,58.0
2021,12,11/16/21,Western Michigan,Eastern Michigan,68.5,66.0,59.4,-9.1,UNDER,STRONG,WIN,+,2.5,25.5,-16.4,-23.0,-6.6,43.0
2021,12,11/16/21,Bowling Green,Miami (OH),50.5,52.0,46.7,-3.8,UNDER,LEAN,WIN,-,-1.5,9.5,-5.7,-11.0,-5.3,41.0
2021,12,11/17/21,Northern Illinois,Buffalo,64.5,59.0,60.9,-3.6,UNDER,LEAN,WIN,+,5.5,4.5,-0.9,1.0,1.9,60.0
2021,12,11/17/21,Central Michigan,Ball State,62.0,57.0,45.6,-16.4,UNDER,STRONG,WIN,+,5.0,8.0,8.4,-3.0,-11.4,54.0
2021,12,11/18/21,Louisville,Duke,59.5,60.5,57.7,-1.8,,,,,,,26.3,23.5,-2.8,84.0
2021,12,11/19/21,Southern Miss,Louisiana Tech,51.0,47.5,45.3,-5.7,UNDER,STRONG,LOSS,+,3.5,-3.0,8.7,6.5,-2.2,54.0
2021,12,11/19/21,Arizona,Washington State,52.5,52.5,51.5,-1.0,,,,,,,10.5,9.5,-1.0,62.0
2021,12,11/19/21,Memphis,Houston,60.5,59.0,58.1,-2.4,,,,,,,-14.1,-15.0,-0.9,44.0
2021,12,11/19/21,Air Force,Nevada,52.5,54.5,63.6,11.1,OVER,STRONG,WIN,+,2.0,27.5,16.4,25.5,9.1,80.0
2021,12,11/19/21,San Diego State,UNLV,41.0,41.0,39.5,-1.5,,,,,,,8.5,7.0,-1.5,48.0
2021,12,11/20/21,Michigan State,Ohio State,67.5,70.5,56.6,-10.9,UNDER,STRONG,WIN,-,-3.0,4.5,6.4,-7.5,-13.9,63.0
2021,12,11/20/21,Purdue,Northwestern,48.5,47.5,56.1,7.6,OVER,STRONG,LOSS,-,-1.0,-2.5,-10.1,-1.5,8.6,46.0
2021,12,11/20/21,Rutgers,Penn State,47.5,45.0,42.7,-4.8,UNDER,LEAN,WIN,+,2.5,19.5,-14.7,-17.0,-2.3,28.0
2021,12,11/20/21,New Mexico State,Kentucky,59.5,61.0,54.3,-5.2,UNDER,STRONG,LOSS,-,-1.5,-12.5,17.7,11.0,-6.7,72.0
2021,12,11/20/21,Iowa State,Oklahoma,60.0,59.0,56.2,-3.8,UNDER,LEAN,WIN,+,1.0,11.0,-7.2,-10.0,-2.8,49.0
2021,12,11/20/21,Florida Atlantic,Western Kentucky,64.5,64.0,56.5,-8.0,UNDER,STRONG,LOSS,+,0.5,-4.5,12.5,5.0,-7.5,69.0
2021,12,11/20/21,Kent State,Akron,74.0,72.5,53.5,-20.5,UNDER,STRONG,WIN,+,1.5,36.0,-15.5,-34.5,-19.0,38.0
2021,12,11/20/21,Florida State,Boston College,54.0,55.5,47.6,-6.4,UNDER,STRONG,WIN,-,-1.5,5.0,1.4,-6.5,-7.9,49.0
2021,12,11/20/21,Texas,West Virginia,58.0,56.5,46.4,-11.6,UNDER,STRONG,WIN,+,1.5,4.0,7.6,-2.5,-10.1,54.0
2021,12,11/20/21,Massachusetts,Army,57.0,56.0,52.6,-4.4,UNDER,LEAN,WIN,+,1.0,7.0,-2.6,-6.0,-3.4,50.0
2021,12,11/20/21,Wake Forest,Clemson,55.0,57.0,50.1,-4.9,UNDER,LEAN,LOSS,-,-2.0,-20.0,24.9,18.0,-6.9,75.0
2021,12,11/20/21,South Florida,Tulane,61.0,59.5,54.0,-7.0,UNDER,STRONG,WIN,+,1.5,2.0,5.0,-0.5,-5.5,59.0
2021,12,11/20/21,Texas State,Coastal Carolina,59.0,60.0,53.1,-5.9,UNDER,STRONG,WIN,-,-1.0,3.0,2.9,-4.0,-6.9,56.0
2021,12,11/20/21,Arkansas State,Georgia State,62.5,65.5,71.9,9.4,OVER,STRONG,LOSS,+,3.0,-14.5,-23.9,-17.5,6.4,48.0
2021,12,11/20/21,Illinois,Iowa,37.5,38.5,37.4,-0.1,,,,,,,18.6,17.5,-1.1,56.0
2021,12,11/20/21,Georgia Tech,Notre Dame,60.0,58.0,53.7,-6.3,UNDER,STRONG,WIN,+,2.0,5.0,1.3,-3.0,-4.3,55.0
2021,12,11/20/21,Washington,Colorado,43.0,43.0,53.8,10.8,OVER,STRONG,LOSS,-,0.0,-6.0,-16.8,-6.0,10.8,37.0
2021,12,11/20/21,UAB,UTSA,53.0,53.5,49.3,-3.7,UNDER,LEAN,LOSS,-,-0.5,-12.0,15.7,11.5,-4.2,65.0
2021,12,11/20/21,SMU,Cincinnati,65.0,65.5,54.1,-10.9,UNDER,STRONG,WIN,-,-0.5,3.0,7.9,-3.5,-11.4,62.0
2021,12,11/20/21,East Carolina,Navy,46.5,46.5,49.7,3.2,OVER,LEAN,WIN,-,0.0,26.5,23.3,26.5,3.2,73.0
2021,12,11/20/21,Michigan,Maryland,55.0,57.5,55.7,0.7,,,,,,,21.3,19.5,-1.8,77.0
2021,12,11/20/21,App State,Troy,51.5,51.5,48.5,-3.0,UNDER,LEAN,LOSS,-,0.0,-0.5,3.5,0.5,-3.0,52.0
2021,12,11/20/21,Virginia,Pittsburgh,66.5,66.5,62.7,-3.8,UNDER,LEAN,LOSS,-,0.0,-19.5,23.3,19.5,-3.8,86.0
2021,12,11/20/21,Nebraska,Wisconsin,42.0,43.5,43.4,1.4,,,,,,,19.6,19.5,-0.1,63.0
2021,12,11/20/21,Old Dominion,Middle Tennessee,50.5,49.0,43.5,-7.0,UNDER,STRONG,WIN,+,1.5,9.5,-2.5,-8.0,-5.5,41.0
2021,12,11/20/21,Minnesota,Indiana,43.5,43.5,44.3,0.8,,,,,,,4.7,5.5,0.8,49.0
2021,12,11/20/21,Arkansas,Alabama,56.0,58.5,51.8,-4.2,UNDER,LEAN,LOSS,-,-2.5,-21.0,25.2,18.5,-6.7,77.0
2021,12,11/20/21,Marshall,Charlotte,61.5,62.0,61.0,-0.5,,,,,,,16.0,15.0,-1.0,77.0
2021,12,11/20/21,UConn,UCF,56.5,55.5,49.5,-7.0,UNDER,STRONG,LOSS,+,1.0,-9.5,16.5,10.5,-6.0,66.0
2021,12,11/20/21,UCLA,USC,65.0,65.5,59.0,-6.0,UNDER,STRONG,LOSS,-,-0.5,-30.0,36.0,29.5,-6.5,95.0
2021,12,11/20/21,Temple,Tulsa,50.5,50.5,51.7,1.2,,,,,,,2.3,3.5,1.2,54.0
2021,12,11/20/21,Rice,UTEP,47.5,47.0,46.7,-0.8,,,,,,,19.3,19.0,-0.3,66.0
2021,12,11/20/21,Florida,Missouri,69.5,69.0,59.9,-9.6,UNDER,STRONG,WIN,+,0.5,22.5,-12.9,-22.0,-9.1,47.0
2021,12,11/20/21,Kansas,TCU,66.5,64.5,60.0,-6.5,UNDER,STRONG,WIN,+,2.0,7.5,-1.0,-5.5,-4.5,59.0
2021,12,11/20/21,Louisiana,Liberty,53.0,53.5,50.6,-2.4,,,,,,,5.4,2.5,-2.9,56.0
2021,12,11/20/21,BYU,Georgia Southern,57.0,57.5,51.9,-5.1,UNDER,STRONG,WIN,-,-0.5,6.0,-0.9,-6.5,-5.6,51.0
2021,12,11/20/21,Syracuse,NC State,50.5,49.5,42.0,-8.5,UNDER,STRONG,LOSS,+,1.0,-7.5,16.0,8.5,-7.5,58.0
2021,12,11/20/21,Baylor,Kansas State,50.0,50.0,48.6,-1.4,,,,,,,-18.6,-20.0,-1.4,30.0
2021,12,11/20/21,California,Stanford,43.5,46.0,55.0,11.5,OVER,STRONG,WIN,+,2.5,8.5,-3.0,6.0,9.0,52.0
2021,12,11/20/21,Auburn,South Carolina,47.5,45.0,50.5,3.0,OVER,LEAN,LOSS,-,-2.5,-9.5,-12.5,-7.0,5.5,38.0
2021,12,11/20/21,North Texas,Florida International,59.0,57.5,58.6,-0.4,,,,,,,-2.6,-1.5,1.1,56.0
2021,12,11/20/21,Virginia Tech,Miami,55.0,55.5,50.9,-4.1,UNDER,LEAN,LOSS,-,-0.5,-9.0,13.1,8.5,-4.6,64.0
2021,12,11/20/21,Vanderbilt,Ole Miss,64.0,65.5,63.8,-0.2,,,,,,,-15.8,-17.5,-1.7,48.0
2021,12,11/20/21,South Alabama,Tennessee,64.0,61.5,51.9,-12.1,UNDER,STRONG,LOSS,+,2.5,-10.0,22.1,12.5,-9.6,74.0
2021,12,11/20/21,Oregon,Utah,59.0,58.5,48.8,-10.2,UNDER,STRONG,WIN,+,0.5,14.0,-3.8,-13.5,-9.7,45.0
2021,12,11/20/21,Oklahoma State,Texas Tech,56.5,55.0,47.4,-9.1,UNDER,STRONG,WIN,+,1.5,33.5,-24.4,-32.0,-7.6,23.0
2021,12,11/20/21,Wyoming,Utah State,53.0,52.0,52.9,-0.1,,,,,,,8.1,9.0,0.9,61.0
2021,12,11/20/21,New Mexico,Boise State,48.0,48.0,47.3,-0.7,,,,,,,-10.3,-11.0,-0.7,37.0
2021,12,11/20/21,UL Monroe,LSU,56.5,57.5,49.5,-7.0,UNDER,STRONG,WIN,-,-1.0,15.5,-8.5,-16.5,-8.0,41.0
2021,12,11/20/21,Arizona State,Oregon State,60.0,59.0,48.7,-11.3,UNDER,STRONG,WIN,+,1.0,26.0,-14.7,-25.0,-10.3,34.0
2021,12,11/20/21,Colorado State,Hawai'i,54.5,53.5,49.5,-5.0,UNDER,STRONG,LOSS,+,1.0,-40.5,45.5,41.5,-4.0,95.0
2021,13,11/23/21,Buffalo,Ball State,58.5,59.5,55.6,-2.9,,,,,,,-32.6,-36.5,-3.9,23.0
2021,13,11/23/21,Western Michigan,Northern Illinois,62.5,58.5,61.6,-0.9,,,,,,,1.4,4.5,3.1,63.0
2021,13,11/25/21,Fresno State,San José State,52.5,52.5,50.7,-1.8,,,,,,,-1.7,-3.5,-1.8,49.0
2021,13,11/25/21,Ole Miss,Mississippi State,60.5,65.0,62.0,1.5,,,,,,,-10.0,-13.0,-3.0,52.0
2021,13,11/26/21,Eastern Michigan,Central Michigan,64.0,63.5,58.6,-5.4,UNDER,STRONG,WIN,+,0.5,23.0,-17.6,-22.5,-4.9,41.0
2021,13,11/26/21,Boise State,San Diego State,44.0,44.5,42.1,-1.9,,,,,,,0.9,-1.5,-2.4,43.0
2021,13,11/26/21,Kansas State,Texas,52.0,54.5,49.5,-2.5,,,,,,,-10.5,-15.5,-5.0,39.0
2021,13,11/26/21,Ohio,Bowling Green,48.5,48.5,52.6,4.1,OVER,LEAN,LOSS,-,0.0,-17.5,-21.6,-17.5,4.1,31.0
2021,13,11/26/21,Utah State,New Mexico,49.5,48.0,49.4,-0.1,,,,,,,-4.4,-3.0,1.4,45.0
2021,13,11/26/21,Iowa,Nebraska,44.5,41.0,44.8,0.3,,,,,,,4.2,8.0,3.8,49.0
2021,13,11/26/21,UTEP,UAB,49.5,50.5,51.0,1.5,,,,,,,16.0,16.5,0.5,67.0
2021,13,11/26/21,UNLV,Air Force,49.5,49.5,48.0,-1.5,,,,,,,14.0,12.5,-1.5,62.0
2021,13,11/26/21,South Florida,UCF,62.0,62.0,56.1,-5.9,UNDER,STRONG,WIN,-,0.0,32.0,-26.1,-32.0,-5.9,30.0
2021,13,11/26/21,Coastal Carolina,South Alabama,57.0,55.0,55.4,-1.6,,,,,,,-7.4,-7.0,0.4,48.0
2021,13,11/26/21,Missouri,Arkansas,62.5,63.5,56.1,-6.4,UNDER,STRONG,WIN,-,-1.0,11.5,-5.1,-12.5,-7.4,51.0
2021,13,11/26/21,Cincinnati,East Carolina,58.0,56.5,56.0,-2.0,,,,,,,-8.0,-8.5,-0.5,48.0
2021,13,11/26/21,Colorado,Utah,52.5,52.5,45.6,-6.9,UNDER,STRONG,WIN,-,0.0,11.5,-4.6,-11.5,-6.9,41.0
2021,13,11/26/21,TCU,Iowa State,58.5,61.5,61.1,2.6,,,,,,,0.9,0.5,-0.4,62.0
2021,13,11/26/21,North Carolina,NC State,63.0,61.0,55.5,-7.5,UNDER,STRONG,LOSS,+,2.0,-1.0,8.5,3.0,-5.5,64.0
2021,13,11/26/21,Washington State,Washington,43.5,45.0,47.1,3.6,OVER,LEAN,WIN,+,1.5,9.5,5.9,8.0,2.1,53.0
2021,13,11/27/21,Florida State,Florida,59.0,58.5,51.5,-7.5,UNDER,STRONG,WIN,+,0.5,14.0,-6.5,-13.5,-7.0,45.0
2021,13,11/27/21,Akron,Toledo,57.5,57.5,52.0,-5.5,UNDER,STRONG,LOSS,-,0.0,-5.5,11.0,5.5,-5.5,63.0
2021,13,11/27/21,Ohio State,Michigan,66.0,64.5,67.3,1.3,,,,,,,1.7,4.5,2.8,69.0
2021,13,11/27/21,Houston,UConn,57.5,54.5,47.9,-9.6,UNDER,STRONG,LOSS,+,3.0,-4.5,14.1,7.5,-6.6,62.0
2021,13,11/27/21,Army,Liberty,54.0,52.5,53.4,-0.6,,,,,,,-6.4,-5.5,0.9,47.0
2021,13,11/27/21,Wake Forest,Boston College,64.5,64.5,58.2,-6.3,UNDER,STRONG,WIN,-,0.0,13.5,-7.2,-13.5,-6.3,51.0
2021,13,11/27/21,Navy,Temple,43.5,42.5,49.1,5.6,OVER,STRONG,WIN,-,-1.0,8.5,2.9,9.5,6.6,52.0
2021,13,11/27/21,Georgia,Georgia Tech,54.5,54.5,56.0,1.5,,,,,,,-11.0,-9.5,1.5,45.0
2021,13,11/27/21,Maryland,Rutgers,53.0,53.0,50.2,-2.8,,,,,,,5.8,3.0,-2.8,56.0
2021,13,11/27/21,Miami (OH),Kent State,65.0,67.0,54.5,-10.5,UNDER,STRONG,LOSS,-,-2.0,-30.0,40.5,28.0,-12.5,95.0
2021,13,11/27/21,Texas Tech,Baylor,52.0,51.5,49.1,-2.9,,,,,,,1.9,-0.5,-2.4,51.0
2021,13,11/27/21,Miami,Duke,68.0,67.0,57.0,-11.0,UNDER,STRONG,WIN,+,1.0,11.0,0.0,-10.0,-10.0,57.0
2021,13,11/27/21,Louisiana Tech,Rice,53.5,52.5,48.1,-5.4,UNDER,STRONG,LOSS,+,1.0,-12.5,17.9,13.5,-4.4,66.0
2021,13,11/27/21,Charlotte,Old Dominion,56.0,55.5,50.0,-6.0,UNDER,STRONG,LOSS,+,0.5,-34.0,40.0,34.5,-5.5,90.0
2021,13,11/27/21,UTSA,North Texas,59.5,59.5,58.6,-0.9,,,,,,,9.4,8.5,-0.9,68.0
2021,13,11/27/21,Troy,Georgia State,49.5,49.5,47.0,-2.5,,,,,,,0.0,-2.5,-2.5,47.0
2021,13,11/27/21,Texas State,Arkansas State,61.5,62.5,62.6,1.1,,,,,,,-16.6,-16.5,0.1,46.0
2021,13,11/27/21,Georgia Southern,App State,55.5,55.0,51.6,-3.9,UNDER,LEAN,WIN,+,0.5,25.5,-21.6,-25.0,-3.4,30.0
2021,13,11/27/21,Florida International,Southern Miss,46.0,46.0,47.6,1.6,,,,,,,6.4,8.0,1.6,54.0
2021,13,11/27/21,Massachusetts,New Mexico State,58.0,59.0,54.5,-3.5,UNDER,LEAN,LOSS,-,-1.0,-13.0,16.5,12.0,-4.5,71.0
2021,13,11/27/21,Hawai'i,Wyoming,47.5,48.5,49.8,2.3,,,,,,,2.2,3.5,1.3,52.0
2021,13,11/27/21,Penn State,Michigan State,52.0,51.5,42.5,-9.5,UNDER,STRONG,LOSS,+,0.5,-5.0,14.5,5.5,-9.0,57.0
2021,13,11/27/21,Western Kentucky,Marshall,75.5,75.0,60.9,-14.6,UNDER,STRONG,WIN,+,0.5,1.5,13.1,-1.0,-14.1,74.0
2021,13,11/27/21,Northwestern,Illinois,42.5,44.5,41.2,-1.3,,,,,,,19.8,16.5,-3.3,61.0
2021,13,11/27/21,Alabama,Auburn,55.0,57.0,57.8,2.8,,,,,,,-11.8,-11.0,0.8,46.0
2021,13,11/27/21,Indiana,Purdue,50.0,50.5,49.5,-0.5,,,,,,,1.5,0.5,-1.0,51.0
2021,13,11/27/21,Oregon State,Oregon,61.5,61.5,51.6,-9.9,UNDER,STRONG,LOSS,-,0.0,-5.5,15.4,5.5,-9.9,67.0
2021,13,11/27/21,Virginia Tech,Virginia,62.5,63.5,62.1,-0.4,,,,,,,-9.1,-10.5,-1.4,53.0
2021,13,11/27/21,Vanderbilt,Tennessee,62.5,64.5,58.1,-4.4,UNDER,LEAN,LOSS,-,-2.0,-3.5,7.9,1.5,-6.4,66.0
2021,13,11/27/21,Wisconsin,Minnesota,38.5,39.0,40.4,1.9,,,,,,,-4.4,-3.0,1.4,36.0
2021,13,11/27/21,Tulsa,SMU,62.5,62.5,55.8,-6.7,UNDER,STRONG,LOSS,-,0.0,-2.5,9.2,2.5,-6.7,65.0
2021,13,11/27/21,Arizona,Arizona State,52.0,53.0,47.5,-4.5,UNDER,LEAN,LOSS,-,-1.0,-1.0,5.5,0.0,-5.5,53.0
2021,13,11/27/21,UL Monroe,Louisiana,54.5,55.0,48.4,-6.1,UNDER,STRONG,WIN,-,-0.5,17.5,-11.4,-18.0,-6.6,37.0
2021,13,11/27/21,West Virginia,Kansas,55.5,55.5,46.1,-9.4,UNDER,STRONG,LOSS,-,0.0,-6.5,15.9,6.5,-9.4,62.0
2021,13,11/27/21,Middle Tennessee,Florida Atlantic,49.5,49.5,49.4,-0.1,,,,,,,-5.4,-5.5,-0.1,44.0
2021,13,11/27/21,Texas A&M,LSU,45.5,46.5,48.4,2.9,,,,,,,2.6,4.5,1.9,51.0
2021,13,11/27/21,Pittsburgh,Syracuse,58.5,58.5,45.7,-12.8,UNDER,STRONG,WIN,-,0.0,13.5,-0.7,-13.5,-12.8,45.0
2021,13,11/27/21,Tulane,Memphis,57.5,58.0,51.5,-6.0,UNDER,STRONG,LOSS,-,-0.5,-3.5,9.5,3.0,-6.5,61.0
2021,13,11/27/21,Clemson,South Carolina,43.0,42.5,42.8,-0.2,,,,,,,-12.8,-12.5,0.3,30.0
2021,13,11/27/21,Kentucky,Louisville,57.0,57.5,57.3,0.3,,,,,,,15.7,15.5,-0.2,73.0
2021,13,11/27/21,Oklahoma,Oklahoma State,50.5,49.5,46.8,-3.7,UNDER,LEAN,LOSS,+,1.0,-19.5,23.2,20.5,-2.7,70.0
2021,13,11/27/21,Notre Dame,Stanford,52.5,53.0,51.0,-1.5,,,,,,,8.0,6.0,-2.0,59.0
2021,13,11/27/21,Nevada,Colorado State,55.5,58.0,55.7,0.2,,,,,,,6.3,4.0,-2.3,62.0
2021,13,11/27/21,California,UCLA,57.5,58.5,50.3,-7.2,UNDER,STRONG,WIN,-,-1.0,1.5,5.7,-2.5,-8.2,56.0
2021,13,11/27/21,BYU,USC,64.5,65.5,63.3,-1.2,,,,,,,2.7,0.5,-2.2,66.0
2021,14,12/03/21,Western Kentucky,UTSA,72.0,74.5,61.0,-11.0,UNDER,STRONG,LOSS,-,-2.5,-18.0,29.0,15.5,-13.5,90.0
2021,14,12/03/21,Oregon,Utah,60.0,57.5,49.0,-11.0,UNDER,STRONG,WIN,+,2.5,12.0,-1.0,-9.5,-8.5,48.0
2021,14,12/04/21,Kent State,Northern Illinois,72.0,75.5,66.1,-5.9,UNDER,STRONG,WIN,-,-3.5,8.0,-2.1,-11.5,-9.4,64.0
2021,14,12/04/21,Baylor,Oklahoma State,48.0,45.0,42.6,-5.4,UNDER,STRONG,WIN,+,3.0,11.0,-5.6,-8.0,-2.4,37.0
2021,14,12/04/21,Utah State,San Diego State,50.5,49.5,43.8,-6.7,UNDER,STRONG,LOSS,+,1.0,-8.5,15.2,9.5,-5.7,59.0
2021,14,12/04/21,App State,Louisiana,52.5,52.0,50.0,-2.5,,,,,,,-10.0,-12.0,-2.0,40.0
2021,14,12/04/21,Houston,Cincinnati,55.5,52.5,48.9,-6.6,UNDER,STRONG,WIN,+,3.0,0.5,6.1,2.5,-3.6,55.0
2021,14,12/04/21,Georgia,Alabama,52.0,49.0,58.2,6.2,OVER,STRONG,WIN,-,-3.0,13.0,6.8,16.0,9.2,65.0
2021,14,12/04/21,Pittsburgh,Wake Forest,72.0,72.5,56.0,-16.0,UNDER,STRONG,WIN,-,-0.5,6.0,10.0,-6.5,-16.5,66.0
2021,14,12/04/21,Michigan,Iowa,44.0,44.0,40.5,-3.5,UNDER,LEAN,LOSS,-,0.0,-1.0,4.5,1.0,-3.5,45.0
2021,14,12/04/21,USC,California,57.5,57.5,56.0,-1.5,,,,,,,-18.0,-19.5,-1.5,38.0
2021,15,12/11/21,Navy,Army,36.0,35.5,42.2,6.2,OVER,STRONG,LOSS,-,-0.5,-6.0,-12.2,-5.5,6.7,30.0
2022,1,08/27/22,Nebraska,Northwestern,52.0,52.0,54.6,2.6,,,,,,,4.4,7.0,2.6,59.0
2022,1,08/27/22,UConn,Utah State,60.5,59.5,55.4,-5.1,UNDER,STRONG,WIN,+,1.0,9.5,-4.4,-8.5,-4.1,51.0
2022,1,08/27/22,Wyoming,Illinois,46.5,42.5,51.0,4.5,OVER,LEAN,LOSS,-,-4.0,-2.5,-7.0,1.5,8.5,44.0
2022,1,08/27/22,Charlotte,Florida Atlantic,57.5,60.0,58.0,0.5,,,,,,,-2.0,-4.0,-2.0,56.0
2022,1,08/27/22,North Texas,UTEP,57.0,52.5,56.7,-0.3,,,,,,,-12.7,-8.5,4.2,44.0
2022,1,08/27/22,Nevada,New Mexico State,55.5,48.0,58.6,3.1,OVER,LEAN,LOSS,-,-7.5,-20.5,-23.6,-13.0,10.6,35.0
2022,1,08/27/22,Vanderbilt,Hawai'i,55.0,54.5,57.7,2.7,,,,,,,15.3,18.5,3.2,73.0
2022,1,09/01/22,Ball State,Tennessee,68.0,66.5,65.2,-2.8,,,,,,,3.8,2.5,-1.3,69.0
2022,1,09/01/22,West Virginia,Pittsburgh,55.0,51.0,54.8,-0.2,,,,,,,14.2,18.0,3.8,69.0
2022,1,09/01/22,Central Michigan,Oklahoma State,59.5,58.0,55.0,-4.5,UNDER,LEAN,LOSS,+,1.5,-42.5,47.0,44.0,-3.0,102.0
2022,1,09/01/22,Penn State,Purdue,55.0,53.5,56.0,1.0,,,,,,,10.0,12.5,2.5,66.0
2022,1,09/01/22,Louisiana Tech,Missouri,58.5,62.5,57.0,-1.5,,,,,,,19.0,13.5,-5.5,76.0
2022,1,09/01/22,New Mexico State,Minnesota,57.5,52.5,60.7,3.2,OVER,LEAN,LOSS,-,-5.0,-19.5,-22.7,-14.5,8.2,38.0
2022,1,09/02/22,Virginia Tech,Old Dominion,52.5,48.5,56.6,4.1,OVER,LEAN,LOSS,-,-4.0,-15.5,-19.6,-11.5,8.1,37.0
2022,1,09/02/22,Western Michigan,Michigan State,54.5,54.5,56.2,1.7,,,,,,,-8.2,-6.5,1.7,48.0
2022,1,09/02/22,Temple,Duke,54.0,51.5,58.2,4.2,OVER,LEAN,LOSS,-,-2.5,-24.0,-28.2,-21.5,6.7,30.0
2022,1,09/02/22,Illinois,Indiana,48.5,47.5,52.8,4.3,OVER,LEAN,LOSS,-,-1.0,-5.5,-9.8,-4.5,5.3,43.0
2022,1,09/02/22,TCU,Colorado,54.5,59.5,57.8,3.3,OVER,LEAN,LOSS,+,5.0,-3.5,-6.8,-8.5,-1.7,51.0
2022,1,09/03/22,NC State,East Carolina,57.5,51.5,56.5,-1.0,,,,,,,-15.5,-10.5,5.0,41.0
2022,1,09/03/22,Rutgers,Boston College,52.0,47.5,51.7,-0.3,,,,,,,-8.7,-4.5,4.2,43.0
2022,1,09/03/22,North Carolina,App State,57.0,56.5,60.8,3.8,OVER,LEAN,WIN,-,-0.5,67.0,63.2,67.5,4.3,124.0
2022,1,09/03/22,Buffalo,Maryland,64.5,65.5,58.9,-5.6,UNDER,STRONG,WIN,-,-1.0,23.5,-17.9,-24.5,-6.6,41.0
2022,1,09/03/22,Colorado State,Michigan,57.5,60.5,60.0,2.5,,,,,,,-2.0,-2.5,-0.5,58.0
2022,1,09/03/22,Bowling Green,UCLA,55.5,56.5,59.5,4.0,OVER,LEAN,WIN,+,1.0,6.5,2.5,5.5,3.0,62.0
2022,1,09/03/22,Tulsa,Wyoming,46.5,46.0,54.9,8.4,OVER,STRONG,WIN,-,-0.5,30.5,22.1,31.0,8.9,77.0
2022,1,09/03/22,Houston,UTSA,59.0,62.0,59.8,0.8,,,,,,,12.2,10.0,-2.2,72.0
2022,1,09/03/22,UTEP,Oklahoma,56.5,58.0,57.8,1.3,,,,,,,0.2,0.0,-0.2,58.0
2022,1,09/03/22,Cincinnati,Arkansas,54.0,54.5,53.5,-0.5,,,,,,,1.5,0.5,-1.0,55.0
2022,1,09/03/22,Arizona,San Diego State,49.5,46.5,50.7,1.2,,,,,,,7.3,11.5,4.2,58.0
2022,1,09/03/22,Oregon,Georgia,51.0,54.5,60.7,9.7,OVER,STRONG,WIN,+,3.5,1.0,-8.7,-2.5,6.2,52.0
2022,1,09/03/22,BYU,South Florida,57.5,58.5,60.5,3.0,OVER,LEAN,WIN,+,1.0,13.5,10.5,12.5,2.0,71.0
2022,1,09/03/22,Troy,Ole Miss,61.0,57.0,57.6,-3.4,UNDER,LEAN,WIN,+,4.0,23.0,-19.6,-19.0,0.6,38.0
2022,1,09/03/22,Texas State,Nevada,56.5,51.5,55.0,-1.5,,,,,,,-3.0,0.5,3.5,52.0
2022,1,09/03/22,Florida Atlantic,Ohio,48.5,51.0,59.0,10.5,OVER,STRONG,WIN,+,2.5,30.5,20.0,28.0,8.0,79.0
2022,1,09/03/22,Middle Tennessee,James Madison,58.5,60.5,56.6,-1.9,,,,,,,-5.6,-9.5,-3.9,51.0
2022,1,09/03/22,Rice,USC,64.5,61.5,56.0,-8.5,UNDER,STRONG,LOSS,+,3.0,-15.5,24.0,18.5,-5.5,80.0
2022,1,09/03/22,Massachusetts,Tulane,60.5,58.5,61.5,1.0,,,,,,,-9.5,-6.5,3.0,52.0
2022,1,09/03/22,Liberty,Southern Miss,53.5,50.0,53.9,0.4,,,,,,,2.1,6.0,3.9,56.0
2022,1,09/03/22,Army,Coastal Carolina,55.0,54.0,54.9,-0.1,,,,,,,11.1,12.0,0.9,66.0
2022,1,09/03/22,Miami (OH),Kentucky,49.5,55.0,57.6,8.1,OVER,STRONG,WIN,+,5.5,0.5,-7.6,-5.0,2.6,50.0
2022,1,09/03/22,Utah,Florida,52.5,51.5,57.1,4.6,OVER,LEAN,WIN,-,-1.0,2.5,-2.1,3.5,5.6,55.0
2022,1,09/03/22,Utah State,Alabama,62.5,63.0,72.4,9.9,OVER,STRONG,LOSS,+,0.5,-7.5,-17.4,-8.0,9.4,55.0
2022,1,09/03/22,Georgia State,South Carolina,56.0,55.0,54.3,-1.7,,,,,,,-5.3,-6.0,-0.7,49.0
2022,1,09/03/22,SMU,North Texas,71.0,67.5,57.7,-13.3,UNDER,STRONG,WIN,+,3.5,13.0,0.3,-9.5,-9.8,58.0
2022,1,09/03/22,Memphis,Mississippi State,56.5,58.0,57.5,1.0,,,,,,,14.5,14.0,-0.5,72.0
2022,1,09/03/22,Notre Dame,Ohio State,58.0,58.5,65.7,7.7,OVER,STRONG,LOSS,+,0.5,-27.0,-34.7,-27.5,7.2,31.0
2022,1,09/03/22,Louisville,Syracuse,59.5,55.0,54.8,-4.7,UNDER,LEAN,WIN,+,4.5,21.5,-16.8,-17.0,-0.2,38.0
2022,1,09/03/22,UL Monroe,Texas,67.0,64.5,60.3,-6.7,UNDER,STRONG,WIN,+,2.5,5.0,1.7,-2.5,-4.2,62.0
2022,1,09/03/22,Kent State,Washington,63.0,61.5,57.1,-5.9,UNDER,STRONG,LOSS,+,1.5,-2.0,7.9,3.5,-4.4,65.0
2022,1,09/03/22,Boise State,Oregon State,60.5,55.5,60.8,0.3,,,,,,,-9.8,-4.5,5.3,51.0
2022,1,09/03/22,Western Kentucky,Hawai'i,62.5,67.5,63.6,1.1,,,,,,,2.4,-1.5,-3.9,66.0
2022,1,09/04/22,LSU,Florida State,51.5,51.0,52.9,1.4,,,,,,,-5.9,-4.0,1.9,47.0
2022,1,09/05/22,Clemson,Georgia Tech,51.0,51.5,52.5,1.5,,,,,,,-1.5,-0.5,1.0,51.0
2022,1,12/16/22,Miami (OH),UAB,44.0,46.0,56.5,12.5,OVER,STRONG,PUSH,+,2.0,0.0,-12.5,-2.0,10.5,44.0
2022,1,12/16/22,UTSA,Troy,55.0,56.5,57.9,2.9,,,,,,,-27.9,-26.5,1.4,30.0
2022,1,12/17/22,Cincinnati,Louisville,43.5,38.5,56.6,13.1,OVER,STRONG,LOSS,-,-5.0,-12.5,-25.6,-7.5,18.1,31.0
2022,1,12/17/22,Florida,Oregon State,55.5,51.5,60.3,4.8,OVER,LEAN,LOSS,-,-4.0,-22.5,-27.3,-18.5,8.8,33.0
2022,1,12/17/22,Washington State,Fresno State,54.0,54.0,60.8,6.8,OVER,STRONG,LOSS,-,0.0,-19.0,-25.8,-19.0,6.8,35.0
2022,1,12/17/22,Rice,Southern Miss,48.0,45.5,53.9,5.9,OVER,STRONG,WIN,-,-2.5,14.0,8.1,16.5,8.4,62.0
2022,1,12/17/22,SMU,BYU,74.0,65.0,63.3,-10.7,UNDER,STRONG,WIN,+,9.0,27.0,-16.3,-18.0,-1.7,47.0
2022,1,12/17/22,North Texas,Boise State,55.5,63.0,54.1,-1.4,,,,,,,12.9,4.0,-8.9,67.0
2022,1,12/19/22,Marshall,UConn,40.0,42.0,55.5,15.5,OVER,STRONG,WIN,+,2.0,2.0,-13.5,0.0,13.5,42.0
2022,1,12/20/22,Eastern Michigan,San José State,53.5,54.0,54.9,1.4,,,,,,,13.1,14.0,0.9,68.0
2022,1,12/20/22,Liberty,Toledo,54.0,51.0,54.5,0.5,,,,,,,-14.5,-11.0,3.5,40.0
2022,1,12/21/22,Western Kentucky,South Alabama,60.5,57.5,58.4,-2.1,,,,,,,8.6,9.5,0.9,67.0
2022,1,12/22/22,Baylor,Air Force,47.0,42.5,52.3,5.3,OVER,STRONG,LOSS,-,-4.5,-2.0,-7.3,2.5,9.8,45.0
2022,1,12/23/22,Louisiana,Houston,60.5,56.5,54.9,-5.6,UNDER,STRONG,WIN,+,4.0,21.5,-15.9,-17.5,-1.6,39.0
2022,1,12/23/22,Wake Forest,Missouri,62.0,58.5,61.8,-0.2,,,,,,,-17.8,-14.5,3.3,44.0
2022,1,12/24/22,Middle Tennessee,San Diego State,47.0,47.5,50.4,3.4,OVER,LEAN,WIN,+,0.5,1.0,-2.4,0.5,2.9,48.0
2022,1,12/26/22,New Mexico State,Bowling Green,49.5,50.5,57.7,8.2,OVER,STRONG,LOSS,+,1.0,-6.5,-14.7,-7.5,7.2,43.0
2022,1,12/27/22,Georgia Southern,Buffalo,63.5,66.5,56.3,-7.2,UNDER,STRONG,WIN,-,-3.0,19.5,-12.3,-22.5,-10.2,44.0
2022,1,12/27/22,Memphis,Utah State,61.5,57.0,63.6,2.1,,,,,,,-15.6,-9.0,6.6,48.0
2022,1,12/27/22,Coastal Carolina,East Carolina,63.0,67.0,59.4,-3.6,UNDER,LEAN,LOSS,-,-4.0,-19.0,22.6,15.0,-7.6,82.0
2022,1,12/27/22,Wisconsin,Oklahoma State,48.5,45.0,49.3,0.8,,,,,,,-8.3,-4.0,4.3,41.0
2022,1,12/28/22,UCF,Duke,61.5,62.5,57.7,-3.8,UNDER,LEAN,WIN,-,-1.0,18.5,-14.7,-19.5,-4.8,43.0
2022,1,12/28/22,Kansas,Arkansas,67.5,70.0,57.2,-10.3,UNDER,STRONG,LOSS,-,-2.5,-40.5,50.8,38.0,-12.8,108.0
2022,1,12/28/22,Oregon,North Carolina,74.0,76.0,59.2,-14.8,UNDER,STRONG,WIN,-,-2.0,19.0,-4.2,-21.0,-16.8,55.0
2022,1,12/28/22,Texas Tech,Ole Miss,65.5,72.5,58.5,-7.0,UNDER,STRONG,LOSS,-,-7.0,-1.5,8.5,-5.5,-14.0,67.0
2022,1,12/29/22,Syracuse,Minnesota,42.0,44.5,50.8,8.8,OVER,STRONG,WIN,+,2.5,6.0,-2.8,3.5,6.3,48.0
2022,1,12/29/22,Oklahoma,Florida State,62.0,66.5,55.2,-6.8,UNDER,STRONG,LOSS,-,-4.5,-5.0,11.8,0.5,-11.3,67.0
2022,1,12/29/22,Texas,Washington,68.5,67.5,57.2,-11.3,UNDER,STRONG,WIN,+,1.0,21.5,-10.2,-20.5,-10.3,47.0
2022,1,12/30/22,Maryland,NC State,46.0,45.5,58.4,12.4,OVER,STRONG,LOSS,-,-0.5,-18.0,-30.4,-17.5,12.9,28.0
2022,1,12/30/22,Pittsburgh,UCLA,60.5,54.5,53.3,-7.2,UNDER,STRONG,LOSS,+,6.0,-11.5,18.7,17.5,-1.2,72.0
2022,1,12/30/22,Notre Dame,South Carolina,51.5,50.5,57.1,5.6,OVER,STRONG,WIN,-,-1.0,31.5,25.9,32.5,6.6,83.0
2022,1,12/30/22,Ohio,Wyoming,42.5,43.0,56.7,14.2,OVER,STRONG,WIN,+,0.5,14.5,0.3,14.0,13.7,57.0
2022,1,12/30/22,Tennessee,Clemson,64.0,61.0,51.2,-12.8,UNDER,STRONG,WIN,+,3.0,19.0,-6.2,-16.0,-9.8,45.0
2022,1,12/31/22,Iowa,Kentucky,31.5,31.5,54.9,23.4,OVER,STRONG,LOSS,-,0.0,-10.5,-33.9,-10.5,23.4,21.0
2022,1,12/31/22,Alabama,Kansas State,55.0,58.0,60.6,5.6,OVER,STRONG,WIN,+,3.0,10.0,4.4,7.0,2.6,65.0
2022,1,12/31/22,TCU,Michigan,60.0,56.0,59.7,-0.3,,,,,,,36.3,40.0,3.7,96.0
2022,1,12/31/22,Ohio State,Georgia,61.0,62.5,63.6,2.6,,,,,,,19.4,20.5,1.1,83.0
2022,1,01/02/23,Mississippi State,Illinois,46.0,46.5,60.5,14.5,OVER,STRONG,LOSS,+,0.5,-17.0,-31.5,-17.5,14.0,29.0
2022,1,01/02/23,LSU,Purdue,58.5,54.5,56.1,-2.4,,,,,,,13.9,15.5,1.6,70.0
2022,1,01/02/23,Tulane,USC,63.5,66.5,57.5,-6.0,UNDER,STRONG,LOSS,-,-3.0,-27.5,33.5,24.5,-9.0,91.0
2022,1,01/02/23,Penn State,Utah,49.0,55.0,53.3,4.3,OVER,LEAN,WIN,+,6.0,7.0,2.7,1.0,-1.7,56.0
2022,1,01/09/23,TCU,Georgia,62.5,61.5,63.3,0.8,,,,,,,8.7,10.5,1.8,72.0
2022,2,09/09/22,Louisville,UCF,61.5,62.5,54.9,-6.6,UNDER,STRONG,WIN,-,-1.0,27.5,-20.9,-28.5,-7.6,34.0
2022,2,09/09/22,Boise State,New Mexico,46.5,43.5,51.5,5.0,OVER,STRONG,LOSS,-,-3.0,-1.5,-6.5,1.5,8.0,45.0
2022,2,09/10/22,Wake Forest,Vanderbilt,61.5,65.0,61.6,0.1,,,,,,,8.4,5.0,-3.4,70.0
2022,2,09/10/22,Duke,Northwestern,56.5,56.0,55.1,-1.4,,,,,,,-1.1,-2.0,-0.9,54.0
2022,2,09/10/22,Alabama,Texas,61.5,63.5,66.8,5.3,OVER,STRONG,LOSS,+,2.0,-22.5,-27.8,-24.5,3.3,39.0
2022,2,09/10/22,Southern Miss,Miami,57.0,50.5,67.3,10.3,OVER,STRONG,LOSS,-,-6.5,-20.0,-30.3,-13.5,16.8,37.0
2022,2,09/10/22,UTSA,Army,54.0,54.0,51.7,-2.3,,,,,,,27.3,25.0,-2.3,79.0
2022,2,09/10/22,North Carolina,Georgia State,68.0,64.0,58.4,-9.6,UNDER,STRONG,WIN,+,4.0,5.0,4.6,-1.0,-5.6,63.0
2022,2,09/10/22,Ohio,Penn State,53.5,54.5,55.3,1.8,,,,,,,0.7,1.5,0.8,56.0
2022,2,09/10/22,Arkansas State,Ohio State,68.5,68.5,75.2,6.7,OVER,STRONG,LOSS,-,0.0,-11.5,-18.2,-11.5,6.7,57.0
2022,2,09/10/22,Missouri,Kansas State,55.5,52.5,55.9,0.4,,,,,,,-3.9,-0.5,3.4,52.0
2022,2,09/10/22,South Carolina,Arkansas,53.0,56.0,59.1,6.1,OVER,STRONG,WIN,+,3.0,21.0,14.9,18.0,3.1,74.0
2022,2,09/10/22,South Alabama,Central Michigan,59.0,57.5,64.5,5.5,OVER,STRONG,WIN,-,-1.5,3.0,-2.5,4.5,7.0,62.0
2022,2,09/10/22,Western Michigan,Ball State,55.5,51.5,58.2,2.7,,,,,,,8.8,15.5,6.7,67.0
2022,2,09/10/22,Marshall,Notre Dame,52.0,48.0,53.3,1.3,,,,,,,-6.3,-1.0,5.3,47.0
2022,2,09/10/22,Maryland,Charlotte,66.5,65.0,58.3,-8.2,UNDER,STRONG,LOSS,+,1.5,-10.5,18.7,12.0,-6.7,77.0
2022,2,09/10/22,Washington State,Wisconsin,46.5,49.0,54.1,7.6,OVER,STRONG,LOSS,+,2.5,-15.5,-23.1,-18.0,5.1,31.0
2022,2,09/10/22,Memphis,Navy,50.0,47.5,46.5,-3.5,UNDER,LEAN,PUSH,+,2.5,0.0,3.5,2.5,-1.0,50.0
2022,2,09/10/22,Tennessee,Pittsburgh,65.0,62.5,61.6,-3.4,UNDER,LEAN,WIN,+,2.5,4.0,-0.6,-1.5,-0.9,61.0
2022,2,09/10/22,App State,Texas A&M,54.0,54.0,58.5,4.5,OVER,LEAN,LOSS,-,0.0,-23.0,-27.5,-23.0,4.5,31.0
2022,2,09/10/22,Colorado,Air Force,45.5,50.0,59.5,14.0,OVER,STRONG,WIN,+,4.5,5.5,-8.5,1.0,9.5,51.0
2022,2,09/10/22,Middle Tennessee,Colorado State,57.0,58.5,50.7,-6.3,UNDER,STRONG,WIN,-,-1.5,4.0,2.3,-5.5,-7.8,53.0
2022,2,09/10/22,Houston,Texas Tech,65.5,62.0,58.0,-7.5,UNDER,STRONG,WIN,+,3.5,2.5,5.0,1.0,-4.0,63.0
2022,2,09/10/22,Virginia,Illinois,56.5,55.0,58.4,1.9,,,,,,,-31.4,-28.0,3.4,27.0
2022,2,09/10/22,UNLV,California,50.5,49.5,57.0,6.5,OVER,STRONG,LOSS,-,-1.0,-16.5,-23.0,-15.5,7.5,34.0
2022,2,09/10/22,Akron,Michigan State,56.0,56.0,61.8,5.8,OVER,STRONG,LOSS,-,0.0,-4.0,-9.8,-4.0,5.8,52.0
2022,2,09/10/22,Iowa State,Iowa,41.5,39.0,42.9,1.4,,,,,,,-25.9,-22.0,3.9,17.0
2022,2,09/10/22,Old Dominion,East Carolina,52.0,50.0,54.5,2.5,,,,,,,5.5,10.0,4.5,60.0
2022,2,09/10/22,Kansas,West Virginia,57.5,59.5,59.3,1.8,,,,,,,37.7,37.5,-0.2,97.0
2022,2,09/10/22,UAB,Liberty,52.0,50.0,51.1,-0.9,,,,,,,-16.1,-15.0,1.1,35.0
2022,2,09/10/22,Kent State,Oklahoma,71.0,72.5,60.7,-10.3,UNDER,STRONG,WIN,-,-1.5,35.0,-24.7,-36.5,-11.8,36.0
2022,2,09/10/22,Northern Illinois,Tulsa,57.0,63.0,60.2,3.2,OVER,LEAN,WIN,+,6.0,16.0,12.8,10.0,-2.8,73.0
2022,2,09/10/22,Florida International,Texas State,55.0,62.5,51.1,-3.9,UNDER,LEAN,WIN,-,-7.5,2.0,1.9,-9.5,-11.4,53.0
2022,2,09/10/22,Massachusetts,Toledo,53.5,49.5,52.4,-1.1,,,,,,,12.6,15.5,2.9,65.0
2022,2,09/10/22,Eastern Michigan,Louisiana,56.0,56.0,54.1,-1.9,,,,,,,15.9,14.0,-1.9,70.0
2022,2,09/10/22,Syracuse,UConn,53.5,49.5,56.1,2.6,,,,,,,5.9,12.5,6.6,62.0
2022,2,09/10/22,Kentucky,Florida,51.5,52.5,55.4,3.9,OVER,LEAN,LOSS,+,1.0,-9.5,-13.4,-10.5,2.9,42.0
2022,2,09/10/22,San José State,Auburn,51.5,48.5,53.6,2.1,,,,,,,-13.6,-8.5,5.1,40.0
2022,2,09/10/22,Georgia Southern,Nebraska,59.5,64.0,57.0,-2.5,,,,,,,30.0,23.0,-7.0,87.0
2022,2,09/10/22,USC,Stanford,65.0,66.5,59.7,-5.3,UNDER,STRONG,LOSS,-,-1.5,-4.0,9.3,2.5,-6.8,69.0
2022,2,09/10/22,Arizona State,Oklahoma State,54.0,58.0,48.5,-5.5,UNDER,STRONG,WIN,-,-4.0,3.0,2.5,-7.0,-9.5,51.0
2022,2,09/10/22,Hawai'i,Michigan,65.0,66.5,62.7,-2.3,,,,,,,3.3,-0.5,-3.8,66.0
2022,2,09/10/22,Boston College,Virginia Tech,45.0,45.0,51.5,6.5,OVER,STRONG,LOSS,-,0.0,-8.0,-14.5,-8.0,6.5,37.0
2022,2,09/10/22,New Mexico State,UTEP,46.0,46.5,53.3,7.3,OVER,STRONG,LOSS,+,0.5,-13.0,-20.3,-13.5,6.8,33.0
2022,2,09/10/22,Baylor,BYU,53.0,55.0,49.9,-3.1,UNDER,LEAN,WIN,-,-2.0,7.0,-3.9,-9.0,-5.1,46.0
2022,2,09/10/22,Oregon State,Fresno State,60.5,58.5,57.5,-3.0,UNDER,LEAN,LOSS,+,2.0,-6.5,9.5,8.5,-1.0,67.0
2022,2,09/10/22,Mississippi State,Arizona,61.0,58.0,63.7,2.7,,,,,,,-7.7,-2.0,5.7,56.0
2022,3,09/16/22,Florida State,Louisville,54.5,57.0,60.2,5.7,OVER,STRONG,WIN,+,2.5,11.5,5.8,9.0,3.2,66.0
2022,3,09/16/22,Air Force,Wyoming,50.0,47.0,51.1,1.1,,,,,,,-20.1,-16.0,4.1,31.0
2022,3,09/17/22,Georgia,South Carolina,50.5,56.0,71.1,20.6,OVER,STRONG,WIN,+,5.5,4.5,-16.1,-1.0,15.1,55.0
2022,3,09/17/22,Cincinnati,Miami (OH),50.0,51.0,49.4,-0.6,,,,,,,5.6,4.0,-1.6,55.0
2022,3,09/17/22,UConn,Michigan,59.5,59.0,60.8,1.3,,,,,,,-1.8,0.0,1.8,59.0
2022,3,09/17/22,Western Kentucky,Indiana,59.0,61.5,57.5,-1.5,,,,,,,5.5,1.5,-4.0,63.0
2022,3,09/17/22,Oklahoma,Nebraska,64.5,65.5,62.5,-2.0,,,,,,,0.5,-2.5,-3.0,63.0
2022,3,09/17/22,Texas State,Baylor,53.0,53.0,49.9,-3.1,UNDER,LEAN,WIN,-,0.0,4.0,-0.9,-4.0,-3.1,49.0
2022,3,09/17/22,Purdue,Syracuse,59.0,59.5,58.1,-0.9,,,,,,,2.9,1.5,-1.4,61.0
2022,3,09/17/22,Buffalo,Coastal Carolina,58.0,59.5,60.4,2.4,,,,,,,3.6,4.5,0.9,64.0
2022,3,09/17/22,South Alabama,UCLA,59.0,59.0,63.2,4.2,OVER,LEAN,WIN,-,0.0,4.0,-0.2,4.0,4.2,63.0
2022,3,09/17/22,Old Dominion,Virginia,53.0,52.5,56.1,3.1,OVER,LEAN,LOSS,-,-0.5,-23.0,-26.1,-22.5,3.6,30.0
2022,3,09/17/22,Ohio,Iowa State,49.0,48.0,60.5,11.5,OVER,STRONG,WIN,-,-1.0,4.0,-7.5,5.0,12.5,53.0
2022,3,09/17/22,Rutgers,Temple,44.5,42.5,53.0,8.5,OVER,STRONG,LOSS,-,-2.0,-14.5,-23.0,-12.5,10.5,30.0
2022,3,09/17/22,California,Notre Dame,43.0,41.0,55.5,12.5,OVER,STRONG,LOSS,-,-2.0,-2.0,-14.5,0.0,14.5,41.0
2022,3,09/17/22,Tulane,Kansas State,49.0,49.5,60.3,11.3,OVER,STRONG,LOSS,+,0.5,-22.0,-33.3,-22.5,10.8,27.0
2022,3,09/17/22,North Texas,UNLV,57.5,62.5,55.0,-2.5,,,,,,,30.0,22.5,-7.5,85.0
2022,3,09/17/22,Vanderbilt,Northern Illinois,61.5,58.5,58.2,-3.3,UNDER,LEAN,LOSS,+,3.0,-4.5,7.8,7.5,-0.3,66.0
2022,3,09/17/22,Georgia Southern,UAB,56.0,59.0,59.9,3.9,OVER,LEAN,PUSH,+,3.0,0.0,-3.9,-3.0,0.9,56.0
2022,3,09/17/22,New Mexico State,Wisconsin,47.5,45.5,55.6,8.1,OVER,STRONG,WIN,-,-2.0,25.5,17.4,27.5,10.1,73.0
2022,3,09/17/22,Troy,App State,54.5,52.0,55.3,0.8,,,,,,,4.7,8.0,3.3,60.0
2022,3,09/17/22,Colorado,Minnesota,46.5,47.5,48.1,1.6,,,,,,,7.9,8.5,0.6,56.0
2022,3,09/17/22,Ole Miss,Georgia Tech,60.0,63.0,57.0,-3.0,UNDER,LEAN,WIN,-,-3.0,18.0,-15.0,-21.0,-6.0,42.0
2022,3,09/17/22,BYU,Oregon,56.5,57.5,53.0,-3.5,UNDER,LEAN,LOSS,-,-1.0,-4.5,8.0,3.5,-4.5,61.0
2022,3,09/17/22,Penn State,Auburn,48.5,47.5,51.3,2.8,,,,,,,1.7,5.5,3.8,53.0
2022,3,09/17/22,UL Monroe,Alabama,60.0,61.5,71.1,11.1,OVER,STRONG,WIN,+,1.5,10.0,-1.1,8.5,9.6,70.0
2022,3,09/17/22,Kansas,Houston,62.0,58.0,59.7,-2.3,,,,,,,18.3,20.0,1.7,78.0
2022,3,09/17/22,Marshall,Bowling Green,53.5,50.0,52.8,-0.7,,,,,,,12.2,15.0,2.8,65.0
2022,3,09/17/22,Colorado State,Washington State,53.0,52.5,51.6,-1.4,,,,,,,-6.6,-7.5,-0.9,45.0
2022,3,09/17/22,Liberty,Wake Forest,62.5,63.5,57.4,-5.1,UNDER,STRONG,LOSS,-,-1.0,-10.5,15.6,9.5,-6.1,73.0
2022,3,09/17/22,Mississippi State,LSU,54.0,53.0,55.6,1.6,,,,,,,-8.6,-6.0,2.6,47.0
2022,3,09/17/22,Texas Tech,NC State,55.5,56.0,54.2,-1.3,,,,,,,-13.2,-15.0,-1.8,41.0
2022,3,09/17/22,Toledo,Ohio State,61.0,63.0,68.7,7.7,OVER,STRONG,WIN,+,2.0,37.0,29.3,35.0,5.7,98.0
2022,3,09/17/22,Arkansas State,Memphis,62.0,64.5,60.1,-1.9,,,,,,,15.9,11.5,-4.4,76.0
2022,3,09/17/22,Akron,Tennessee,65.5,67.0,63.1,-2.4,,,,,,,5.9,2.0,-3.9,69.0
2022,3,09/17/22,Charlotte,Georgia State,60.5,63.5,58.8,-1.7,,,,,,,24.2,19.5,-4.7,83.0
2022,3,09/17/22,Pittsburgh,Western Michigan,54.5,46.0,67.3,12.8,OVER,STRONG,LOSS,-,-8.5,-7.5,-20.3,1.0,21.3,47.0
2022,3,09/17/22,Louisiana,Rice,53.0,52.0,57.8,4.8,OVER,LEAN,WIN,-,-1.0,1.0,-3.8,2.0,5.8,54.0
2022,3,09/17/22,Michigan State,Washington,55.0,56.5,55.1,0.1,,,,,,,11.9,10.5,-1.4,67.0
2022,3,09/17/22,SMU,Maryland,70.0,73.5,58.3,-11.7,UNDER,STRONG,WIN,-,-3.5,9.0,2.7,-12.5,-15.2,61.0
2022,3,09/17/22,UCF,Florida Atlantic,58.5,61.5,54.1,-4.4,UNDER,LEAN,WIN,-,-3.0,4.5,-0.1,-7.5,-7.4,54.0
2022,3,09/17/22,Nevada,Iowa,40.5,39.5,49.7,9.2,OVER,STRONG,LOSS,-,-1.0,-13.5,-22.7,-12.5,10.2,27.0
2022,3,09/17/22,South Florida,Florida,59.0,58.5,53.4,-5.6,UNDER,STRONG,PUSH,+,0.5,0.0,5.6,0.5,-5.1,59.0
2022,3,09/17/22,UTEP,New Mexico,41.0,38.0,53.6,12.6,OVER,STRONG,LOSS,-,-3.0,-4.0,-16.6,-1.0,15.6,37.0
2022,3,09/17/22,Louisiana Tech,Clemson,54.5,53.5,56.1,1.6,,,,,,,11.9,14.5,2.6,68.0
2022,3,09/17/22,UTSA,Texas,59.0,57.0,57.9,-1.1,,,,,,,3.1,4.0,0.9,61.0
2022,3,09/17/22,Miami,Texas A&M,48.5,45.5,47.4,-1.1,,,,,,,-21.4,-19.5,1.9,26.0
2022,3,09/17/22,San Diego State,Utah,49.5,48.5,51.5,2.0,,,,,,,-9.5,-6.5,3.0,42.0
2022,3,09/17/22,Fresno State,USC,71.0,71.5,64.3,-6.7,UNDER,STRONG,WIN,-,-0.5,9.0,-2.3,-9.5,-7.2,62.0
2022,3,09/17/22,Eastern Michigan,Arizona State,57.5,56.5,58.8,1.3,,,,,,,-7.8,-5.5,2.3,51.0
2022,4,09/22/22,West Virginia,Virginia Tech,53.0,49.5,50.5,-2.5,,,,,,,-7.5,-6.5,1.0,43.0
2022,4,09/22/22,Coastal Carolina,Georgia State,64.0,63.5,54.8,-9.2,UNDER,STRONG,LOSS,+,0.5,-1.0,10.2,1.5,-8.7,65.0
2022,4,09/23/22,Virginia,Syracuse,53.5,53.5,56.7,3.2,OVER,LEAN,LOSS,-,0.0,-11.5,-14.7,-11.5,3.2,42.0
2022,4,09/23/22,Nevada,Air Force,48.5,46.5,53.6,5.1,OVER,STRONG,WIN,-,-2.0,19.5,14.4,21.5,7.1,68.0
2022,4,09/23/22,Boise State,UTEP,46.5,44.5,50.3,3.8,OVER,LEAN,LOSS,-,-2.0,-9.5,-13.3,-7.5,5.8,37.0
2022,4,09/24/22,South Florida,Louisville,64.0,63.5,62.7,-1.3,,,,,,,-18.7,-19.5,-0.8,44.0
2022,4,09/24/22,Missouri,Auburn,51.5,51.0,53.5,2.0,,,,,,,-22.5,-20.0,2.5,31.0
2022,4,09/24/22,Central Michigan,Penn State,61.0,61.5,61.9,0.9,,,,,,,-14.9,-14.5,0.4,47.0
2022,4,09/24/22,Maryland,Michigan,62.5,66.0,60.1,-2.4,,,,,,,0.9,-5.0,-5.9,61.0
2022,4,09/24/22,Clemson,Wake Forest,56.5,58.0,53.1,-3.4,UNDER,LEAN,LOSS,-,-1.5,-39.5,42.9,38.0,-4.9,96.0
2022,4,09/24/22,TCU,SMU,68.5,72.0,67.5,-1.0,,,,,,,8.5,4.0,-4.5,76.0
2022,4,09/24/22,Buffalo,Eastern Michigan,60.5,57.5,63.3,2.8,,,,,,,17.7,23.5,5.8,81.0
2022,4,09/24/22,Baylor,Iowa State,44.5,45.0,51.0,6.5,OVER,STRONG,WIN,+,0.5,10.5,4.0,10.0,6.0,55.0
2022,4,09/24/22,Bowling Green,Mississippi State,56.5,53.0,55.4,-1.1,,,,,,,3.6,6.0,2.4,59.0
2022,4,09/24/22,Kent State,Georgia,60.0,61.5,70.4,10.4,OVER,STRONG,WIN,+,1.5,1.0,-9.4,-0.5,8.9,61.0
2022,4,09/24/22,Duke,Kansas,64.0,65.5,62.3,-1.7,,,,,,,-0.3,-3.5,-3.2,62.0
2022,4,09/24/22,UCLA,Colorado,58.0,57.0,53.0,-5.0,UNDER,STRONG,LOSS,+,1.0,-4.0,9.0,5.0,-4.0,62.0
2022,4,09/24/22,Massachusetts,Temple,44.5,44.0,46.6,2.1,,,,,,,-18.6,-16.0,2.6,28.0
2022,4,09/24/22,Florida,Tennessee,63.5,62.5,55.5,-8.0,UNDER,STRONG,LOSS,+,1.0,-7.5,15.5,8.5,-7.0,71.0
2022,4,09/24/22,Texas,Texas Tech,60.5,60.5,58.5,-2.0,,,,,,,12.5,10.5,-2.0,71.0
2022,4,09/24/22,Notre Dame,North Carolina,59.5,55.5,62.6,3.1,OVER,LEAN,WIN,-,-4.0,17.5,14.4,21.5,7.1,77.0
2022,4,09/24/22,Middle Tennessee,Miami,53.5,53.5,49.9,-3.6,UNDER,LEAN,LOSS,-,0.0,-22.5,26.1,22.5,-3.6,76.0
2022,4,09/24/22,Minnesota,Michigan State,51.0,50.0,48.8,-2.2,,,,,,,-7.8,-9.0,-1.2,41.0
2022,4,09/24/22,North Texas,Memphis,68.5,68.5,71.9,3.4,OVER,LEAN,WIN,-,0.0,9.5,6.1,9.5,3.4,78.0
2022,4,09/24/22,James Madison,App State,56.5,56.5,60.8,4.3,OVER,LEAN,WIN,-,0.0,3.5,-0.8,3.5,4.3,60.0
2022,4,09/24/22,Indiana,Cincinnati,54.5,57.0,50.2,-4.3,UNDER,LEAN,LOSS,-,-2.5,-14.5,18.8,12.0,-6.8,69.0
2022,4,09/24/22,Florida International,Western Kentucky,66.5,65.5,61.4,-5.1,UNDER,STRONG,LOSS,+,1.0,-6.5,11.6,7.5,-4.1,73.0
2022,4,09/24/22,Toledo,San Diego State,46.5,44.5,43.2,-3.3,UNDER,LEAN,WIN,+,2.0,15.5,-12.2,-13.5,-1.3,31.0
2022,4,09/24/22,Oregon,Washington State,53.5,57.5,56.9,3.4,OVER,LEAN,WIN,+,4.0,31.5,28.1,27.5,-0.6,85.0
2022,4,09/24/22,Georgia Tech,UCF,57.5,56.5,49.3,-8.2,UNDER,STRONG,WIN,+,1.0,20.5,-12.3,-19.5,-7.2,37.0
2022,4,09/24/22,Tulsa,Ole Miss,62.5,66.5,61.7,-0.8,,,,,,,0.3,-4.5,-4.8,62.0
2022,4,09/24/22,Arizona,California,48.0,50.5,58.1,10.1,OVER,STRONG,WIN,+,2.5,32.0,21.9,29.5,7.6,80.0
2022,4,09/24/22,Akron,Liberty,58.0,53.5,56.7,-1.3,,,,,,,-23.7,-20.5,3.2,33.0
2022,4,09/24/22,Arkansas State,Old Dominion,56.5,56.5,54.5,-2.0,,,,,,,0.5,-1.5,-2.0,55.0
2022,4,09/24/22,Navy,East Carolina,48.5,48.5,49.8,1.3,,,,,,,-6.8,-5.5,1.3,43.0
2022,4,09/24/22,Ball State,Georgia Southern,61.5,67.0,59.9,-1.6,,,,,,,-2.9,-10.0,-7.1,57.0
2022,4,09/24/22,Rice,Houston,57.5,52.5,63.2,5.7,OVER,STRONG,WIN,-,-5.0,3.5,-2.2,8.5,10.7,61.0
2022,4,09/24/22,Marshall,Troy,52.5,51.5,54.1,1.6,,,,,,,-31.1,-28.5,2.6,23.0
2022,4,09/24/22,Southern Miss,Tulane,49.5,48.5,53.2,3.7,OVER,LEAN,WIN,-,-1.0,1.5,-2.2,2.5,4.7,51.0
2022,4,09/24/22,Northern Illinois,Kentucky,53.0,53.0,54.4,1.4,,,,,,,-0.4,1.0,1.4,54.0
2022,4,09/24/22,Iowa,Rutgers,35.5,34.5,46.7,11.2,OVER,STRONG,WIN,-,-1.0,1.5,-9.7,2.5,12.2,37.0
2022,4,09/24/22,Louisiana Tech,South Alabama,60.0,59.0,60.8,0.8,,,,,,,-8.8,-7.0,1.8,52.0
2022,4,09/24/22,Arkansas,Texas A&M,48.0,51.0,53.2,5.2,OVER,STRONG,LOSS,+,3.0,-4.0,-9.2,-7.0,2.2,44.0
2022,4,09/24/22,UNLV,Utah State,62.0,61.5,54.0,-8.0,UNDER,STRONG,WIN,+,0.5,4.0,4.0,-3.5,-7.5,58.0
2022,4,09/24/22,New Mexico,LSU,47.0,44.0,49.0,2.0,,,,,,,-11.0,-6.0,5.0,38.0
2022,4,09/24/22,Florida Atlantic,Purdue,60.5,57.5,56.2,-4.3,UNDER,LEAN,WIN,+,3.0,6.5,-2.2,-3.5,-1.3,54.0
2022,4,09/24/22,UConn,NC State,50.5,47.5,49.0,-1.5,,,,,,,2.0,3.5,1.5,51.0
2022,4,09/24/22,Miami (OH),Northwestern,50.5,50.0,54.3,3.8,OVER,LEAN,LOSS,-,-0.5,-19.5,-23.3,-19.0,4.3,31.0
2022,4,09/24/22,Charlotte,South Carolina,65.5,66.5,68.0,2.5,,,,,,,8.0,9.5,1.5,76.0
2022,4,09/24/22,Wisconsin,Ohio State,57.0,56.5,72.9,15.9,OVER,STRONG,WIN,-,-0.5,16.0,0.1,16.5,16.4,73.0
2022,4,09/24/22,Vanderbilt,Alabama,59.0,60.5,71.4,12.4,OVER,STRONG,LOSS,+,1.5,-1.0,-13.4,-2.5,10.9,58.0
2022,4,09/24/22,Boston College,Florida State,48.5,48.5,58.8,10.3,OVER,STRONG,WIN,-,0.0,9.5,-0.8,9.5,10.3,58.0
2022,4,09/24/22,Kansas State,Oklahoma,53.5,53.0,50.7,-2.8,,,,,,,24.3,22.0,-2.3,75.0
2022,4,09/24/22,Hawai'i,New Mexico State,55.0,53.0,55.3,0.3,,,,,,,15.7,18.0,2.3,71.0
2022,4,09/24/22,Louisiana,UL Monroe,54.0,51.0,49.3,-4.7,UNDER,LEAN,WIN,+,3.0,16.0,-11.3,-13.0,-1.7,38.0
2022,4,09/24/22,USC,Oregon State,68.0,70.5,70.6,2.6,,,,,,,-39.6,-39.5,0.1,31.0
2022,4,09/24/22,Wyoming,BYU,51.5,49.5,48.6,-2.9,,,,,,,13.4,12.5,-0.9,62.0
2022,4,09/24/22,Western Michigan,San José State,51.5,48.5,57.0,5.5,OVER,STRONG,LOSS,-,-3.0,-11.5,-17.0,-8.5,8.5,40.0
2022,4,09/24/22,Stanford,Washington,61.0,62.0,57.4,-3.6,UNDER,LEAN,LOSS,-,-1.0,-1.0,4.6,0.0,-4.6,62.0
2022,4,09/24/22,Utah,Arizona State,52.0,54.0,59.7,7.7,OVER,STRONG,LOSS,+,2.0,-5.0,-12.7,-7.0,5.7,47.0
2022,5,09/29/22,Utah State,BYU,60.5,60.0,59.2,-1.3,,,,,,,4.8,4.0,-0.8,64.0
2022,5,09/30/22,Tulane,Houston,55.0,51.5,57.9,2.9,,,,,,,-6.9,-0.5,6.4,51.0
2022,5,09/30/22,UTSA,Middle Tennessee,63.0,64.0,55.3,-7.7,UNDER,STRONG,LOSS,-,-1.0,-12.0,19.7,11.0,-8.7,75.0
2022,5,09/30/22,San Diego State,Boise State,40.0,38.0,41.2,1.2,,,,,,,6.8,10.0,3.2,48.0
2022,5,09/30/22,Washington,UCLA,65.0,64.5,55.8,-9.2,UNDER,STRONG,LOSS,+,0.5,-7.0,16.2,7.5,-8.7,72.0
2022,5,09/30/22,New Mexico,UNLV,45.5,44.5,49.7,4.2,OVER,LEAN,WIN,-,-1.0,5.5,1.3,6.5,5.2,51.0
2022,5,10/01/22,Purdue,Minnesota,53.5,53.0,56.4,2.9,,,,,,,-26.4,-23.0,3.4,30.0
2022,5,10/01/22,Texas Tech,Kansas State,57.5,56.0,54.8,-2.7,,,,,,,10.2,9.0,-1.2,65.0
2022,5,10/01/22,Michigan,Iowa,43.0,42.0,54.6,11.6,OVER,STRONG,LOSS,-,-1.0,-2.0,-13.6,-1.0,12.6,41.0
2022,5,10/01/22,Temple,Memphis,53.0,50.0,50.8,-2.2,,,,,,,-23.8,-23.0,0.8,27.0
2022,5,10/01/22,Oklahoma,TCU,67.5,69.5,68.1,0.6,,,,,,,10.9,9.5,-1.4,79.0
2022,5,10/01/22,Navy,Air Force,38.0,38.0,47.6,9.6,OVER,STRONG,LOSS,-,0.0,-15.0,-24.6,-15.0,9.6,23.0
2022,5,10/01/22,Kentucky,Ole Miss,55.5,55.0,51.6,-3.9,UNDER,LEAN,WIN,+,0.5,14.5,-10.6,-14.0,-3.4,41.0
2022,5,10/01/22,Georgia State,Army,58.0,54.0,50.0,-8.0,UNDER,STRONG,WIN,+,4.0,13.0,-5.0,-9.0,-4.0,45.0
2022,5,10/01/22,Illinois,Wisconsin,44.0,43.5,48.4,4.4,OVER,LEAN,PUSH,-,-0.5,0.0,-4.4,0.5,4.9,44.0
2022,5,10/01/22,Louisville,Boston College,51.0,48.5,50.8,-0.2,,,,,,,16.2,18.5,2.3,67.0
2022,5,10/01/22,Texas State,James Madison,55.0,51.5,51.6,-3.4,UNDER,LEAN,WIN,+,3.5,2.0,1.4,1.5,0.1,53.0
2022,5,10/01/22,Oregon State,Utah,56.0,54.5,54.8,-1.2,,,,,,,3.2,3.5,0.3,58.0
2022,5,10/01/22,Massachusetts,Eastern Michigan,56.0,53.5,55.8,-0.2,,,,,,,-22.8,-20.5,2.3,33.0
2022,5,10/01/22,Northern Illinois,Ball State,60.0,58.5,58.8,-1.2,,,,,,,23.2,23.5,0.3,82.0
2022,5,10/01/22,East Carolina,South Florida,59.0,55.5,58.3,-0.7,,,,,,,17.7,20.5,2.8,76.0
2022,5,10/01/22,Fresno State,UConn,56.0,51.0,57.4,1.4,,,,,,,-24.4,-18.0,6.4,33.0
2022,5,10/01/22,Alabama,Arkansas,61.5,61.0,62.8,1.3,,,,,,,12.2,14.0,1.8,75.0
2022,5,10/01/22,Miami (OH),Buffalo,52.5,50.5,54.7,2.2,,,,,,,-10.7,-6.5,4.2,44.0
2022,5,10/01/22,Wake Forest,Florida State,66.0,67.5,66.6,0.6,,,,,,,-14.6,-15.5,-0.9,52.0
2022,5,10/01/22,Virginia Tech,North Carolina,57.0,57.0,61.3,4.3,OVER,LEAN,LOSS,-,0.0,-6.0,-10.3,-6.0,4.3,51.0
2022,5,10/01/22,Central Michigan,Toledo,58.5,56.0,56.9,-1.6,,,,,,,-1.9,-1.0,0.9,55.0
2022,5,10/01/22,Bowling Green,Akron,52.0,49.5,55.8,3.8,OVER,LEAN,WIN,-,-2.5,7.0,3.2,9.5,6.3,59.0
2022,5,10/01/22,Northwestern,Penn State,52.5,50.0,55.5,3.0,OVER,LEAN,LOSS,-,-2.5,-28.5,-31.5,-26.0,5.5,24.0
2022,5,10/01/22,Iowa State,Kansas,58.0,59.0,60.1,2.1,,,,,,,-35.1,-34.0,1.1,25.0
2022,5,10/01/22,Ohio,Kent State,69.0,65.5,57.3,-11.7,UNDER,STRONG,WIN,+,3.5,14.0,-2.3,-10.5,-8.2,55.0
2022,5,10/01/22,Rutgers,Ohio State,60.0,58.0,71.4,11.4,OVER,STRONG,LOSS,-,-2.0,-1.0,-12.4,1.0,13.4,59.0
2022,5,10/01/22,Oklahoma State,Baylor,54.5,56.0,49.5,-5.0,UNDER,STRONG,LOSS,-,-1.5,-6.5,11.5,5.0,-6.5,61.0
2022,5,10/01/22,Michigan State,Maryland,59.5,58.5,58.2,-1.3,,,,,,,-18.2,-18.5,-0.3,40.0
2022,5,10/01/22,Texas A&M,Mississippi State,46.0,45.0,47.3,1.3,,,,,,,18.7,21.0,2.3,66.0
2022,5,10/01/22,Florida Atlantic,North Texas,67.0,67.5,62.5,-4.5,UNDER,LEAN,LOSS,-,-0.5,-6.0,10.5,5.5,-5.0,73.0
2022,5,10/01/22,South Alabama,Louisiana,50.0,47.5,50.3,0.3,,,,,,,-13.3,-10.5,2.8,37.0
2022,5,10/01/22,California,Washington State,53.0,52.5,58.5,5.5,OVER,STRONG,LOSS,-,-0.5,-16.0,-21.5,-15.5,6.0,37.0
2022,5,10/01/22,Liberty,Old Dominion,48.0,47.5,50.7,2.7,,,,,,,11.3,14.5,3.2,62.0
2022,5,10/01/22,UTEP,Charlotte,58.0,56.0,62.3,4.3,OVER,LEAN,WIN,-,-2.0,18.0,13.7,20.0,6.3,76.0
2022,5,10/01/22,UL Monroe,Arkansas State,60.0,59.0,55.9,-4.1,UNDER,LEAN,LOSS,+,1.0,-13.0,17.1,14.0,-3.1,73.0
2022,5,10/01/22,Georgia Southern,Coastal Carolina,68.5,69.5,72.5,4.0,OVER,LEAN,LOSS,+,1.0,-4.5,-8.5,-5.5,3.0,64.0
2022,5,10/01/22,Cincinnati,Tulsa,60.5,59.0,54.7,-5.8,UNDER,STRONG,WIN,+,1.5,8.5,-2.7,-7.0,-4.3,52.0
2022,5,10/01/22,LSU,Auburn,45.5,44.5,56.6,11.1,OVER,STRONG,LOSS,-,-1.0,-7.5,-18.6,-6.5,12.1,38.0
2022,5,10/01/22,Troy,Western Kentucky,57.5,55.0,54.3,-3.2,UNDER,LEAN,LOSS,+,2.5,-3.5,6.7,6.0,-0.7,61.0
2022,5,10/01/22,NC State,Clemson,46.0,45.5,48.2,2.2,,,,,,,1.8,4.5,2.7,50.0
2022,5,10/01/22,West Virginia,Texas,62.0,61.0,56.7,-5.3,UNDER,STRONG,WIN,+,1.0,4.0,1.3,-3.0,-4.3,58.0
2022,5,10/01/22,San José State,Wyoming,43.5,42.5,50.0,6.5,OVER,STRONG,WIN,-,-1.0,5.5,-1.0,6.5,7.5,49.0
2022,5,10/01/22,UAB,Rice,52.0,51.0,64.5,12.5,OVER,STRONG,PUSH,-,-1.0,0.0,-12.5,1.0,13.5,52.0
2022,5,10/01/22,Indiana,Nebraska,61.5,61.5,59.8,-1.7,,,,,,,-3.8,-5.5,-1.7,56.0
2022,5,10/01/22,Georgia,Missouri,55.5,54.5,60.8,5.3,OVER,STRONG,LOSS,-,-1.0,-7.5,-12.8,-6.5,6.3,48.0
2022,5,10/01/22,Virginia,Duke,56.0,55.0,61.1,5.1,OVER,STRONG,LOSS,-,-1.0,-1.0,-6.1,0.0,6.1,55.0
2022,5,10/01/22,Georgia Tech,Pittsburgh,50.5,47.0,47.9,-2.6,,,,,,,-0.9,0.0,0.9,47.0
2022,5,10/01/22,Florida International,New Mexico State,55.5,54.0,52.6,-2.9,,,,,,,-24.6,-26.0,-1.4,28.0
2022,5,10/01/22,Colorado,Arizona,55.5,58.0,58.4,2.9,,,,,,,4.6,5.0,0.4,63.0
2022,5,10/01/22,Arizona State,USC,61.5,61.0,63.1,1.6,,,,,,,3.9,6.0,2.1,67.0
2022,5,10/01/22,Stanford,Oregon,62.5,63.0,61.9,-0.6,,,,,,,10.1,9.0,-1.1,72.0
2022,6,10/05/22,SMU,UCF,65.0,65.0,55.7,-9.3,UNDER,STRONG,WIN,-,0.0,5.0,4.3,-5.0,-9.3,60.0
2022,6,10/07/22,Nebraska,Rutgers,51.0,50.5,54.8,3.8,OVER,LEAN,LOSS,-,-0.5,-24.0,-27.8,-23.5,4.3,27.0
2022,6,10/07/22,Houston,Memphis,57.5,57.5,53.4,-4.1,UNDER,LEAN,LOSS,-,0.0,-7.5,11.6,7.5,-4.1,65.0
2022,6,10/07/22,UNLV,San José State,50.5,51.5,53.3,2.8,,,,,,,-6.3,-4.5,1.8,47.0
2022,6,10/07/22,Colorado State,Nevada,47.0,45.0,50.5,3.5,OVER,LEAN,LOSS,-,-2.0,-16.0,-19.5,-14.0,5.5,31.0
2022,6,10/08/22,Arkansas,Mississippi State,62.0,55.5,64.2,2.2,,,,,,,-7.2,1.5,8.7,57.0
2022,6,10/08/22,Buffalo,Bowling Green,55.5,54.5,58.4,2.9,,,,,,,-13.4,-9.5,3.9,45.0
2022,6,10/08/22,Louisville,Virginia,51.5,47.5,59.3,7.8,OVER,STRONG,LOSS,-,-4.0,-0.5,-8.3,3.5,11.8,51.0
2022,6,10/08/22,Purdue,Maryland,61.0,59.5,58.5,-2.5,,,,,,,1.5,0.5,-1.0,60.0
2022,6,10/08/22,Missouri,Florida,54.0,53.5,59.8,5.8,OVER,STRONG,LOSS,-,-0.5,-13.0,-18.8,-12.5,6.3,41.0
2022,6,10/08/22,Tennessee,LSU,62.0,63.5,62.4,0.4,,,,,,,-9.4,-10.5,-1.1,53.0
2022,6,10/08/22,TCU,Kansas,67.5,70.0,60.4,-7.1,UNDER,STRONG,LOSS,-,-2.5,-1.5,8.6,-1.0,-9.6,69.0
2022,6,10/08/22,Michigan,Indiana,57.5,58.0,63.0,5.5,OVER,STRONG,LOSS,+,0.5,-16.5,-22.0,-17.0,5.0,41.0
2022,6,10/08/22,Texas,Oklahoma,65.0,65.5,60.8,-4.2,UNDER,LEAN,WIN,-,-0.5,16.0,-11.8,-16.5,-4.7,49.0
2022,6,10/08/22,Eastern Michigan,Western Michigan,58.0,55.0,62.1,4.1,OVER,LEAN,WIN,-,-3.0,10.0,5.9,13.0,7.1,68.0
2022,6,10/08/22,Georgia Southern,Georgia State,65.5,66.5,60.6,-4.9,UNDER,LEAN,LOSS,-,-1.0,-8.5,13.4,7.5,-5.9,74.0
2022,6,10/08/22,Akron,Ohio,58.5,59.0,62.0,3.5,OVER,LEAN,WIN,+,0.5,30.5,27.0,30.0,3.0,89.0
2022,6,10/08/22,South Florida,Cincinnati,59.0,58.5,51.1,-7.9,UNDER,STRONG,WIN,+,0.5,7.0,0.9,-6.5,-7.4,52.0
2022,6,10/08/22,Utah,UCLA,64.0,64.5,62.3,-1.7,,,,,,,11.7,9.5,-2.2,74.0
2022,6,10/08/22,Middle Tennessee,UAB,55.0,53.0,49.5,-5.5,UNDER,STRONG,PUSH,+,2.0,0.0,5.5,2.0,-3.5,55.0
2022,6,10/08/22,East Carolina,Tulane,54.0,55.5,61.2,7.2,OVER,STRONG,LOSS,+,1.5,-21.0,-28.2,-22.5,5.7,33.0
2022,6,10/08/22,Virginia Tech,Pittsburgh,44.5,42.0,47.5,3.0,OVER,LEAN,WIN,-,-2.5,29.5,26.5,32.0,5.5,74.0
2022,6,10/08/22,Texas Tech,Oklahoma State,64.0,65.5,56.4,-7.6,UNDER,STRONG,LOSS,-,-1.5,-8.0,15.6,6.5,-9.1,72.0
2022,6,10/08/22,Liberty,Massachusetts,50.5,46.0,48.1,-2.4,,,,,,,17.9,20.0,2.1,66.0
2022,6,10/08/22,Wisconsin,Northwestern,44.0,44.5,55.3,11.3,OVER,STRONG,WIN,+,0.5,5.0,-6.3,4.5,10.8,49.0
2022,6,10/08/22,Tulsa,Navy,47.0,46.0,54.5,7.5,OVER,STRONG,WIN,-,-1.0,27.0,19.5,28.0,8.5,74.0
2022,6,10/08/22,Kent State,Miami (OH),57.5,56.5,57.8,0.3,,,,,,,-6.8,-5.5,1.3,51.0
2022,6,10/08/22,Toledo,Northern Illinois,60.0,59.0,58.5,-1.5,,,,,,,25.5,25.0,-0.5,84.0
2022,6,10/08/22,Ball State,Central Michigan,64.0,63.5,58.5,-5.5,UNDER,STRONG,WIN,+,0.5,31.0,-25.5,-30.5,-5.0,33.0
2022,6,10/08/22,Auburn,Georgia,49.0,49.5,61.3,12.3,OVER,STRONG,WIN,+,0.5,3.0,-9.3,2.5,11.8,52.0
2022,6,10/08/22,Washington,Arizona State,55.5,56.0,50.6,-4.9,UNDER,LEAN,LOSS,-,-0.5,-27.5,32.4,27.0,-5.4,83.0
2022,6,10/08/22,Duke,Georgia Tech,55.5,54.0,56.6,1.1,,,,,,,-13.6,-11.0,2.6,43.0
2022,6,10/08/22,Ohio State,Michigan State,62.0,64.5,72.5,10.5,OVER,STRONG,WIN,+,2.5,7.0,-3.5,4.5,8.0,69.0
2022,6,10/08/22,Ole Miss,Vanderbilt,60.0,59.5,62.7,2.7,,,,,,,17.3,20.5,3.2,80.0
2022,6,10/08/22,North Carolina,Miami,66.0,67.5,71.6,5.6,OVER,STRONG,LOSS,+,1.5,-15.0,-20.6,-16.5,4.1,51.0
2022,6,10/08/22,Western Kentucky,UTSA,70.0,72.5,77.7,7.7,OVER,STRONG,LOSS,+,2.5,-11.0,-18.7,-13.5,5.2,59.0
2022,6,10/08/22,James Madison,Arkansas State,57.5,55.0,54.2,-3.3,UNDER,LEAN,LOSS,+,2.5,-4.5,7.8,7.0,-0.8,62.0
2022,6,10/08/22,Air Force,Utah State,55.5,53.5,62.9,7.4,OVER,STRONG,WIN,-,-2.0,5.5,-1.9,7.5,9.4,61.0
2022,6,10/08/22,UTEP,Louisiana Tech,53.0,52.5,57.1,4.1,OVER,LEAN,WIN,-,-0.5,19.0,14.9,19.5,4.6,72.0
2022,6,10/08/22,App State,Texas State,55.5,54.5,60.1,4.6,OVER,LEAN,WIN,-,-1.0,4.5,-0.1,5.5,5.6,60.0
2022,6,10/08/22,Southern Miss,Troy,46.0,44.0,50.8,4.8,OVER,LEAN,LOSS,-,-2.0,-9.0,-13.8,-7.0,6.8,37.0
2022,6,10/08/22,Wyoming,New Mexico,37.5,37.0,51.9,14.4,OVER,STRONG,WIN,-,-0.5,3.5,-10.9,4.0,14.9,41.0
2022,6,10/08/22,UConn,Florida International,49.5,46.5,48.8,-0.7,,,,,,,-3.8,-1.5,2.3,45.0
2022,6,10/08/22,Army,Wake Forest,65.0,65.5,58.2,-6.8,UNDER,STRONG,WIN,-,-0.5,10.0,-3.2,-10.5,-7.3,55.0
2022,6,10/08/22,Washington State,USC,61.0,64.5,66.8,5.8,OVER,STRONG,LOSS,+,3.5,-17.0,-22.8,-20.5,2.3,44.0
2022,6,10/08/22,Iowa,Illinois,35.5,36.5,51.0,15.5,OVER,STRONG,LOSS,+,1.0,-20.5,-36.0,-21.5,14.5,15.0
2022,6,10/08/22,BYU,Notre Dame,52.0,51.5,54.9,2.9,,,,,,,-6.9,-3.5,3.4,48.0
2022,6,10/08/22,Clemson,Boston College,50.0,48.5,55.8,5.8,OVER,STRONG,LOSS,-,-1.5,-16.0,-21.8,-14.5,7.3,34.0
2022,6,10/08/22,South Carolina,Kentucky,48.5,45.0,49.8,1.3,,,,,,,-11.8,-7.0,4.8,38.0
2022,6,10/08/22,Kansas State,Iowa State,46.0,45.0,49.1,3.1,OVER,LEAN,LOSS,-,-1.0,-27.0,-30.1,-26.0,4.1,19.0
2022,6,10/08/22,Coastal Carolina,UL Monroe,60.0,58.0,56.8,-3.2,UNDER,LEAN,WIN,+,2.0,11.0,-7.8,-9.0,-1.2,49.0
2022,6,10/08/22,Texas A&M,Alabama,52.0,48.0,52.9,0.9,,,,,,,-8.9,-4.0,4.9,44.0
2022,6,10/08/22,Florida State,NC State,52.0,50.5,54.3,2.3,,,,,,,-18.3,-14.5,3.8,36.0
2022,6,10/08/22,Oregon,Arizona,69.5,72.0,56.9,-12.6,UNDER,STRONG,LOSS,-,-2.5,-1.5,14.1,-1.0,-15.1,71.0
2022,6,10/08/22,Fresno State,Boise State,49.0,45.5,47.8,-1.2,,,,,,,12.2,14.5,2.3,60.0
2022,6,10/08/22,Hawai'i,San Diego State,49.5,49.0,53.3,3.8,OVER,LEAN,LOSS,-,-0.5,-19.5,-23.3,-19.0,4.3,30.0
2022,6,10/08/22,Oregon State,Stanford,58.5,53.5,58.4,-0.1,,,,,,,-3.4,1.5,4.9,55.0
2022,7,10/12/22,Louisiana,Marshall,47.5,45.0,49.5,2.0,,,,,,,-13.5,-9.0,4.5,36.0
2022,7,10/13/22,Temple,UCF,46.0,46.5,51.3,5.3,OVER,STRONG,WIN,+,0.5,37.0,31.7,36.5,4.8,83.0
2022,7,10/13/22,Baylor,West Virginia,55.0,55.0,53.2,-1.8,,,,,,,29.8,28.0,-1.8,83.0
2022,7,10/14/22,Navy,SMU,57.0,58.5,56.8,-0.2,,,,,,,17.2,15.5,-1.7,74.0
2022,7,10/14/22,UTSA,Florida International,63.5,63.5,70.3,6.8,OVER,STRONG,LOSS,-,0.0,-23.5,-30.3,-23.5,6.8,40.0
2022,7,10/15/22,Miami (OH),Bowling Green,47.5,45.0,48.2,0.7,,,,,,,-18.2,-15.0,3.2,30.0
2022,7,10/15/22,Old Dominion,Coastal Carolina,57.0,58.5,63.2,6.2,OVER,STRONG,WIN,+,1.5,13.0,6.8,11.5,4.7,70.0
2022,7,10/15/22,Kansas,Oklahoma,64.0,66.0,59.6,-4.4,UNDER,LEAN,LOSS,-,-2.0,-30.0,34.4,28.0,-6.4,94.0
2022,7,10/15/22,Auburn,Ole Miss,54.5,55.0,61.2,6.7,OVER,STRONG,WIN,+,0.5,27.5,20.8,27.0,6.2,82.0
2022,7,10/15/22,Penn State,Michigan,51.5,49.0,56.4,4.9,OVER,LEAN,WIN,-,-2.5,6.5,1.6,9.0,7.4,58.0
2022,7,10/15/22,Minnesota,Illinois,39.0,40.0,48.1,9.1,OVER,STRONG,WIN,+,1.0,1.0,-8.1,0.0,8.1,40.0
2022,7,10/15/22,Iowa State,Texas,50.0,48.5,43.6,-6.4,UNDER,STRONG,WIN,+,1.5,5.0,1.4,-3.5,-4.9,45.0
2022,7,10/15/22,Central Michigan,Akron,58.5,60.5,60.5,2.0,,,,,,,-11.5,-11.5,0.0,49.0
2022,7,10/15/22,Miami,Virginia Tech,47.5,48.0,52.4,4.9,OVER,LEAN,LOSS,+,0.5,-13.5,-18.4,-14.0,4.4,34.0
2022,7,10/15/22,Buffalo,Massachusetts,47.5,47.5,54.7,7.2,OVER,STRONG,LOSS,-,0.0,-6.5,-13.7,-6.5,7.2,41.0
2022,7,10/15/22,UConn,Ball State,46.5,47.5,51.4,4.9,OVER,LEAN,LOSS,+,1.0,-0.5,-5.4,-1.5,3.9,46.0
2022,7,10/15/22,California,Colorado,49.0,49.0,46.9,-2.1,,,,,,,-13.9,-16.0,-2.1,33.0
2022,7,10/15/22,Charlotte,UAB,62.5,65.0,61.0,-1.5,,,,,,,-7.0,-11.0,-4.0,54.0
2022,7,10/15/22,Texas State,Troy,48.5,47.0,47.2,-1.3,,,,,,,-16.2,-16.0,0.2,31.0
2022,7,10/15/22,Ohio,Western Michigan,60.0,61.5,60.4,0.4,,,,,,,-13.4,-14.5,-1.1,47.0
2022,7,10/15/22,Kent State,Toledo,62.0,62.5,57.5,-4.5,UNDER,LEAN,LOSS,-,-0.5,-21.0,25.5,20.5,-5.0,83.0
2022,7,10/15/22,Northern Illinois,Eastern Michigan,63.0,64.5,58.1,-4.9,UNDER,LEAN,WIN,-,-1.5,14.0,-9.1,-15.5,-6.4,49.0
2022,7,10/15/22,NC State,Syracuse,44.0,42.5,45.9,1.9,,,,,,,-12.9,-9.5,3.4,33.0
2022,7,10/15/22,Maryland,Indiana,60.5,63.5,50.1,-10.4,UNDER,STRONG,LOSS,-,-3.0,-10.5,20.9,7.5,-13.4,71.0
2022,7,10/15/22,Oklahoma State,TCU,68.0,69.5,63.3,-4.7,UNDER,LEAN,LOSS,-,-1.5,-15.0,19.7,13.5,-6.2,83.0
2022,7,10/15/22,Alabama,Tennessee,65.5,68.0,66.5,1.0,,,,,,,34.5,33.0,-1.5,101.0
2022,7,10/15/22,Vanderbilt,Georgia,57.0,56.5,66.9,9.9,OVER,STRONG,LOSS,-,-0.5,-2.0,-11.9,-1.5,10.4,55.0
2022,7,10/15/22,Arkansas,BYU,59.5,66.5,64.2,4.7,OVER,LEAN,WIN,+,7.0,27.5,22.8,20.5,-2.3,87.0
2022,7,10/15/22,Western Kentucky,Middle Tennessee,66.0,67.5,59.6,-6.4,UNDER,STRONG,WIN,-,-1.5,14.0,-7.6,-15.5,-7.9,52.0
2022,7,10/15/22,Wisconsin,Michigan State,47.0,49.5,52.0,5.0,OVER,STRONG,WIN,+,2.5,15.0,10.0,12.5,2.5,62.0
2022,7,10/15/22,James Madison,Georgia Southern,63.5,67.5,61.8,-1.7,,,,,,,21.2,15.5,-5.7,83.0
2022,7,10/15/22,Louisiana Tech,North Texas,71.0,68.5,65.8,-5.2,UNDER,STRONG,LOSS,+,2.5,-3.0,8.2,5.5,-2.7,74.0
2022,7,10/15/22,Tulane,South Florida,55.0,55.0,52.5,-2.5,,,,,,,23.5,21.0,-2.5,76.0
2022,7,10/15/22,Arizona,Washington,73.5,71.5,61.1,-12.4,UNDER,STRONG,LOSS,+,2.0,-14.5,26.9,16.5,-10.4,88.0
2022,7,10/15/22,Rice,Florida Atlantic,56.0,54.5,61.5,5.5,OVER,STRONG,LOSS,-,-1.5,-25.0,-30.5,-23.5,7.0,31.0
2022,7,10/15/22,Arkansas State,Southern Miss,56.5,53.0,57.5,1.0,,,,,,,-18.5,-14.0,4.5,39.0
2022,7,10/15/22,LSU,Florida,51.5,51.5,58.0,6.5,OVER,STRONG,WIN,-,0.0,28.5,22.0,28.5,6.5,80.0
2022,7,10/15/22,UL Monroe,South Alabama,54.0,51.0,54.4,0.4,,,,,,,20.6,24.0,3.4,75.0
2022,7,10/15/22,Utah State,Colorado State,48.0,45.5,50.3,2.3,,,,,,,-20.3,-15.5,4.8,30.0
2022,7,10/15/22,Nebraska,Purdue,58.0,56.0,54.7,-3.3,UNDER,LEAN,LOSS,+,2.0,-22.0,25.3,24.0,-1.3,80.0
2022,7,10/15/22,Memphis,East Carolina,59.5,62.5,61.1,1.6,,,,,,,30.9,29.5,-1.4,92.0
2022,7,10/15/22,Clemson,Florida State,51.0,51.0,59.9,8.9,OVER,STRONG,WIN,-,0.0,11.0,2.1,11.0,8.9,62.0
2022,7,10/15/22,Stanford,Notre Dame,52.5,53.5,60.1,7.6,OVER,STRONG,LOSS,+,1.0,-22.5,-30.1,-23.5,6.6,30.0
2022,7,10/15/22,Mississippi State,Kentucky,47.0,50.5,53.0,6.0,OVER,STRONG,LOSS,+,3.5,-3.0,-9.0,-6.5,2.5,44.0
2022,7,10/15/22,North Carolina,Duke,67.5,70.0,69.2,1.7,,,,,,,3.8,3.0,-0.8,73.0
2022,7,10/15/22,New Mexico,New Mexico State,38.0,38.5,47.9,9.9,OVER,STRONG,LOSS,+,0.5,-8.0,-17.9,-8.5,9.4,30.0
2022,7,10/15/22,USC,Utah,60.5,65.0,62.2,1.7,,,,,,,22.8,20.0,-2.8,85.0
2022,7,10/15/22,Washington State,Oregon State,52.5,51.5,51.9,-0.6,,,,,,,-17.9,-17.5,0.4,34.0
2022,7,10/15/22,Air Force,UNLV,54.0,50.0,63.3,9.3,OVER,STRONG,LOSS,-,-4.0,-5.0,-14.3,-1.0,13.3,49.0
2022,7,10/15/22,San José State,Fresno State,49.5,47.0,57.3,7.8,OVER,STRONG,LOSS,-,-2.5,-22.5,-30.3,-20.0,10.3,27.0
2022,7,10/15/22,Nevada,Hawai'i,48.5,51.5,60.9,12.4,OVER,STRONG,LOSS,+,3.0,-1.5,-13.9,-4.5,9.4,47.0
2022,8,10/19/22,Georgia State,App State,61.5,60.0,54.6,-6.9,UNDER,STRONG,WIN,+,1.5,2.5,4.4,-1.0,-5.4,59.0
2022,8,10/20/22,Virginia,Georgia Tech,47.0,48.0,46.1,-0.9,,,,,,,-21.1,-23.0,-1.9,25.0
2022,8,10/20/22,Troy,South Alabama,49.0,47.0,49.9,0.9,,,,,,,-33.9,-31.0,2.9,16.0
2022,8,10/21/22,Tulsa,Temple,52.5,53.5,52.3,-0.2,,,,,,,-9.3,-10.5,-1.2,43.0
2022,8,10/21/22,UAB,Western Kentucky,57.5,60.5,64.1,6.6,OVER,STRONG,LOSS,+,3.0,-20.5,-27.1,-23.5,3.6,37.0
2022,8,10/22/22,UL Monroe,Army,56.0,55.5,49.7,-6.3,UNDER,STRONG,LOSS,+,0.5,-16.0,22.3,16.5,-5.8,72.0
2022,8,10/22/22,Indiana,Rutgers,45.5,48.0,46.0,0.5,,,,,,,-5.0,-7.0,-2.0,41.0
2022,8,10/22/22,Cincinnati,SMU,62.5,59.5,56.3,-6.2,UNDER,STRONG,WIN,+,3.0,6.5,-0.3,-3.5,-3.2,56.0
2022,8,10/22/22,Akron,Kent State,67.0,65.0,61.9,-5.1,UNDER,STRONG,WIN,+,2.0,7.0,-1.9,-5.0,-3.1,60.0
2022,8,10/22/22,Syracuse,Clemson,51.5,50.0,51.6,0.1,,,,,,,-3.6,-2.0,1.6,48.0
2022,8,10/22/22,Houston,Navy,53.0,50.5,51.2,-1.8,,,,,,,6.8,7.5,0.7,58.0
2022,8,10/22/22,Kansas,Baylor,63.0,56.5,55.3,-7.7,UNDER,STRONG,WIN,+,6.5,5.0,2.7,1.5,-1.2,58.0
2022,8,10/22/22,Iowa,Ohio State,49.5,49.5,52.1,2.6,,,,,,,11.9,14.5,2.6,64.0
2022,8,10/22/22,Duke,Miami,61.0,59.0,62.7,1.7,,,,,,,3.3,7.0,3.7,66.0
2022,8,10/22/22,Bowling Green,Central Michigan,50.5,50.5,56.2,5.7,OVER,STRONG,WIN,-,0.0,1.5,-4.2,1.5,5.7,52.0
2022,8,10/22/22,Toledo,Buffalo,62.0,56.0,57.4,-4.6,UNDER,LEAN,WIN,+,6.0,1.0,3.6,5.0,1.4,61.0
2022,8,10/22/22,Northern Illinois,Ohio,65.5,65.5,64.1,-1.4,,,,,,,-23.1,-24.5,-1.4,41.0
2022,8,10/22/22,Eastern Michigan,Ball State,57.5,57.5,56.6,-0.9,,,,,,,-20.6,-21.5,-0.9,36.0
2022,8,10/22/22,UNLV,Notre Dame,50.0,46.5,49.0,-1.0,,,,,,,16.0,18.5,2.5,65.0
2022,8,10/22/22,West Virginia,Texas Tech,69.0,65.5,71.8,2.8,,,,,,,-13.8,-7.5,6.3,58.0
2022,8,10/22/22,Rice,Louisiana Tech,60.0,57.0,59.8,-0.2,,,,,,,23.2,26.0,2.8,83.0
2022,8,10/22/22,UCLA,Oregon,70.5,70.5,60.4,-10.1,UNDER,STRONG,LOSS,-,0.0,-4.5,14.6,4.5,-10.1,75.0
2022,8,10/22/22,BYU,Liberty,58.0,58.0,53.8,-4.2,UNDER,LEAN,WIN,-,0.0,3.0,1.2,-3.0,-4.2,55.0
2022,8,10/22/22,Boston College,Wake Forest,61.5,60.0,57.6,-3.9,UNDER,LEAN,WIN,+,1.5,3.5,0.4,-2.0,-2.4,58.0
2022,8,10/22/22,Purdue,Wisconsin,52.5,51.5,62.3,9.8,OVER,STRONG,WIN,-,-1.0,6.5,-3.3,7.5,10.8,59.0
2022,8,10/22/22,Texas,Oklahoma State,65.0,58.5,55.7,-9.3,UNDER,STRONG,LOSS,+,6.5,-10.0,19.3,16.5,-2.8,75.0
2022,8,10/22/22,Marshall,James Madison,55.0,48.5,56.1,1.1,,,,,,,-18.1,-10.5,7.6,38.0
2022,8,10/22/22,Northwestern,Maryland,52.0,51.0,56.2,4.2,OVER,LEAN,WIN,-,-1.0,3.0,-1.2,4.0,5.2,55.0
2022,8,10/22/22,Ole Miss,LSU,64.0,64.0,56.9,-7.1,UNDER,STRONG,LOSS,-,0.0,-1.0,8.1,1.0,-7.1,65.0
2022,8,10/22/22,Memphis,Tulane,56.0,55.5,53.3,-2.7,,,,,,,12.7,10.5,-2.2,66.0
2022,8,10/22/22,North Texas,UTSA,70.5,73.0,73.8,3.3,OVER,LEAN,LOSS,+,2.5,-12.5,-15.8,-15.0,0.8,58.0
2022,8,10/22/22,Florida International,Charlotte,58.0,63.5,63.1,5.1,OVER,STRONG,LOSS,+,5.5,-9.0,-14.1,-14.5,-0.4,49.0
2022,8,10/22/22,Georgia Southern,Old Dominion,68.0,66.0,64.5,-3.5,UNDER,LEAN,WIN,+,2.0,17.0,-13.5,-15.0,-1.5,51.0
2022,8,10/22/22,Western Michigan,Miami (OH),45.5,44.0,50.2,4.7,OVER,LEAN,LOSS,-,-1.5,-19.5,-24.2,-18.0,6.2,26.0
2022,8,10/22/22,Hawai'i,Colorado State,46.5,46.0,51.0,4.5,OVER,LEAN,LOSS,-,-0.5,-16.5,-21.0,-16.0,5.0,30.0
2022,8,10/22/22,Florida Atlantic,UTEP,51.0,50.5,55.0,4.0,OVER,LEAN,LOSS,-,-0.5,-6.0,-10.0,-5.5,4.5,45.0
2022,8,10/22/22,Vanderbilt,Missouri,56.0,49.0,50.3,-5.7,UNDER,STRONG,WIN,+,7.0,25.0,-19.3,-18.0,1.3,31.0
2022,8,10/22/22,Arizona State,Stanford,54.5,52.0,56.1,1.6,,,,,,,-27.1,-23.0,4.1,29.0
2022,8,10/22/22,Arkansas State,Louisiana,51.5,51.0,49.1,-2.4,,,,,,,6.9,5.0,-1.9,56.0
2022,8,10/22/22,Southern Miss,Texas State,45.0,43.0,51.0,6.0,OVER,STRONG,LOSS,-,-2.0,-11.0,-17.0,-9.0,8.0,34.0
2022,8,10/22/22,Fresno State,New Mexico,42.5,40.5,51.6,9.1,OVER,STRONG,WIN,-,-2.0,7.5,-1.6,9.5,11.1,50.0
2022,8,10/22/22,Boise State,Air Force,48.5,46.5,52.5,4.0,OVER,LEAN,LOSS,-,-2.0,-15.5,-19.5,-13.5,6.0,33.0
2022,8,10/22/22,Mississippi State,Alabama,62.0,61.5,59.8,-2.2,,,,,,,-23.8,-25.5,-1.7,36.0
2022,8,10/22/22,Minnesota,Penn State,44.0,43.0,48.5,4.5,OVER,LEAN,WIN,-,-1.0,18.0,13.5,19.0,5.5,62.0
2022,8,10/22/22,Texas A&M,South Carolina,46.5,44.5,52.8,6.3,OVER,STRONG,WIN,-,-2.0,7.5,1.2,9.5,8.3,54.0
2022,8,10/22/22,UCF,East Carolina,64.5,63.5,62.7,-1.8,,,,,,,-15.7,-16.5,-0.8,47.0
2022,8,10/22/22,Kansas State,TCU,58.0,54.5,56.6,-1.4,,,,,,,9.4,11.5,2.1,66.0
2022,8,10/22/22,Colorado,Oregon State,50.5,47.5,51.4,0.9,,,,,,,-0.4,3.5,3.9,51.0
2022,8,10/22/22,Pittsburgh,Louisville,57.0,55.0,57.2,0.2,,,,,,,-23.2,-21.0,2.2,34.0
2022,8,10/22/22,Utah State,Wyoming,42.0,44.5,56.4,14.4,OVER,STRONG,PUSH,+,2.5,0.0,-14.4,-2.5,11.9,42.0
2022,8,10/22/22,Washington,California,57.0,54.5,57.0,0.0,,,,,,,-8.0,-5.5,2.5,49.0
2022,8,10/22/22,San Diego State,Nevada,36.5,36.0,44.3,7.8,OVER,STRONG,LOSS,-,-0.5,-6.5,-14.3,-6.0,8.3,30.0
2022,9,10/27/22,Louisiana,Southern Miss,43.5,43.0,50.6,7.1,OVER,STRONG,WIN,-,-0.5,19.5,12.4,20.0,7.6,63.0
2022,9,10/27/22,Virginia Tech,NC State,40.0,39.0,41.5,1.5,,,,,,,1.5,4.0,2.5,43.0
2022,9,10/27/22,Utah,Washington State,55.5,56.5,59.1,3.6,OVER,LEAN,LOSS,+,1.0,-17.5,-21.1,-18.5,2.6,38.0
2022,9,10/28/22,Louisiana Tech,Florida International,58.5,57.0,62.7,4.2,OVER,LEAN,WIN,-,-1.5,17.5,13.3,19.0,5.7,76.0
2022,9,10/28/22,East Carolina,BYU,60.5,64.0,61.7,1.2,,,,,,,-10.7,-13.0,-2.3,51.0
2022,9,10/29/22,Georgia Tech,Florida State,48.0,48.0,57.8,9.8,OVER,STRONG,WIN,-,0.0,9.0,-0.8,9.0,9.8,57.0
2022,9,10/29/22,South Florida,Houston,62.0,59.0,60.3,-1.7,,,,,,,8.7,10.0,1.3,69.0
2022,9,10/29/22,Miami (OH),Akron,46.0,51.5,50.5,4.5,OVER,LEAN,LOSS,+,5.5,-10.0,-14.5,-15.5,-1.0,36.0
2022,9,10/29/22,TCU,West Virginia,70.0,69.5,66.2,-3.8,UNDER,LEAN,LOSS,+,0.5,-2.0,5.8,2.5,-3.3,72.0
2022,9,10/29/22,Notre Dame,Syracuse,46.0,48.0,53.0,7.0,OVER,STRONG,WIN,+,2.0,19.0,12.0,17.0,5.0,65.0
2022,9,10/29/22,Ohio State,Penn State,61.5,60.5,62.1,0.6,,,,,,,12.9,14.5,1.6,75.0
2022,9,10/29/22,Oklahoma,Iowa State,54.5,58.0,58.5,4.0,OVER,LEAN,LOSS,+,3.5,-14.5,-18.5,-18.0,0.5,40.0
2022,9,10/29/22,Boston College,UConn,46.0,44.0,48.4,2.4,,,,,,,-32.4,-28.0,4.4,16.0
2022,9,10/29/22,Toledo,Eastern Michigan,58.0,54.0,55.8,-2.2,,,,,,,-4.8,-3.0,1.8,51.0
2022,9,10/29/22,Arkansas,Auburn,60.5,60.0,61.4,0.9,,,,,,,6.6,8.0,1.4,68.0
2022,9,10/29/22,Miami,Virginia,47.5,48.5,52.9,5.4,OVER,STRONG,LOSS,+,1.0,-21.5,-26.9,-22.5,4.4,26.0
2022,9,10/29/22,Charlotte,Rice,63.0,61.0,62.7,-0.3,,,,,,,16.3,18.0,1.7,79.0
2022,9,10/29/22,Rutgers,Minnesota,41.0,40.5,48.8,7.8,OVER,STRONG,LOSS,-,-0.5,-10.0,-17.8,-9.5,8.3,31.0
2022,9,10/29/22,Old Dominion,Georgia State,56.5,54.0,54.4,-2.1,,,,,,,-6.4,-6.0,0.4,48.0
2022,9,10/29/22,SMU,Tulsa,66.5,63.5,58.6,-7.9,UNDER,STRONG,LOSS,+,3.0,-12.5,20.4,15.5,-4.9,79.0
2022,9,10/29/22,Cincinnati,UCF,55.5,55.5,56.9,1.4,,,,,,,-10.9,-9.5,1.4,46.0
2022,9,10/29/22,Wake Forest,Louisville,62.5,66.0,60.5,-2.0,,,,,,,8.5,3.0,-5.5,69.0
2022,9,10/29/22,Temple,Navy,39.5,41.5,51.8,12.3,OVER,STRONG,WIN,+,2.0,7.5,-4.8,5.5,10.3,47.0
2022,9,10/29/22,Oregon,California,57.0,56.5,54.3,-2.7,,,,,,,11.7,9.5,-2.2,66.0
2022,9,10/29/22,Oklahoma State,Kansas State,58.0,57.5,56.5,-1.5,,,,,,,-8.5,-9.5,-1.0,48.0
2022,9,10/29/22,New Mexico State,Massachusetts,37.0,39.0,48.4,11.4,OVER,STRONG,LOSS,+,2.0,-1.0,-12.4,-3.0,9.4,36.0
2022,9,10/29/22,North Texas,Western Kentucky,71.5,70.0,71.4,-0.1,,,,,,,-18.4,-17.0,1.4,53.0
2022,9,10/29/22,Illinois,Nebraska,51.5,50.5,56.7,5.2,OVER,STRONG,LOSS,-,-1.0,-16.5,-21.7,-15.5,6.2,35.0
2022,9,10/29/22,Northwestern,Iowa,35.5,37.5,50.7,15.2,OVER,STRONG,WIN,+,2.0,10.5,-4.7,8.5,13.2,46.0
2022,9,10/29/22,Florida,Georgia,57.0,56.5,61.3,4.3,OVER,LEAN,WIN,-,-0.5,5.0,0.7,5.5,4.8,62.0
2022,9,10/29/22,South Alabama,Arkansas State,55.5,52.0,59.0,3.5,OVER,LEAN,LOSS,-,-3.5,-21.5,-25.0,-18.0,7.0,34.0
2022,9,10/29/22,Missouri,South Carolina,47.5,45.5,50.1,2.6,,,,,,,-17.1,-12.5,4.6,33.0
2022,9,10/29/22,USC,Arizona,77.5,74.0,67.7,-9.8,UNDER,STRONG,LOSS,+,3.5,-4.5,14.3,8.0,-6.3,82.0
2022,9,10/29/22,Coastal Carolina,Marshall,55.0,54.0,56.0,1.0,,,,,,,-19.0,-17.0,2.0,37.0
2022,9,10/29/22,Kentucky,Tennessee,63.0,62.5,59.2,-3.8,UNDER,LEAN,WIN,+,0.5,13.0,-9.2,-12.5,-3.3,50.0
2022,9,10/29/22,Colorado State,Boise State,44.0,42.5,47.3,3.3,OVER,LEAN,WIN,-,-1.5,15.0,11.7,16.5,4.8,59.0
2022,9,10/29/22,UAB,Florida Atlantic,48.0,45.0,59.1,11.1,OVER,STRONG,LOSS,-,-3.0,-7.0,-18.1,-4.0,14.1,41.0
2022,9,10/29/22,Arizona State,Colorado,46.5,48.5,49.5,3.0,OVER,LEAN,WIN,+,2.0,29.5,26.5,27.5,1.0,76.0
2022,9,10/29/22,Ole Miss,Texas A&M,53.5,55.5,61.2,7.7,OVER,STRONG,WIN,+,2.0,5.5,-2.2,3.5,5.7,59.0
2022,9,10/29/22,Michigan State,Michigan,54.5,55.0,56.6,2.1,,,,,,,-20.6,-19.0,1.6,36.0
2022,9,10/29/22,Baylor,Texas Tech,61.5,61.0,58.3,-3.2,UNDER,LEAN,LOSS,+,0.5,-0.5,3.7,1.0,-2.7,62.0
2022,9,10/29/22,Pittsburgh,North Carolina,64.0,65.5,70.7,6.7,OVER,STRONG,WIN,+,1.5,2.0,-4.7,0.5,5.2,66.0
2022,9,10/29/22,Middle Tennessee,UTEP,53.5,52.0,52.9,-0.6,,,,,,,-15.9,-15.0,0.9,37.0
2022,9,10/29/22,Nevada,San José State,44.0,44.5,56.9,12.9,OVER,STRONG,WIN,+,0.5,19.0,6.1,18.5,12.4,63.0
2022,9,10/29/22,San Diego State,Fresno State,39.5,44.5,44.0,4.5,OVER,LEAN,WIN,+,5.0,20.5,16.0,15.5,-0.5,60.0
2022,9,10/29/22,Stanford,UCLA,63.5,64.5,65.9,2.4,,,,,,,-14.9,-13.5,1.4,51.0
2022,9,10/29/22,Wyoming,Hawai'i,50.5,50.5,51.6,1.1,,,,,,,-4.6,-3.5,1.1,47.0
2022,10,11/01/22,Ball State,Kent State,61.5,61.5,63.6,2.1,,,,,,,-16.6,-14.5,2.1,47.0
2022,10,11/01/22,Buffalo,Ohio,58.5,61.0,61.5,3.0,OVER,LEAN,WIN,+,2.5,10.5,7.5,8.0,0.5,69.0
2022,10,11/02/22,Central Michigan,Northern Illinois,55.5,53.5,58.9,3.4,OVER,LEAN,WIN,-,-2.0,1.5,-1.9,3.5,5.4,57.0
2022,10,11/02/22,Western Michigan,Bowling Green,47.0,48.0,59.2,12.2,OVER,STRONG,LOSS,+,1.0,-25.0,-37.2,-26.0,11.2,22.0
2022,10,11/03/22,UTEP,Rice,48.0,47.0,57.7,9.7,OVER,STRONG,WIN,-,-1.0,19.0,9.3,20.0,10.7,67.0
2022,10,11/03/22,App State,Coastal Carolina,61.0,65.5,71.0,10.0,OVER,STRONG,WIN,+,4.5,2.0,-8.0,-2.5,5.5,63.0
2022,10,11/04/22,Duke,Boston College,48.5,47.5,51.9,3.4,OVER,LEAN,WIN,-,-1.0,20.5,17.1,21.5,4.4,69.0
2022,10,11/04/22,Massachusetts,UConn,41.0,40.0,48.0,7.0,OVER,STRONG,LOSS,-,-1.0,-4.0,-11.0,-3.0,8.0,37.0
2022,10,11/04/22,Oregon State,Washington,60.5,53.5,56.4,-4.1,UNDER,LEAN,WIN,+,7.0,15.5,-11.4,-8.5,2.9,45.0
2022,10,11/05/22,Air Force,Army,40.5,40.5,57.8,17.3,OVER,STRONG,LOSS,-,0.0,-20.5,-37.8,-20.5,17.3,20.0
2022,10,11/05/22,Iowa,Purdue,43.0,39.5,45.6,2.6,,,,,,,-18.6,-12.5,6.1,27.0
2022,10,11/05/22,Minnesota,Nebraska,47.0,44.5,57.5,10.5,OVER,STRONG,LOSS,-,-2.5,-14.0,-24.5,-11.5,13.0,33.0
2022,10,11/05/22,Texas Tech,TCU,71.0,69.0,67.2,-3.8,UNDER,LEAN,WIN,+,2.0,13.0,-9.2,-11.0,-1.8,58.0
2022,10,11/05/22,North Carolina,Virginia,59.5,61.5,66.5,7.0,OVER,STRONG,LOSS,+,2.0,-0.5,-7.5,-2.5,5.0,59.0
2022,10,11/05/22,Kentucky,Missouri,43.5,40.0,46.3,2.8,,,,,,,-8.3,-2.0,6.3,38.0
2022,10,11/05/22,Florida,Texas A&M,54.5,53.5,54.6,0.1,,,,,,,10.4,11.5,1.1,65.0
2022,10,11/05/22,Maryland,Wisconsin,53.0,47.5,57.4,4.4,OVER,LEAN,LOSS,-,-5.5,-20.0,-24.4,-14.5,9.9,33.0
2022,10,11/05/22,Tulane,Tulsa,58.5,56.0,54.8,-3.7,UNDER,LEAN,WIN,+,2.5,18.5,-14.8,-16.0,-1.2,40.0
2022,10,11/05/22,Western Kentucky,Charlotte,71.0,72.5,67.7,-3.3,UNDER,LEAN,WIN,-,-1.5,5.0,-1.7,-6.5,-4.8,66.0
2022,10,11/05/22,Ohio State,Northwestern,62.5,55.5,72.5,10.0,OVER,STRONG,LOSS,-,-7.0,-34.5,-44.5,-27.5,17.0,28.0
2022,10,11/05/22,Georgia Tech,Virginia Tech,41.5,40.5,43.7,2.2,,,,,,,11.3,14.5,3.2,55.0
2022,10,11/05/22,South Florida,Temple,51.5,49.0,55.3,3.8,OVER,LEAN,WIN,-,-2.5,30.5,26.7,33.0,6.3,82.0
2022,10,11/05/22,Marshall,Old Dominion,46.0,46.5,51.6,5.6,OVER,STRONG,LOSS,+,0.5,-34.0,-39.6,-34.5,5.1,12.0
2022,10,11/05/22,Middle Tennessee,Louisiana Tech,64.0,63.5,55.0,-9.0,UNDER,STRONG,PUSH,+,0.5,0.0,9.0,0.5,-8.5,64.0
2022,10,11/05/22,Baylor,Oklahoma,58.5,61.5,53.5,-5.0,UNDER,STRONG,LOSS,-,-3.0,-14.5,19.5,11.5,-8.0,73.0
2022,10,11/05/22,Georgia State,Southern Miss,50.5,48.0,48.1,-2.4,,,,,,,7.9,8.0,0.1,56.0
2022,10,11/05/22,Tennessee,Georgia,65.5,65.5,69.4,3.9,OVER,LEAN,LOSS,-,0.0,-25.5,-29.4,-25.5,3.9,40.0
2022,10,11/05/22,Oregon,Colorado,60.5,62.5,55.7,-4.8,UNDER,LEAN,WIN,-,-2.0,1.5,3.3,-3.5,-6.8,59.0
2022,10,11/05/22,Penn State,Indiana,54.5,50.0,53.7,-0.8,,,,,,,5.3,9.0,3.7,59.0
2022,10,11/05/22,UTSA,UAB,52.0,53.5,58.5,6.5,OVER,STRONG,WIN,+,1.5,30.0,23.5,28.5,5.0,82.0
2022,10,11/05/22,West Virginia,Iowa State,51.0,49.5,57.9,6.9,OVER,STRONG,LOSS,-,-1.5,-6.0,-12.9,-4.5,8.4,45.0
2022,10,11/05/22,Michigan State,Illinois,43.5,41.0,46.4,2.9,,,,,,,-8.4,-3.0,5.4,38.0
2022,10,11/05/22,Washington State,Stanford,48.5,48.5,54.9,6.4,OVER,STRONG,WIN,-,0.0,17.5,11.1,17.5,6.4,66.0
2022,10,11/05/22,UCF,Memphis,61.5,60.5,57.8,-3.7,UNDER,LEAN,LOSS,+,1.0,-1.5,5.2,2.5,-2.7,63.0
2022,10,11/05/22,Oklahoma State,Kansas,69.0,60.5,58.0,-11.0,UNDER,STRONG,WIN,+,8.5,16.0,-5.0,-7.5,-2.5,53.0
2022,10,11/05/22,Syracuse,Pittsburgh,50.5,47.5,54.9,4.4,OVER,LEAN,LOSS,-,-3.0,-22.5,-26.9,-19.5,7.4,28.0
2022,10,11/05/22,New Mexico,Utah State,43.5,42.5,46.6,3.1,OVER,LEAN,LOSS,-,-1.0,-6.5,-9.6,-5.5,4.1,37.0
2022,10,11/05/22,Navy,Cincinnati,48.5,43.5,44.5,-4.0,UNDER,LEAN,WIN,+,5.0,18.5,-14.5,-13.5,1.0,30.0
2022,10,11/05/22,Liberty,Arkansas,64.5,61.5,60.9,-3.6,UNDER,LEAN,WIN,+,3.0,24.5,-20.9,-21.5,-0.6,40.0
2022,10,11/05/22,South Alabama,Georgia Southern,60.0,60.5,60.9,0.9,,,,,,,8.1,8.5,0.4,69.0
2022,10,11/05/22,Florida International,North Texas,63.0,63.0,65.1,2.1,,,,,,,0.9,3.0,2.1,66.0
2022,10,11/05/22,Troy,Louisiana,43.0,42.5,48.2,5.2,OVER,STRONG,LOSS,-,-0.5,-3.0,-8.2,-2.5,5.7,40.0
2022,10,11/05/22,Texas State,UL Monroe,52.0,52.5,52.9,0.9,,,,,,,8.1,8.5,0.4,61.0
2022,10,11/05/22,Texas,Kansas State,54.5,54.5,58.8,4.3,OVER,LEAN,WIN,-,0.0,6.5,2.2,6.5,4.3,61.0
2022,10,11/05/22,UNLV,San Diego State,48.0,47.0,46.5,-1.5,,,,,,,-22.5,-23.0,-0.5,24.0
2022,10,11/05/22,BYU,Boise State,55.5,54.5,54.6,-0.9,,,,,,,4.4,4.5,0.1,59.0
2022,10,11/05/22,Alabama,LSU,58.0,56.5,52.3,-5.7,UNDER,STRONG,LOSS,+,1.5,-5.0,10.7,6.5,-4.2,63.0
2022,10,11/05/22,Houston,SMU,67.5,66.0,59.6,-7.9,UNDER,STRONG,LOSS,+,1.5,-72.5,80.4,74.0,-6.4,140.0
2022,10,11/05/22,James Madison,Louisville,55.0,53.5,52.4,-2.6,,,,,,,-8.4,-9.5,-1.1,44.0
2022,10,11/05/22,Florida State,Miami,53.0,54.0,60.7,7.7,OVER,STRONG,LOSS,+,1.0,-5.0,-12.7,-6.0,6.7,48.0
2022,10,11/05/22,Auburn,Mississippi State,52.5,50.5,56.1,3.6,OVER,LEAN,WIN,-,-2.0,19.5,15.9,21.5,5.6,72.0
2022,10,11/05/22,Arizona,Utah,67.5,67.5,61.3,-6.2,UNDER,STRONG,WIN,-,0.0,2.5,3.7,-2.5,-6.2,65.0
2022,10,11/05/22,South Carolina,Vanderbilt,49.5,49.0,55.5,6.0,OVER,STRONG,WIN,-,-0.5,15.5,9.5,16.0,6.5,65.0
2022,10,11/05/22,Michigan,Rutgers,46.0,45.0,52.1,6.1,OVER,STRONG,WIN,-,-1.0,23.0,16.9,24.0,7.1,69.0
2022,10,11/05/22,Clemson,Notre Dame,48.0,43.5,48.7,0.7,,,,,,,0.3,5.5,5.2,49.0
2022,10,11/05/22,Wake Forest,NC State,54.0,54.0,52.4,-1.6,,,,,,,-1.4,-3.0,-1.6,51.0
2022,10,11/05/22,Hawai'i,Fresno State,57.5,62.0,58.7,1.2,,,,,,,9.3,6.0,-3.3,68.0
2022,10,11/05/22,Colorado State,San José State,45.0,44.5,47.1,2.1,,,,,,,-3.1,-0.5,2.6,44.0
2022,10,11/05/22,UCLA,Arizona State,62.0,67.0,60.7,-1.3,,,,,,,25.3,19.0,-6.3,86.0
2022,10,11/05/22,California,USC,58.0,61.0,61.2,3.2,OVER,LEAN,WIN,+,3.0,18.0,14.8,15.0,0.2,76.0
2022,11,11/08/22,Eastern Michigan,Akron,55.5,57.5,58.8,3.3,OVER,LEAN,WIN,+,2.0,6.5,3.2,4.5,1.3,62.0
2022,11,11/08/22,Ohio,Miami (OH),50.5,52.0,47.7,-2.8,,,,,,,10.3,6.0,-4.3,58.0
2022,11,11/08/22,Ball State,Toledo,51.5,53.5,50.1,-1.4,,,,,,,-1.1,-4.5,-3.4,49.0
2022,11,11/09/22,Kent State,Bowling Green,57.5,55.5,60.8,3.3,OVER,LEAN,LOSS,-,-2.0,-11.5,-14.8,-9.5,5.3,46.0
2022,11,11/09/22,Buffalo,Central Michigan,55.5,54.0,60.2,4.7,OVER,LEAN,WIN,-,-1.5,2.5,-2.2,4.0,6.2,58.0
2022,11,11/09/22,Northern Illinois,Western Michigan,52.0,49.0,57.6,5.6,OVER,STRONG,LOSS,-,-3.0,-7.0,-12.6,-4.0,8.6,45.0
2022,11,11/10/22,Tulsa,Memphis,62.5,62.5,54.5,-8.0,UNDER,STRONG,WIN,-,0.0,26.5,-18.5,-26.5,-8.0,36.0
2022,11,11/10/22,Georgia Southern,Louisiana,58.5,63.0,60.9,2.4,,,,,,,-7.9,-10.0,-2.1,53.0
2022,11,11/11/22,East Carolina,Cincinnati,53.5,51.5,56.2,2.7,,,,,,,-4.2,0.5,4.7,52.0
2022,11,11/11/22,Colorado,USC,64.0,66.0,63.6,-0.4,,,,,,,8.4,6.0,-2.4,72.0
2022,11,11/11/22,Fresno State,UNLV,58.0,62.0,55.6,-2.4,,,,,,,11.4,5.0,-6.4,67.0
2022,11,11/12/22,Purdue,Illinois,46.5,44.0,51.0,4.5,OVER,LEAN,WIN,-,-2.5,8.5,4.0,11.0,7.0,55.0
2022,11,11/12/22,Pittsburgh,Virginia,41.5,41.5,52.3,10.8,OVER,STRONG,WIN,-,0.0,2.5,-8.3,2.5,10.8,44.0
2022,11,11/12/22,Virginia Tech,Duke,50.5,49.5,52.3,1.8,,,,,,,-21.3,-18.5,2.8,31.0
2022,11,11/12/22,Indiana,Ohio State,57.5,62.0,59.4,1.9,,,,,,,10.6,8.0,-2.6,70.0
2022,11,11/12/22,Rutgers,Michigan State,40.0,41.0,44.2,4.2,OVER,LEAN,WIN,+,1.0,8.0,3.8,7.0,3.2,48.0
2022,11,11/12/22,Notre Dame,Navy,42.5,40.5,48.6,6.1,OVER,STRONG,WIN,-,-2.0,24.5,18.4,26.5,8.1,67.0
2022,11,11/12/22,LSU,Arkansas,62.0,59.0,65.9,3.9,OVER,LEAN,LOSS,-,-3.0,-39.0,-42.9,-36.0,6.9,23.0
2022,11,11/12/22,Vanderbilt,Kentucky,50.0,45.5,48.5,-1.5,,,,,,,-3.5,-0.5,3.0,45.0
2022,11,11/12/22,Missouri,Tennessee,56.5,57.5,54.8,-1.7,,,,,,,35.2,32.5,-2.7,90.0
2022,11,11/12/22,Oklahoma,West Virginia,66.0,68.5,60.6,-5.4,UNDER,STRONG,WIN,-,-2.5,23.0,-17.6,-25.5,-7.9,43.0
2022,11,11/12/22,SMU,South Florida,74.5,72.5,69.0,-5.5,UNDER,STRONG,WIN,+,2.0,10.5,-5.0,-8.5,-3.5,64.0
2022,11,11/12/22,Liberty,UConn,48.0,45.0,48.3,0.3,,,,,,,20.7,24.0,3.3,69.0
2022,11,11/12/22,James Madison,Old Dominion,48.0,48.0,59.0,11.0,OVER,STRONG,LOSS,-,0.0,-8.0,-19.0,-8.0,11.0,40.0
2022,11,11/12/22,UL Monroe,Georgia State,59.0,59.5,53.7,-5.3,UNDER,STRONG,PUSH,-,-0.5,0.0,5.3,-0.5,-5.8,59.0
2022,11,11/12/22,Rice,Western Kentucky,62.5,61.0,63.5,1.0,,,,,,,-8.5,-6.0,2.5,55.0
2022,11,11/12/22,Massachusetts,Arkansas State,49.5,49.5,52.2,2.7,,,,,,,15.8,18.5,2.7,68.0
2022,11,11/12/22,Temple,Houston,58.0,56.0,57.5,-0.5,,,,,,,21.5,23.0,1.5,79.0
2022,11,11/12/22,App State,Marshall,46.0,47.5,53.7,7.7,OVER,STRONG,WIN,+,1.5,3.0,-4.7,1.5,6.2,49.0
2022,11,11/12/22,North Texas,UAB,57.5,58.0,62.8,5.3,OVER,STRONG,WIN,+,0.5,4.5,-0.8,4.0,4.8,62.0
2022,11,11/12/22,Miami,Georgia Tech,45.0,43.5,48.0,3.0,OVER,LEAN,WIN,-,-1.5,4.0,1.0,5.5,4.5,49.0
2022,11,11/12/22,Boston College,NC State,42.0,41.0,48.6,6.6,OVER,STRONG,LOSS,-,-1.0,-1.0,-7.6,0.0,7.6,41.0
2022,11,11/12/22,UCF,Tulane,51.5,54.5,54.6,3.1,OVER,LEAN,WIN,+,3.0,17.5,14.4,14.5,0.1,69.0
2022,11,11/12/22,Louisville,Clemson,52.0,52.0,50.1,-1.9,,,,,,,-3.1,-5.0,-1.9,47.0
2022,11,11/12/22,Charlotte,Middle Tennessee,68.0,67.0,61.1,-6.9,UNDER,STRONG,WIN,+,1.0,30.0,-23.1,-29.0,-5.9,38.0
2022,11,11/12/22,Louisiana Tech,UTSA,68.0,68.5,70.2,2.2,,,,,,,-12.2,-10.5,1.7,58.0
2022,11,11/12/22,Arizona State,Washington State,55.5,59.5,55.2,-0.3,,,,,,,-9.2,-13.5,-4.3,46.0
2022,11,11/12/22,Alabama,Ole Miss,63.5,65.5,62.7,-0.8,,,,,,,-8.7,-11.5,-2.8,54.0
2022,11,11/12/22,Army,Troy,45.5,45.5,47.4,1.9,,,,,,,-28.4,-26.5,1.9,19.0
2022,11,11/12/22,Wisconsin,Iowa,36.5,35.5,49.9,13.4,OVER,STRONG,LOSS,-,-1.0,-2.5,-15.9,-1.5,14.4,34.0
2022,11,11/12/22,Maryland,Penn State,57.0,56.5,52.6,-4.4,UNDER,LEAN,WIN,+,0.5,27.0,-22.6,-26.5,-3.9,30.0
2022,11,11/12/22,Northwestern,Minnesota,41.0,41.0,50.8,9.8,OVER,STRONG,LOSS,-,0.0,-7.0,-16.8,-7.0,9.8,34.0
2022,11,11/12/22,New Mexico,Air Force,39.0,37.0,48.5,9.5,OVER,STRONG,LOSS,-,-2.0,-1.0,-10.5,1.0,11.5,38.0
2022,11,11/12/22,Nebraska,Michigan,52.0,49.5,62.4,10.4,OVER,STRONG,LOSS,-,-2.5,-15.0,-25.4,-12.5,12.9,37.0
2022,11,11/12/22,Iowa State,Oklahoma State,47.5,47.5,50.5,3.0,OVER,LEAN,LOSS,-,0.0,-13.5,-16.5,-13.5,3.0,34.0
2022,11,11/12/22,South Carolina,Florida,59.0,58.0,56.8,-2.2,,,,,,,-12.8,-14.0,-1.2,44.0
2022,11,11/12/22,Texas State,South Alabama,47.5,46.0,49.7,2.2,,,,,,,9.3,13.0,3.7,59.0
2022,11,11/12/22,Wyoming,Colorado State,42.0,42.5,47.2,5.2,OVER,STRONG,LOSS,+,0.5,-15.0,-20.2,-15.5,4.7,27.0
2022,11,11/12/22,Florida Atlantic,Florida International,54.0,54.5,57.3,3.3,OVER,LEAN,WIN,+,0.5,5.0,1.7,4.5,2.8,59.0
2022,11,11/12/22,Kansas State,Baylor,53.5,52.5,51.7,-1.8,,,,,,,-17.7,-18.5,-0.8,34.0
2022,11,11/12/22,Washington,Oregon,68.5,74.0,59.6,-8.9,UNDER,STRONG,LOSS,-,-5.5,-2.5,11.4,-3.0,-14.4,71.0
2022,11,11/12/22,Kansas,Texas Tech,64.5,63.5,60.8,-3.7,UNDER,LEAN,LOSS,+,1.0,-6.5,10.2,7.5,-2.7,71.0
2022,11,11/12/22,Georgia,Mississippi State,53.5,53.0,64.8,11.3,OVER,STRONG,WIN,-,-0.5,10.5,-0.8,11.0,11.8,64.0
2022,11,11/12/22,TCU,Texas,65.5,66.0,61.0,-4.5,UNDER,LEAN,WIN,-,-0.5,38.5,-34.0,-39.0,-5.0,27.0
2022,11,11/12/22,North Carolina,Wake Forest,76.0,79.0,73.0,-3.0,UNDER,LEAN,WIN,-,-3.0,6.0,-3.0,-9.0,-6.0,70.0
2022,11,11/12/22,Texas A&M,Auburn,49.5,48.5,49.1,-0.4,,,,,,,-26.1,-25.5,0.6,23.0
2022,11,11/12/22,Southern Miss,Coastal Carolina,54.5,48.0,55.1,0.6,,,,,,,-6.1,1.0,7.1,49.0
2022,11,11/12/22,Florida State,Syracuse,51.5,51.0,59.8,8.3,OVER,STRONG,LOSS,-,-0.5,-10.5,-18.8,-10.0,8.8,41.0
2022,11,11/12/22,California,Oregon State,49.0,47.0,48.8,-0.2,,,,,,,-0.8,1.0,1.8,48.0
2022,11,11/12/22,Stanford,Utah,53.0,54.0,62.7,9.7,OVER,STRONG,LOSS,+,1.0,-4.0,-13.7,-5.0,8.7,49.0
2022,11,11/12/22,San José State,San Diego State,39.5,41.5,45.7,6.2,OVER,STRONG,WIN,+,2.0,30.5,24.3,28.5,4.2,70.0
2022,11,11/12/22,Boise State,Nevada,48.5,47.5,48.6,0.1,,,,,,,-4.6,-3.5,1.1,44.0
2022,11,11/12/22,Arizona,UCLA,77.5,77.5,68.7,-8.8,UNDER,STRONG,WIN,-,0.0,15.5,-6.7,-15.5,-8.8,62.0
2022,11,11/12/22,Utah State,Hawai'i,55.5,55.0,59.6,4.1,OVER,LEAN,WIN,-,-0.5,19.5,15.4,20.0,4.6,75.0
2022,12,11/15/22,Bowling Green,Toledo,50.5,46.5,52.8,2.3,,,,,,,24.2,30.5,6.3,77.0
2022,12,11/15/22,Ohio,Ball State,53.0,57.5,58.3,5.3,OVER,STRONG,LOSS,+,4.5,-3.0,-8.3,-7.5,0.8,50.0
2022,12,11/16/22,Eastern Michigan,Kent State,61.5,60.0,63.6,2.1,,,,,,,-8.6,-5.0,3.6,55.0
2022,12,11/16/22,Miami (OH),Northern Illinois,48.0,44.0,48.0,0.0,,,,,,,4.0,8.0,4.0,52.0
2022,12,11/16/22,Western Michigan,Central Michigan,50.0,48.5,55.1,5.1,OVER,STRONG,LOSS,-,-1.5,-28.0,-33.1,-26.5,6.6,22.0
2022,12,11/17/22,SMU,Tulane,65.0,65.0,59.0,-6.0,UNDER,STRONG,LOSS,-,0.0,-18.0,24.0,18.0,-6.0,83.0
2022,12,11/18/22,South Florida,Tulsa,60.5,57.5,64.0,3.5,OVER,LEAN,WIN,-,-3.0,29.5,26.0,32.5,6.5,90.0
2022,12,11/18/22,San Diego State,New Mexico,39.5,36.0,49.5,10.0,OVER,STRONG,WIN,-,-3.5,4.5,-5.5,8.0,13.5,44.0
2022,12,11/19/22,Navy,UCF,53.5,53.0,50.4,-3.1,UNDER,LEAN,WIN,+,0.5,22.5,-19.4,-22.0,-2.6,31.0
2022,12,11/19/22,Northwestern,Purdue,48.0,44.5,58.2,10.2,OVER,STRONG,LOSS,-,-3.5,-22.0,-32.2,-18.5,13.7,26.0
2022,12,11/19/22,UConn,Army,43.5,45.0,50.9,7.4,OVER,STRONG,WIN,+,1.5,7.5,0.1,6.0,5.9,51.0
2022,12,11/19/22,Illinois,Michigan,44.0,41.5,50.8,6.8,OVER,STRONG,LOSS,-,-2.5,-8.0,-14.8,-5.5,9.3,36.0
2022,12,11/19/22,Virginia Tech,Liberty,47.0,46.5,47.8,0.8,,,,,,,-2.8,-1.5,1.3,45.0
2022,12,11/19/22,TCU,Baylor,56.5,58.0,59.3,2.8,,,,,,,-2.3,-1.0,1.3,57.0
2022,12,11/19/22,Louisiana,Florida State,52.5,52.5,59.4,6.9,OVER,STRONG,WIN,-,0.0,13.5,6.6,13.5,6.9,66.0
2022,12,11/19/22,Wisconsin,Nebraska,41.0,40.5,51.4,10.4,OVER,STRONG,LOSS,-,-0.5,-12.0,-22.4,-11.5,10.9,29.0
2022,12,11/19/22,Florida,Vanderbilt,57.5,58.0,58.0,0.5,,,,,,,-3.0,-3.0,0.0,55.0
2022,12,11/19/22,Duke,Pittsburgh,54.5,49.0,57.6,3.1,OVER,LEAN,LOSS,-,-5.5,-0.5,-3.6,5.0,8.6,54.0
2022,12,11/19/22,Indiana,Michigan State,46.5,47.5,51.2,4.7,OVER,LEAN,WIN,+,1.0,23.5,18.8,22.5,3.7,70.0
2022,12,11/19/22,Massachusetts,Texas A&M,50.0,46.0,51.1,1.1,,,,,,,-28.1,-23.0,5.1,23.0
2022,12,11/19/22,UTSA,Rice,61.0,56.0,60.5,-0.5,,,,,,,-12.5,-8.0,4.5,48.0
2022,12,11/19/22,Houston,East Carolina,67.0,66.5,62.2,-4.8,UNDER,LEAN,WIN,+,0.5,22.0,-17.2,-21.5,-4.3,45.0
2022,12,11/19/22,Georgia State,James Madison,55.0,52.0,48.0,-7.0,UNDER,STRONG,LOSS,+,3.0,-27.0,34.0,30.0,-4.0,82.0
2022,12,11/19/22,Kansas State,West Virginia,55.0,54.5,57.5,2.5,,,,,,,21.5,24.5,3.0,79.0
2022,12,11/19/22,Washington State,Arizona,63.0,63.0,58.8,-4.2,UNDER,LEAN,WIN,-,0.0,12.0,-7.8,-12.0,-4.2,51.0
2022,12,11/19/22,Oregon State,Arizona State,55.0,53.5,50.0,-5.0,UNDER,STRONG,WIN,+,1.5,17.0,-12.0,-15.5,-3.5,38.0
2022,12,11/19/22,Boston College,Notre Dame,47.0,42.0,47.9,0.9,,,,,,,-3.9,2.0,5.9,44.0
2022,12,11/19/22,Old Dominion,App State,52.0,50.5,51.8,-0.2,,,,,,,-10.8,-9.5,1.3,41.0
2022,12,11/19/22,Ohio State,Maryland,63.5,62.5,68.7,5.2,OVER,STRONG,WIN,-,-1.0,9.5,4.3,10.5,6.2,73.0
2022,12,11/19/22,Texas,Kansas,64.5,63.5,60.7,-3.8,UNDER,LEAN,LOSS,+,1.0,-4.5,8.3,5.5,-2.8,69.0
2022,12,11/19/22,NC State,Louisville,47.0,43.0,51.4,4.4,OVER,LEAN,LOSS,-,-4.0,-12.0,-16.4,-8.0,8.4,35.0
2022,12,11/19/22,Georgia,Kentucky,49.0,47.5,58.4,9.4,OVER,STRONG,LOSS,-,-1.5,-27.0,-36.4,-25.5,10.9,22.0
2022,12,11/19/22,Florida Atlantic,Middle Tennessee,53.5,51.0,50.6,-2.9,,,,,,,19.4,19.0,-0.4,70.0
2022,12,11/19/22,Louisiana Tech,Charlotte,65.0,66.5,70.7,5.7,OVER,STRONG,LOSS,+,1.5,-18.0,-23.7,-19.5,4.2,47.0
2022,12,11/19/22,UL Monroe,Troy,46.5,48.5,50.5,4.0,OVER,LEAN,WIN,+,2.0,3.5,-0.5,1.5,2.0,50.0
2022,12,11/19/22,South Alabama,Southern Miss,46.5,45.0,47.4,0.9,,,,,,,-0.4,2.0,2.4,47.0
2022,12,11/19/22,Miami,Clemson,46.5,47.5,53.9,7.4,OVER,STRONG,WIN,+,1.0,3.5,-3.9,2.5,6.4,50.0
2022,12,11/19/22,Penn State,Rutgers,44.0,45.0,48.2,4.2,OVER,LEAN,WIN,+,1.0,21.0,16.8,20.0,3.2,65.0
2022,12,11/19/22,Western Kentucky,Auburn,52.5,54.0,61.7,9.2,OVER,STRONG,WIN,+,1.5,5.5,-3.7,4.0,7.7,58.0
2022,12,11/19/22,Florida International,UTEP,51.0,50.0,54.5,3.5,OVER,LEAN,LOSS,-,-1.0,-5.0,-8.5,-4.0,4.5,46.0
2022,12,11/19/22,Iowa,Minnesota,33.0,31.5,42.6,9.6,OVER,STRONG,LOSS,-,-1.5,-10.0,-19.6,-8.5,11.1,23.0
2022,12,11/19/22,Cincinnati,Temple,54.0,49.0,48.9,-5.1,UNDER,STRONG,WIN,+,5.0,28.0,-22.9,-23.0,-0.1,26.0
2022,12,11/19/22,Arkansas State,Texas State,51.5,50.0,51.4,-0.1,,,,,,,-22.4,-21.0,1.4,29.0
2022,12,11/19/22,Georgia Tech,North Carolina,63.5,63.0,63.2,-0.3,,,,,,,-25.2,-25.0,0.2,38.0
2022,12,11/19/22,Stanford,California,46.5,46.0,57.0,10.5,OVER,STRONG,WIN,-,-0.5,0.5,-10.0,1.0,11.0,47.0
2022,12,11/19/22,Marshall,Georgia Southern,54.0,52.5,56.8,2.8,,,,,,,-23.8,-19.5,4.3,33.0
2022,12,11/19/22,Boise State,Wyoming,44.5,44.5,52.4,7.9,OVER,STRONG,LOSS,-,0.0,-7.5,-15.4,-7.5,7.9,37.0
2022,12,11/19/22,Tennessee,South Carolina,66.5,67.0,71.7,5.2,OVER,STRONG,WIN,+,0.5,34.5,29.3,34.0,4.7,101.0
2022,12,11/19/22,Texas Tech,Iowa State,48.0,47.5,55.5,7.5,OVER,STRONG,LOSS,-,-0.5,-24.0,-31.5,-23.5,8.0,24.0
2022,12,11/19/22,New Mexico State,Missouri,47.0,46.5,49.1,2.1,,,,,,,9.9,12.5,2.6,59.0
2022,12,11/19/22,Oklahoma State,Oklahoma,64.5,67.5,57.4,-7.1,UNDER,STRONG,WIN,-,-3.0,23.5,-16.4,-26.5,-10.1,41.0
2022,12,11/19/22,Ole Miss,Arkansas,59.0,68.0,68.3,9.3,OVER,STRONG,WIN,+,9.0,10.0,0.7,1.0,0.3,69.0
2022,12,11/19/22,Syracuse,Wake Forest,55.5,58.5,52.1,-3.4,UNDER,LEAN,LOSS,-,-3.0,-24.5,27.9,21.5,-6.4,80.0
2022,12,11/19/22,USC,UCLA,73.5,77.5,68.9,-4.6,UNDER,LEAN,LOSS,-,-4.0,-19.5,24.1,15.5,-8.6,93.0
2022,12,11/19/22,Colorado,Washington,63.0,60.5,56.7,-6.3,UNDER,STRONG,WIN,+,2.5,2.0,4.3,0.5,-3.8,61.0
2022,12,11/19/22,UAB,LSU,52.5,50.5,51.6,-0.9,,,,,,,-0.6,0.5,1.1,51.0
2022,12,11/19/22,Colorado State,Air Force,44.0,43.0,53.0,9.0,OVER,STRONG,LOSS,-,-1.0,-8.0,-17.0,-7.0,10.0,36.0
2022,12,11/19/22,San José State,Utah State,51.5,51.0,50.1,-1.4,,,,,,,15.9,15.0,-0.9,66.0
2022,12,11/19/22,Utah,Oregon,62.0,61.5,64.4,2.4,,,,,,,-27.4,-24.5,2.9,37.0
2022,12,11/19/22,Fresno State,Nevada,54.5,54.0,58.6,4.1,OVER,LEAN,WIN,-,-0.5,0.5,-3.6,1.0,4.6,55.0
2022,12,11/19/22,UNLV,Hawai'i,59.5,56.5,55.5,-4.0,UNDER,LEAN,WIN,+,3.0,3.5,0.5,-0.5,-1.0,56.0
2022,13,11/22/22,Ball State,Miami (OH),44.5,45.0,47.4,2.9,,,,,,,-12.4,-10.0,2.4,35.0
2022,13,11/22/22,Bowling Green,Ohio,55.0,52.5,59.2,4.2,OVER,LEAN,LOSS,-,-2.5,-3.0,-7.2,-0.5,6.7,52.0
2022,13,11/24/22,Mississippi State,Ole Miss,63.0,63.0,65.4,2.4,,,,,,,-19.4,-17.0,2.4,46.0
2022,13,11/25/22,Baylor,Texas,55.5,55.0,50.8,-4.7,UNDER,LEAN,LOSS,+,0.5,-9.5,14.2,10.0,-4.2,65.0
2022,13,11/25/22,Tulane,Cincinnati,47.5,44.0,50.0,2.5,,,,,,,1.0,7.0,6.0,51.0
2022,13,11/25/22,Toledo,Western Michigan,52.5,50.5,54.4,1.9,,,,,,,-20.4,-16.5,3.9,34.0
2022,13,11/25/22,Utah State,Boise State,52.0,52.0,54.9,2.9,,,,,,,10.1,13.0,2.9,65.0
2022,13,11/25/22,Central Michigan,Eastern Michigan,54.0,53.5,54.5,0.5,,,,,,,2.5,3.5,1.0,57.0
2022,13,11/25/22,Arizona State,Arizona,64.0,66.5,64.0,0.0,,,,,,,9.0,6.5,-2.5,73.0
2022,13,11/25/22,Arkansas,Missouri,55.0,55.5,58.1,3.1,OVER,LEAN,WIN,+,0.5,1.0,-2.1,0.5,2.6,56.0
2022,13,11/25/22,New Mexico,Colorado State,35.5,36.0,51.4,15.9,OVER,STRONG,LOSS,+,0.5,-18.5,-34.4,-19.0,15.4,17.0
2022,13,11/25/22,NC State,North Carolina,56.5,56.0,60.8,4.3,OVER,LEAN,WIN,-,-0.5,0.5,-3.8,1.0,4.8,57.0
2022,13,11/25/22,Nebraska,Iowa,38.0,38.0,51.9,13.9,OVER,STRONG,WIN,-,0.0,3.0,-10.9,3.0,13.9,41.0
2022,13,11/25/22,UCLA,California,61.0,62.5,61.0,0.0,,,,,,,2.0,0.5,-1.5,63.0
2022,13,11/25/22,Florida,Florida State,58.5,58.0,61.4,2.9,,,,,,,21.6,25.0,3.4,83.0
2022,13,11/25/22,Wyoming,Fresno State,50.0,50.5,54.5,4.5,OVER,LEAN,LOSS,+,0.5,-20.0,-24.5,-20.5,4.0,30.0
2022,13,11/26/22,Rutgers,Maryland,48.5,48.5,43.7,-4.8,UNDER,LEAN,WIN,-,0.0,11.5,-6.7,-11.5,-4.8,37.0
2022,13,11/26/22,Michigan,Ohio State,57.0,56.0,61.1,4.1,OVER,LEAN,WIN,-,-1.0,11.0,6.9,12.0,5.1,68.0
2022,13,11/26/22,Georgia State,Marshall,47.0,45.5,43.0,-4.0,UNDER,LEAN,LOSS,+,1.5,-4.0,8.0,5.5,-2.5,51.0
2022,13,11/26/22,Western Kentucky,Florida Atlantic,61.5,62.0,65.5,4.0,OVER,LEAN,WIN,+,0.5,1.5,-2.5,1.0,3.5,63.0
2022,13,11/26/22,West Virginia,Oklahoma State,65.5,60.0,59.6,-5.9,UNDER,STRONG,WIN,+,5.5,22.5,-16.6,-17.0,-0.4,43.0
2022,13,11/26/22,Old Dominion,South Alabama,47.5,47.0,52.4,4.9,OVER,LEAN,LOSS,-,-0.5,-0.5,-5.4,0.0,5.4,47.0
2022,13,11/26/22,Army,Massachusetts,45.0,45.0,48.3,3.3,OVER,LEAN,WIN,-,0.0,6.0,2.7,6.0,3.3,51.0
2022,13,11/26/22,Georgia Tech,Georgia,49.0,49.0,56.4,7.4,OVER,STRONG,WIN,-,0.0,2.0,-5.4,2.0,7.4,51.0
2022,13,11/26/22,Coastal Carolina,James Madison,53.5,53.0,59.4,5.9,OVER,STRONG,WIN,-,-0.5,0.5,-5.4,1.0,6.4,54.0
2022,13,11/26/22,South Carolina,Clemson,50.5,53.0,51.8,1.3,,,,,,,9.2,8.0,-1.2,61.0
2022,13,11/26/22,New Mexico State,Liberty,51.0,50.5,50.4,-0.6,,,,,,,12.6,12.5,-0.1,63.0
2022,13,11/26/22,Kent State,Buffalo,53.0,51.0,66.6,13.6,OVER,STRONG,WIN,-,-2.0,4.0,-9.6,6.0,15.6,57.0
2022,13,11/26/22,East Carolina,Temple,50.5,52.0,57.3,6.8,OVER,STRONG,WIN,+,1.5,44.5,37.7,43.0,5.3,95.0
2022,13,11/26/22,Akron,Northern Illinois,54.0,52.0,58.6,4.6,OVER,LEAN,WIN,-,-2.0,2.0,-2.6,4.0,6.6,56.0
2022,13,11/26/22,Rice,North Texas,61.0,57.0,66.1,5.1,OVER,STRONG,LOSS,-,-4.0,-23.0,-28.1,-19.0,9.1,38.0
2022,13,11/26/22,Louisville,Kentucky,42.5,42.5,48.0,5.5,OVER,STRONG,LOSS,-,0.0,-3.5,-9.0,-3.5,5.5,39.0
2022,13,11/26/22,Purdue,Indiana,54.0,53.0,56.8,2.8,,,,,,,-10.8,-7.0,3.8,46.0
2022,13,11/26/22,Troy,Arkansas State,46.5,44.0,49.8,3.3,OVER,LEAN,WIN,-,-2.5,20.5,17.2,23.0,5.8,67.0
2022,13,11/26/22,UTEP,UTSA,56.5,56.5,58.9,2.4,,,,,,,6.1,8.5,2.4,65.0
2022,13,11/26/22,Auburn,Alabama,49.5,51.0,53.4,3.9,OVER,LEAN,WIN,+,1.5,26.5,22.6,25.0,2.4,76.0
2022,13,11/26/22,UAB,Louisiana Tech,56.0,55.5,60.1,4.1,OVER,LEAN,WIN,-,-0.5,8.0,3.9,8.5,4.6,64.0
2022,13,11/26/22,Illinois,Northwestern,37.0,38.0,46.1,9.1,OVER,STRONG,WIN,+,1.0,7.0,-2.1,6.0,8.1,44.0
2022,13,11/26/22,Hawai'i,San José State,57.0,58.0,54.1,-2.9,,,,,,,-13.1,-17.0,-3.9,41.0
2022,13,11/26/22,Wake Forest,Duke,66.5,67.5,58.4,-8.1,UNDER,STRONG,WIN,-,-1.0,1.5,6.6,-2.5,-9.1,65.0
2022,13,11/26/22,Oregon,Oregon State,58.0,57.0,58.6,0.6,,,,,,,13.4,15.0,1.6,72.0
2022,13,11/26/22,Minnesota,Wisconsin,35.0,36.5,47.2,12.2,OVER,STRONG,WIN,+,1.5,4.0,-8.2,2.5,10.7,39.0
2022,13,11/26/22,Memphis,SMU,71.5,68.5,63.0,-8.5,UNDER,STRONG,WIN,+,3.0,6.5,2.0,-3.5,-5.5,65.0
2022,13,11/26/22,Iowa State,TCU,47.0,45.5,53.7,6.7,OVER,STRONG,WIN,-,-1.5,29.0,22.3,30.5,8.2,76.0
2022,13,11/26/22,Utah,Colorado,52.0,52.0,56.2,4.2,OVER,LEAN,WIN,-,0.0,32.0,27.8,32.0,4.2,84.0
2022,13,11/26/22,Michigan State,Penn State,52.5,54.5,52.1,-0.4,,,,,,,-1.1,-3.5,-2.4,51.0
2022,13,11/26/22,Louisiana,Texas State,44.5,44.0,50.6,6.1,OVER,STRONG,WIN,-,-0.5,9.5,3.4,10.0,6.6,54.0
2022,13,11/26/22,Southern Miss,UL Monroe,51.0,50.0,50.7,-0.3,,,,,,,-20.7,-20.0,0.7,30.0
2022,13,11/26/22,Middle Tennessee,Florida International,55.0,54.5,49.4,-5.6,UNDER,STRONG,LOSS,+,0.5,-6.0,11.6,6.5,-5.1,61.0
2022,13,11/26/22,App State,Georgia Southern,60.5,66.0,68.2,7.7,OVER,STRONG,WIN,+,5.5,38.5,30.8,33.0,2.2,99.0
2022,13,11/26/22,Nevada,UNLV,50.5,49.0,50.3,-0.2,,,,,,,-1.3,0.0,1.3,49.0
2022,13,11/26/22,LSU,Texas A&M,46.5,47.5,49.5,3.0,OVER,LEAN,WIN,+,1.0,14.5,11.5,13.5,2.0,61.0
2022,13,11/26/22,UCF,South Florida,69.5,67.5,64.1,-5.4,UNDER,STRONG,LOSS,+,2.0,-15.5,20.9,17.5,-3.4,85.0
2022,13,11/26/22,Oklahoma,Texas Tech,63.5,65.5,65.9,2.4,,,,,,,33.1,33.5,0.4,99.0
2022,13,11/26/22,Tennessee,Vanderbilt,66.0,64.0,72.2,6.2,OVER,STRONG,LOSS,-,-2.0,-10.0,-16.2,-8.0,8.2,56.0
2022,13,11/26/22,Tulsa,Houston,67.5,67.0,60.7,-6.8,UNDER,STRONG,WIN,+,0.5,0.5,6.3,0.0,-6.3,67.0
2022,13,11/26/22,Syracuse,Boston College,47.0,47.0,54.1,7.1,OVER,STRONG,WIN,-,0.0,8.0,0.9,8.0,7.1,55.0
2022,13,11/26/22,Notre Dame,USC,63.0,62.5,66.4,3.4,OVER,LEAN,WIN,-,-0.5,2.0,-1.4,2.5,3.9,65.0
2022,13,11/26/22,Pittsburgh,Miami,43.5,44.0,49.9,6.4,OVER,STRONG,WIN,+,0.5,14.5,8.1,14.0,5.9,58.0
2022,13,11/26/22,Kansas,Kansas State,63.0,62.0,60.0,-3.0,UNDER,LEAN,LOSS,+,1.0,-11.0,14.0,12.0,-2.0,74.0
2022,13,11/26/22,Air Force,San Diego State,44.5,43.5,49.1,4.6,OVER,LEAN,LOSS,-,-1.0,-28.5,-33.1,-27.5,5.6,16.0
2022,13,11/26/22,Washington,Washington State,59.0,60.0,57.9,-1.1,,,,,,,26.1,24.0,-2.1,84.0
2022,13,11/26/22,BYU,Stanford,58.0,57.5,58.7,0.7,,,,,,,2.3,3.5,1.2,61.0
2022,14,12/02/22,Akron,Buffalo,57.5,55.0,58.0,0.5,,,,,,,-13.0,-10.0,3.0,45.0
2022,14,12/02/22,North Texas,UTSA,66.5,70.0,66.6,0.1,,,,,,,8.4,5.0,-3.4,75.0
2022,14,12/02/22,Utah,USC,65.5,67.5,76.0,10.5,OVER,STRONG,WIN,+,2.0,5.5,-5.0,3.5,8.5,71.0
2022,14,12/03/22,Kansas State,TCU,60.5,60.5,62.4,1.9,,,,,,,-3.4,-1.5,1.9,59.0
2022,14,12/03/22,Toledo,Ohio,62.0,54.5,57.8,-4.2,UNDER,LEAN,WIN,+,7.5,38.0,-33.8,-30.5,3.3,24.0
2022,14,12/03/22,Coastal Carolina,Troy,48.5,49.0,47.0,-1.5,,,,,,,24.0,22.0,-2.0,71.0
2022,14,12/03/22,UCF,Tulane,57.5,57.5,57.4,-0.1,,,,,,,15.6,15.5,-0.1,73.0
2022,14,12/03/22,LSU,Georgia,50.5,52.0,50.9,0.4,,,,,,,29.1,28.0,-1.1,80.0
2022,14,12/03/22,Fresno State,Boise State,50.5,54.5,53.7,3.2,OVER,LEAN,LOSS,+,4.0,-6.5,-9.7,-10.5,-0.8,44.0
2022,14,12/03/22,Clemson,North Carolina,62.0,64.0,64.5,2.5,,,,,,,-15.5,-15.0,0.5,49.0
2022,14,12/03/22,Purdue,Michigan,50.0,54.0,58.2,8.2,OVER,STRONG,WIN,+,4.0,15.0,6.8,11.0,4.2,65.0
2022,15,12/10/22,Navy,Army,34.0,32.0,45.5,11.5,OVER,STRONG,WIN,-,-2.0,3.0,-8.5,5.0,13.5,37.0
2023,1,08/26/23,Navy,Notre Dame,49.75,50.5,46.7,-3.0,UNDER,LEAN,WIN,-,-0.8,4.8,-1.7,-5.5,-3.8,45.0
2023,1,08/26/23,UTEP,Jacksonville State,52.0,52.75,52.7,0.7,,,,,,,-21.7,-21.8,-0.0,31.0
2023,1,08/26/23,Massachusetts,New Mexico State,43.5,42.5,49.4,5.9,OVER,STRONG,WIN,-,-1.0,27.5,21.6,28.5,6.9,71.0
2023,1,08/26/23,Ohio,San Diego State,49.5,49.0,51.4,1.9,,,,,,,-18.4,-16.0,2.4,33.0
2023,1,08/26/23,Hawai'i,Vanderbilt,55.25,54.75,56.4,1.1,,,,,,,6.6,8.2,1.6,63.0
2023,1,08/26/23,San José State,USC,63.5,63.5,57.9,-5.6,UNDER,STRONG,LOSS,-,0.0,-20.5,26.1,20.5,-5.6,84.0
2023,1,08/26/23,Florida International,Louisiana Tech,59.0,59.0,61.2,2.2,,,,,,,-22.2,-20.0,2.2,39.0
2023,1,08/31/23,Kent State,UCF,58.75,58.5,58.1,-0.6,,,,,,,3.9,3.5,-0.4,62.0
2023,1,08/31/23,NC State,UConn,49.0,48.0,49.4,0.4,,,,,,,-11.4,-10.0,1.4,38.0
2023,1,08/31/23,Nebraska,Minnesota,46.75,46.0,45.0,-1.8,,,,,,,-22.0,-23.0,-1.0,23.0
2023,1,08/31/23,Florida,Utah,49.5,48.0,57.6,8.1,OVER,STRONG,LOSS,-,-1.5,-14.5,-22.6,-13.0,9.6,35.0
2023,1,09/01/23,Central Michigan,Michigan State,50.75,50.0,54.6,3.9,OVER,LEAN,LOSS,-,-0.8,-12.8,-16.6,-12.0,4.6,38.0
2023,1,09/01/23,Miami (OH),Miami,48.5,45.25,49.6,1.1,,,,,,,-8.6,-4.2,4.4,41.0
2023,1,09/01/23,Louisville,Georgia Tech,51.75,51.5,49.4,-2.4,,,,,,,23.6,21.5,-2.1,73.0
2023,1,09/01/23,Stanford,Hawai'i,58.5,55.0,57.0,-1.5,,,,,,,4.0,6.0,2.0,61.0
2023,1,09/02/23,Fresno State,Purdue,51.5,51.5,52.5,1.0,,,,,,,21.5,22.5,1.0,74.0
2023,1,09/02/23,Arkansas State,Oklahoma,61.0,58.0,61.7,0.7,,,,,,,11.3,15.0,3.7,73.0
2023,1,09/02/23,Northern Illinois,Boston College,52.0,52.0,57.6,5.6,OVER,STRONG,LOSS,-,0.0,-1.0,-6.6,-1.0,5.6,51.0
2023,1,09/02/23,East Carolina,Michigan,51.75,52.0,58.7,7.0,OVER,STRONG,LOSS,+,0.2,-18.8,-25.7,-19.0,6.7,33.0
2023,1,09/02/23,Colorado,TCU,59.0,59.0,57.9,-1.1,,,,,,,29.1,28.0,-1.1,87.0
2023,1,09/02/23,Utah State,Iowa,43.5,43.5,52.4,8.9,OVER,STRONG,LOSS,-,0.0,-5.5,-14.4,-5.5,8.9,38.0
2023,1,09/02/23,Bowling Green,Liberty,50.75,49.0,55.3,4.5,OVER,LEAN,WIN,-,-1.8,7.2,2.7,9.0,6.3,58.0
2023,1,09/02/23,Louisiana Tech,SMU,65.5,66.25,68.4,2.9,,,,,,,-16.4,-14.2,2.2,52.0
2023,1,09/02/23,Ball State,Kentucky,48.5,48.75,51.6,3.1,OVER,LEAN,WIN,+,0.2,9.5,6.4,9.2,2.9,58.0
2023,1,09/02/23,Virginia,Tennessee,57.5,58.5,59.9,2.4,,,,,,,2.1,3.5,1.4,62.0
2023,1,09/02/23,Akron,Temple,54.5,55.0,51.1,-3.4,UNDER,LEAN,WIN,-,-0.5,9.5,-6.1,-10.0,-3.9,45.0
2023,1,09/02/23,Rice,Texas,59.0,59.0,56.2,-2.8,,,,,,,-9.2,-12.0,-2.8,47.0
2023,1,09/02/23,Ohio State,Indiana,59.75,59.5,68.1,8.3,OVER,STRONG,LOSS,-,-0.2,-33.8,-42.1,-33.5,8.6,26.0
2023,1,09/02/23,Massachusetts,Auburn,52.5,53.5,57.0,4.5,OVER,LEAN,WIN,+,1.0,20.5,16.0,19.5,3.5,73.0
2023,1,09/02/23,Boise State,Washington,58.5,59.0,53.3,-5.2,UNDER,STRONG,LOSS,-,-0.5,-16.5,21.7,16.0,-5.7,75.0
2023,1,09/02/23,South Florida,Western Kentucky,70.5,71.0,63.0,-7.5,UNDER,STRONG,WIN,-,-0.5,5.5,2.0,-6.0,-8.0,65.0
2023,1,09/02/23,Buffalo,Wisconsin,54.5,55.0,54.7,0.2,,,,,,,0.3,0.0,-0.3,55.0
2023,1,09/02/23,California,North Texas,57.0,57.5,54.5,-2.5,,,,,,,24.5,21.5,-3.0,79.0
2023,1,09/02/23,Nevada,USC,64.75,63.5,64.9,0.2,,,,,,,15.1,16.5,1.4,80.0
2023,1,09/02/23,UTSA,Houston,60.25,61.0,70.8,10.5,OVER,STRONG,LOSS,+,0.8,-29.2,-39.8,-30.0,9.8,31.0
2023,1,09/02/23,Army,UL Monroe,48.0,47.25,50.6,2.6,,,,,,,-20.6,-17.2,3.4,30.0
2023,1,09/02/23,New Mexico,Texas A&M,49.0,48.75,56.3,7.3,OVER,STRONG,WIN,-,-0.2,13.0,5.7,13.2,7.5,62.0
2023,1,09/02/23,Texas State,Baylor,57.75,58.75,58.9,1.1,,,,,,,14.1,14.2,0.1,73.0
2023,1,09/02/23,Washington State,Colorado State,56.0,54.75,49.2,-6.8,UNDER,STRONG,LOSS,+,1.2,-18.0,24.8,19.2,-5.5,74.0
2023,1,09/02/23,West Virginia,Penn State,53.5,53.5,53.3,-0.2,,,,,,,-0.3,-0.5,-0.2,53.0
2023,1,09/02/23,Texas Tech,Wyoming,52.75,53.5,57.0,4.2,OVER,LEAN,WIN,+,0.8,15.2,11.0,14.5,3.5,68.0
2023,1,09/02/23,Toledo,Illinois,47.75,49.5,49.0,1.2,,,,,,,9.0,8.5,-0.5,58.0
2023,1,09/02/23,South Carolina,North Carolina,62.5,62.5,62.9,0.4,,,,,,,-14.9,-14.5,0.4,48.0
2023,1,09/02/23,Middle Tennessee,Alabama,54.5,51.75,62.7,8.2,OVER,STRONG,WIN,-,-2.8,8.5,0.3,11.2,11.0,63.0
2023,1,09/02/23,Old Dominion,Virginia Tech,49.5,48.0,49.8,0.3,,,,,,,3.2,5.0,1.8,53.0
2023,1,09/02/23,South Alabama,Tulane,55.0,51.5,49.3,-5.7,UNDER,STRONG,WIN,+,3.5,1.0,4.7,2.5,-2.2,54.0
2023,1,09/02/23,Sam Houston,BYU,51.25,46.5,56.9,5.6,OVER,STRONG,LOSS,-,-4.8,-37.2,-42.9,-32.5,10.4,14.0
2023,1,09/02/23,Coastal Carolina,UCLA,64.75,66.5,61.0,-3.8,UNDER,LEAN,WIN,-,-1.8,24.8,-21.0,-26.5,-5.5,40.0
2023,1,09/03/23,Northwestern,Rutgers,40.25,40.5,48.5,8.2,OVER,STRONG,LOSS,+,0.2,-9.2,-17.5,-9.5,8.0,31.0
2023,1,09/03/23,Oregon State,San José State,54.75,55.75,49.0,-5.8,UNDER,STRONG,LOSS,-,-1.0,-4.2,10.0,3.2,-6.8,59.0
2023,1,09/03/23,LSU,Florida State,56.0,55.5,55.6,-0.4,,,,,,,13.4,13.5,0.1,69.0
2023,1,09/04/23,Clemson,Duke,56.25,57.5,56.6,0.4,,,,,,,-21.6,-22.5,-0.9,35.0
2023,1,12/16/23,Georgia Southern,Ohio,52.5,48.5,63.0,10.5,OVER,STRONG,WIN,-,-4.0,9.5,-1.0,13.5,14.5,62.0
2023,1,12/16/23,Jacksonville State,Louisiana,56.0,58.0,52.8,-3.2,UNDER,LEAN,LOSS,-,-2.0,-9.0,12.2,7.0,-5.2,65.0
2023,1,12/16/23,Miami (OH),App State,48.5,40.75,48.6,0.1,,,,,,,-26.6,-18.8,7.9,22.0
2023,1,12/16/23,New Mexico State,Fresno State,51.5,53.0,49.6,-1.9,,,,,,,-2.6,-6.0,-3.4,47.0
2023,1,12/16/23,UCLA,Boise State,50.5,45.25,53.3,2.8,,,,,,,3.7,11.8,8.0,57.0
2023,1,12/16/23,California,Texas Tech,58.5,55.5,56.7,-1.8,,,,,,,-8.7,-7.5,1.2,48.0
2023,1,12/18/23,Western Kentucky,Old Dominion,56.0,48.75,54.6,-1.4,,,,,,,18.4,24.2,5.9,73.0
2023,1,12/19/23,UTSA,Marshall,55.0,46.75,52.8,-2.2,,,,,,,-0.8,5.2,6.0,52.0
2023,1,12/21/23,South Florida,Syracuse,59.0,55.75,60.1,1.1,,,,,,,-15.1,-10.8,4.4,45.0
2023,1,12/22/23,Georgia Tech,UCF,63.0,66.0,53.3,-9.7,UNDER,STRONG,WIN,-,-3.0,16.0,-6.3,-19.0,-12.7,47.0
2023,1,12/23/23,Troy,Duke,44.0,44.25,44.6,0.6,,,,,,,-17.6,-17.2,0.4,27.0
2023,1,12/23/23,Arkansas State,Northern Illinois,53.5,53.75,58.4,4.9,OVER,LEAN,LOSS,+,0.2,-13.5,-18.4,-13.8,4.6,40.0
2023,1,12/23/23,James Madison,Air Force,41.0,44.0,47.2,6.2,OVER,STRONG,WIN,+,3.0,11.0,4.8,8.0,3.2,52.0
2023,1,12/23/23,Georgia State,Utah State,63.0,57.75,62.7,-0.3,,,,,,,4.3,9.2,5.0,67.0
2023,1,12/23/23,South Alabama,Eastern Michigan,48.0,42.75,52.5,4.5,OVER,LEAN,WIN,-,-5.2,21.0,16.5,26.2,9.8,69.0
2023,1,12/23/23,Utah,Northwestern,42.0,44.0,55.9,13.9,OVER,STRONG,LOSS,+,2.0,-21.0,-34.9,-23.0,11.9,21.0
2023,1,12/23/23,Coastal Carolina,San José State,54.5,48.5,53.6,-0.9,,,,,,,-15.6,-10.5,5.1,38.0
2023,1,12/26/23,Bowling Green,Minnesota,37.5,44.75,51.0,13.5,OVER,STRONG,WIN,+,7.2,16.5,3.0,9.2,6.2,54.0
2023,1,12/26/23,Texas State,Rice,60.0,59.0,53.5,-6.5,UNDER,STRONG,LOSS,+,1.0,-6.0,12.5,7.0,-5.5,66.0
2023,1,12/26/23,Kansas,UNLV,64.75,64.5,63.9,-0.9,,,,,,,21.1,20.5,-0.6,85.0
2023,1,12/27/23,Virginia Tech,Tulane,47.0,44.0,44.4,-2.6,,,,,,,16.6,17.0,0.4,61.0
2023,1,12/27/23,North Carolina,West Virginia,56.5,61.75,66.9,10.4,OVER,STRONG,LOSS,+,5.2,-16.5,-26.9,-21.8,5.2,40.0
2023,1,12/27/23,Louisville,USC,57.0,57.25,56.6,-0.4,,,,,,,13.4,12.8,-0.6,70.0
2023,1,12/27/23,Texas A&M,Oklahoma State,53.25,55.5,55.0,1.8,,,,,,,-1.0,-1.5,-0.5,54.0
2023,1,12/28/23,SMU,Boston College,51.0,48.75,59.6,8.6,OVER,STRONG,LOSS,-,-2.2,-14.0,-22.6,-11.8,10.9,37.0
2023,1,12/28/23,Rutgers,Miami,41.5,40.75,49.9,8.4,OVER,STRONG,WIN,-,-0.8,13.5,5.1,14.2,9.1,55.0
2023,1,12/28/23,NC State,Kansas State,48.25,48.5,45.1,-3.1,UNDER,LEAN,WIN,-,-0.2,1.2,1.9,-1.5,-3.4,47.0
2023,1,12/28/23,Arizona,Oklahoma,63.25,59.5,62.1,-1.1,,,,,,,-0.1,2.5,2.6,62.0
2023,1,12/29/23,Clemson,Kentucky,47.75,44.5,49.8,2.0,,,,,,,23.2,28.5,5.3,73.0
2023,1,12/29/23,Oregon State,Notre Dame,45.5,40.5,48.7,3.2,OVER,LEAN,WIN,-,-5.0,2.5,-0.7,7.5,8.2,48.0
2023,1,12/29/23,Memphis,Iowa State,57.5,58.0,50.4,-7.1,UNDER,STRONG,LOSS,-,-0.5,-4.5,11.6,4.0,-7.6,62.0
2023,1,12/29/23,Missouri,Ohio State,50.25,51.0,54.2,4.0,OVER,LEAN,LOSS,+,0.8,-33.2,-37.2,-34.0,3.2,17.0
2023,1,12/30/23,Ole Miss,Penn State,49.0,52.5,53.6,4.6,OVER,LEAN,WIN,+,3.5,14.0,9.4,10.5,1.1,63.0
2023,1,12/30/23,Auburn,Maryland,49.25,48.5,56.2,7.0,OVER,STRONG,LOSS,-,-0.8,-5.2,-12.2,-4.5,7.7,44.0
2023,1,12/30/23,Georgia,Florida State,45.25,47.0,51.3,6.0,OVER,STRONG,WIN,+,1.8,20.8,14.7,19.0,4.3,66.0
2023,1,12/30/23,Toledo,Wyoming,46.0,44.0,51.7,5.7,OVER,STRONG,LOSS,-,-2.0,-15.0,-20.7,-13.0,7.7,31.0
2023,1,01/01/24,Wisconsin,LSU,55.5,58.5,48.7,-6.8,UNDER,STRONG,LOSS,-,-3.0,-10.5,17.3,7.5,-9.8,66.0
2023,1,01/01/24,Liberty,Oregon,65.0,71.5,65.1,0.1,,,,,,,-14.1,-20.5,-6.4,51.0
2023,1,01/01/24,Iowa,Tennessee,36.25,36.5,50.1,13.8,OVER,STRONG,LOSS,+,0.2,-1.2,-15.1,-1.5,13.6,35.0
2023,1,01/01/24,Alabama,Michigan,45.75,46.0,51.7,6.0,OVER,STRONG,WIN,+,0.2,1.2,-4.7,1.0,5.7,47.0
2023,1,01/01/24,Texas,Washington,64.25,61.5,61.0,-3.2,UNDER,LEAN,LOSS,+,2.8,-3.8,7.0,6.5,-0.5,68.0
2023,1,01/08/24,Washington,Michigan,54.5,55.5,58.5,4.0,OVER,LEAN,LOSS,+,1.0,-7.5,-11.5,-8.5,3.0,47.0
2023,2,09/08/23,Illinois,Kansas,55.5,57.5,54.8,-0.7,,,,,,,2.2,-0.5,-2.7,57.0
2023,2,09/09/23,Vanderbilt,Wake Forest,58.0,56.5,56.5,-1.5,,,,,,,-0.5,-0.5,0.0,56.0
2023,2,09/09/23,James Madison,Virginia,42.25,40.0,49.5,7.2,OVER,STRONG,WIN,-,-2.2,28.8,21.5,31.0,9.5,71.0
2023,2,09/09/23,Troy,Kansas State,50.25,50.0,47.2,-3.0,UNDER,LEAN,LOSS,+,0.2,-4.8,7.8,5.0,-2.8,55.0
2023,2,09/09/23,Purdue,Virginia Tech,49.5,49.0,47.1,-2.4,,,,,,,-6.1,-8.0,-1.9,41.0
2023,2,09/09/23,Notre Dame,NC State,50.5,49.5,45.4,-5.1,UNDER,STRONG,LOSS,+,1.0,-18.5,23.6,19.5,-4.1,69.0
2023,2,09/09/23,Nebraska,Colorado,58.5,56.5,52.9,-5.6,UNDER,STRONG,WIN,+,2.0,8.5,-2.9,-6.5,-3.6,50.0
2023,2,09/09/23,Ball State,Georgia,52.75,52.5,64.3,11.5,OVER,STRONG,LOSS,-,-0.2,-4.8,-16.3,-4.5,11.8,48.0
2023,2,09/09/23,Utah,Baylor,51.0,45.5,51.4,0.4,,,,,,,-18.4,-12.5,5.9,33.0
2023,2,09/09/23,Western Michigan,Syracuse,54.5,56.5,51.2,-3.3,UNDER,LEAN,LOSS,-,-2.0,-0.5,3.8,-1.5,-5.3,55.0
2023,2,09/09/23,Iowa,Iowa State,36.25,35.5,45.5,9.2,OVER,STRONG,LOSS,-,-0.8,-3.2,-12.5,-2.5,10.0,33.0
2023,2,09/09/23,UTEP,Northwestern,38.75,40.0,45.1,6.4,OVER,STRONG,WIN,+,1.2,6.2,-0.1,5.0,5.1,45.0
2023,2,09/09/23,UNLV,Michigan,57.75,57.5,60.5,2.8,,,,,,,-18.5,-15.5,3.0,42.0
2023,2,09/09/23,Ole Miss,Tulane,62.5,64.0,64.1,1.6,,,,,,,-7.1,-7.0,0.1,57.0
2023,2,09/09/23,Texas A&M,Miami,49.5,50.5,50.3,0.8,,,,,,,30.7,30.5,-0.2,81.0
2023,2,09/09/23,Texas State,UTSA,63.75,66.5,59.6,-4.1,UNDER,LEAN,WIN,-,-2.8,30.8,-26.6,-33.5,-6.9,33.0
2023,2,09/09/23,Miami (OH),Massachusetts,45.75,44.0,51.3,5.5,OVER,STRONG,WIN,-,-1.8,23.2,17.7,25.0,7.3,69.0
2023,2,09/09/23,Marshall,East Carolina,45.0,43.5,47.3,2.3,,,,,,,-3.3,0.5,3.8,44.0
2023,2,09/09/23,Kent State,Arkansas,58.75,57.5,65.7,7.0,OVER,STRONG,LOSS,-,-1.2,-24.8,-31.7,-23.5,8.2,34.0
2023,2,09/09/23,Tulsa,Washington,65.0,66.5,66.5,1.5,,,,,,,-13.5,-13.5,0.0,53.0
2023,2,09/09/23,App State,North Carolina,59.75,58.0,61.1,1.4,,,,,,,12.9,16.0,3.1,74.0
2023,2,09/09/23,Louisiana,Old Dominion,50.25,51.0,48.8,-1.5,,,,,,,20.2,18.0,-2.2,69.0
2023,2,09/09/23,Ohio,Florida Atlantic,60.25,61.5,52.7,-7.5,UNDER,STRONG,WIN,-,-1.2,33.2,-25.7,-34.5,-8.8,27.0
2023,2,09/09/23,New Mexico State,Liberty,55.0,54.5,50.0,-5.0,UNDER,STRONG,WIN,+,0.5,5.0,0.0,-4.5,-4.5,50.0
2023,2,09/09/23,UAB,Georgia Southern,60.5,63.0,56.0,-4.5,UNDER,LEAN,LOSS,-,-2.5,-23.5,28.0,21.0,-7.0,84.0
2023,2,09/09/23,SMU,Oklahoma,69.5,68.5,66.9,-2.6,,,,,,,-27.9,-29.5,-1.6,39.0
2023,2,09/09/23,Cincinnati,Pittsburgh,46.75,44.5,56.2,9.5,OVER,STRONG,WIN,-,-2.2,1.2,-8.2,3.5,11.7,48.0
2023,2,09/09/23,North Texas,Florida International,52.25,51.5,52.7,0.5,,,,,,,32.3,33.5,1.2,85.0
2023,2,09/09/23,Houston,Rice,52.75,51.0,52.5,-0.2,,,,,,,31.5,33.0,1.5,84.0
2023,2,09/09/23,Oregon,Texas Tech,67.0,69.0,64.9,-2.1,,,,,,,3.1,-1.0,-4.1,68.0
2023,2,09/09/23,Middle Tennessee,Missouri,49.25,47.5,50.4,1.1,,,,,,,-8.4,-5.5,2.9,42.0
2023,2,09/09/23,Jacksonville State,Coastal Carolina,58.75,61.0,52.5,-6.2,UNDER,STRONG,WIN,-,-2.2,12.8,-6.5,-15.0,-8.5,46.0
2023,2,09/09/23,UConn,Georgia State,54.25,54.5,55.2,1.0,,,,,,,-6.2,-5.5,0.7,49.0
2023,2,09/09/23,UCF,Boise State,58.5,58.5,58.4,-0.1,,,,,,,-24.4,-24.5,-0.1,34.0
2023,2,09/09/23,Memphis,Arkansas State,58.0,57.5,65.5,7.5,OVER,STRONG,LOSS,-,-0.5,-18.0,-25.5,-17.5,8.0,40.0
2023,2,09/09/23,Texas,Alabama,56.0,53.5,55.2,-0.8,,,,,,,2.8,4.5,1.7,58.0
2023,2,09/09/23,Wisconsin,Washington State,56.75,58.0,50.8,-6.0,UNDER,STRONG,WIN,-,-1.2,3.8,2.2,-5.0,-7.2,53.0
2023,2,09/09/23,Charlotte,Maryland,50.5,50.0,55.8,5.3,OVER,STRONG,WIN,-,-0.5,7.5,2.2,8.0,5.8,58.0
2023,2,09/09/23,Temple,Rutgers,45.5,43.5,47.8,2.3,,,,,,,-4.8,-0.5,4.3,43.0
2023,2,09/09/23,Eastern Michigan,Minnesota,47.75,48.0,48.8,1.0,,,,,,,-17.8,-17.0,0.8,31.0
2023,2,09/09/23,UCLA,San Diego State,48.75,49.0,50.3,1.5,,,,,,,-5.3,-4.0,1.3,45.0
2023,2,09/09/23,Arizona,Mississippi State,59.25,60.0,60.9,1.6,,,,,,,-5.9,-5.0,0.9,55.0
2023,2,09/09/23,Air Force,Sam Houston,37.0,36.5,45.6,8.6,OVER,STRONG,LOSS,-,-0.5,-21.0,-29.6,-20.5,9.1,16.0
2023,2,09/09/23,Southern Miss,Florida State,52.75,54.0,55.3,2.5,,,,,,,23.7,25.0,1.3,79.0
2023,2,09/09/23,Oklahoma State,Arizona State,54.25,53.5,59.6,5.4,OVER,STRONG,LOSS,-,-0.8,-12.2,-17.6,-11.5,6.1,42.0
2023,2,09/09/23,Auburn,California,57.0,55.5,55.6,-1.4,,,,,,,-31.6,-31.5,0.1,24.0
2023,2,09/09/23,Stanford,USC,70.5,70.0,64.2,-6.3,UNDER,STRONG,WIN,+,0.5,4.5,1.8,-4.0,-5.8,66.0
2023,3,09/14/23,Navy,Memphis,47.0,46.75,49.7,2.7,,,,,,,2.3,5.2,3.0,52.0
2023,3,09/15/23,Army,UTSA,46.5,41.75,54.1,7.6,OVER,STRONG,WIN,-,-4.8,19.5,11.9,24.2,12.4,66.0
2023,3,09/15/23,Virginia,Maryland,50.0,48.25,53.3,3.3,OVER,LEAN,WIN,-,-1.8,6.0,2.7,7.8,5.0,56.0
2023,3,09/15/23,Utah State,Air Force,47.0,45.5,52.4,5.4,OVER,STRONG,WIN,-,-1.5,13.0,7.6,14.5,6.9,60.0
2023,3,09/16/23,Georgia Southern,Wisconsin,63.0,65.5,60.4,-2.6,,,,,,,-11.4,-16.5,-5.1,49.0
2023,3,09/16/23,Penn State,Illinois,48.0,47.5,54.9,6.9,OVER,STRONG,LOSS,-,-0.5,-5.0,-11.9,-4.5,7.4,43.0
2023,3,09/16/23,Florida State,Boston College,56.5,47.75,59.3,2.8,,,,,,,0.7,12.2,11.5,60.0
2023,3,09/16/23,Louisville,Indiana,54.0,50.5,56.8,2.8,,,,,,,-21.8,-15.5,6.3,35.0
2023,3,09/16/23,Kansas State,Missouri,46.0,48.5,48.4,2.4,,,,,,,8.6,8.5,-0.1,57.0
2023,3,09/16/23,Wake Forest,Old Dominion,59.5,60.5,56.8,-2.7,,,,,,,-5.8,-9.5,-3.7,51.0
2023,3,09/16/23,Iowa State,Ohio,44.5,41.75,53.0,8.5,OVER,STRONG,LOSS,-,-2.8,-27.5,-36.0,-24.8,11.2,17.0
2023,3,09/16/23,Liberty,Buffalo,56.5,54.0,57.8,1.3,,,,,,,24.2,28.0,3.8,82.0
2023,3,09/16/23,LSU,Mississippi State,54.5,54.0,59.6,5.1,OVER,STRONG,WIN,-,-0.5,0.5,-4.6,1.0,5.6,55.0
2023,3,09/16/23,Massachusetts,Eastern Michigan,53.0,49.75,55.6,2.6,,,,,,,-19.6,-13.8,5.9,36.0
2023,3,09/16/23,Central Michigan,Notre Dame,55.0,51.25,53.6,-1.4,,,,,,,4.4,6.8,2.4,58.0
2023,3,09/16/23,East Carolina,App State,50.5,48.25,54.2,3.7,OVER,LEAN,WIN,-,-2.2,20.5,16.8,22.8,6.0,71.0
2023,3,09/16/23,Alabama,South Florida,61.5,60.75,62.0,0.5,,,,,,,-42.0,-40.8,1.2,20.0
2023,3,09/16/23,South Carolina,Georgia,55.0,54.0,59.6,4.6,OVER,LEAN,LOSS,-,-1.0,-17.0,-21.6,-16.0,5.6,38.0
2023,3,09/16/23,Minnesota,North Carolina,49.0,51.5,50.4,1.4,,,,,,,-6.4,-7.5,-1.1,44.0
2023,3,09/16/23,Virginia Tech,Rutgers,39.5,37.5,41.3,1.8,,,,,,,9.7,13.5,3.8,51.0
2023,3,09/16/23,Western Michigan,Iowa,43.5,43.25,43.4,-0.1,,,,,,,7.6,7.8,0.1,51.0
2023,3,09/16/23,Northwestern,Duke,46.5,48.0,49.2,2.7,,,,,,,2.8,4.0,1.2,52.0
2023,3,09/16/23,Florida International,UConn,46.5,43.5,47.7,1.2,,,,,,,-6.7,-2.5,4.2,41.0
2023,3,09/16/23,San Diego State,Oregon State,47.5,48.5,40.9,-6.6,UNDER,STRONG,WIN,-,-1.0,12.5,-5.9,-13.5,-7.6,35.0
2023,3,09/16/23,Oklahoma,Tulsa,59.5,58.75,65.1,5.6,OVER,STRONG,WIN,-,-0.8,23.5,17.9,24.2,6.3,83.0
2023,3,09/16/23,Tulane,Southern Miss,52.5,47.5,50.3,-2.2,,,,,,,-26.3,-23.5,2.8,24.0
2023,3,09/16/23,Western Kentucky,Ohio State,64.0,64.75,58.4,-5.6,UNDER,STRONG,LOSS,-,-0.8,-9.0,14.6,8.2,-6.4,73.0
2023,3,09/16/23,UL Monroe,Texas A&M,53.5,53.5,54.9,1.4,,,,,,,-4.9,-3.5,1.4,50.0
2023,3,09/16/23,Washington,Michigan State,58.0,57.25,61.7,3.7,OVER,LEAN,LOSS,-,-0.8,-10.0,-13.7,-9.2,4.5,48.0
2023,3,09/16/23,Georgia State,Charlotte,55.5,52.0,59.7,4.2,OVER,LEAN,WIN,-,-3.5,10.5,6.3,14.0,7.7,66.0
2023,3,09/16/23,James Madison,Troy,49.5,46.25,45.5,-4.0,UNDER,LEAN,WIN,+,3.2,19.5,-15.5,-16.2,-0.8,30.0
2023,3,09/16/23,San José State,Toledo,57.0,56.5,57.1,0.1,,,,,,,-19.1,-18.5,0.6,38.0
2023,3,09/16/23,Louisiana,UAB,58.0,59.5,51.8,-6.2,UNDER,STRONG,LOSS,-,-1.5,-4.0,10.2,2.5,-7.7,62.0
2023,3,09/16/23,Northern Illinois,Nebraska,46.0,42.75,49.4,3.4,OVER,LEAN,PUSH,-,-3.2,0.0,-3.4,3.2,6.6,46.0
2023,3,09/16/23,South Alabama,Oklahoma State,47.5,49.25,57.1,9.6,OVER,STRONG,LOSS,+,1.8,-7.5,-17.1,-9.2,7.9,40.0
2023,3,09/16/23,Miami (OH),Cincinnati,47.5,44.25,45.7,-1.8,,,,,,,9.3,10.8,1.5,55.0
2023,3,09/16/23,North Texas,Louisiana Tech,68.5,66.5,61.1,-7.4,UNDER,STRONG,LOSS,+,2.0,-8.5,15.9,10.5,-5.4,77.0
2023,3,09/16/23,Tennessee,Florida,57.5,56.5,59.9,2.4,,,,,,,-14.9,-11.5,3.4,45.0
2023,3,09/16/23,Vanderbilt,UNLV,57.0,56.75,56.8,-0.2,,,,,,,20.2,20.2,0.0,77.0
2023,3,09/16/23,Georgia Tech,Ole Miss,63.0,61.5,64.6,1.6,,,,,,,6.4,9.5,3.1,71.0
2023,3,09/16/23,Bowling Green,Michigan,51.0,53.5,55.4,4.4,OVER,LEAN,LOSS,+,2.5,-14.0,-18.4,-16.5,1.9,37.0
2023,3,09/16/23,BYU,Arkansas,52.0,47.75,56.6,4.6,OVER,LEAN,WIN,-,-4.2,17.0,12.4,21.2,8.9,69.0
2023,3,09/16/23,Akron,Kentucky,50.5,48.5,51.2,0.7,,,,,,,-13.2,-10.5,2.7,38.0
2023,3,09/16/23,Syracuse,Purdue,57.0,56.5,51.6,-5.4,UNDER,STRONG,WIN,+,0.5,2.0,3.4,-1.5,-4.9,55.0
2023,3,09/16/23,Pittsburgh,West Virginia,50.0,47.75,51.9,1.9,,,,,,,-28.9,-24.8,4.1,23.0
2023,3,09/16/23,TCU,Houston,62.0,64.0,62.1,0.1,,,,,,,-13.1,-15.0,-1.9,49.0
2023,3,09/16/23,Hawai'i,Oregon,68.0,67.75,70.4,2.4,,,,,,,-5.4,-2.8,2.7,65.0
2023,3,09/16/23,Florida Atlantic,Clemson,52.5,51.5,54.0,1.5,,,,,,,8.0,10.5,2.5,62.0
2023,3,09/16/23,Wyoming,Texas,49.0,48.5,58.1,9.1,OVER,STRONG,LOSS,-,-0.5,-8.0,-17.1,-7.5,9.6,41.0
2023,3,09/16/23,New Mexico State,New Mexico,51.0,52.25,53.0,2.0,,,,,,,-9.0,-8.2,0.8,44.0
2023,3,09/16/23,Colorado State,Colorado,59.5,63.25,57.0,-2.5,,,,,,,21.0,14.8,-6.2,78.0
2023,3,09/16/23,Fresno State,Arizona State,51.5,48.0,50.5,-1.0,,,,,,,-21.5,-19.0,2.5,29.0
2023,3,09/16/23,Kansas,Nevada,60.5,58.0,70.3,9.8,OVER,STRONG,LOSS,-,-2.5,-5.5,-15.3,-3.0,12.3,55.0
2023,3,09/16/23,UTEP,Arizona,55.5,57.25,67.6,12.1,OVER,STRONG,LOSS,+,1.8,-14.5,-26.6,-16.2,10.3,41.0
2023,4,09/21/23,Georgia State,Coastal Carolina,61.75,62.5,61.1,-0.6,,,,,,,-14.1,-15.5,-1.4,47.0
2023,4,09/22/23,Wisconsin,Purdue,53.75,54.0,54.4,0.6,,,,,,,0.6,1.0,0.4,55.0
2023,4,09/22/23,NC State,Virginia,47.25,47.5,50.6,3.4,OVER,LEAN,LOSS,+,0.2,-2.2,-5.6,-2.5,3.1,45.0
2023,4,09/22/23,Air Force,San José State,47.0,45.5,42.5,-4.5,UNDER,LEAN,LOSS,+,1.5,-18.0,22.5,19.5,-3.0,65.0
2023,4,09/22/23,Boise State,San Diego State,45.25,46.5,51.1,5.9,OVER,STRONG,WIN,+,1.2,19.8,13.9,18.5,4.6,65.0
2023,4,09/23/23,Oklahoma,Cincinnati,59.25,57.5,62.5,3.2,OVER,LEAN,LOSS,-,-1.8,-33.2,-36.5,-31.5,5.0,26.0
2023,4,09/23/23,Kentucky,Vanderbilt,50.75,50.0,57.2,6.5,OVER,STRONG,WIN,-,-0.8,22.2,15.8,23.0,7.2,73.0
2023,4,09/23/23,SMU,TCU,64.0,63.0,57.2,-6.8,UNDER,STRONG,WIN,+,1.0,13.0,-6.2,-12.0,-5.8,51.0
2023,4,09/23/23,Florida State,Clemson,55.0,55.0,58.0,3.0,OVER,LEAN,PUSH,-,0.0,0.0,-3.0,0.0,3.0,55.0
2023,4,09/23/23,Western Kentucky,Troy,58.0,57.0,57.1,-0.9,,,,,,,-6.1,-6.0,0.1,51.0
2023,4,09/23/23,Rutgers,Michigan,44.5,44.0,46.2,1.7,,,,,,,-8.2,-6.0,2.2,38.0
2023,4,09/23/23,Army,Syracuse,50.75,50.5,48.2,-2.5,,,,,,,-3.2,-5.5,-2.3,45.0
2023,4,09/23/23,Auburn,Texas A&M,52.25,51.0,53.1,0.9,,,,,,,-16.1,-14.0,2.1,37.0
2023,4,09/23/23,Tulsa,Northern Illinois,53.5,54.5,55.7,2.2,,,,,,,-19.7,-18.5,1.2,36.0
2023,4,09/23/23,Virginia Tech,Marshall,41.25,41.5,44.7,3.5,OVER,LEAN,LOSS,+,0.2,-0.2,-3.7,-0.5,3.2,41.0
2023,4,09/23/23,Western Michigan,Toledo,54.5,52.5,54.9,0.4,,,,,,,25.1,27.5,2.4,80.0
2023,4,09/23/23,Georgia Southern,Ball State,59.5,61.0,61.0,1.5,,,,,,,-18.0,-18.0,0.0,43.0
2023,4,09/23/23,Texas Tech,West Virginia,55.0,54.5,52.8,-2.2,,,,,,,-19.8,-21.5,-1.7,33.0
2023,4,09/23/23,Miami,Temple,51.5,46.5,58.0,6.5,OVER,STRONG,LOSS,-,-5.0,-3.5,-10.0,1.5,11.5,48.0
2023,4,09/23/23,Florida Atlantic,Illinois,47.25,45.5,48.5,1.2,,,,,,,-8.5,-5.5,3.0,40.0
2023,4,09/23/23,BYU,Kansas,55.5,54.5,67.9,12.4,OVER,STRONG,WIN,-,-1.0,9.5,-2.9,10.5,13.4,65.0
2023,4,09/23/23,Ohio,Bowling Green,45.5,45.0,52.6,7.1,OVER,STRONG,LOSS,-,-0.5,-0.5,-7.6,0.0,7.6,45.0
2023,4,09/23/23,Duke,UConn,46.25,45.0,50.4,4.1,OVER,LEAN,WIN,-,-1.2,1.8,-2.4,3.0,5.4,48.0
2023,4,09/23/23,Ole Miss,Alabama,55.0,55.5,59.1,4.1,OVER,LEAN,LOSS,+,0.5,-21.0,-25.1,-21.5,3.6,34.0
2023,4,09/23/23,Boston College,Louisville,54.75,53.5,52.0,-2.8,,,,,,,32.0,30.5,-1.5,84.0
2023,4,09/23/23,Louisiana Tech,Nebraska,48.0,45.0,51.2,3.2,OVER,LEAN,LOSS,-,-3.0,-6.0,-9.2,-3.0,6.2,42.0
2023,4,09/23/23,UCLA,Utah,51.0,51.0,51.4,0.4,,,,,,,-30.4,-30.0,0.4,21.0
2023,4,09/23/23,Colorado,Oregon,71.5,70.0,71.9,0.4,,,,,,,-23.9,-22.0,1.9,48.0
2023,4,09/23/23,New Mexico,Massachusetts,49.5,48.5,56.4,6.9,OVER,STRONG,WIN,-,-1.0,15.5,8.6,16.5,7.9,65.0
2023,4,09/23/23,Maryland,Michigan State,52.75,52.5,54.4,1.6,,,,,,,-14.4,-12.5,1.9,40.0
2023,4,09/23/23,Oklahoma State,Iowa State,36.75,36.0,49.1,12.4,OVER,STRONG,WIN,-,-0.8,24.2,11.9,25.0,13.1,61.0
2023,4,09/23/23,UTSA,Tennessee,57.5,59.0,50.4,-7.1,UNDER,STRONG,LOSS,-,-1.5,-1.5,8.6,0.0,-8.6,59.0
2023,4,09/23/23,Rice,South Florida,56.5,57.5,54.1,-2.4,,,,,,,16.9,13.5,-3.4,71.0
2023,4,09/23/23,Eastern Michigan,Jacksonville State,51.5,51.0,46.7,-4.8,UNDER,LEAN,WIN,+,0.5,30.5,-25.7,-30.0,-4.3,21.0
2023,4,09/23/23,Central Michigan,South Alabama,51.0,47.5,55.6,4.6,OVER,LEAN,WIN,-,-3.5,13.0,8.4,16.5,8.1,64.0
2023,4,09/23/23,Liberty,Florida International,53.25,53.5,51.3,-2.0,,,,,,,-7.3,-9.5,-2.2,44.0
2023,4,09/23/23,Georgia Tech,Wake Forest,60.25,58.5,68.2,8.0,OVER,STRONG,LOSS,-,-1.8,-14.2,-22.2,-12.5,9.7,46.0
2023,4,09/23/23,Colorado State,Middle Tennessee,53.0,50.0,51.5,-1.5,,,,,,,2.5,4.0,1.5,54.0
2023,4,09/23/23,Charlotte,Florida,50.25,48.5,56.3,6.0,OVER,STRONG,LOSS,-,-1.8,-21.2,-27.3,-19.5,7.8,29.0
2023,4,09/23/23,Nevada,Texas State,60.75,59.5,54.1,-6.6,UNDER,STRONG,WIN,+,1.2,1.8,4.9,-0.5,-5.4,59.0
2023,4,09/23/23,Arizona,Stanford,59.25,60.0,60.4,1.1,,,,,,,-19.4,-19.0,0.4,41.0
2023,4,09/23/23,App State,Wyoming,43.75,45.0,57.0,13.2,OVER,STRONG,LOSS,+,1.2,-2.8,-16.0,-4.0,12.0,41.0
2023,4,09/23/23,Southern Miss,Arkansas State,48.75,46.5,52.2,3.5,OVER,LEAN,WIN,-,-2.2,32.2,28.8,34.5,5.7,81.0
2023,4,09/23/23,Sam Houston,Houston,38.5,37.0,49.4,10.9,OVER,STRONG,WIN,-,-1.5,6.5,-4.4,8.0,12.4,45.0
2023,4,09/23/23,Oregon State,Washington State,55.75,58.5,58.7,3.0,OVER,LEAN,WIN,+,2.8,17.2,14.3,14.5,0.2,73.0
2023,4,09/23/23,Arkansas,LSU,56.0,55.0,56.0,0.0,,,,,,,9.0,10.0,1.0,65.0
2023,4,09/23/23,Texas,Baylor,52.0,49.5,60.0,8.0,OVER,STRONG,LOSS,-,-2.5,-8.0,-16.0,-5.5,10.5,44.0
2023,4,09/23/23,UAB,Georgia,53.75,56.0,62.0,8.2,OVER,STRONG,WIN,+,2.2,16.2,8.0,14.0,6.0,70.0
2023,4,09/23/23,Memphis,Missouri,52.25,52.0,47.6,-4.6,UNDER,LEAN,LOSS,+,0.2,-8.8,13.4,9.0,-4.4,61.0
2023,4,09/23/23,Akron,Indiana,45.75,46.0,49.3,3.5,OVER,LEAN,WIN,+,0.2,10.2,6.7,10.0,3.3,56.0
2023,4,09/23/23,Ohio State,Notre Dame,54.0,55.5,62.8,8.8,OVER,STRONG,LOSS,+,1.5,-23.0,-31.8,-24.5,7.3,31.0
2023,4,09/23/23,Mississippi State,South Carolina,50.0,47.0,53.4,3.4,OVER,LEAN,WIN,-,-3.0,17.0,13.6,20.0,6.4,67.0
2023,4,09/23/23,Minnesota,Northwestern,38.5,39.5,43.8,5.3,OVER,STRONG,WIN,+,1.0,32.5,27.2,31.5,4.3,71.0
2023,4,09/23/23,Iowa,Penn State,41.0,38.5,44.3,3.3,OVER,LEAN,LOSS,-,-2.5,-10.0,-13.3,-7.5,5.8,31.0
2023,4,09/23/23,Buffalo,Louisiana,58.75,57.5,60.5,1.8,,,,,,,22.5,25.5,3.0,83.0
2023,4,09/23/23,UCF,Kansas State,55.0,52.5,58.1,3.1,OVER,LEAN,WIN,-,-2.5,20.0,16.9,22.5,5.6,75.0
2023,4,09/23/23,North Carolina,Pittsburgh,50.0,49.5,54.1,4.1,OVER,LEAN,WIN,-,-0.5,15.0,10.9,15.5,4.6,65.0
2023,4,09/23/23,James Madison,Utah State,53.0,52.5,51.7,-1.3,,,,,,,31.3,30.5,-0.8,83.0
2023,4,09/23/23,UNLV,UTEP,49.75,49.5,56.4,6.6,OVER,STRONG,WIN,-,-0.2,23.2,16.6,23.5,6.9,73.0
2023,4,09/23/23,USC,Arizona State,61.75,62.0,65.2,3.5,OVER,LEAN,WIN,+,0.2,8.2,4.8,8.0,3.2,70.0
2023,4,09/23/23,California,Washington,61.75,55.5,61.9,0.1,,,,,,,29.1,35.5,6.4,91.0
2023,4,09/23/23,Kent State,Fresno State,50.75,47.5,51.0,0.2,,,,,,,12.0,15.5,3.5,63.0
2023,4,09/23/23,New Mexico State,Hawai'i,58.5,55.0,57.7,-0.8,,,,,,,-20.7,-18.0,2.7,37.0
2023,5,09/28/23,Middle Tennessee,Western Kentucky,59.75,60.0,61.9,2.1,,,,,,,-20.9,-19.0,1.9,41.0
2023,5,09/28/23,Temple,Tulsa,54.5,55.0,56.4,1.9,,,,,,,17.6,19.0,1.4,74.0
2023,5,09/28/23,Jacksonville State,Sam Houston,36.5,36.0,46.7,10.2,OVER,STRONG,WIN,-,-0.5,26.5,16.3,27.0,10.7,63.0
2023,5,09/29/23,Louisville,NC State,55.5,55.5,54.7,-0.8,,,,,,,-31.7,-32.5,-0.8,23.0
2023,5,09/29/23,Utah,Oregon State,45.5,44.5,45.4,-0.1,,,,,,,-17.4,-16.5,0.9,28.0
2023,5,09/29/23,Louisiana Tech,UTEP,52.75,50.5,59.6,6.9,OVER,STRONG,LOSS,-,-2.2,-18.8,-25.6,-16.5,9.1,34.0
2023,5,09/29/23,Cincinnati,BYU,50.0,48.0,62.1,12.1,OVER,STRONG,WIN,-,-2.0,12.0,-0.1,14.0,14.1,62.0
2023,5,09/30/23,Utah State,UConn,51.0,51.0,52.3,1.3,,,,,,,14.7,16.0,1.3,67.0
2023,5,09/30/23,Florida,Kentucky,46.0,45.0,53.3,7.3,OVER,STRONG,WIN,-,-1.0,1.0,-6.3,2.0,8.3,47.0
2023,5,09/30/23,Louisiana,Minnesota,47.25,48.5,50.2,3.0,OVER,LEAN,WIN,+,1.2,11.8,8.8,10.5,1.7,59.0
2023,5,09/30/23,Texas A&M,Arkansas,55.5,54.0,53.3,-2.2,,,,,,,2.7,2.0,-0.7,56.0
2023,5,09/30/23,South Alabama,James Madison,52.0,49.5,47.4,-4.6,UNDER,LEAN,LOSS,+,2.5,-2.0,6.6,4.5,-2.1,54.0
2023,5,09/30/23,UAB,Tulane,57.0,58.5,56.2,-0.8,,,,,,,1.8,-0.5,-2.3,58.0
2023,5,09/30/23,USC,Colorado,73.5,74.5,71.4,-2.1,,,,,,,17.6,14.5,-3.1,89.0
2023,5,09/30/23,Clemson,Syracuse,52.5,53.0,50.3,-2.2,,,,,,,-5.3,-8.0,-2.7,45.0
2023,5,09/30/23,Penn State,Northwestern,46.0,46.0,56.4,10.4,OVER,STRONG,WIN,-,0.0,8.0,-2.4,8.0,10.4,54.0
2023,5,09/30/23,Buffalo,Akron,55.75,55.5,53.4,-2.4,,,,,,,-30.4,-32.5,-2.1,23.0
2023,5,09/30/23,Eastern Michigan,Central Michigan,47.75,47.5,46.0,-1.8,,,,,,,3.0,1.5,-1.5,49.0
2023,5,09/30/23,Virginia,Boston College,55.5,52.5,54.0,-1.5,,,,,,,-3.0,-1.5,1.5,51.0
2023,5,09/30/23,Miami (OH),Kent State,50.5,49.5,49.5,-1.0,,,,,,,-23.5,-23.5,0.0,26.0
2023,5,09/30/23,Arizona State,California,49.75,47.5,52.0,2.2,,,,,,,-7.0,-2.5,4.5,45.0
2023,5,09/30/23,Georgia,Auburn,47.0,45.5,55.2,8.2,OVER,STRONG,PUSH,-,-1.5,0.0,-8.2,1.5,9.7,47.0
2023,5,09/30/23,Arkansas State,Massachusetts,55.5,55.0,57.2,1.7,,,,,,,22.8,25.0,2.2,80.0
2023,5,09/30/23,Baylor,UCF,55.5,56.0,61.3,5.8,OVER,STRONG,WIN,+,0.5,15.5,9.7,15.0,5.3,71.0
2023,5,09/30/23,Old Dominion,Marshall,46.5,47.0,47.7,1.2,,,,,,,28.3,29.0,0.7,76.0
2023,5,09/30/23,Indiana,Maryland,50.25,50.0,55.2,5.0,OVER,STRONG,WIN,-,-0.2,10.8,5.8,11.0,5.2,61.0
2023,5,09/30/23,Michigan,Nebraska,40.5,39.5,50.1,9.6,OVER,STRONG,WIN,-,-1.0,11.5,1.9,12.5,10.6,52.0
2023,5,09/30/23,Northern Illinois,Toledo,50.0,48.0,51.2,1.2,,,,,,,16.8,20.0,3.2,68.0
2023,5,09/30/23,Bowling Green,Georgia Tech,53.5,51.5,60.5,7.0,OVER,STRONG,WIN,-,-2.0,11.5,4.5,13.5,9.0,65.0
2023,5,09/30/23,Ball State,Western Michigan,52.75,50.5,53.1,0.4,,,,,,,12.9,15.5,2.6,66.0
2023,5,09/30/23,South Florida,Navy,53.75,54.5,51.7,-2.0,,,,,,,22.3,19.5,-2.8,74.0
2023,5,09/30/23,Kansas,Texas,62.0,61.0,61.6,-0.4,,,,,,,-7.6,-7.0,0.6,54.0
2023,5,09/30/23,Illinois,Purdue,53.5,53.5,55.0,1.5,,,,,,,8.0,9.5,1.5,63.0
2023,5,09/30/23,Houston,Texas Tech,53.75,51.5,60.7,7.0,OVER,STRONG,WIN,-,-2.2,23.2,16.3,25.5,9.2,77.0
2023,5,09/30/23,New Mexico,Wyoming,41.5,41.0,49.8,8.3,OVER,STRONG,WIN,-,-0.5,19.5,11.2,20.0,8.8,61.0
2023,5,09/30/23,Hawai'i,UNLV,60.0,59.0,54.4,-5.6,UNDER,STRONG,LOSS,+,1.0,-4.0,9.6,5.0,-4.6,64.0
2023,5,09/30/23,Missouri,Vanderbilt,56.5,54.5,51.5,-5.0,UNDER,STRONG,LOSS,+,2.0,-2.5,7.5,4.5,-3.0,59.0
2023,5,09/30/23,Boise State,Memphis,60.0,59.5,62.0,2.0,,,,,,,5.0,7.5,2.5,67.0
2023,5,09/30/23,LSU,Ole Miss,63.5,67.0,71.2,7.7,OVER,STRONG,WIN,+,3.5,40.5,32.8,37.0,4.2,104.0
2023,5,09/30/23,Oregon,Stanford,61.0,61.0,67.9,6.9,OVER,STRONG,LOSS,-,0.0,-13.0,-19.9,-13.0,6.9,48.0
2023,5,09/30/23,Iowa State,Oklahoma,48.5,48.5,59.5,11.0,OVER,STRONG,WIN,-,0.0,21.5,10.5,21.5,11.0,70.0
2023,5,09/30/23,Coastal Carolina,Georgia Southern,62.0,64.5,62.1,0.1,,,,,,,3.9,1.5,-2.4,66.0
2023,5,09/30/23,East Carolina,Rice,49.75,47.0,48.0,-1.8,,,,,,,-7.0,-6.0,1.0,41.0
2023,5,09/30/23,Texas State,Southern Miss,61.5,60.5,53.0,-8.5,UNDER,STRONG,LOSS,+,1.0,-24.5,33.0,25.5,-7.5,86.0
2023,5,09/30/23,Troy,Georgia State,52.0,51.0,52.4,0.4,,,,,,,-17.4,-16.0,1.4,35.0
2023,5,09/30/23,South Carolina,Tennessee,62.5,63.0,56.7,-5.8,UNDER,STRONG,WIN,-,-0.5,1.5,4.3,-2.0,-6.3,61.0
2023,5,09/30/23,Notre Dame,Duke,51.5,52.5,56.1,4.6,OVER,LEAN,LOSS,+,1.0,-16.5,-21.1,-17.5,3.6,35.0
2023,5,09/30/23,Charlotte,SMU,56.5,53.5,57.2,0.7,,,,,,,-7.2,-3.5,3.7,50.0
2023,5,09/30/23,Michigan State,Iowa,36.25,36.5,42.7,6.5,OVER,STRONG,WIN,+,0.2,5.8,-0.7,5.5,6.2,42.0
2023,5,09/30/23,App State,UL Monroe,53.25,51.0,58.2,5.0,OVER,STRONG,WIN,-,-2.2,27.8,22.8,30.0,7.2,81.0
2023,5,09/30/23,West Virginia,TCU,51.0,52.0,55.0,4.0,OVER,LEAN,LOSS,+,1.0,-6.0,-10.0,-7.0,3.0,45.0
2023,5,09/30/23,Pittsburgh,Virginia Tech,41.75,40.0,38.5,-3.2,UNDER,LEAN,LOSS,+,1.8,-17.2,20.5,19.0,-1.5,59.0
2023,5,09/30/23,San Diego State,Air Force,43.25,43.5,49.4,6.1,OVER,STRONG,WIN,+,0.2,15.8,9.6,15.5,5.9,59.0
2023,5,09/30/23,Alabama,Mississippi State,48.5,46.5,53.4,4.9,OVER,LEAN,WIN,-,-2.0,8.5,3.6,10.5,6.9,57.0
2023,5,09/30/23,Washington,Arizona,68.5,67.0,71.6,3.1,OVER,LEAN,LOSS,-,-1.5,-13.5,-16.6,-12.0,4.6,55.0
2023,5,09/30/23,Nevada,Fresno State,53.25,51.5,53.9,0.6,,,,,,,-17.9,-15.5,2.4,36.0
2023,6,10/04/23,Jacksonville State,Middle Tennessee,51.25,52.0,50.5,-0.8,,,,,,,24.5,23.0,-1.5,75.0
2023,6,10/04/23,Florida International,New Mexico State,50.0,49.5,56.5,6.5,OVER,STRONG,WIN,-,-0.5,1.0,-5.5,1.5,7.0,51.0
2023,6,10/05/23,Sam Houston,Liberty,47.25,46.5,50.4,3.1,OVER,LEAN,LOSS,-,-0.8,-10.2,-13.4,-9.5,3.9,37.0
2023,6,10/05/23,Western Kentucky,Louisiana Tech,59.0,59.0,63.4,4.4,OVER,LEAN,WIN,-,0.0,4.0,-0.4,4.0,4.4,63.0
2023,6,10/06/23,Kansas State,Oklahoma State,54.75,54.0,60.5,5.8,OVER,STRONG,LOSS,-,-0.8,-4.8,-10.5,-4.0,6.5,50.0
2023,6,10/06/23,Nebraska,Illinois,44.25,42.0,44.4,0.1,,,,,,,-17.4,-15.0,2.4,27.0
2023,6,10/07/23,Oklahoma,Texas,60.0,61.5,64.5,4.5,OVER,LEAN,WIN,+,1.5,4.0,-0.5,2.5,3.0,64.0
2023,6,10/07/23,Rutgers,Wisconsin,46.5,44.0,40.9,-5.6,UNDER,STRONG,WIN,+,2.5,9.5,-3.9,-7.0,-3.1,37.0
2023,6,10/07/23,Maryland,Ohio State,55.0,57.0,52.3,-2.7,,,,,,,1.7,-3.0,-4.7,54.0
2023,6,10/07/23,Boston College,Army,51.0,47.0,52.2,1.2,,,,,,,-1.2,4.0,5.2,51.0
2023,6,10/07/23,LSU,Missouri,63.5,63.5,64.0,0.5,,,,,,,24.0,24.5,0.5,88.0
2023,6,10/07/23,Western Michigan,Mississippi State,56.0,55.0,55.6,-0.4,,,,,,,13.4,14.0,0.6,69.0
2023,6,10/07/23,Toledo,Massachusetts,59.5,55.5,61.8,2.3,,,,,,,3.2,9.5,6.3,65.0
2023,6,10/07/23,UTSA,Temple,56.0,56.0,58.6,2.6,,,,,,,24.4,27.0,2.6,83.0
2023,6,10/07/23,Central Michigan,Buffalo,57.0,52.0,57.3,0.3,,,,,,,-7.3,-2.0,5.3,50.0
2023,6,10/07/23,Marshall,NC State,45.5,44.0,49.5,4.0,OVER,LEAN,WIN,-,-1.5,43.5,39.5,45.0,5.5,89.0
2023,6,10/07/23,Washington State,UCLA,60.0,60.0,59.4,-0.6,,,,,,,-17.4,-18.0,-0.6,42.0
2023,6,10/07/23,Northern Illinois,Akron,44.5,42.5,50.5,6.0,OVER,STRONG,WIN,-,-2.0,24.5,18.5,26.5,8.0,69.0
2023,6,10/07/23,Kent State,Ohio,45.5,45.5,51.4,5.9,OVER,STRONG,WIN,-,0.0,13.5,7.6,13.5,5.9,59.0
2023,6,10/07/23,Ball State,Eastern Michigan,42.5,43.5,49.4,6.9,OVER,STRONG,LOSS,+,1.0,-8.5,-15.4,-9.5,5.9,34.0
2023,6,10/07/23,Purdue,Iowa,41.25,38.5,43.1,1.9,,,,,,,-9.1,-4.5,4.6,34.0
2023,6,10/07/23,Texas State,Louisiana,67.0,67.5,56.5,-10.5,UNDER,STRONG,WIN,-,-0.5,3.0,7.5,-3.5,-11.0,64.0
2023,6,10/07/23,Alabama,Texas A&M,49.5,45.5,44.7,-4.8,UNDER,LEAN,WIN,+,4.0,3.5,1.3,0.5,-0.8,46.0
2023,6,10/07/23,Wake Forest,Clemson,51.5,53.0,58.7,7.2,OVER,STRONG,LOSS,+,1.5,-22.5,-29.7,-24.0,5.7,29.0
2023,6,10/07/23,Bowling Green,Miami (OH),48.0,43.0,49.7,1.7,,,,,,,-22.7,-16.0,6.7,27.0
2023,6,10/07/23,North Texas,Navy,61.5,60.5,56.3,-5.2,UNDER,STRONG,WIN,+,1.0,10.5,-5.3,-9.5,-4.2,51.0
2023,6,10/07/23,Syracuse,North Carolina,58.0,59.0,56.6,-1.4,,,,,,,-9.6,-12.0,-2.4,47.0
2023,6,10/07/23,Virginia Tech,Florida State,52.75,52.5,49.6,-3.1,UNDER,LEAN,LOSS,+,0.2,-3.2,6.4,3.5,-2.9,56.0
2023,6,10/07/23,Vanderbilt,Florida,53.5,51.0,56.0,2.5,,,,,,,-4.0,1.0,5.0,52.0
2023,6,10/07/23,South Florida,UAB,67.0,68.5,61.5,-5.5,UNDER,STRONG,LOSS,-,-1.5,-24.0,29.5,22.5,-7.0,91.0
2023,6,10/07/23,UCF,Kansas,62.0,64.5,68.9,6.9,OVER,STRONG,WIN,+,2.5,11.0,4.1,8.5,4.4,73.0
2023,6,10/07/23,Arkansas State,Troy,52.0,52.0,52.5,0.5,,,,,,,-12.5,-12.0,0.5,40.0
2023,6,10/07/23,UConn,Rice,49.5,47.5,50.1,0.6,,,,,,,18.9,21.5,2.6,69.0
2023,6,10/07/23,Tulsa,Florida Atlantic,55.0,54.5,53.7,-1.3,,,,,,,-16.7,-17.5,-0.8,37.0
2023,6,10/07/23,Colorado,Arizona State,59.0,58.5,59.8,0.8,,,,,,,-8.8,-7.5,1.3,51.0
2023,6,10/07/23,Old Dominion,Southern Miss,57.5,56.5,47.3,-10.2,UNDER,STRONG,WIN,+,1.0,27.5,-17.3,-26.5,-9.2,30.0
2023,6,10/07/23,Kentucky,Georgia,47.5,47.0,50.7,3.2,OVER,LEAN,WIN,-,-0.5,16.5,13.3,17.0,3.7,64.0
2023,6,10/07/23,South Alabama,UL Monroe,51.5,51.0,54.3,2.8,,,,,,,7.7,11.0,3.3,62.0
2023,6,10/07/23,Michigan,Minnesota,46.0,46.0,52.4,6.4,OVER,STRONG,WIN,-,0.0,16.0,9.6,16.0,6.4,62.0
2023,6,10/07/23,Arkansas,Ole Miss,62.5,62.0,63.0,0.5,,,,,,,-16.0,-15.0,1.0,47.0
2023,6,10/07/23,Notre Dame,Louisville,51.5,54.0,58.4,6.9,OVER,STRONG,WIN,+,2.5,1.5,-5.4,-1.0,4.4,53.0
2023,6,10/07/23,Fresno State,Wyoming,46.0,43.0,46.0,0.0,,,,,,,-3.0,0.0,3.0,43.0
2023,6,10/07/23,Texas Tech,Baylor,58.25,59.5,62.5,4.2,OVER,LEAN,LOSS,+,1.2,-5.2,-9.5,-6.5,3.0,53.0
2023,6,10/07/23,San José State,Boise State,57.5,57.5,52.3,-5.2,UNDER,STRONG,LOSS,-,0.0,-4.5,9.7,4.5,-5.2,62.0
2023,6,10/07/23,TCU,Iowa State,50.25,52.5,55.6,5.4,OVER,STRONG,LOSS,+,2.2,-9.2,-14.6,-11.5,3.1,41.0
2023,6,10/07/23,Colorado State,Utah State,64.0,62.0,57.6,-6.4,UNDER,STRONG,LOSS,+,2.0,-4.0,10.4,6.0,-4.4,68.0
2023,6,10/07/23,Georgia Tech,Miami,59.0,57.0,62.4,3.4,OVER,LEAN,LOSS,-,-2.0,-16.0,-19.4,-14.0,5.4,43.0
2023,6,10/07/23,Oregon State,California,51.75,51.0,53.5,1.8,,,,,,,38.5,41.0,2.5,92.0
2023,6,10/07/23,Arizona,USC,71.5,69.5,71.9,0.4,,,,,,,12.1,14.5,2.4,84.0
2023,7,10/10/23,Louisiana Tech,Middle Tennessee,54.5,54.0,60.4,5.9,OVER,STRONG,LOSS,-,-0.5,-0.5,-6.4,0.0,6.4,54.0
2023,7,10/10/23,Liberty,Jacksonville State,56.0,59.0,54.1,-1.9,,,,,,,-10.1,-15.0,-4.9,44.0
2023,7,10/10/23,Coastal Carolina,App State,63.0,59.0,61.3,-1.7,,,,,,,-10.3,-8.0,2.3,51.0
2023,7,10/11/23,UTEP,Florida International,44.0,43.0,56.2,12.2,OVER,STRONG,LOSS,-,-1.0,-3.0,-15.2,-2.0,13.2,41.0
2023,7,10/11/23,Sam Houston,New Mexico State,43.0,42.5,53.0,10.0,OVER,STRONG,LOSS,-,-0.5,-3.0,-13.0,-2.5,10.5,40.0
2023,7,10/12/23,West Virginia,Houston,52.5,49.5,58.2,5.7,OVER,STRONG,WIN,-,-3.0,27.5,21.8,30.5,8.7,80.0
2023,7,10/12/23,SMU,East Carolina,50.5,49.0,50.5,0.0,,,,,,,-9.5,-8.0,1.5,41.0
2023,7,10/13/23,Tulane,Memphis,56.5,55.0,54.0,-2.5,,,,,,,-2.0,-3.0,-1.0,52.0
2023,7,10/13/23,Fresno State,Utah State,61.0,56.0,61.7,0.7,,,,,,,7.3,13.0,5.7,69.0
2023,7,10/13/23,Stanford,Colorado,59.0,59.0,54.3,-4.7,UNDER,LEAN,LOSS,-,0.0,-30.0,34.7,30.0,-4.7,89.0
2023,7,10/14/23,Kent State,Eastern Michigan,44.25,40.0,54.0,9.8,OVER,STRONG,LOSS,-,-4.2,-2.2,-12.0,2.0,14.0,42.0
2023,7,10/14/23,Temple,North Texas,70.5,68.0,64.3,-6.2,UNDER,STRONG,WIN,+,2.5,11.5,-5.3,-9.0,-3.7,59.0
2023,7,10/14/23,Ohio State,Purdue,51.75,53.0,59.6,7.9,OVER,STRONG,LOSS,+,1.2,-3.8,-11.6,-5.0,6.6,48.0
2023,7,10/14/23,Georgia,Vanderbilt,57.0,55.0,65.0,8.0,OVER,STRONG,PUSH,-,-2.0,0.0,-8.0,2.0,10.0,57.0
2023,7,10/14/23,Syracuse,Florida State,56.5,53.0,48.4,-8.1,UNDER,STRONG,WIN,+,3.5,12.5,-4.4,-9.0,-4.6,44.0
2023,7,10/14/23,Iowa State,Cincinnati,49.0,42.5,52.9,3.9,OVER,LEAN,LOSS,-,-6.5,-9.0,-12.9,-2.5,10.4,40.0
2023,7,10/14/23,Arkansas,Alabama,48.5,45.5,45.2,-3.3,UNDER,LEAN,WIN,+,3.0,3.5,-0.2,-0.5,-0.3,45.0
2023,7,10/14/23,Michigan State,Rutgers,41.25,39.5,41.5,0.2,,,,,,,9.5,11.5,2.0,51.0
2023,7,10/14/23,Indiana,Michigan,49.5,45.5,56.7,7.2,OVER,STRONG,WIN,-,-4.0,9.5,2.3,13.5,11.2,59.0
2023,7,10/14/23,Georgia Southern,James Madison,58.5,59.5,56.6,-1.9,,,,,,,-2.6,-5.5,-2.9,54.0
2023,7,10/14/23,Navy,Charlotte,45.0,44.5,44.9,-0.1,,,,,,,-30.9,-30.5,0.4,14.0
2023,7,10/14/23,Toledo,Ball State,52.0,48.0,54.6,2.6,,,,,,,-35.6,-29.0,6.6,19.0
2023,7,10/14/23,California,Utah,45.0,43.0,45.4,0.4,,,,,,,2.6,5.0,2.4,48.0
2023,7,10/14/23,Miami (OH),Western Michigan,53.25,45.0,47.9,-5.4,UNDER,STRONG,LOSS,+,8.2,-1.8,7.1,10.0,2.9,55.0
2023,7,10/14/23,Florida Atlantic,South Florida,59.5,61.0,58.5,-1.0,,,,,,,11.5,9.0,-2.5,70.0
2023,7,10/14/23,BYU,TCU,52.0,52.5,58.6,6.6,OVER,STRONG,WIN,+,0.5,3.0,-3.6,2.5,6.1,55.0
2023,7,10/14/23,Texas A&M,Tennessee,56.5,54.5,45.8,-10.7,UNDER,STRONG,WIN,+,2.0,23.5,-12.8,-21.5,-8.7,33.0
2023,7,10/14/23,Kansas,Oklahoma State,58.0,54.0,59.3,1.3,,,,,,,11.7,17.0,5.3,71.0
2023,7,10/14/23,Bowling Green,Buffalo,48.75,44.5,50.0,1.2,,,,,,,-12.0,-6.5,5.5,38.0
2023,7,10/14/23,Illinois,Maryland,52.25,52.0,47.1,-5.1,UNDER,STRONG,WIN,+,0.2,1.2,3.9,-1.0,-4.9,51.0
2023,7,10/14/23,Akron,Central Michigan,48.0,44.0,52.8,4.8,OVER,LEAN,LOSS,-,-4.0,-21.0,-25.8,-17.0,8.8,27.0
2023,7,10/14/23,Massachusetts,Penn State,58.0,55.0,62.2,4.2,OVER,LEAN,WIN,-,-3.0,5.0,0.8,8.0,7.2,63.0
2023,7,10/14/23,Wake Forest,Virginia Tech,48.75,48.5,55.9,7.1,OVER,STRONG,LOSS,-,-0.2,-5.8,-12.9,-5.5,7.4,43.0
2023,7,10/14/23,Florida,South Carolina,53.5,50.0,58.3,4.8,OVER,LEAN,WIN,-,-3.5,26.5,21.7,30.0,8.3,80.0
2023,7,10/14/23,Oregon,Washington,67.5,67.0,67.0,-0.5,,,,,,,2.0,2.0,0.0,69.0
2023,7,10/14/23,Troy,Army,43.75,42.0,44.6,0.9,,,,,,,-25.6,-23.0,2.6,19.0
2023,7,10/14/23,Ohio,Northern Illinois,46.75,45.0,51.4,4.6,OVER,LEAN,LOSS,-,-1.8,-10.8,-15.4,-9.0,6.4,36.0
2023,7,10/14/23,Iowa,Wisconsin,37.25,33.5,41.8,4.5,OVER,LEAN,LOSS,-,-3.8,-16.2,-20.8,-12.5,8.3,21.0
2023,7,10/14/23,UNLV,Nevada,56.0,51.5,53.1,-2.9,,,,,,,18.9,20.5,1.6,72.0
2023,7,10/14/23,San José State,New Mexico,57.5,55.0,55.1,-2.4,,,,,,,20.9,21.0,0.1,76.0
2023,7,10/14/23,Louisville,Pittsburgh,47.5,45.0,51.4,3.9,OVER,LEAN,WIN,-,-2.5,11.5,7.6,14.0,6.4,59.0
2023,7,10/14/23,UL Monroe,Texas State,62.0,64.5,55.5,-6.5,UNDER,STRONG,WIN,-,-2.5,21.0,-14.5,-23.5,-9.0,41.0
2023,7,10/14/23,Marshall,Georgia State,57.0,53.5,58.3,1.3,,,,,,,6.7,11.5,4.8,65.0
2023,7,10/14/23,Wyoming,Air Force,44.5,42.0,43.8,-0.7,,,,,,,17.2,19.0,1.8,61.0
2023,7,10/14/23,Auburn,LSU,63.5,60.0,63.3,-0.2,,,,,,,2.7,6.0,3.3,66.0
2023,7,10/14/23,Kansas State,Texas Tech,56.0,57.5,56.2,0.2,,,,,,,2.8,1.5,-1.3,59.0
2023,7,10/14/23,Arizona,Washington State,60.75,56.5,60.7,-0.0,,,,,,,-10.7,-6.5,4.2,50.0
2023,7,10/14/23,USC,Notre Dame,62.5,61.0,66.6,4.1,OVER,LEAN,WIN,-,-1.5,5.5,1.4,7.0,5.6,68.0
2023,7,10/14/23,Missouri,Kentucky,53.25,50.5,47.4,-5.9,UNDER,STRONG,LOSS,+,2.8,-5.8,11.6,8.5,-3.1,59.0
2023,7,10/14/23,Miami,North Carolina,56.0,57.0,65.2,9.2,OVER,STRONG,WIN,+,1.0,16.0,6.8,15.0,8.2,72.0
2023,7,10/14/23,NC State,Duke,48.0,42.5,44.3,-3.7,UNDER,LEAN,WIN,+,5.5,21.0,-17.3,-15.5,1.8,27.0
2023,7,10/14/23,UCLA,Oregon State,53.25,53.5,53.4,0.1,,,,,,,6.6,6.5,-0.1,60.0
2023,7,10/14/23,UAB,UTSA,64.5,67.0,60.8,-3.7,UNDER,LEAN,WIN,-,-2.5,3.5,0.2,-6.0,-6.2,61.0
2023,7,10/14/23,Boise State,Colorado State,62.25,60.0,60.0,-2.2,,,,,,,1.0,1.0,0.0,61.0
2023,7,10/14/23,San Diego State,Hawai'i,52.25,52.0,56.4,4.1,OVER,LEAN,WIN,-,-0.2,22.8,18.6,23.0,4.4,75.0
2023,8,10/17/23,Middle Tennessee,Liberty,55.5,56.5,59.4,3.9,OVER,LEAN,WIN,+,1.0,21.5,17.6,20.5,2.9,77.0
2023,8,10/17/23,Southern Miss,South Alabama,52.5,51.0,59.2,6.7,OVER,STRONG,WIN,-,-1.5,5.5,-1.2,7.0,8.2,58.0
2023,8,10/17/23,Western Kentucky,Jacksonville State,60.0,60.5,59.6,-0.4,,,,,,,-22.6,-23.5,-0.9,37.0
2023,8,10/18/23,Florida International,Sam Houston,40.25,42.0,48.7,8.5,OVER,STRONG,WIN,+,1.8,19.8,11.3,18.0,6.7,60.0
2023,8,10/18/23,New Mexico State,UTEP,48.75,49.0,57.9,9.1,OVER,STRONG,LOSS,+,0.2,-13.8,-22.9,-14.0,8.9,35.0
2023,8,10/19/23,Rice,Tulsa,57.25,56.5,55.2,-2.0,,,,,,,-3.2,-4.5,-1.3,52.0
2023,8,10/19/23,James Madison,Marshall,51.0,49.25,47.0,-4.0,UNDER,LEAN,WIN,+,1.8,22.0,-18.0,-20.2,-2.2,29.0
2023,8,10/20/23,SMU,Temple,55.75,53.0,60.9,5.1,OVER,STRONG,LOSS,-,-2.8,-0.8,-5.9,2.0,7.9,55.0
2023,8,10/21/23,Rutgers,Indiana,41.0,39.5,45.5,4.5,OVER,LEAN,WIN,-,-1.5,4.0,-0.5,5.5,6.0,45.0
2023,8,10/21/23,Baylor,Cincinnati,51.0,50.5,59.9,8.9,OVER,STRONG,WIN,-,-0.5,10.0,1.1,10.5,9.4,61.0
2023,8,10/21/23,Western Michigan,Ohio,52.25,52.0,49.0,-3.2,UNDER,LEAN,WIN,+,0.2,15.2,-12.0,-15.0,-3.0,37.0
2023,8,10/21/23,Mississippi State,Arkansas,49.5,46.0,47.1,-2.4,,,,,,,-37.1,-36.0,1.1,10.0
2023,8,10/21/23,Air Force,Navy,37.25,34.0,39.6,2.4,,,,,,,-16.6,-11.0,5.6,23.0
2023,8,10/21/23,Boston College,Georgia Tech,57.75,57.0,55.9,-1.9,,,,,,,5.1,4.0,-1.1,61.0
2023,8,10/21/23,Memphis,UAB,62.5,62.0,59.0,-3.5,UNDER,LEAN,LOSS,+,0.5,-3.5,7.0,4.0,-3.0,66.0
2023,8,10/21/23,Penn State,Ohio State,45.5,46.5,44.1,-1.4,,,,,,,-12.1,-14.5,-2.4,32.0
2023,8,10/21/23,UCF,Oklahoma,64.25,67.5,67.2,3.0,OVER,LEAN,LOSS,+,3.2,-4.2,-7.2,-7.5,-0.3,60.0
2023,8,10/21/23,Charlotte,East Carolina,41.0,39.5,50.0,9.0,OVER,STRONG,LOSS,-,-1.5,-24.0,-33.0,-22.5,10.5,17.0
2023,8,10/21/23,Akron,Bowling Green,40.5,37.0,53.2,12.7,OVER,STRONG,WIN,-,-3.5,14.5,1.8,18.0,16.2,55.0
2023,8,10/21/23,UL Monroe,Georgia Southern,59.25,60.5,61.2,2.0,,,,,,,4.8,5.5,0.7,66.0
2023,8,10/21/23,Eastern Michigan,Northern Illinois,45.25,43.5,47.0,1.8,,,,,,,-14.0,-10.5,3.5,33.0
2023,8,10/21/23,Minnesota,Iowa,32.25,30.5,35.2,3.0,OVER,LEAN,LOSS,-,-1.8,-10.2,-13.2,-8.5,4.7,22.0
2023,8,10/21/23,Northwestern,Nebraska,42.5,40.0,44.7,2.2,,,,,,,-18.7,-14.0,4.7,26.0
2023,8,10/21/23,Oklahoma State,West Virginia,50.25,48.5,54.2,4.0,OVER,LEAN,WIN,-,-1.8,31.8,27.8,33.5,5.7,82.0
2023,8,10/21/23,Buffalo,Kent State,45.75,44.0,52.7,7.0,OVER,STRONG,LOSS,-,-1.8,-15.8,-22.7,-14.0,8.7,30.0
2023,8,10/21/23,Wisconsin,Illinois,42.25,41.0,48.4,6.1,OVER,STRONG,WIN,-,-1.2,3.8,-2.4,5.0,7.4,46.0
2023,8,10/21/23,North Texas,Tulane,62.75,63.5,59.7,-3.0,UNDER,LEAN,LOSS,-,-0.8,-0.2,3.3,-0.5,-3.8,63.0
2023,8,10/21/23,South Florida,UConn,55.5,57.0,55.5,0.0,,,,,,,-10.5,-12.0,-1.5,45.0
2023,8,10/21/23,South Carolina,Missouri,59.25,57.5,54.5,-4.8,UNDER,LEAN,WIN,+,1.8,13.2,-8.5,-11.5,-3.0,46.0
2023,8,10/21/23,Central Michigan,Ball State,42.25,42.0,47.4,5.1,OVER,STRONG,LOSS,-,-0.2,-1.2,-6.4,-1.0,5.4,41.0
2023,8,10/21/23,Washington State,Oregon,62.5,60.5,62.0,-0.5,,,,,,,0.0,1.5,1.5,62.0
2023,8,10/21/23,Pittsburgh,Wake Forest,47.5,45.0,50.1,2.6,,,,,,,-12.1,-7.0,5.1,38.0
2023,8,10/21/23,Tennessee,Alabama,49.0,47.5,43.9,-5.1,UNDER,STRONG,LOSS,+,1.5,-5.0,10.1,6.5,-3.6,54.0
2023,8,10/21/23,Texas,Houston,61.25,60.5,69.3,8.0,OVER,STRONG,LOSS,-,-0.8,-6.2,-14.3,-5.5,8.8,55.0
2023,8,10/21/23,Toledo,Miami (OH),48.75,46.5,52.3,3.5,OVER,LEAN,LOSS,-,-2.2,-10.8,-14.3,-8.5,5.8,38.0
2023,8,10/21/23,Hawai'i,New Mexico,59.5,60.0,63.0,3.5,OVER,LEAN,WIN,+,0.5,3.5,0.0,3.0,3.0,63.0
2023,8,10/21/23,UTSA,Florida Atlantic,59.0,58.5,53.8,-5.2,UNDER,STRONG,WIN,+,0.5,13.0,-7.8,-12.5,-4.7,46.0
2023,8,10/21/23,Virginia,North Carolina,56.5,58.0,59.2,2.7,,,,,,,-1.2,0.0,1.2,58.0
2023,8,10/21/23,Utah State,San José State,65.75,65.0,65.6,-0.2,,,,,,,-2.6,-2.0,0.6,63.0
2023,8,10/21/23,App State,Old Dominion,54.0,56.0,56.4,2.4,,,,,,,-7.4,-7.0,0.4,49.0
2023,8,10/21/23,Coastal Carolina,Arkansas State,60.25,59.5,62.1,1.9,,,,,,,-18.1,-15.5,2.6,44.0
2023,8,10/21/23,Texas Tech,BYU,51.25,50.0,58.6,7.4,OVER,STRONG,LOSS,-,-1.2,-10.2,-17.6,-9.0,8.6,41.0
2023,8,10/21/23,Ole Miss,Auburn,57.0,55.5,60.9,3.9,OVER,LEAN,LOSS,-,-1.5,-8.0,-11.9,-6.5,5.4,49.0
2023,8,10/21/23,Colorado State,UNLV,62.5,60.0,55.9,-6.6,UNDER,STRONG,WIN,+,2.5,14.5,-7.9,-12.0,-4.1,48.0
2023,8,10/21/23,TCU,Kansas State,58.5,60.0,59.5,1.0,,,,,,,-15.5,-16.0,-0.5,44.0
2023,8,10/21/23,Michigan,Michigan State,47.5,46.5,57.8,10.3,OVER,STRONG,WIN,-,-1.0,1.5,-8.8,2.5,11.3,49.0
2023,8,10/21/23,Army,LSU,58.25,60.0,61.5,3.2,OVER,LEAN,WIN,+,1.8,3.8,0.5,2.0,1.5,62.0
2023,8,10/21/23,Duke,Florida State,48.75,49.0,52.8,4.0,OVER,LEAN,WIN,+,0.2,9.2,5.2,9.0,3.8,58.0
2023,8,10/21/23,Utah,USC,56.0,52.0,53.2,-2.8,,,,,,,12.8,14.0,1.2,66.0
2023,8,10/21/23,Georgia State,Louisiana,60.25,62.0,64.2,4.0,OVER,LEAN,LOSS,+,1.8,-23.2,-27.2,-25.0,2.2,37.0
2023,8,10/21/23,Clemson,Miami,49.0,45.0,53.0,4.0,OVER,LEAN,LOSS,-,-4.0,-1.0,-5.0,3.0,8.0,48.0
2023,8,10/21/23,Nevada,San Diego State,48.5,48.5,58.5,10.0,OVER,STRONG,LOSS,-,0.0,-42.5,-52.5,-42.5,10.0,6.0
2023,8,10/21/23,Arizona State,Washington,58.75,60.0,66.3,7.5,OVER,STRONG,LOSS,+,1.2,-36.8,-44.3,-38.0,6.3,22.0
2023,8,10/21/23,UCLA,Stanford,54.75,52.0,58.7,4.0,OVER,LEAN,LOSS,-,-2.8,-5.8,-9.7,-3.0,6.7,49.0
2023,9,10/24/23,New Mexico State,Louisiana Tech,51.5,55.0,56.2,4.7,OVER,LEAN,LOSS,+,3.5,-0.5,-5.2,-4.0,1.2,51.0
2023,9,10/24/23,Liberty,Western Kentucky,60.5,61.5,65.1,4.6,OVER,LEAN,WIN,+,1.0,10.5,5.9,9.5,3.6,71.0
2023,9,10/25/23,Jacksonville State,Florida International,44.0,48.0,50.8,6.8,OVER,STRONG,WIN,+,4.0,13.0,6.2,9.0,2.8,57.0
2023,9,10/25/23,UTEP,Sam Houston,36.0,38.0,49.3,13.3,OVER,STRONG,WIN,+,2.0,35.0,21.7,33.0,11.3,71.0
2023,9,10/26/23,Syracuse,Virginia Tech,47.0,47.0,48.0,1.0,,,,,,,0.0,1.0,1.0,48.0
2023,9,10/26/23,Georgia State,Georgia Southern,62.0,63.0,63.4,1.4,,,,,,,7.6,8.0,0.4,71.0
2023,9,10/27/23,Florida Atlantic,Charlotte,41.5,45.0,48.9,7.4,OVER,STRONG,WIN,+,3.5,12.5,5.1,9.0,3.9,54.0
2023,9,10/28/23,Tulsa,SMU,57.0,55.0,55.7,-1.3,,,,,,,23.3,24.0,0.7,79.0
2023,9,10/28/23,Maryland,Northwestern,48.75,48.5,52.7,4.0,OVER,LEAN,WIN,-,-0.2,11.2,7.3,11.5,4.2,60.0
2023,9,10/28/23,West Virginia,UCF,59.5,59.0,61.0,1.5,,,,,,,8.0,10.0,2.0,69.0
2023,9,10/28/23,Houston,Kansas State,60.25,60.5,61.5,1.2,,,,,,,-20.5,-19.5,1.0,41.0
2023,9,10/28/23,Oklahoma,Kansas,66.0,66.5,66.9,0.9,,,,,,,4.1,4.5,0.4,71.0
2023,9,10/28/23,Florida State,Wake Forest,53.0,53.0,58.5,5.5,OVER,STRONG,WIN,-,0.0,4.0,-1.5,4.0,5.5,57.0
2023,9,10/28/23,Massachusetts,Army,48.0,49.0,52.5,4.5,OVER,LEAN,LOSS,+,1.0,-13.0,-17.5,-14.0,3.5,35.0
2023,9,10/28/23,Indiana,Penn State,44.5,45.0,50.2,5.7,OVER,STRONG,WIN,+,0.5,12.5,6.8,12.0,5.2,57.0
2023,9,10/28/23,South Carolina,Texas A&M,54.5,51.5,52.5,-2.0,,,,,,,-5.5,-4.5,1.0,47.0
2023,9,10/28/23,UConn,Boston College,52.5,49.0,50.2,-2.3,,,,,,,-15.2,-14.0,1.2,35.0
2023,9,10/28/23,Western Michigan,Eastern Michigan,44.5,49.5,52.5,8.0,OVER,STRONG,WIN,+,5.0,21.5,13.5,16.5,3.0,66.0
2023,9,10/28/23,Clemson,NC State,43.5,44.5,49.8,6.3,OVER,STRONG,LOSS,+,1.0,-2.5,-8.8,-3.5,5.3,41.0
2023,9,10/28/23,Memphis,North Texas,67.5,69.5,60.5,-7.0,UNDER,STRONG,LOSS,-,-2.0,-19.5,26.5,17.5,-9.0,87.0
2023,9,10/28/23,East Carolina,UTSA,46.0,48.0,48.9,2.9,,,,,,,19.1,20.0,0.9,68.0
2023,9,10/28/23,BYU,Texas,50.5,49.5,56.2,5.7,OVER,STRONG,LOSS,-,-1.0,-9.5,-15.2,-8.5,6.7,41.0
2023,9,10/28/23,Duke,Louisville,47.0,47.0,48.9,1.9,,,,,,,-25.9,-24.0,1.9,23.0
2023,9,10/28/23,Southern Miss,App State,55.5,55.5,63.1,7.6,OVER,STRONG,WIN,-,0.0,30.5,22.9,30.5,7.6,86.0
2023,9,10/28/23,Virginia,Miami,50.0,48.0,52.5,2.5,,,,,,,2.5,7.0,4.5,55.0
2023,9,10/28/23,Pittsburgh,Notre Dame,46.5,45.5,44.9,-1.6,,,,,,,20.1,19.5,-0.6,65.0
2023,9,10/28/23,Iowa State,Baylor,47.0,47.0,55.0,8.0,OVER,STRONG,WIN,-,0.0,1.0,-7.0,1.0,8.0,48.0
2023,9,10/28/23,Michigan State,Minnesota,40.5,41.0,43.1,2.6,,,,,,,-4.1,-2.0,2.1,39.0
2023,9,10/28/23,Georgia,Florida,49.0,50.0,57.6,8.6,OVER,STRONG,WIN,+,1.0,14.0,5.4,13.0,7.6,63.0
2023,9,10/28/23,Mississippi State,Auburn,43.25,40.0,46.5,3.2,OVER,LEAN,LOSS,-,-3.2,-3.2,-6.5,0.0,6.5,40.0
2023,9,10/28/23,Purdue,Nebraska,41.75,39.5,52.1,10.4,OVER,STRONG,WIN,-,-2.2,3.2,-7.1,5.5,12.6,45.0
2023,9,10/28/23,Oregon,Utah,49.0,47.5,51.7,2.7,,,,,,,-10.7,-6.5,4.2,41.0
2023,9,10/28/23,Miami (OH),Ohio,40.0,39.0,45.5,5.5,OVER,STRONG,WIN,-,-1.0,6.0,0.5,7.0,6.5,46.0
2023,9,10/28/23,Tulane,Rice,54.75,55.0,49.8,-5.0,UNDER,STRONG,LOSS,-,-0.2,-3.2,8.2,3.0,-5.2,58.0
2023,9,10/28/23,USC,California,67.25,67.5,64.7,-2.5,,,,,,,34.3,31.5,-2.8,99.0
2023,9,10/28/23,Louisiana,South Alabama,52.25,55.0,54.4,2.1,,,,,,,-1.4,-2.0,-0.6,53.0
2023,9,10/28/23,Arkansas State,UL Monroe,58.25,55.5,52.1,-6.1,UNDER,STRONG,WIN,+,2.8,0.2,5.9,2.5,-3.4,58.0
2023,9,10/28/23,Wyoming,Boise State,49.5,48.5,50.0,0.5,,,,,,,-11.0,-9.5,1.5,39.0
2023,9,10/28/23,Marshall,Coastal Carolina,48.0,47.0,61.7,13.7,OVER,STRONG,LOSS,-,-1.0,-8.0,-21.7,-7.0,14.7,40.0
2023,9,10/28/23,Troy,Texas State,52.5,53.5,52.0,-0.5,,,,,,,-8.0,-9.5,-1.5,44.0
2023,9,10/28/23,Tennessee,Kentucky,51.5,50.5,49.5,-2.0,,,,,,,10.5,9.5,-1.0,60.0
2023,9,10/28/23,Air Force,Colorado State,49.75,47.5,53.4,3.6,OVER,LEAN,LOSS,-,-2.2,-6.8,-10.4,-4.5,5.9,43.0
2023,9,10/28/23,Washington,Stanford,59.5,62.0,66.5,7.0,OVER,STRONG,WIN,+,2.5,15.5,8.5,13.0,4.5,75.0
2023,9,10/28/23,Colorado,UCLA,64.0,60.5,58.2,-5.8,UNDER,STRONG,WIN,+,3.5,20.0,-14.2,-16.5,-2.3,44.0
2023,9,10/28/23,Vanderbilt,Ole Miss,63.5,63.0,66.2,2.7,,,,,,,-26.2,-23.0,3.2,40.0
2023,9,10/28/23,Ohio State,Wisconsin,44.0,48.0,54.6,10.6,OVER,STRONG,LOSS,+,4.0,-10.0,-20.6,-14.0,6.6,34.0
2023,9,10/28/23,North Carolina,Georgia Tech,63.5,65.0,66.5,3.0,OVER,LEAN,WIN,+,1.5,24.5,21.5,23.0,1.5,88.0
2023,9,10/28/23,Old Dominion,James Madison,49.0,48.0,44.4,-4.6,UNDER,LEAN,LOSS,+,1.0,-8.0,12.6,9.0,-3.6,57.0
2023,9,10/28/23,Washington State,Arizona State,51.5,49.0,52.5,1.0,,,,,,,12.5,16.0,3.5,65.0
2023,9,10/28/23,Cincinnati,Oklahoma State,54.25,53.0,60.7,6.5,OVER,STRONG,WIN,-,-1.2,3.8,-2.7,5.0,7.7,58.0
2023,9,10/28/23,New Mexico,Nevada,50.75,49.5,60.9,10.1,OVER,STRONG,WIN,-,-1.2,7.2,-2.9,8.5,11.4,58.0
2023,9,10/28/23,Oregon State,Arizona,57.0,57.5,60.2,3.2,OVER,LEAN,LOSS,+,0.5,-6.0,-9.2,-6.5,2.7,51.0
2023,9,10/28/23,UNLV,Fresno State,58.5,56.0,53.4,-5.1,UNDER,STRONG,WIN,+,2.5,3.5,1.6,-1.0,-2.6,55.0
2023,9,10/28/23,San José State,Hawai'i,61.0,57.0,53.2,-7.8,UNDER,STRONG,WIN,+,4.0,26.0,-18.2,-22.0,-3.8,35.0
2023,10,10/31/23,Northern Illinois,Central Michigan,45.5,48.0,53.6,8.1,OVER,STRONG,WIN,+,2.5,22.5,14.4,20.0,5.6,68.0
2023,10,10/31/23,Buffalo,Toledo,52.5,47.25,55.1,2.6,,,,,,,-11.1,-3.2,7.9,44.0
2023,10,11/01/23,Ball State,Bowling Green,39.5,39.5,47.5,8.0,OVER,STRONG,WIN,-,0.0,5.5,-2.5,5.5,8.0,45.0
2023,10,11/01/23,Kent State,Akron,39.0,39.75,50.7,11.7,OVER,STRONG,WIN,+,0.8,19.0,7.3,18.2,11.0,58.0
2023,10,11/02/23,TCU,Texas Tech,59.25,59.5,63.3,4.0,OVER,LEAN,WIN,+,0.2,3.8,-0.3,3.5,3.8,63.0
2023,10,11/02/23,Wake Forest,Duke,45.25,41.0,49.7,4.5,OVER,LEAN,LOSS,-,-4.2,-0.2,-4.7,4.0,8.7,45.0
2023,10,11/02/23,South Alabama,Troy,46.5,43.5,48.0,1.5,,,,,,,-10.0,-5.5,4.5,38.0
2023,10,11/03/23,Boston College,Syracuse,51.25,47.5,49.1,-2.1,,,,,,,-22.1,-20.5,1.6,27.0
2023,10,11/03/23,Colorado State,Wyoming,43.5,43.5,47.0,3.5,OVER,LEAN,LOSS,-,0.0,-4.5,-8.0,-4.5,3.5,39.0
2023,10,11/04/23,Wisconsin,Indiana,44.0,45.0,51.0,7.0,OVER,STRONG,LOSS,+,1.0,-10.0,-17.0,-11.0,6.0,34.0
2023,10,11/04/23,Jacksonville State,South Carolina,55.0,55.0,51.3,-3.7,UNDER,LEAN,LOSS,-,0.0,-11.0,14.7,11.0,-3.7,66.0
2023,10,11/04/23,Ohio State,Rutgers,43.5,42.5,45.9,2.4,,,,,,,5.1,8.5,3.4,51.0
2023,10,11/04/23,Nebraska,Michigan State,35.0,34.5,44.2,9.2,OVER,STRONG,WIN,-,-0.5,2.0,-7.2,2.5,9.7,37.0
2023,10,11/04/23,Kansas State,Texas,51.5,49.25,59.9,8.4,OVER,STRONG,WIN,-,-2.2,11.5,3.1,13.8,10.6,63.0
2023,10,11/04/23,Arkansas,Florida,48.75,49.5,51.9,3.1,OVER,LEAN,WIN,+,0.8,26.2,23.1,25.5,2.4,75.0
2023,10,11/04/23,UConn,Tennessee,53.0,55.5,55.5,2.5,,,,,,,6.5,6.5,0.0,62.0
2023,10,11/04/23,Notre Dame,Clemson,46.0,44.5,53.5,7.5,OVER,STRONG,WIN,-,-1.5,8.0,0.5,9.5,9.0,54.0
2023,10,11/04/23,Texas A&M,Ole Miss,53.5,52.5,55.3,1.8,,,,,,,17.7,20.5,2.8,73.0
2023,10,11/04/23,Navy,Temple,41.5,46.0,49.6,8.1,OVER,STRONG,WIN,+,4.5,8.5,0.4,4.0,3.6,50.0
2023,10,11/04/23,Arizona State,Utah,41.5,39.0,44.7,3.2,OVER,LEAN,WIN,-,-2.5,16.5,13.3,19.0,5.7,58.0
2023,10,11/04/23,Georgia Tech,Virginia,54.5,56.0,59.7,5.2,OVER,STRONG,WIN,+,1.5,7.5,2.3,6.0,3.7,62.0
2023,10,11/04/23,Army,Air Force,35.0,32.0,47.0,12.0,OVER,STRONG,LOSS,-,-3.0,-9.0,-21.0,-6.0,15.0,26.0
2023,10,11/04/23,Florida Atlantic,UAB,60.0,59.5,55.1,-4.9,UNDER,LEAN,LOSS,+,0.5,-27.0,31.9,27.5,-4.4,87.0
2023,10,11/04/23,Louisiana,Arkansas State,60.5,59.5,55.9,-4.6,UNDER,LEAN,WIN,+,1.0,6.5,-1.9,-5.5,-3.6,54.0
2023,10,11/04/23,UTSA,North Texas,70.0,71.0,64.7,-5.3,UNDER,STRONG,WIN,-,-1.0,4.0,1.3,-5.0,-6.3,66.0
2023,10,11/04/23,South Florida,Memphis,67.0,68.5,68.4,1.4,,,,,,,40.6,40.5,-0.1,109.0
2023,10,11/04/23,Coastal Carolina,Old Dominion,53.0,51.5,54.3,1.3,,,,,,,-2.3,0.5,2.8,52.0
2023,10,11/04/23,Oklahoma,Oklahoma State,62.0,62.5,63.3,1.3,,,,,,,-12.3,-11.5,0.8,51.0
2023,10,11/04/23,Penn State,Maryland,50.0,50.5,48.1,-1.9,,,,,,,17.9,15.5,-2.4,66.0
2023,10,11/04/23,Missouri,Georgia,56.0,55.5,52.1,-3.9,UNDER,LEAN,WIN,+,0.5,5.0,-1.1,-4.5,-3.4,51.0
2023,10,11/04/23,Illinois,Minnesota,42.5,44.0,42.5,0.0,,,,,,,10.5,9.0,-1.5,53.0
2023,10,11/04/23,UCF,Cincinnati,59.0,60.0,64.8,5.8,OVER,STRONG,LOSS,+,1.0,-5.0,-10.8,-6.0,4.8,54.0
2023,10,11/04/23,James Madison,Georgia State,55.0,53.0,49.5,-5.5,UNDER,STRONG,LOSS,+,2.0,-1.0,6.5,3.0,-3.5,56.0
2023,10,11/04/23,Tulane,East Carolina,48.0,44.5,44.3,-3.7,UNDER,LEAN,WIN,+,3.5,25.0,-21.3,-21.5,-0.2,23.0
2023,10,11/04/23,Florida State,Pittsburgh,51.5,50.0,50.7,-0.8,,,,,,,-19.7,-19.0,0.7,31.0
2023,10,11/04/23,Houston,Baylor,57.5,58.5,59.3,1.8,,,,,,,-10.3,-9.5,0.8,49.0
2023,10,11/04/23,Virginia Tech,Louisville,48.5,48.5,50.2,1.7,,,,,,,-13.2,-11.5,1.7,37.0
2023,10,11/04/23,Iowa,Northwestern,31.0,31.0,40.2,9.2,OVER,STRONG,LOSS,-,0.0,-14.0,-23.2,-14.0,9.2,17.0
2023,10,11/04/23,Hawai'i,Nevada,50.5,50.0,52.3,1.8,,,,,,,-11.3,-9.0,2.3,41.0
2023,10,11/04/23,Charlotte,Tulsa,49.0,47.5,54.6,5.6,OVER,STRONG,WIN,-,-1.5,10.0,4.4,11.5,7.1,59.0
2023,10,11/04/23,Auburn,Vanderbilt,49.0,49.5,51.4,2.4,,,,,,,-5.4,-3.5,1.9,46.0
2023,10,11/04/23,UL Monroe,Southern Miss,55.0,56.5,58.2,3.2,OVER,LEAN,LOSS,+,1.5,-24.0,-27.2,-25.5,1.7,31.0
2023,10,11/04/23,Georgia Southern,Texas State,71.0,68.75,64.9,-6.1,UNDER,STRONG,WIN,+,2.2,2.0,4.1,0.2,-3.8,69.0
2023,10,11/04/23,California,Oregon,59.0,61.5,57.9,-1.1,,,,,,,24.1,20.5,-3.6,82.0
2023,10,11/04/23,UNLV,New Mexico,61.5,58.0,61.6,0.1,,,,,,,8.4,12.0,3.6,70.0
2023,10,11/04/23,Middle Tennessee,New Mexico State,56.5,55.5,59.5,3.0,OVER,LEAN,LOSS,-,-1.0,-36.5,-39.5,-35.5,4.0,20.0
2023,10,11/04/23,Louisiana Tech,Liberty,57.0,59.0,58.7,1.7,,,,,,,27.3,27.0,-0.3,86.0
2023,10,11/04/23,Marshall,App State,55.5,57.5,63.1,7.6,OVER,STRONG,LOSS,+,2.0,-15.5,-23.1,-17.5,5.6,40.0
2023,10,11/04/23,BYU,West Virginia,51.0,48.5,50.4,-0.6,,,,,,,-6.4,-4.5,1.9,44.0
2023,10,11/04/23,Utah State,San Diego State,56.0,56.5,61.5,5.5,OVER,STRONG,PUSH,+,0.5,0.0,-5.5,-0.5,5.0,56.0
2023,10,11/04/23,Kansas,Iowa State,54.0,53.5,53.4,-0.6,,,,,,,-4.4,-4.5,-0.1,49.0
2023,10,11/04/23,Washington,USC,76.5,76.0,73.9,-2.6,,,,,,,20.1,18.0,-2.1,94.0
2023,10,11/04/23,Kentucky,Mississippi State,46.0,44.5,49.9,3.9,OVER,LEAN,LOSS,-,-1.5,-19.0,-22.9,-17.5,5.4,27.0
2023,10,11/04/23,Purdue,Michigan,48.5,54.0,53.1,4.6,OVER,LEAN,WIN,+,5.5,5.5,0.9,0.0,-0.9,54.0
2023,10,11/04/23,SMU,Rice,58.5,59.0,56.2,-2.3,,,,,,,10.8,8.0,-2.8,67.0
2023,10,11/04/23,LSU,Alabama,60.0,60.5,62.7,2.7,,,,,,,7.3,9.5,2.2,70.0
2023,10,11/04/23,Miami,NC State,45.5,44.0,50.3,4.8,OVER,LEAN,LOSS,-,-1.5,-19.5,-24.3,-18.0,6.3,26.0
2023,10,11/04/23,Western Kentucky,UTEP,54.5,54.0,63.8,9.3,OVER,STRONG,LOSS,-,-0.5,-20.5,-29.8,-20.0,9.8,34.0
2023,10,11/04/23,Stanford,Washington State,61.0,58.0,62.2,1.2,,,,,,,-45.2,-41.0,4.2,17.0
2023,10,11/04/23,Boise State,Fresno State,55.0,54.5,55.0,0.0,,,,,,,12.0,12.5,0.5,67.0
2023,10,11/04/23,Oregon State,Colorado,59.0,60.5,61.9,2.9,,,,,,,-16.9,-15.5,1.4,45.0
2023,10,11/04/23,UCLA,Arizona,53.5,49.5,58.3,4.8,OVER,LEAN,LOSS,-,-4.0,-16.5,-21.3,-12.5,8.8,37.0
2023,11,11/07/23,Ball State,Northern Illinois,43.0,43.0,47.3,4.3,OVER,LEAN,LOSS,-,0.0,-6.0,-10.3,-6.0,4.3,37.0
2023,11,11/07/23,Central Michigan,Western Michigan,55.75,57.5,55.2,-0.5,,,,,,,10.8,8.5,-2.3,66.0
2023,11,11/07/23,Ohio,Buffalo,44.25,45.0,48.6,4.4,OVER,LEAN,LOSS,+,0.8,-14.2,-18.6,-15.0,3.6,30.0
2023,11,11/08/23,Bowling Green,Kent State,41.0,41.5,46.1,5.1,OVER,STRONG,WIN,+,0.5,27.0,21.9,26.5,4.6,68.0
2023,11,11/08/23,Akron,Miami (OH),42.75,37.5,48.8,6.0,OVER,STRONG,LOSS,-,-5.2,-23.8,-29.8,-18.5,11.3,19.0
2023,11,11/08/23,Eastern Michigan,Toledo,46.75,45.5,50.8,4.0,OVER,LEAN,WIN,-,-1.2,25.2,21.2,26.5,5.3,72.0
2023,11,11/09/23,Virginia,Louisville,51.5,49.5,51.7,0.2,,,,,,,3.3,5.5,2.2,55.0
2023,11,11/09/23,Southern Miss,Louisiana,53.5,52.5,54.4,0.9,,,,,,,10.6,12.5,1.9,65.0
2023,11,11/10/23,North Texas,SMU,67.75,67.5,68.1,0.3,,,,,,,-2.1,-1.5,0.6,66.0
2023,11,11/10/23,Wyoming,UNLV,51.5,48.25,49.2,-2.3,,,,,,,-1.2,-0.2,1.0,48.0
2023,11,11/11/23,Alabama,Kentucky,49.0,46.25,53.7,4.7,OVER,LEAN,WIN,-,-2.8,21.0,16.3,23.8,7.5,70.0
2023,11,11/11/23,Virginia Tech,Boston College,49.75,48.5,54.8,5.0,OVER,STRONG,WIN,-,-1.2,20.2,15.2,21.5,6.3,70.0
2023,11,11/11/23,Indiana,Illinois,43.25,43.5,50.3,7.0,OVER,STRONG,WIN,+,0.2,49.8,42.7,49.5,6.8,93.0
2023,11,11/11/23,Georgia Tech,Clemson,55.25,55.0,56.2,1.0,,,,,,,6.8,8.0,1.2,63.0
2023,11,11/11/23,Maryland,Nebraska,45.5,42.0,47.8,2.3,,,,,,,-24.8,-19.0,5.8,23.0
2023,11,11/11/23,Tulsa,Tulane,53.5,52.75,54.4,0.9,,,,,,,-8.4,-6.8,1.6,46.0
2023,11,11/11/23,Texas Tech,Kansas,60.75,61.5,64.4,3.7,OVER,LEAN,LOSS,+,0.8,-31.8,-35.4,-32.5,2.9,29.0
2023,11,11/11/23,Temple,South Florida,66.5,69.5,65.3,-1.2,,,,,,,-15.3,-19.5,-4.2,50.0
2023,11,11/11/23,Michigan,Penn State,43.5,44.5,54.7,11.2,OVER,STRONG,LOSS,+,1.0,-4.5,-15.7,-5.5,10.2,39.0
2023,11,11/11/23,Vanderbilt,South Carolina,58.0,53.5,57.6,-0.4,,,,,,,-4.6,-0.5,4.1,53.0
2023,11,11/11/23,Old Dominion,Liberty,58.0,58.5,52.0,-6.0,UNDER,STRONG,WIN,-,-0.5,10.0,-4.0,-10.5,-6.5,48.0
2023,11,11/11/23,App State,Georgia State,60.0,62.5,65.7,5.7,OVER,STRONG,LOSS,+,2.5,-4.0,-9.7,-6.5,3.2,56.0
2023,11,11/11/23,NC State,Wake Forest,45.0,43.0,48.7,3.7,OVER,LEAN,LOSS,-,-2.0,-13.0,-16.7,-11.0,5.7,32.0
2023,11,11/11/23,Arizona,Colorado,55.5,55.5,60.3,4.8,OVER,LEAN,WIN,-,0.0,9.5,4.7,9.5,4.8,65.0
2023,11,11/11/23,UConn,James Madison,49.0,47.5,48.0,-1.0,,,,,,,2.0,2.5,0.5,50.0
2023,11,11/11/23,Memphis,Charlotte,53.0,51.5,55.3,2.3,,,,,,,26.7,30.5,3.8,82.0
2023,11,11/11/23,Troy,UL Monroe,45.5,46.75,49.7,4.2,OVER,LEAN,WIN,+,1.2,13.5,9.3,12.2,3.0,59.0
2023,11,11/11/23,Nevada,Utah State,56.0,54.25,61.2,5.2,OVER,STRONG,WIN,-,-1.8,9.0,3.8,10.8,7.0,65.0
2023,11,11/11/23,Sam Houston,Louisiana Tech,49.0,49.25,53.5,4.5,OVER,LEAN,WIN,+,0.2,20.0,15.5,19.8,4.2,69.0
2023,11,11/11/23,Baylor,Kansas State,55.25,55.5,60.1,4.9,OVER,LEAN,WIN,+,0.2,28.8,23.9,28.5,4.6,84.0
2023,11,11/11/23,UAB,Navy,54.0,52.0,52.5,-1.5,,,,,,,-15.5,-15.0,0.5,37.0
2023,11,11/11/23,Utah,Washington,54.5,49.0,55.2,0.7,,,,,,,7.8,14.0,6.2,63.0
2023,11,11/11/23,Oklahoma State,UCF,64.0,64.0,63.7,-0.3,,,,,,,-15.7,-16.0,-0.3,48.0
2023,11,11/11/23,Texas State,Coastal Carolina,60.5,55.5,63.6,3.1,OVER,LEAN,LOSS,-,-5.0,-6.5,-9.6,-1.5,8.1,54.0
2023,11,11/11/23,Pittsburgh,Syracuse,37.5,37.75,45.4,7.9,OVER,STRONG,WIN,+,0.2,3.5,-4.4,3.2,7.6,41.0
2023,11,11/11/23,Florida International,Middle Tennessee,52.5,51.0,53.5,1.0,,,,,,,-7.5,-5.0,2.5,46.0
2023,11,11/11/23,Rutgers,Iowa,29.25,27.5,36.9,7.6,OVER,STRONG,LOSS,-,-1.8,-7.2,-14.9,-5.5,9.4,22.0
2023,11,11/11/23,Minnesota,Purdue,46.0,48.5,47.7,1.7,,,,,,,31.3,30.5,-0.8,79.0
2023,11,11/11/23,Tennessee,Missouri,58.5,58.75,52.2,-6.3,UNDER,STRONG,WIN,-,-0.2,15.5,-9.2,-15.8,-6.5,43.0
2023,11,11/11/23,Northwestern,Wisconsin,42.5,43.5,47.5,5.0,OVER,STRONG,LOSS,+,1.0,-8.5,-13.5,-9.5,4.0,34.0
2023,11,11/11/23,Miami,Florida State,50.0,50.5,55.0,5.0,OVER,STRONG,LOSS,+,0.5,-3.0,-8.0,-3.5,4.5,47.0
2023,11,11/11/23,New Mexico State,Western Kentucky,57.5,54.5,60.4,2.9,,,,,,,6.6,12.5,5.9,67.0
2023,11,11/11/23,Washington State,California,58.75,59.0,57.9,-0.9,,,,,,,23.1,22.0,-1.1,81.0
2023,11,11/11/23,Auburn,Arkansas,50.75,47.0,46.8,-4.0,UNDER,LEAN,LOSS,+,3.8,-7.2,11.2,11.0,-0.2,58.0
2023,11,11/11/23,East Carolina,Florida Atlantic,45.5,44.75,44.9,-0.6,,,,,,,-15.9,-15.8,0.1,29.0
2023,11,11/11/23,Arkansas State,South Alabama,55.0,55.0,54.9,-0.1,,,,,,,-19.9,-20.0,-0.1,35.0
2023,11,11/11/23,Stanford,Oregon State,54.25,52.5,51.4,-2.9,,,,,,,27.6,26.5,-1.1,79.0
2023,11,11/11/23,San Diego State,Colorado State,47.5,46.5,53.8,6.3,OVER,STRONG,LOSS,-,-1.0,-6.5,-12.8,-5.5,7.3,41.0
2023,11,11/11/23,West Virginia,Oklahoma,58.25,59.5,60.6,2.4,,,,,,,18.4,19.5,1.1,79.0
2023,11,11/11/23,Cincinnati,Houston,55.5,53.75,62.2,6.7,OVER,STRONG,LOSS,-,-1.8,-17.5,-24.2,-15.8,8.5,38.0
2023,11,11/11/23,Ole Miss,Georgia,58.5,58.75,63.2,4.7,OVER,LEAN,WIN,+,0.2,10.5,5.8,10.2,4.5,69.0
2023,11,11/11/23,Georgia Southern,Marshall,56.5,56.5,57.2,0.7,,,,,,,13.8,14.5,0.7,71.0
2023,11,11/11/23,Texas,TCU,53.0,56.25,63.6,10.6,OVER,STRONG,WIN,+,3.2,2.0,-8.6,-1.2,7.4,55.0
2023,11,11/11/23,Mississippi State,Texas A&M,44.5,40.5,46.9,2.4,,,,,,,14.1,20.5,6.4,61.0
2023,11,11/11/23,Florida,LSU,63.0,68.0,72.0,9.0,OVER,STRONG,WIN,+,5.0,24.0,15.0,19.0,4.0,87.0
2023,11,11/11/23,Rice,UTSA,60.0,54.25,55.3,-4.7,UNDER,LEAN,WIN,+,5.8,12.0,-7.3,-6.2,1.0,48.0
2023,11,11/11/23,Michigan State,Ohio State,46.5,48.25,48.7,2.2,,,,,,,-7.7,-7.2,0.5,41.0
2023,11,11/11/23,Duke,North Carolina,50.5,53.0,66.0,15.5,OVER,STRONG,WIN,+,2.5,41.5,26.0,39.0,13.0,92.0
2023,11,11/11/23,Arizona State,UCLA,47.5,45.5,50.4,2.9,,,,,,,-26.4,-21.5,4.9,24.0
2023,11,11/11/23,New Mexico,Boise State,60.5,59.0,59.1,-1.4,,,,,,,-3.1,-3.0,0.1,56.0
2023,11,11/11/23,Iowa State,BYU,42.75,41.5,45.4,2.6,,,,,,,12.6,16.5,3.9,58.0
2023,11,11/11/23,USC,Oregon,74.0,78.0,69.7,-4.3,UNDER,LEAN,WIN,-,-4.0,11.0,-6.7,-15.0,-8.3,63.0
2023,11,11/11/23,Fresno State,San José State,56.0,51.5,47.5,-8.5,UNDER,STRONG,LOSS,+,4.5,-4.0,12.5,8.5,-4.0,60.0
2023,11,11/11/23,Air Force,Hawai'i,49.5,47.5,54.0,4.5,OVER,LEAN,LOSS,-,-2.0,-9.5,-14.0,-7.5,6.5,40.0
2023,12,11/14/23,Akron,Eastern Michigan,39.0,39.5,50.9,11.9,OVER,STRONG,WIN,+,0.5,18.0,6.1,17.5,11.4,57.0
2023,12,11/14/23,Western Michigan,Northern Illinois,55.5,55.5,56.3,0.8,,,,,,,-32.3,-31.5,0.8,24.0
2023,12,11/14/23,Toledo,Bowling Green,52.0,49.5,53.5,1.5,,,,,,,9.5,13.5,4.0,63.0
2023,12,11/15/23,Central Michigan,Ohio,46.0,48.5,48.3,2.3,,,,,,,5.7,5.5,-0.2,54.0
2023,12,11/15/23,Buffalo,Miami (OH),41.5,37.0,49.7,8.2,OVER,STRONG,LOSS,-,-4.5,-8.5,-16.7,-4.0,12.7,33.0
2023,12,11/16/23,Boston College,Pittsburgh,47.25,46.75,51.4,4.1,OVER,LEAN,LOSS,-,-0.5,-7.2,-11.4,-6.8,4.6,40.0
2023,12,11/17/23,South Florida,UTSA,67.0,66.5,56.9,-10.1,UNDER,STRONG,LOSS,+,0.5,-3.0,13.1,3.5,-9.6,70.0
2023,12,11/17/23,Colorado,Washington State,64.0,59.5,59.6,-4.4,UNDER,LEAN,LOSS,+,4.5,-6.0,10.4,10.5,0.1,70.0
2023,12,11/18/23,SMU,Memphis,67.25,64.5,63.3,-4.0,UNDER,LEAN,LOSS,+,2.8,-4.8,8.7,7.5,-1.2,72.0
2023,12,11/18/23,Michigan State,Indiana,46.75,47.0,48.7,2.0,,,,,,,-3.7,-2.0,1.7,45.0
2023,12,11/18/23,Tulane,Florida Atlantic,48.25,47.0,49.0,0.8,,,,,,,-17.0,-15.0,2.0,32.0
2023,12,11/18/23,Michigan,Maryland,50.5,50.5,55.6,5.1,OVER,STRONG,WIN,-,0.0,4.5,-0.6,4.5,5.1,55.0
2023,12,11/18/23,Purdue,Northwestern,48.0,47.5,50.4,2.4,,,,,,,-12.4,-9.5,2.9,38.0
2023,12,11/18/23,Coastal Carolina,Army,44.5,40.5,53.5,9.0,OVER,STRONG,WIN,-,-4.0,4.5,-4.5,8.5,13.0,49.0
2023,12,11/18/23,Southern Miss,Mississippi State,46.75,47.5,53.0,6.2,OVER,STRONG,WIN,+,0.8,14.2,8.0,13.5,5.5,61.0
2023,12,11/18/23,East Carolina,Navy,33.0,30.5,44.9,11.9,OVER,STRONG,LOSS,-,-2.5,-23.0,-34.9,-20.5,14.4,10.0
2023,12,11/18/23,Rutgers,Penn State,43.25,40.0,43.8,0.5,,,,,,,-10.8,-7.0,3.8,33.0
2023,12,11/18/23,Oklahoma,BYU,57.25,58.5,62.6,5.4,OVER,STRONG,LOSS,+,1.2,-2.2,-7.6,-3.5,4.1,55.0
2023,12,11/18/23,Louisville,Miami,47.0,46.5,48.1,1.1,,,,,,,20.9,22.5,1.6,69.0
2023,12,11/18/23,UL Monroe,Ole Miss,61.75,60.5,62.5,0.8,,,,,,,-24.5,-22.5,2.0,38.0
2023,12,11/18/23,Massachusetts,Liberty,62.5,63.5,57.9,-4.6,UNDER,LEAN,LOSS,-,-1.0,-11.5,16.1,10.5,-5.6,74.0
2023,12,11/18/23,Kent State,Ball State,41.75,42.0,49.4,7.6,OVER,STRONG,LOSS,+,0.2,-4.8,-12.4,-5.0,7.4,37.0
2023,12,11/18/23,App State,James Madison,55.75,56.25,56.3,0.5,,,,,,,-7.3,-7.2,0.0,49.0
2023,12,11/18/23,UTEP,Middle Tennessee,48.25,48.5,56.1,7.9,OVER,STRONG,WIN,+,0.2,15.8,7.9,15.5,7.6,64.0
2023,12,11/18/23,Louisiana Tech,Jacksonville State,55.5,54.5,56.6,1.1,,,,,,,16.4,18.5,2.1,73.0
2023,12,11/18/23,Hawai'i,Wyoming,45.0,45.0,53.7,8.7,OVER,STRONG,WIN,-,0.0,6.0,-2.7,6.0,8.7,51.0
2023,12,11/18/23,Rice,Charlotte,47.25,46.5,49.3,2.0,,,,,,,-14.3,-11.5,2.8,35.0
2023,12,11/18/23,Cincinnati,West Virginia,55.25,52.5,60.0,4.8,OVER,LEAN,WIN,-,-2.8,7.8,3.0,10.5,7.5,63.0
2023,12,11/18/23,Utah,Arizona,45.25,45.5,49.3,4.0,OVER,LEAN,WIN,+,0.2,14.8,10.7,14.5,3.8,60.0
2023,12,11/18/23,North Texas,Tulsa,67.25,69.5,67.2,-0.0,,,,,,,-4.2,-6.5,-2.3,63.0
2023,12,11/18/23,Temple,UAB,64.75,61.5,58.1,-6.6,UNDER,STRONG,WIN,+,3.2,6.8,-0.1,-3.5,-3.4,58.0
2023,12,11/18/23,Duke,Virginia,47.75,47.0,50.2,2.5,,,,,,,6.8,10.0,3.2,57.0
2023,12,11/18/23,Nevada,Colorado State,47.5,45.5,52.4,4.9,OVER,LEAN,WIN,-,-2.0,2.5,-2.4,4.5,6.9,50.0
2023,12,11/18/23,Texas State,Arkansas State,59.25,59.5,56.1,-3.1,UNDER,LEAN,LOSS,-,-0.2,-48.8,51.9,48.5,-3.4,108.0
2023,12,11/18/23,Wake Forest,Notre Dame,47.25,47.5,49.9,2.6,,,,,,,2.1,4.5,2.4,52.0
2023,12,11/18/23,Louisiana,Troy,47.25,47.5,47.1,-0.1,,,,,,,7.9,7.5,-0.4,55.0
2023,12,11/18/23,Sam Houston,Western Kentucky,51.75,52.25,56.1,4.4,OVER,LEAN,LOSS,+,0.5,-0.8,-5.1,-1.2,3.9,51.0
2023,12,11/18/23,North Carolina,Clemson,58.5,59.5,57.4,-1.1,,,,,,,-6.4,-8.5,-2.1,51.0
2023,12,11/18/23,UNLV,Air Force,46.75,46.5,52.6,5.9,OVER,STRONG,WIN,-,-0.2,11.2,5.4,11.5,6.1,58.0
2023,12,11/18/23,UCLA,USC,65.5,62.5,67.8,2.3,,,,,,,-9.8,-4.5,5.3,58.0
2023,12,11/18/23,Illinois,Iowa,31.0,33.5,41.5,10.5,OVER,STRONG,LOSS,+,2.5,-3.0,-13.5,-5.5,8.0,28.0
2023,12,11/18/23,Georgia,Tennessee,59.5,59.0,58.2,-1.3,,,,,,,-10.2,-11.0,-0.8,48.0
2023,12,11/18/23,Baylor,TCU,58.5,61.5,59.6,1.1,,,,,,,-0.6,-2.5,-1.9,59.0
2023,12,11/18/23,NC State,Virginia Tech,44.75,41.0,44.2,-0.5,,,,,,,18.8,22.0,3.2,63.0
2023,12,11/18/23,Minnesota,Ohio State,49.0,51.5,43.0,-6.0,UNDER,STRONG,WIN,-,-2.5,9.0,-3.0,-11.5,-8.5,40.0
2023,12,11/18/23,Oklahoma State,Houston,59.25,57.5,62.1,2.9,,,,,,,10.9,15.5,4.6,73.0
2023,12,11/18/23,New Mexico State,Auburn,48.5,48.5,56.7,8.2,OVER,STRONG,LOSS,-,0.0,-7.5,-15.7,-7.5,8.2,41.0
2023,12,11/18/23,Oregon,Arizona State,54.25,53.5,65.4,11.2,OVER,STRONG,WIN,-,-0.8,7.8,-3.4,8.5,11.9,62.0
2023,12,11/18/23,Marshall,South Alabama,50.75,45.0,51.3,0.5,,,,,,,-23.3,-17.0,6.3,28.0
2023,12,11/18/23,UCF,Texas Tech,59.75,59.5,61.0,1.2,,,,,,,-14.0,-12.5,1.5,47.0
2023,12,11/18/23,Old Dominion,Georgia Southern,61.25,61.5,55.6,-5.6,UNDER,STRONG,WIN,-,-0.2,24.2,-18.6,-24.5,-5.9,37.0
2023,12,11/18/23,California,Stanford,57.75,53.5,52.1,-5.6,UNDER,STRONG,WIN,+,4.2,15.8,-10.1,-11.5,-1.4,42.0
2023,12,11/18/23,Boise State,Utah State,64.25,63.5,61.7,-2.5,,,,,,,-6.7,-8.5,-1.8,55.0
2023,12,11/18/23,Kansas State,Kansas,55.5,59.5,64.1,8.6,OVER,STRONG,WIN,+,4.0,2.5,-6.1,-1.5,4.6,58.0
2023,12,11/18/23,Florida,Missouri,58.5,56.5,61.6,3.1,OVER,LEAN,WIN,-,-2.0,5.5,2.4,7.5,5.1,64.0
2023,12,11/18/23,Washington,Oregon State,64.0,62.5,64.7,0.7,,,,,,,-22.7,-20.5,2.2,42.0
2023,12,11/18/23,Kentucky,South Carolina,54.5,52.5,54.1,-0.4,,,,,,,-23.1,-21.5,1.6,31.0
2023,12,11/18/23,Florida International,Arkansas,51.75,49.5,51.6,-0.1,,,,,,,12.4,14.5,2.1,64.0
2023,12,11/18/23,Nebraska,Wisconsin,37.25,36.5,40.8,3.5,OVER,LEAN,WIN,-,-0.8,3.8,0.2,4.5,4.3,41.0
2023,12,11/18/23,Georgia State,LSU,72.0,73.5,73.1,1.1,,,,,,,-3.1,-3.5,-0.4,70.0
2023,12,11/18/23,Texas,Iowa State,48.0,44.5,51.5,3.5,OVER,LEAN,LOSS,-,-3.5,-6.0,-9.5,-2.5,7.0,42.0
2023,12,11/18/23,Syracuse,Georgia Tech,52.75,51.5,50.0,-2.8,,,,,,,3.0,1.5,-1.5,53.0
2023,12,11/18/23,New Mexico,Fresno State,56.75,58.5,60.5,3.8,OVER,LEAN,LOSS,+,1.8,-14.8,-18.5,-16.5,2.0,42.0
2023,12,11/18/23,San Diego State,San José State,50.25,48.5,49.8,-0.5,,,,,,,-12.8,-11.5,1.3,37.0
2023,13,11/21/23,Bowling Green,Western Michigan,54.25,51.5,49.4,-4.9,UNDER,LEAN,WIN,+,2.8,10.2,-5.4,-7.5,-2.1,44.0
2023,13,11/21/23,Eastern Michigan,Buffalo,39.25,38.0,49.9,10.6,OVER,STRONG,LOSS,-,-1.2,-4.2,-14.9,-3.0,11.9,35.0
2023,13,11/23/23,Ole Miss,Mississippi State,56.0,55.0,59.9,3.9,OVER,LEAN,LOSS,-,-1.0,-32.0,-35.9,-31.0,4.9,24.0
2023,13,11/24/23,Memphis,Temple,65.0,64.25,65.0,0.0,,,,,,,1.0,1.8,0.8,66.0
2023,13,11/24/23,Iowa,Nebraska,27.5,25.75,42.5,15.0,OVER,STRONG,LOSS,-,-1.8,-4.5,-19.5,-2.8,16.8,23.0
2023,13,11/24/23,Toledo,Central Michigan,55.5,54.5,56.6,1.1,,,,,,,-7.6,-5.5,2.1,49.0
2023,13,11/24/23,Ohio,Akron,41.0,41.75,51.7,10.7,OVER,STRONG,LOSS,+,0.8,-2.0,-12.7,-2.8,10.0,39.0
2023,13,11/24/23,TCU,Oklahoma,63.0,66.0,62.6,-0.4,,,,,,,51.4,48.0,-3.4,114.0
2023,13,11/24/23,Miami,Boston College,48.5,50.25,58.2,9.7,OVER,STRONG,WIN,+,1.8,16.5,6.8,14.8,8.0,65.0
2023,13,11/24/23,UTSA,Tulane,52.0,52.5,50.0,-2.0,,,,,,,-5.0,-7.5,-2.5,45.0
2023,13,11/24/23,Utah State,New Mexico,62.0,58.5,67.3,5.3,OVER,STRONG,WIN,-,-3.5,23.0,17.7,26.5,8.8,85.0
2023,13,11/24/23,Missouri,Arkansas,55.0,53.5,50.9,-4.1,UNDER,LEAN,LOSS,+,1.5,-7.0,11.1,8.5,-2.6,62.0
2023,13,11/24/23,Air Force,Boise State,46.0,44.75,43.9,-2.1,,,,,,,2.1,1.2,-0.9,46.0
2023,13,11/24/23,Penn State,Michigan State,43.0,42.5,47.7,4.7,OVER,LEAN,LOSS,-,-0.5,-1.0,-5.7,-0.5,5.2,42.0
2023,13,11/24/23,Texas Tech,Texas,53.5,53.5,57.9,4.4,OVER,LEAN,WIN,-,0.0,10.5,6.1,10.5,4.4,64.0
2023,13,11/24/23,Oregon State,Oregon,62.5,61.25,65.0,2.5,,,,,,,-27.0,-23.2,3.8,38.0
2023,13,11/25/23,Middle Tennessee,Sam Houston,49.0,50.0,53.9,4.9,OVER,LEAN,LOSS,+,1.0,-6.0,-10.9,-7.0,3.9,43.0
2023,13,11/25/23,Ohio State,Michigan,46.5,47.0,49.1,2.6,,,,,,,4.9,7.0,2.1,54.0
2023,13,11/25/23,Texas A&M,LSU,66.0,67.75,64.2,-1.8,,,,,,,7.8,4.2,-3.5,72.0
2023,13,11/25/23,Kentucky,Louisville,51.0,47.5,47.0,-4.0,UNDER,LEAN,LOSS,+,3.5,-18.0,22.0,21.5,-0.5,69.0
2023,13,11/25/23,Indiana,Purdue,50.0,55.5,55.5,5.5,OVER,STRONG,WIN,+,5.5,16.0,10.5,10.5,0.0,66.0
2023,13,11/25/23,Pittsburgh,Duke,42.5,40.75,44.5,2.0,,,,,,,4.5,8.2,3.8,49.0
2023,13,11/25/23,UConn,Massachusetts,50.5,50.75,59.1,8.6,OVER,STRONG,LOSS,+,0.2,-1.5,-10.1,-1.8,8.4,49.0
2023,13,11/25/23,Northern Illinois,Kent State,44.5,44.75,51.2,6.7,OVER,STRONG,WIN,+,0.2,19.5,12.8,19.2,6.5,64.0
2023,13,11/25/23,Navy,SMU,45.5,46.0,52.4,6.9,OVER,STRONG,WIN,+,0.5,27.5,20.6,27.0,6.4,73.0
2023,13,11/25/23,Houston,UCF,60.5,61.25,62.1,1.6,,,,,,,-22.1,-21.2,0.9,40.0
2023,13,11/25/23,Miami (OH),Ball State,36.0,34.25,40.7,4.7,OVER,LEAN,LOSS,-,-1.8,-4.0,-8.7,-2.2,6.5,32.0
2023,13,11/25/23,Troy,Southern Miss,48.0,48.5,50.5,2.5,,,,,,,1.5,3.5,2.0,52.0
2023,13,11/25/23,Florida Atlantic,Rice,48.5,46.75,46.5,-2.0,,,,,,,-1.5,-1.8,-0.2,45.0
2023,13,11/25/23,Georgia State,Old Dominion,54.5,50.0,52.6,-1.9,,,,,,,-3.6,-1.0,2.6,49.0
2023,13,11/25/23,UAB,North Texas,73.5,73.0,68.8,-4.7,UNDER,LEAN,LOSS,+,0.5,-13.5,18.2,14.0,-4.2,87.0
2023,13,11/25/23,Tulsa,East Carolina,44.5,44.25,49.6,5.1,OVER,STRONG,WIN,-,-0.2,11.5,6.4,11.8,5.4,56.0
2023,13,11/25/23,Wake Forest,Syracuse,44.0,43.5,45.6,1.6,,,,,,,20.4,22.5,2.1,66.0
2023,13,11/25/23,Western Kentucky,Florida International,55.0,54.25,61.6,6.6,OVER,STRONG,WIN,-,-0.8,14.0,7.4,14.8,7.4,69.0
2023,13,11/25/23,UL Monroe,Louisiana,52.0,53.25,49.4,-2.6,,,,,,,23.6,19.8,-3.9,73.0
2023,13,11/25/23,San José State,UNLV,58.0,58.25,57.8,-0.2,,,,,,,10.2,9.8,-0.5,68.0
2023,13,11/25/23,Colorado,Utah,52.5,43.5,49.3,-3.2,UNDER,LEAN,WIN,+,9.0,12.5,-9.3,-3.5,5.8,40.0
2023,13,11/25/23,Virginia Tech,Virginia,52.75,53.0,50.0,-2.8,,,,,,,22.0,19.0,-3.0,72.0
2023,13,11/25/23,Arkansas State,Marshall,54.0,52.5,54.3,0.3,,,,,,,1.7,3.5,1.8,56.0
2023,13,11/25/23,James Madison,Coastal Carolina,50.5,50.5,48.2,-2.3,,,,,,,21.8,19.5,-2.3,70.0
2023,13,11/25/23,Georgia Southern,App State,63.0,63.0,63.8,0.8,,,,,,,18.2,19.0,0.8,82.0
2023,13,11/25/23,Vanderbilt,Tennessee,56.5,57.25,56.4,-0.1,,,,,,,15.6,14.8,-0.9,72.0
2023,13,11/25/23,Arizona,Arizona State,51.0,49.25,56.5,5.5,OVER,STRONG,WIN,-,-1.8,31.0,25.5,32.8,7.2,82.0
2023,13,11/25/23,Northwestern,Illinois,47.0,46.75,48.4,1.4,,,,,,,39.6,41.2,1.6,88.0
2023,13,11/25/23,Liberty,UTEP,59.0,54.5,56.3,-2.7,,,,,,,13.7,15.5,1.8,70.0
2023,13,11/25/23,Maryland,Rutgers,45.5,45.5,45.8,0.3,,,,,,,20.2,20.5,0.3,66.0
2023,13,11/25/23,Wisconsin,Minnesota,42.0,44.0,44.0,2.0,,,,,,,-2.0,-2.0,0.0,42.0
2023,13,11/25/23,BYU,Oklahoma State,57.0,55.0,60.7,3.7,OVER,LEAN,WIN,-,-2.0,17.0,13.3,19.0,5.7,74.0
2023,13,11/25/23,Alabama,Auburn,49.0,48.0,54.9,5.9,OVER,STRONG,WIN,-,-1.0,2.0,-3.9,3.0,6.9,51.0
2023,13,11/25/23,Washington State,Washington,68.25,65.5,68.1,-0.2,,,,,,,-23.1,-20.5,2.6,45.0
2023,13,11/25/23,Jacksonville State,New Mexico State,50.0,48.5,50.3,0.3,,,,,,,-13.3,-11.5,1.8,37.0
2023,13,11/25/23,West Virginia,Baylor,57.0,54.0,64.2,7.2,OVER,STRONG,WIN,-,-3.0,8.0,0.8,11.0,10.2,65.0
2023,13,11/25/23,Notre Dame,Stanford,52.0,50.0,53.8,1.8,,,,,,,25.2,29.0,3.8,79.0
2023,13,11/25/23,South Alabama,Texas State,58.0,56.75,57.5,-0.5,,,,,,,38.5,39.2,0.8,96.0
2023,13,11/25/23,Florida State,Florida,51.0,48.5,63.3,12.3,OVER,STRONG,LOSS,-,-2.5,-12.0,-24.3,-9.5,14.8,39.0
2023,13,11/25/23,Georgia,Georgia Tech,60.0,59.5,66.0,6.0,OVER,STRONG,LOSS,-,-0.5,-6.0,-12.0,-5.5,6.5,54.0
2023,13,11/25/23,Clemson,South Carolina,52.0,48.25,52.7,0.7,,,,,,,-29.7,-25.2,4.5,23.0
2023,13,11/25/23,Kansas,Cincinnati,58.0,59.25,63.4,5.4,OVER,STRONG,WIN,+,1.2,7.0,1.6,5.8,4.1,65.0
2023,13,11/25/23,Charlotte,South Florida,56.5,56.75,56.8,0.3,,,,,,,5.2,5.2,0.0,62.0
2023,13,11/25/23,Iowa State,Kansas State,48.0,46.25,48.6,0.6,,,,,,,28.4,30.8,2.4,77.0
2023,13,11/25/23,North Carolina,NC State,55.0,55.5,57.0,2.0,,,,,,,2.0,3.5,1.5,59.0
2023,13,11/25/23,Wyoming,Nevada,41.5,41.75,49.6,8.1,OVER,STRONG,WIN,+,0.2,6.5,-1.6,6.2,7.9,48.0
2023,13,11/25/23,Fresno State,San Diego State,46.0,47.25,45.9,-0.1,,,,,,,5.1,3.8,-1.4,51.0
2023,13,11/25/23,California,UCLA,52.0,51.0,50.1,-1.9,,,,,,,-10.1,-11.0,-0.9,40.0
2023,13,11/25/23,Colorado State,Hawai'i,54.5,53.75,55.3,0.8,,,,,,,-4.3,-2.8,1.5,51.0
2023,14,12/01/23,New Mexico State,Liberty,53.75,58.0,58.3,4.5,OVER,LEAN,WIN,+,4.2,30.2,25.7,26.0,0.3,84.0
2023,14,12/01/23,Oregon,Washington,67.0,65.5,75.6,8.6,OVER,STRONG,LOSS,-,-1.5,-2.0,-10.6,-0.5,10.1,65.0
2023,14,12/02/23,Miami (OH),Toledo,46.25,43.5,43.2,-3.0,UNDER,LEAN,WIN,+,2.8,9.2,-6.2,-6.5,-0.3,37.0
2023,14,12/02/23,Oklahoma State,Texas,54.25,56.5,64.7,10.5,OVER,STRONG,WIN,+,2.2,15.8,5.3,13.5,8.2,70.0
2023,14,12/02/23,Boise State,UNLV,58.5,62.0,59.3,0.8,,,,,,,4.7,2.0,-2.7,64.0
2023,14,12/02/23,App State,Troy,51.5,52.5,50.8,-0.7,,,,,,,21.2,19.5,-1.7,72.0
2023,14,12/02/23,SMU,Tulane,51.5,47.5,49.9,-1.6,,,,,,,-9.9,-7.5,2.4,40.0
2023,14,12/02/23,Georgia,Alabama,56.0,53.5,58.0,2.0,,,,,,,-7.0,-2.5,4.5,51.0
2023,14,12/02/23,Michigan,Iowa,35.0,35.5,48.4,13.4,OVER,STRONG,LOSS,+,0.5,-9.0,-22.4,-9.5,12.9,26.0
2023,14,12/02/23,Louisville,Florida State,52.25,45.5,50.1,-2.1,,,,,,,-28.1,-23.5,4.6,22.0
2023,15,12/09/23,Navy,Army,31.0,28.0,42.3,11.3,OVER,STRONG,LOSS,-,-3.0,-3.0,-14.3,0.0,14.3,28.0
2024,1,08/24/24,Florida State,Georgia Tech,56.5,54.5,54.6,-1.9,,,,,,,-9.6,-9.5,0.1,45.0
2024,1,08/24/24,SMU,Nevada,57.25,55.5,54.4,-2.9,,,,,,,-1.4,-2.5,-1.1,53.0
2024,1,08/29/24,North Carolina,Minnesota,50.75,52.5,49.1,-1.6,,,,,,,-13.1,-16.5,-3.4,36.0
2024,1,08/29/24,Coastal Carolina,Jacksonville State,56.75,54.5,50.8,-6.0,UNDER,STRONG,LOSS,+,2.2,-25.2,31.2,27.5,-3.7,82.0
2024,1,08/30/24,Florida Atlantic,Michigan State,46.75,45.0,47.0,0.2,,,,,,,-21.0,-19.0,2.0,26.0
2024,1,08/30/24,Temple,Oklahoma,59.25,57.5,61.5,2.2,,,,,,,-7.5,-3.5,4.0,54.0
2024,1,08/30/24,Western Michigan,Wisconsin,56.5,56.5,52.0,-4.5,UNDER,LEAN,WIN,-,0.0,14.5,-10.0,-14.5,-4.5,42.0
2024,1,08/30/24,TCU,Stanford,59.75,58.5,57.0,-2.8,,,,,,,4.0,2.5,-1.5,61.0
2024,1,08/31/24,Kent State,Pittsburgh,53.75,54.5,50.3,-3.5,UNDER,LEAN,LOSS,-,-0.8,-25.2,28.7,24.5,-4.2,79.0
2024,1,08/31/24,Virginia Tech,Vanderbilt,53.75,49.0,53.6,-0.1,,,,,,,7.4,12.0,4.6,61.0
2024,1,08/31/24,Clemson,Georgia,48.25,49.0,51.3,3.0,OVER,LEAN,LOSS,+,0.8,-11.2,-14.3,-12.0,2.3,37.0
2024,1,08/31/24,Penn State,West Virginia,51.0,48.5,49.6,-1.4,,,,,,,-3.6,-2.5,1.1,46.0
2024,1,08/31/24,UConn,Maryland,47.5,45.5,50.2,2.7,,,,,,,6.8,11.5,4.7,57.0
2024,1,08/31/24,Eastern Michigan,Massachusetts,49.0,50.5,51.1,2.1,,,,,,,-9.1,-8.5,0.6,42.0
2024,1,08/31/24,Ohio,Syracuse,47.25,45.5,46.6,-0.6,,,,,,,13.4,14.5,1.1,60.0
2024,1,08/31/24,Akron,Ohio State,58.25,56.0,55.0,-3.2,UNDER,LEAN,WIN,+,2.2,0.2,3.0,2.0,-1.0,58.0
2024,1,08/31/24,UTEP,Nebraska,48.75,48.75,48.4,-0.4,,,,,,,-1.4,-1.8,-0.4,47.0
2024,1,08/31/24,Florida International,Indiana,51.0,51.0,51.9,0.9,,,,,,,-13.9,-13.0,0.9,38.0
2024,1,08/31/24,Miami,Florida,54.5,54.5,52.1,-2.4,,,,,,,5.9,3.5,-2.4,58.0
2024,1,08/31/24,Kennesaw State,UTSA,50.0,49.0,50.5,0.5,,,,,,,-6.5,-5.0,1.5,44.0
2024,1,08/31/24,Miami (OH),Northwestern,42.75,40.5,44.9,2.1,,,,,,,-25.9,-21.5,4.4,19.0
2024,1,08/31/24,Colorado State,Texas,59.5,62.5,58.9,-0.6,,,,,,,-6.9,-10.5,-3.6,52.0
2024,1,08/31/24,Boise State,Georgia Southern,57.0,57.5,59.3,2.3,,,,,,,41.7,43.5,1.8,101.0
2024,1,08/31/24,Old Dominion,South Carolina,54.75,49.5,49.0,-5.8,UNDER,STRONG,WIN,+,5.2,12.8,-7.0,-7.5,-0.5,42.0
2024,1,08/31/24,North Texas,South Alabama,64.5,61.5,54.0,-10.5,UNDER,STRONG,LOSS,+,3.0,-25.5,36.0,28.5,-7.5,90.0
2024,1,08/31/24,UNLV,Houston,55.25,55.5,54.8,-0.5,,,,,,,-20.8,-21.5,-0.7,34.0
2024,1,08/31/24,Nevada,Troy,46.0,44.5,50.6,4.6,OVER,LEAN,WIN,-,-1.5,8.0,3.4,9.5,6.1,54.0
2024,1,08/31/24,Western Kentucky,Alabama,60.25,60.0,54.4,-5.9,UNDER,STRONG,LOSS,+,0.2,-2.8,8.6,3.0,-5.6,63.0
2024,1,08/31/24,Sam Houston,Rice,49.0,49.0,50.9,1.9,,,,,,,-2.9,-1.0,1.9,48.0
2024,1,08/31/24,UCLA,Hawai'i,55.25,52.0,55.1,-0.1,,,,,,,-26.1,-23.0,3.1,29.0
2024,1,08/31/24,Notre Dame,Texas A&M,46.75,46.5,48.1,1.4,,,,,,,-12.1,-10.5,1.6,36.0
2024,1,08/31/24,Fresno State,Michigan,47.75,46.5,47.5,-0.2,,,,,,,-7.5,-6.5,1.0,40.0
2024,1,08/31/24,Southern Miss,Kentucky,51.0,50.0,52.0,1.0,,,,,,,-21.0,-19.0,2.0,31.0
2024,1,08/31/24,James Madison,Charlotte,51.0,49.25,50.9,-0.1,,,,,,,-13.9,-12.2,1.6,37.0
2024,1,08/31/24,Georgia State,Georgia Tech,57.25,56.25,52.7,-4.5,UNDER,LEAN,WIN,+,1.0,10.2,-5.7,-9.2,-3.5,47.0
2024,1,08/31/24,New Mexico,Arizona,54.25,60.0,57.1,2.9,,,,,,,42.9,40.0,-2.9,100.0
2024,1,08/31/24,Wyoming,Arizona State,47.5,47.5,49.3,1.8,,,,,,,5.7,7.5,1.8,55.0
2024,1,09/01/24,USC,LSU,63.0,67.0,58.8,-4.2,UNDER,LEAN,WIN,-,-4.0,16.0,-11.8,-20.0,-8.2,47.0
2024,1,09/02/24,Boston College,Florida State,50.0,51.5,50.2,0.2,,,,,,,-9.2,-10.5,-1.3,41.0
2024,1,12/14/24,South Alabama,Western Michigan,58.25,54.5,51.7,-6.5,UNDER,STRONG,WIN,+,3.8,5.2,1.3,-1.5,-2.8,53.0
2024,1,12/17/24,Memphis,West Virginia,56.5,60.5,56.3,-0.2,,,,,,,22.7,18.5,-4.2,79.0
2024,1,12/18/24,Western Kentucky,James Madison,53.0,50.5,51.5,-1.5,,,,,,,-7.5,-6.5,1.0,44.0
2024,1,12/18/24,California,UNLV,51.5,45.0,51.6,0.1,,,,,,,-14.6,-8.0,6.6,37.0
2024,1,12/19/24,Georgia Southern,Sam Houston,46.75,48.5,53.5,6.8,OVER,STRONG,WIN,+,1.8,10.2,3.5,8.5,5.0,57.0
2024,1,12/20/24,Ohio,Jacksonville State,53.5,57.5,48.3,-5.2,UNDER,STRONG,LOSS,-,-4.0,-3.5,8.7,-0.5,-9.2,57.0
2024,1,12/20/24,Tulane,Florida,50.5,49.5,51.5,1.0,,,,,,,-10.5,-8.5,2.0,41.0
2024,1,12/20/24,Indiana,Notre Dame,50.5,50.5,46.8,-3.7,UNDER,LEAN,WIN,-,0.0,6.5,-2.8,-6.5,-3.7,44.0
2024,1,12/21/24,SMU,Penn State,53.0,52.5,51.7,-1.3,,,,,,,-3.7,-4.5,-0.8,48.0
2024,1,12/21/24,Clemson,Texas,52.0,49.5,49.2,-2.8,,,,,,,12.8,12.5,-0.3,62.0
2024,1,12/21/24,Tennessee,Ohio State,47.75,47.0,46.7,-1.0,,,,,,,12.3,12.0,-0.3,59.0
2024,1,12/23/24,Coastal Carolina,UTSA,57.0,56.5,52.4,-4.6,UNDER,LEAN,LOSS,+,0.5,-2.0,6.6,2.5,-4.1,59.0
2024,1,12/23/24,Northern Illinois,Fresno State,41.5,40.5,49.7,8.2,OVER,STRONG,WIN,-,-1.0,6.5,-1.7,7.5,9.2,48.0
2024,1,12/24/24,South Florida,San José State,62.5,66.5,54.9,-7.6,UNDER,STRONG,LOSS,-,-4.0,-17.5,25.1,13.5,-11.6,80.0
2024,1,12/26/24,Pittsburgh,Toledo,51.5,48.5,49.5,-2.0,,,,,,,44.5,45.5,1.0,94.0
2024,1,12/26/24,Rutgers,Kansas State,51.25,52.0,49.5,-1.8,,,,,,,35.5,33.0,-2.5,85.0
2024,1,12/26/24,Arkansas State,Bowling Green,50.0,54.5,49.5,-0.5,,,,,,,19.5,14.5,-5.0,69.0
2024,1,12/27/24,Oklahoma,Navy,44.5,44.0,50.1,5.6,OVER,STRONG,LOSS,-,-0.5,-3.5,-9.1,-3.0,6.1,41.0
2024,1,12/27/24,Georgia Tech,Vanderbilt,52.5,49.0,54.0,1.5,,,,,,,8.0,13.0,5.0,62.0
2024,1,12/27/24,Texas Tech,Arkansas,60.0,52.5,51.8,-8.2,UNDER,STRONG,LOSS,+,7.5,-5.0,13.2,12.5,-0.7,65.0
2024,1,12/27/24,Syracuse,Washington State,60.5,58.5,51.7,-8.8,UNDER,STRONG,LOSS,+,2.0,-26.5,35.3,28.5,-6.8,87.0
2024,1,12/27/24,Texas A&M,USC,50.5,56.5,56.1,5.6,OVER,STRONG,WIN,+,6.0,15.5,9.9,9.5,-0.4,66.0
2024,1,12/28/24,UConn,North Carolina,55.0,53.5,52.7,-2.3,,,,,,,-11.7,-12.5,-0.8,41.0
2024,1,12/28/24,Boston College,Nebraska,45.5,47.5,45.4,-0.1,,,,,,,-10.4,-12.5,-2.1,35.0
2024,1,12/28/24,Louisiana,TCU,60.25,59.5,54.9,-5.4,UNDER,STRONG,WIN,+,0.8,23.2,-17.9,-22.5,-4.6,37.0
2024,1,12/28/24,Iowa State,Miami,55.25,61.5,50.5,-4.8,UNDER,LEAN,LOSS,-,-6.2,-27.8,32.5,21.5,-11.0,83.0
2024,1,12/28/24,Miami (OH),Colorado State,43.5,42.5,51.6,8.1,OVER,STRONG,WIN,-,-1.0,16.5,8.4,17.5,9.1,60.0
2024,1,12/28/24,East Carolina,NC State,58.75,60.5,47.0,-11.8,UNDER,STRONG,WIN,-,-1.8,11.8,0.0,-13.5,-13.5,47.0
2024,1,12/28/24,BYU,Colorado,53.75,55.5,54.7,1.0,,,,,,,-4.7,-5.5,-0.8,50.0
2024,1,12/28/24,Louisiana Tech,Army,46.25,44.5,50.1,3.9,OVER,LEAN,LOSS,-,-1.8,-13.2,-17.1,-11.5,5.6,33.0
2024,1,12/30/24,Iowa,Missouri,40.5,41.0,44.3,3.8,OVER,LEAN,WIN,+,0.5,10.5,6.7,10.0,3.3,51.0
2024,1,12/31/24,Alabama,Michigan,43.5,45.5,48.2,4.7,OVER,LEAN,LOSS,+,2.0,-11.5,-16.2,-13.5,2.7,32.0
2024,1,12/31/24,Louisville,Washington,51.75,50.5,52.1,0.4,,,,,,,16.9,18.5,1.6,69.0
2024,1,12/31/24,South Carolina,Illinois,47.75,50.0,49.5,1.8,,,,,,,-11.5,-12.0,-0.5,38.0
2024,1,12/31/24,Baylor,LSU,60.0,62.5,59.0,-1.0,,,,,,,16.0,12.5,-3.5,75.0
2024,1,12/31/24,Penn State,Boise State,52.75,54.5,51.1,-1.6,,,,,,,-6.1,-9.5,-3.4,45.0
2024,1,01/01/25,Texas,Arizona State,52.0,52.5,54.4,2.4,,,,,,,15.6,17.5,1.9,70.0
2024,1,01/01/25,Ohio State,Oregon,54.0,55.5,51.2,-2.8,,,,,,,10.8,6.5,-4.3,62.0
2024,1,01/02/25,Notre Dame,Georgia,44.25,46.0,53.9,9.6,OVER,STRONG,LOSS,+,1.8,-11.2,-20.9,-13.0,7.9,33.0
2024,1,01/02/25,Duke,Ole Miss,53.5,50.5,52.4,-1.1,,,,,,,19.6,21.5,1.9,72.0
2024,1,01/03/25,North Texas,Texas State,68.25,66.5,57.8,-10.5,UNDER,STRONG,WIN,+,1.8,10.2,0.2,-8.5,-8.7,58.0
2024,1,01/03/25,Minnesota,Virginia Tech,42.5,43.5,48.4,5.9,OVER,STRONG,LOSS,+,1.0,-8.5,-14.4,-9.5,4.9,34.0
2024,1,01/04/25,Buffalo,Liberty,51.5,50.5,54.2,2.7,,,,,,,-21.2,-17.5,3.7,33.0
2024,1,01/09/25,Notre Dame,Penn State,46.5,45.5,49.2,2.7,,,,,,,1.8,5.5,3.7,51.0
2024,1,01/10/25,Ohio State,Texas,53.5,51.5,50.2,-3.3,UNDER,LEAN,WIN,+,2.0,11.5,-8.2,-9.5,-1.3,42.0
2024,1,01/20/25,Ohio State,Notre Dame,45.5,45.5,45.3,-0.2,,,,,,,11.7,11.5,-0.2,57.0
2024,2,09/06/24,BYU,SMU,54.5,56.0,50.0,-4.5,UNDER,LEAN,WIN,-,-1.5,21.5,-17.0,-23.0,-6.0,33.0
2024,2,09/06/24,Duke,Northwestern,38.75,37.5,45.0,6.2,OVER,STRONG,WIN,-,-1.2,7.2,1.0,8.5,7.5,46.0
2024,2,09/07/24,Bowling Green,Penn State,49.0,51.5,51.1,2.1,,,,,,,9.9,9.5,-0.4,61.0
2024,2,09/07/24,Arkansas,Oklahoma State,60.5,61.0,64.8,4.3,OVER,LEAN,WIN,+,0.5,9.5,5.2,9.0,3.8,70.0
2024,2,09/07/24,Texas,Michigan,44.0,42.0,42.7,-1.3,,,,,,,0.3,1.0,0.7,43.0
2024,2,09/07/24,Troy,Memphis,56.0,56.5,53.4,-2.6,,,,,,,1.6,-1.5,-3.1,55.0
2024,2,09/07/24,Army,Florida Atlantic,44.5,42.5,44.8,0.3,,,,,,,-13.8,-11.5,2.3,31.0
2024,2,09/07/24,Pittsburgh,Cincinnati,59.5,62.5,50.8,-8.7,UNDER,STRONG,WIN,-,-3.0,4.5,4.2,-7.5,-11.7,55.0
2024,2,09/07/24,Kansas State,Tulane,48.5,47.5,51.4,2.9,,,,,,,9.6,13.5,3.9,61.0
2024,2,09/07/24,Akron,Rutgers,40.25,41.75,52.7,12.5,OVER,STRONG,WIN,+,1.5,25.8,13.3,24.2,11.0,66.0
2024,2,09/07/24,Georgia Tech,Syracuse,58.5,60.5,55.9,-2.6,,,,,,,3.1,-1.5,-4.6,59.0
2024,2,09/07/24,Massachusetts,Toledo,50.5,51.0,51.6,1.1,,,,,,,9.4,10.0,0.6,61.0
2024,2,09/07/24,Northern Illinois,Notre Dame,46.0,46.5,49.1,3.1,OVER,LEAN,LOSS,+,0.5,-16.0,-19.1,-16.5,2.6,30.0
2024,2,09/07/24,Jacksonville State,Louisville,58.0,56.5,57.4,-0.6,,,,,,,5.6,6.5,0.9,63.0
2024,2,09/07/24,Charlotte,North Carolina,48.0,47.5,51.7,3.7,OVER,LEAN,WIN,-,-0.5,10.0,6.3,10.5,4.2,58.0
2024,2,09/07/24,Iowa State,Iowa,35.75,36.0,44.8,9.0,OVER,STRONG,WIN,+,0.2,3.2,-5.8,3.0,8.8,39.0
2024,2,09/07/24,California,Auburn,53.5,52.5,49.9,-3.6,UNDER,LEAN,WIN,+,1.0,18.5,-14.9,-17.5,-2.6,35.0
2024,2,09/07/24,Eastern Michigan,Washington,47.5,48.5,51.7,4.2,OVER,LEAN,LOSS,+,1.0,-8.5,-12.7,-9.5,3.2,39.0
2024,2,09/07/24,South Carolina,Kentucky,45.5,41.5,48.5,3.0,OVER,LEAN,LOSS,-,-4.0,-8.5,-11.5,-4.5,7.0,37.0
2024,2,09/07/24,Michigan State,Maryland,43.5,44.5,44.5,1.0,,,,,,,6.5,6.5,0.0,51.0
2024,2,09/07/24,Baylor,Utah,53.5,54.0,48.5,-5.0,UNDER,STRONG,WIN,-,-0.5,18.5,-13.5,-19.0,-5.5,35.0
2024,2,09/07/24,Temple,Navy,44.0,43.5,49.6,5.6,OVER,STRONG,WIN,-,-0.5,5.0,-0.6,5.5,6.1,49.0
2024,2,09/07/24,UTSA,Texas State,60.5,59.0,55.4,-5.1,UNDER,STRONG,WIN,+,1.5,1.5,3.6,0.0,-3.6,59.0
2024,2,09/07/24,Middle Tennessee,Ole Miss,62.5,61.5,63.3,0.8,,,,,,,-8.3,-6.5,1.8,55.0
2024,2,09/07/24,Marshall,Virginia Tech,47.5,52.5,53.6,6.1,OVER,STRONG,LOSS,+,5.0,-2.5,-8.6,-7.5,1.1,45.0
2024,2,09/07/24,Central Michigan,Florida International,51.5,51.5,52.5,1.0,,,,,,,15.5,16.5,1.0,68.0
2024,2,09/07/24,South Alabama,Ohio,54.5,55.5,51.7,-2.8,,,,,,,-4.7,-8.5,-3.8,47.0
2024,2,09/07/24,East Carolina,Old Dominion,51.0,54.0,43.9,-7.1,UNDER,STRONG,WIN,-,-3.0,17.0,-9.9,-20.0,-10.1,34.0
2024,2,09/07/24,Sam Houston,UCF,58.0,54.0,50.7,-7.3,UNDER,STRONG,LOSS,+,4.0,-1.0,8.3,5.0,-3.3,59.0
2024,2,09/07/24,Virginia,Wake Forest,54.5,55.5,52.8,-1.7,,,,,,,8.2,5.5,-2.7,61.0
2024,2,09/07/24,South Florida,Alabama,63.5,64.5,51.6,-11.9,UNDER,STRONG,WIN,-,-1.0,5.5,6.4,-6.5,-12.9,58.0
2024,2,09/07/24,Tulsa,Arkansas State,64.5,65.5,57.4,-7.1,UNDER,STRONG,WIN,-,-1.0,12.5,-5.4,-13.5,-8.1,52.0
2024,2,09/07/24,Kansas,Illinois,55.5,58.5,49.2,-6.3,UNDER,STRONG,WIN,-,-3.0,15.5,-9.2,-18.5,-9.3,40.0
2024,2,09/07/24,Louisiana,Kennesaw State,46.5,46.5,53.0,6.5,OVER,STRONG,LOSS,-,0.0,-2.5,-9.0,-2.5,6.5,44.0
2024,2,09/07/24,Georgia Southern,Nevada,55.0,56.5,55.7,0.7,,,,,,,-18.7,-19.5,-0.8,37.0
2024,2,09/07/24,San José State,Air Force,46.5,44.5,40.1,-6.4,UNDER,STRONG,WIN,+,2.0,22.5,-16.1,-20.5,-4.4,24.0
2024,2,09/07/24,UAB,UL Monroe,54.5,55.0,53.8,-0.7,,,,,,,-15.8,-17.0,-1.2,38.0
2024,2,09/07/24,Buffalo,Missouri,51.5,52.0,49.6,-1.9,,,,,,,-11.6,-14.0,-2.4,38.0
2024,2,09/07/24,Tennessee,NC State,60.25,60.5,60.3,0.0,,,,,,,0.7,0.5,-0.2,61.0
2024,2,09/07/24,Western Michigan,Ohio State,54.0,54.5,57.3,3.3,OVER,LEAN,WIN,+,0.5,2.0,-1.3,1.5,2.8,56.0
2024,2,09/07/24,Colorado,Nebraska,57.5,55.5,48.1,-9.4,UNDER,STRONG,WIN,+,2.0,19.5,-10.1,-17.5,-7.4,38.0
2024,2,09/07/24,Houston,Oklahoma,52.5,49.5,56.1,3.6,OVER,LEAN,LOSS,-,-3.0,-24.5,-28.1,-21.5,6.6,28.0
2024,2,09/07/24,App State,Clemson,51.5,53.0,61.8,10.3,OVER,STRONG,WIN,+,1.5,34.5,24.2,33.0,8.8,86.0
2024,2,09/07/24,Boise State,Oregon,61.5,60.5,56.9,-4.6,UNDER,LEAN,LOSS,+,1.0,-9.5,14.1,10.5,-3.6,71.0
2024,2,09/07/24,Texas Tech,Washington State,65.5,65.5,65.1,-0.4,,,,,,,-12.1,-12.5,-0.4,53.0
2024,2,09/07/24,Liberty,New Mexico State,57.0,54.0,50.1,-6.9,UNDER,STRONG,WIN,+,3.0,3.0,3.9,0.0,-3.9,54.0
2024,2,09/07/24,Oregon State,San Diego State,56.0,54.0,50.2,-5.8,UNDER,STRONG,WIN,+,2.0,35.0,-29.2,-33.0,-3.8,21.0
2024,2,09/07/24,Mississippi State,Arizona State,58.5,58.5,48.9,-9.6,UNDER,STRONG,WIN,-,0.0,5.5,4.1,-5.5,-9.6,53.0
2024,2,09/07/24,Utah State,USC,61.5,63.0,62.5,1.0,,,,,,,-14.5,-15.0,-0.5,48.0
2024,3,09/12/24,Arizona State,Texas State,58.5,58.5,54.8,-3.7,UNDER,LEAN,LOSS,-,0.0,-0.5,4.2,0.5,-3.7,59.0
2024,3,09/13/24,UNLV,Kansas,57.0,57.5,48.1,-8.9,UNDER,STRONG,WIN,-,-0.5,14.0,-5.1,-14.5,-9.4,43.0
2024,3,09/13/24,Arizona,Kansas State,58.5,61.0,58.9,0.4,,,,,,,-20.9,-23.0,-2.1,38.0
2024,3,09/14/24,Cincinnati,Miami (OH),45.5,47.5,54.3,8.8,OVER,STRONG,LOSS,+,2.0,-2.5,-11.3,-4.5,6.8,43.0
2024,3,09/14/24,Oklahoma State,Tulsa,62.5,62.5,56.5,-6.0,UNDER,STRONG,WIN,-,0.0,7.5,-1.5,-7.5,-6.0,55.0
2024,3,09/14/24,Louisiana Tech,NC State,51.5,48.0,50.5,-1.0,,,,,,,-0.5,2.0,2.5,50.0
2024,3,09/14/24,Memphis,Florida State,52.5,54.5,49.0,-3.5,UNDER,LEAN,WIN,-,-2.0,20.5,-17.0,-22.5,-5.5,32.0
2024,3,09/14/24,Arkansas State,Michigan,45.5,47.5,43.1,-2.4,,,,,,,2.9,-1.5,-4.4,46.0
2024,3,09/14/24,LSU,South Carolina,51.0,48.5,48.0,-3.0,UNDER,LEAN,LOSS,+,2.5,-18.0,21.0,20.5,-0.5,69.0
2024,3,09/14/24,Central Michigan,Illinois,52.0,50.0,56.9,4.9,OVER,LEAN,LOSS,-,-2.0,-13.0,-17.9,-11.0,6.9,39.0
2024,3,09/14/24,North Texas,Texas Tech,68.5,70.5,65.5,-3.0,UNDER,LEAN,LOSS,-,-2.0,-18.5,21.5,16.5,-5.0,87.0
2024,3,09/14/24,Alabama,Wisconsin,50.0,47.5,50.2,0.2,,,,,,,1.8,4.5,2.7,52.0
2024,3,09/14/24,Boston College,Missouri,54.0,52.0,50.5,-3.5,UNDER,LEAN,WIN,+,2.0,6.0,-2.5,-4.0,-1.5,48.0
2024,3,09/14/24,Massachusetts,Buffalo,45.0,45.5,47.6,2.6,,,,,,,-10.6,-8.5,2.1,37.0
2024,3,09/14/24,Coastal Carolina,Temple,51.5,52.0,59.3,7.8,OVER,STRONG,LOSS,+,0.5,-3.5,-11.3,-4.0,7.3,48.0
2024,3,09/14/24,West Virginia,Pittsburgh,60.5,61.5,58.1,-2.4,,,,,,,13.9,10.5,-3.4,72.0
2024,3,09/14/24,Texas A&M,Florida,46.5,45.5,50.2,3.7,OVER,LEAN,WIN,-,-1.0,6.5,2.8,7.5,4.7,53.0
2024,3,09/14/24,Washington State,Washington,56.5,54.5,62.8,6.3,OVER,STRONG,LOSS,-,-2.0,-13.5,-19.8,-11.5,8.3,43.0
2024,3,09/14/24,Notre Dame,Purdue,45.25,47.0,53.8,8.5,OVER,STRONG,WIN,+,1.8,27.8,19.2,26.0,6.8,73.0
2024,3,09/14/24,Ball State,Miami,54.5,55.5,54.6,0.1,,,,,,,7.4,6.5,-0.9,62.0
2024,3,09/14/24,Tulane,Oklahoma,49.5,49.0,51.9,2.4,,,,,,,1.1,4.0,2.9,53.0
2024,3,09/14/24,Nevada,Minnesota,43.5,44.0,45.3,1.8,,,,,,,-18.3,-17.0,1.3,27.0
2024,3,09/14/24,Oregon,Oregon State,50.5,50.0,56.0,5.5,OVER,STRONG,WIN,-,-0.5,12.5,7.0,13.0,6.0,63.0
2024,3,09/14/24,Troy,Iowa,39.0,39.0,46.1,7.1,OVER,STRONG,WIN,-,0.0,20.0,12.9,20.0,7.1,59.0
2024,3,09/14/24,App State,East Carolina,58.5,58.5,54.4,-4.1,UNDER,LEAN,WIN,-,0.0,18.5,-14.4,-18.5,-4.1,40.0
2024,3,09/14/24,UAB,Arkansas,58.5,60.5,60.7,2.2,,,,,,,3.3,3.5,0.2,64.0
2024,3,09/14/24,Utah,Utah State,46.5,43.5,50.3,3.8,OVER,LEAN,WIN,-,-3.0,12.5,8.7,15.5,6.8,59.0
2024,3,09/14/24,Florida International,Florida Atlantic,43.5,44.5,50.1,6.6,OVER,STRONG,WIN,+,1.0,14.5,7.9,13.5,5.6,58.0
2024,3,09/14/24,UConn,Duke,47.5,46.5,49.7,2.2,,,,,,,-2.7,0.5,3.2,47.0
2024,3,09/14/24,UTEP,Liberty,57.5,57.5,54.1,-3.4,UNDER,LEAN,WIN,-,0.0,19.5,-16.1,-19.5,-3.4,38.0
2024,3,09/14/24,Virginia Tech,Old Dominion,49.5,47.5,50.9,1.4,,,,,,,3.1,6.5,3.4,54.0
2024,3,09/14/24,Ole Miss,Wake Forest,63.5,65.5,60.7,-2.8,,,,,,,-14.7,-19.5,-4.8,46.0
2024,3,09/14/24,Kennesaw State,San José State,44.0,42.0,48.9,4.9,OVER,LEAN,LOSS,-,-2.0,-3.0,-7.9,-1.0,6.9,41.0
2024,3,09/14/24,UTSA,Texas,53.5,56.5,54.0,0.5,,,,,,,9.0,6.5,-2.5,63.0
2024,3,09/14/24,Jacksonville State,Eastern Michigan,49.0,53.5,48.6,-0.4,,,,,,,22.4,17.5,-4.9,71.0
2024,3,09/14/24,Western Kentucky,Middle Tennessee,54.5,54.0,53.1,-1.4,,,,,,,16.9,16.0,-0.9,70.0
2024,3,09/14/24,Vanderbilt,Georgia State,46.0,45.5,49.5,3.5,OVER,LEAN,WIN,-,-0.5,22.0,18.5,22.5,4.0,68.0
2024,3,09/14/24,South Florida,Southern Miss,57.5,58.5,55.2,-2.3,,,,,,,17.8,14.5,-3.3,73.0
2024,3,09/14/24,Hawai'i,Sam Houston,50.5,48.5,50.6,0.1,,,,,,,-6.6,-4.5,2.1,44.0
2024,3,09/14/24,UCF,TCU,62.5,61.5,48.9,-13.6,UNDER,STRONG,LOSS,+,1.0,-6.5,20.1,7.5,-12.6,69.0
2024,3,09/14/24,New Mexico,Auburn,60.0,58.5,60.4,0.4,,,,,,,3.6,5.5,1.9,64.0
2024,3,09/14/24,Indiana,UCLA,47.5,46.5,50.1,2.6,,,,,,,4.9,8.5,3.6,55.0
2024,3,09/14/24,Air Force,Baylor,43.5,41.0,43.1,-0.4,,,,,,,-9.1,-7.0,2.1,34.0
2024,3,09/14/24,Colorado,Colorado State,58.0,58.5,55.1,-2.9,,,,,,,-18.1,-21.5,-3.4,37.0
2024,3,09/14/24,Toledo,Mississippi State,58.0,57.5,44.2,-13.8,UNDER,STRONG,PUSH,+,0.5,0.0,13.8,0.5,-13.3,58.0
2024,3,09/14/24,Georgia,Kentucky,45.5,45.0,49.7,4.2,OVER,LEAN,LOSS,-,-0.5,-20.5,-24.7,-20.0,4.7,25.0
2024,3,09/14/24,Kent State,Tennessee,62.5,62.5,55.0,-7.5,UNDER,STRONG,LOSS,-,0.0,-8.5,16.0,8.5,-7.5,71.0
2024,3,09/14/24,Rice,Houston,44.0,44.0,49.6,5.6,OVER,STRONG,LOSS,-,0.0,-4.0,-9.6,-4.0,5.6,40.0
2024,3,09/14/24,Maryland,Virginia,55.0,55.5,53.1,-1.9,,,,,,,-13.1,-15.5,-2.4,40.0
2024,3,09/14/24,BYU,Wyoming,39.5,39.5,45.0,5.5,OVER,STRONG,WIN,-,0.0,8.5,3.0,8.5,5.5,48.0
2024,3,09/14/24,San Diego State,California,50.0,48.5,44.0,-6.0,UNDER,STRONG,WIN,+,1.5,9.0,-3.0,-7.5,-4.5,41.0
2024,3,09/14/24,New Mexico State,Fresno State,48.5,48.5,52.0,3.5,OVER,LEAN,LOSS,-,0.0,-0.5,-4.0,-0.5,3.5,48.0
2024,4,09/19/24,South Alabama,App State,64.0,62.5,63.1,-0.9,,,,,,,-1.1,-0.5,0.6,62.0
2024,4,09/20/24,Stanford,Syracuse,58.5,56.5,54.4,-4.1,UNDER,LEAN,WIN,+,2.0,8.5,-4.4,-6.5,-2.1,50.0
2024,4,09/20/24,Illinois,Nebraska,43.25,42.0,43.4,0.1,,,,,,,11.6,13.0,1.4,55.0
2024,4,09/20/24,San José State,Washington State,55.5,55.5,51.8,-3.7,UNDER,LEAN,LOSS,-,0.0,-50.5,54.2,50.5,-3.7,106.0
2024,4,09/21/24,Kansas,West Virginia,57.5,56.0,57.1,-0.4,,,,,,,2.9,4.0,1.1,60.0
2024,4,09/21/24,NC State,Clemson,48.25,44.0,58.1,9.9,OVER,STRONG,WIN,-,-4.2,45.8,35.9,50.0,14.1,94.0
2024,4,09/21/24,Rice,Army,42.5,43.5,48.8,6.3,OVER,STRONG,WIN,+,1.0,8.5,2.2,7.5,5.3,51.0
2024,4,09/21/24,James Madison,North Carolina,47.5,48.5,43.7,-3.8,UNDER,LEAN,LOSS,-,-1.0,-72.5,76.3,71.5,-4.8,120.0
2024,4,09/21/24,Charlotte,Indiana,49.5,50.5,53.3,3.8,OVER,LEAN,WIN,+,1.0,16.5,12.7,15.5,2.8,66.0
2024,4,09/21/24,Houston,Cincinnati,48.5,47.5,55.0,6.5,OVER,STRONG,LOSS,-,-1.0,-14.5,-21.0,-13.5,7.5,34.0
2024,4,09/21/24,Tulane,Louisiana,54.75,53.5,51.7,-3.0,UNDER,LEAN,LOSS,+,1.2,-19.2,22.3,20.5,-1.8,74.0
2024,4,09/21/24,Marshall,Ohio State,51.0,55.5,52.3,1.3,,,,,,,10.7,7.5,-3.2,63.0
2024,4,09/21/24,Florida,Mississippi State,57.25,58.0,52.4,-4.9,UNDER,LEAN,LOSS,-,-0.8,-15.8,20.6,15.0,-5.6,73.0
2024,4,09/21/24,Ohio,Kentucky,42.0,42.0,43.8,1.8,,,,,,,3.2,5.0,1.8,47.0
2024,4,09/21/24,Ball State,Central Michigan,52.75,50.5,52.1,-0.6,,,,,,,18.9,20.5,1.6,71.0
2024,4,09/21/24,Virginia,Coastal Carolina,54.75,52.0,54.4,-0.4,,,,,,,12.6,15.0,2.4,67.0
2024,4,09/21/24,Utah State,Temple,52.25,53.5,59.9,7.6,OVER,STRONG,WIN,+,1.2,21.8,14.1,20.5,6.4,74.0
2024,4,09/21/24,Arkansas State,Iowa State,51.5,52.0,54.0,2.5,,,,,,,5.0,7.0,2.0,59.0
2024,4,09/21/24,Southern Miss,Jacksonville State,61.5,59.5,52.1,-9.4,UNDER,STRONG,WIN,+,2.0,10.5,-1.1,-8.5,-7.4,51.0
2024,4,09/21/24,Georgia Tech,Louisville,57.5,56.0,56.2,-1.3,,,,,,,-6.2,-6.0,0.2,50.0
2024,4,09/21/24,Memphis,Navy,50.5,47.0,48.3,-2.2,,,,,,,51.7,53.0,1.3,100.0
2024,4,09/21/24,Miami (OH),Notre Dame,43.75,44.0,43.9,0.1,,,,,,,-12.9,-13.0,-0.1,31.0
2024,4,09/21/24,Arizona State,Texas Tech,60.5,58.5,58.2,-2.3,,,,,,,-6.2,-6.5,-0.3,52.0
2024,4,09/21/24,Rutgers,Virginia Tech,45.75,44.75,59.2,13.5,OVER,STRONG,WIN,-,-1.0,3.2,-10.2,4.2,14.5,49.0
2024,4,09/21/24,Buffalo,Northern Illinois,44.75,42.5,44.8,0.0,,,,,,,-1.8,0.5,2.3,43.0
2024,4,09/21/24,UCLA,LSU,56.5,56.5,56.4,-0.1,,,,,,,-5.4,-5.5,-0.1,51.0
2024,4,09/21/24,Arkansas,Auburn,58.25,53.5,55.3,-3.0,UNDER,LEAN,WIN,+,4.8,20.2,-17.3,-15.5,1.8,38.0
2024,4,09/21/24,Kent State,Penn State,54.5,57.5,56.8,2.3,,,,,,,-0.8,-1.5,-0.7,56.0
2024,4,09/21/24,USC,Michigan,46.5,44.0,45.4,-1.1,,,,,,,5.6,7.0,1.4,51.0
2024,4,09/21/24,Duke,Middle Tennessee,54.0,51.0,52.3,-1.7,,,,,,,9.7,11.0,1.3,62.0
2024,4,09/21/24,Utah,Oklahoma State,51.5,53.5,51.4,-0.1,,,,,,,-10.4,-12.5,-2.1,41.0
2024,4,09/21/24,Vanderbilt,Missouri,53.0,52.0,48.8,-4.2,UNDER,LEAN,LOSS,+,1.0,-4.0,8.2,5.0,-3.2,57.0
2024,4,09/21/24,TCU,SMU,57.5,58.5,51.1,-6.4,UNDER,STRONG,LOSS,-,-1.0,-50.5,56.9,49.5,-7.4,108.0
2024,4,09/21/24,UTEP,Colorado State,50.5,49.0,53.0,2.5,,,,,,,-9.0,-5.0,4.0,44.0
2024,4,09/21/24,East Carolina,Liberty,52.5,54.5,47.2,-5.3,UNDER,STRONG,LOSS,-,-2.0,-6.5,11.8,4.5,-7.3,59.0
2024,4,09/21/24,Tulsa,Louisiana Tech,57.5,56.5,51.8,-5.7,UNDER,STRONG,WIN,+,1.0,14.5,-8.8,-13.5,-4.7,43.0
2024,4,09/21/24,Miami,South Florida,65.25,64.5,56.7,-8.5,UNDER,STRONG,WIN,+,0.8,0.2,8.3,0.5,-7.8,65.0
2024,4,09/21/24,Florida Atlantic,UConn,46.5,45.5,53.0,6.5,OVER,STRONG,WIN,-,-1.0,15.5,9.0,16.5,7.5,62.0
2024,4,09/21/24,Northwestern,Washington,42.75,42.5,51.5,8.8,OVER,STRONG,LOSS,-,-0.2,-13.8,-22.5,-13.5,9.0,29.0
2024,4,09/21/24,Wyoming,North Texas,56.0,55.0,52.8,-3.2,UNDER,LEAN,LOSS,+,1.0,-5.0,8.2,6.0,-2.2,61.0
2024,4,09/21/24,Toledo,Western Kentucky,58.75,60.5,55.5,-3.2,UNDER,LEAN,WIN,-,-1.8,11.8,-8.5,-13.5,-5.0,47.0
2024,4,09/21/24,New Mexico State,Sam Houston,43.5,44.5,45.6,2.1,,,,,,,-3.6,-2.5,1.1,42.0
2024,4,09/21/24,California,Florida State,44.75,44.5,41.6,-3.1,UNDER,LEAN,WIN,+,0.2,21.8,-18.6,-21.5,-2.9,23.0
2024,4,09/21/24,Bowling Green,Texas A&M,52.5,50.5,57.7,5.2,OVER,STRONG,LOSS,-,-2.0,-6.5,-11.7,-4.5,7.2,46.0
2024,4,09/21/24,Akron,South Carolina,46.5,41.5,46.1,-0.4,,,,,,,10.9,15.5,4.6,57.0
2024,4,09/21/24,Iowa,Minnesota,36.25,34.5,43.4,7.1,OVER,STRONG,WIN,-,-1.8,8.8,1.6,10.5,8.9,45.0
2024,4,09/21/24,Tennessee,Oklahoma,57.75,57.0,47.8,-10.0,UNDER,STRONG,WIN,+,0.8,17.8,-7.8,-17.0,-9.2,40.0
2024,4,09/21/24,Georgia Southern,Ole Miss,65.5,68.5,65.9,0.4,,,,,,,-0.9,-3.5,-2.6,65.0
2024,4,09/21/24,Michigan State,Boston College,45.75,45.5,50.8,5.0,OVER,STRONG,LOSS,-,-0.2,-3.8,-8.8,-3.5,5.3,42.0
2024,4,09/21/24,UL Monroe,Texas,52.5,53.5,53.7,1.2,,,,,,,0.3,0.5,0.2,54.0
2024,4,09/21/24,Baylor,Colorado,54.25,52.5,49.4,-4.9,UNDER,LEAN,LOSS,+,1.8,-14.8,19.6,16.5,-3.1,69.0
2024,4,09/21/24,Fresno State,New Mexico,61.5,61.0,57.7,-3.8,UNDER,LEAN,WIN,+,0.5,2.5,1.3,-2.0,-3.3,59.0
2024,4,09/21/24,Purdue,Oregon State,50.5,50.5,56.4,5.9,OVER,STRONG,WIN,-,0.0,8.5,2.6,8.5,5.9,59.0
2024,4,09/21/24,Kansas State,BYU,47.5,49.5,48.7,1.2,,,,,,,-1.7,-2.5,-0.8,47.0
2024,5,09/26/24,Army,Temple,46.0,47.0,54.2,8.2,OVER,STRONG,WIN,+,1.0,10.0,1.8,9.0,7.2,56.0
2024,5,09/27/24,Virginia Tech,Miami,55.5,55.5,54.1,-1.4,,,,,,,17.9,16.5,-1.4,72.0
2024,5,09/27/24,Washington,Rutgers,45.5,45.0,53.1,7.6,OVER,STRONG,LOSS,-,-0.5,-6.5,-14.1,-6.0,8.1,39.0
2024,5,09/28/24,Buffalo,UConn,45.5,44.5,41.3,-4.2,UNDER,LEAN,LOSS,+,1.0,-4.5,8.7,5.5,-3.2,50.0
2024,5,09/28/24,Kentucky,Ole Miss,53.0,51.5,54.3,1.3,,,,,,,-17.3,-14.5,2.8,37.0
2024,5,09/28/24,Nebraska,Purdue,49.0,47.0,49.4,0.4,,,,,,,-11.4,-9.0,2.4,38.0
2024,5,09/28/24,South Florida,Tulane,63.75,60.5,55.7,-8.0,UNDER,STRONG,WIN,+,3.2,8.8,-0.7,-5.5,-4.8,55.0
2024,5,09/28/24,Navy,UAB,56.5,56.5,57.8,1.3,,,,,,,1.2,2.5,1.3,59.0
2024,5,09/28/24,Maryland,Indiana,55.25,49.5,49.3,-6.0,UNDER,STRONG,LOSS,+,5.8,-14.8,20.7,20.5,-0.2,70.0
2024,5,09/28/24,Oklahoma State,Kansas State,55.25,58.0,57.8,2.5,,,,,,,4.2,4.0,-0.2,62.0
2024,5,09/28/24,BYU,Baylor,45.25,46.5,48.3,3.0,OVER,LEAN,WIN,+,1.2,16.8,13.7,15.5,1.8,62.0
2024,5,09/28/24,Western Kentucky,Boston College,55.0,48.0,54.3,-0.7,,,,,,,-13.3,-7.0,6.3,41.0
2024,5,09/28/24,Minnesota,Michigan,38.75,34.5,41.1,2.4,,,,,,,9.9,16.5,6.6,51.0
2024,5,09/28/24,Northern Illinois,NC State,47.0,46.5,56.4,9.4,OVER,STRONG,LOSS,-,-0.5,-6.0,-15.4,-5.5,9.9,41.0
2024,5,09/28/24,Ball State,James Madison,56.75,56.5,51.7,-5.0,UNDER,STRONG,LOSS,+,0.2,-13.2,18.3,13.5,-4.8,70.0
2024,5,09/28/24,Texas State,Sam Houston,55.5,55.0,51.8,-3.7,UNDER,LEAN,LOSS,+,0.5,-23.5,27.2,24.0,-3.2,79.0
2024,5,09/28/24,Eastern Michigan,Kent State,48.25,46.0,54.3,6.0,OVER,STRONG,WIN,-,-2.2,36.8,30.7,39.0,8.3,85.0
2024,5,09/28/24,Oklahoma,Auburn,46.25,43.0,44.5,-1.8,,,,,,,3.5,5.0,1.5,48.0
2024,5,09/28/24,San Diego State,Central Michigan,53.75,47.5,51.7,-2.0,,,,,,,-8.7,-4.5,4.2,43.0
2024,5,09/28/24,Georgia Southern,Georgia State,57.75,57.0,57.4,-0.4,,,,,,,1.6,2.0,0.4,59.0
2024,5,09/28/24,Western Michigan,Marshall,54.0,53.5,52.7,-1.3,,,,,,,-5.7,-6.5,-0.8,47.0
2024,5,09/28/24,Louisiana,Wake Forest,60.5,59.5,54.4,-6.1,UNDER,STRONG,LOSS,+,1.0,-18.5,24.6,19.5,-5.1,79.0
2024,5,09/28/24,Fresno State,UNLV,51.0,50.5,48.2,-2.8,,,,,,,24.8,22.5,-2.3,73.0
2024,5,09/28/24,Louisville,Notre Dame,48.0,45.0,44.7,-3.3,UNDER,LEAN,LOSS,+,3.0,-7.0,10.3,10.0,-0.3,55.0
2024,5,09/28/24,Massachusetts,Miami (OH),46.75,44.5,49.6,2.9,,,,,,,-6.6,-1.5,5.1,43.0
2024,5,09/28/24,TCU,Kansas,59.5,58.5,52.5,-7.0,UNDER,STRONG,LOSS,+,1.0,-5.5,12.5,6.5,-6.0,65.0
2024,5,09/28/24,Wisconsin,USC,51.25,50.0,50.4,-0.9,,,,,,,8.6,9.0,0.4,59.0
2024,5,09/28/24,Colorado,UCF,63.5,60.5,60.0,-3.5,UNDER,LEAN,LOSS,+,3.0,-5.5,9.0,8.5,-0.5,69.0
2024,5,09/28/24,Akron,Ohio,46.75,46.0,47.4,0.6,,,,,,,-7.4,-6.0,1.4,40.0
2024,5,09/28/24,Arkansas,Texas A&M,52.5,50.5,50.8,-1.7,,,,,,,-12.8,-12.5,0.3,38.0
2024,5,09/28/24,North Carolina,Duke,56.0,55.5,45.9,-10.1,UNDER,STRONG,WIN,+,0.5,15.0,-4.9,-14.5,-9.6,41.0
2024,5,09/28/24,UTSA,East Carolina,54.0,53.5,47.2,-6.8,UNDER,STRONG,WIN,+,0.5,4.0,2.8,-3.5,-6.3,50.0
2024,5,09/28/24,Mississippi State,Texas,61.75,58.5,59.5,-2.2,,,,,,,-11.5,-10.5,1.0,48.0
2024,5,09/28/24,Old Dominion,Bowling Green,50.25,51.5,48.7,-1.5,,,,,,,8.3,5.5,-2.8,57.0
2024,5,09/28/24,Louisiana Tech,Florida International,51.75,49.0,48.2,-3.5,UNDER,LEAN,WIN,+,2.8,24.8,-21.2,-22.0,-0.8,27.0
2024,5,09/28/24,UL Monroe,Troy,45.5,46.0,44.8,-0.7,,,,,,,-22.8,-24.0,-1.2,22.0
2024,5,09/28/24,Charlotte,Rice,47.0,48.0,47.9,0.9,,,,,,,-6.9,-7.0,-0.1,41.0
2024,5,09/28/24,Stanford,Clemson,57.75,58.0,55.2,-2.5,,,,,,,-1.2,-4.0,-2.8,54.0
2024,5,09/28/24,Tulsa,North Texas,68.25,65.5,59.4,-8.9,UNDER,STRONG,LOSS,+,2.8,-3.8,12.6,6.5,-6.1,72.0
2024,5,09/28/24,Iowa State,Houston,43.25,43.0,48.5,5.2,OVER,STRONG,LOSS,-,-0.2,-23.2,-28.5,-23.0,5.5,20.0
2024,5,09/28/24,Ohio State,Michigan State,49.0,48.5,54.1,5.1,OVER,STRONG,LOSS,-,-0.5,-4.0,-9.1,-3.5,5.6,45.0
2024,5,09/28/24,Georgia,Alabama,49.5,50.0,47.0,-2.5,,,,,,,28.0,25.0,-3.0,75.0
2024,5,09/28/24,Middle Tennessee,Memphis,61.5,61.5,59.1,-2.4,,,,,,,-28.1,-30.5,-2.4,31.0
2024,5,09/28/24,Illinois,Penn State,47.5,48.5,42.9,-4.6,UNDER,LEAN,WIN,-,-1.0,19.5,-14.9,-20.5,-5.6,28.0
2024,5,09/28/24,South Alabama,LSU,66.25,64.5,61.2,-5.0,UNDER,STRONG,WIN,+,1.8,14.2,-9.2,-12.5,-3.3,52.0
2024,5,09/28/24,Florida State,SMU,47.5,46.5,47.1,-0.4,,,,,,,10.9,11.5,0.6,58.0
2024,5,09/28/24,New Mexico,New Mexico State,57.5,54.0,54.8,-2.7,,,,,,,35.2,36.0,0.8,90.0
2024,5,09/28/24,Air Force,Wyoming,35.5,33.5,44.4,8.9,OVER,STRONG,WIN,-,-2.0,14.5,5.6,16.5,10.9,50.0
2024,5,09/28/24,Cincinnati,Texas Tech,58.0,60.0,61.3,3.3,OVER,LEAN,WIN,+,2.0,27.0,23.7,25.0,1.3,85.0
2024,5,09/28/24,Washington State,Boise State,65.0,66.0,62.9,-2.1,,,,,,,6.1,3.0,-3.1,69.0
2024,5,09/28/24,Arizona,Utah,50.75,47.0,46.9,-3.9,UNDER,LEAN,WIN,+,3.8,17.8,-13.9,-14.0,-0.1,33.0
2024,5,09/28/24,Oregon,UCLA,55.5,54.0,53.1,-2.4,,,,,,,-6.1,-7.0,-0.9,47.0
2024,6,10/03/24,Texas State,Troy,57.75,56.0,54.8,-3.0,UNDER,LEAN,WIN,+,1.8,2.8,0.2,-1.0,-1.2,55.0
2024,6,10/03/24,Sam Houston,UTEP,49.75,49.5,45.6,-4.1,UNDER,LEAN,LOSS,+,0.2,-12.2,16.4,12.5,-3.9,62.0
2024,6,10/04/24,Jacksonville State,Kennesaw State,48.5,49.5,53.8,5.3,OVER,STRONG,WIN,+,1.0,38.5,33.2,37.5,4.3,87.0
2024,6,10/04/24,Houston,TCU,49.75,52.0,51.5,1.8,,,,,,,-2.5,-3.0,-0.5,49.0
2024,6,10/04/24,Michigan State,Oregon,52.5,53.0,52.7,0.2,,,,,,,-11.7,-12.0,-0.3,41.0
2024,6,10/04/24,Syracuse,UNLV,57.75,55.5,47.7,-10.0,UNDER,STRONG,LOSS,+,2.2,-27.2,37.3,29.5,-7.8,85.0
2024,6,10/05/24,SMU,Louisville,57.5,55.0,51.1,-6.4,UNDER,STRONG,LOSS,+,2.5,-3.5,9.9,6.0,-3.9,61.0
2024,6,10/05/24,Wake Forest,NC State,55.0,52.5,57.2,2.2,,,,,,,6.8,11.5,4.7,64.0
2024,6,10/05/24,Pittsburgh,North Carolina,64.5,62.5,49.0,-15.5,UNDER,STRONG,WIN,+,2.0,6.5,9.0,-4.5,-13.5,58.0
2024,6,10/05/24,Boston College,Virginia,50.25,52.5,48.7,-1.5,,,,,,,-10.7,-14.5,-3.8,38.0
2024,6,10/05/24,Massachusetts,Northern Illinois,45.75,41.0,51.0,5.2,OVER,STRONG,WIN,-,-4.8,8.2,3.0,13.0,10.0,54.0
2024,6,10/05/24,UCLA,Penn State,45.25,47.5,42.0,-3.2,UNDER,LEAN,WIN,-,-2.2,7.2,-4.0,-9.5,-5.5,38.0
2024,6,10/05/24,Purdue,Wisconsin,46.75,44.5,48.2,1.5,,,,,,,9.8,13.5,3.7,58.0
2024,6,10/05/24,Missouri,Texas A&M,49.5,47.5,47.9,-1.6,,,,,,,3.1,3.5,0.4,51.0
2024,6,10/05/24,Navy,Air Force,36.25,37.0,49.7,13.5,OVER,STRONG,WIN,+,0.8,4.8,-8.7,4.0,12.7,41.0
2024,6,10/05/24,Army,Tulsa,50.5,50.5,53.4,2.9,,,,,,,2.6,5.5,2.9,56.0
2024,6,10/05/24,Tulane,UAB,55.25,52.0,58.1,2.9,,,,,,,32.9,39.0,6.1,91.0
2024,6,10/05/24,Western Michigan,Ball State,56.5,57.5,52.6,-3.9,UNDER,LEAN,LOSS,-,-1.0,-30.5,34.4,29.5,-4.9,87.0
2024,6,10/05/24,Auburn,Georgia,52.25,50.0,53.1,0.9,,,,,,,-9.1,-6.0,3.1,44.0
2024,6,10/05/24,Iowa,Ohio State,44.5,46.0,44.3,-0.2,,,,,,,-2.3,-4.0,-1.7,42.0
2024,6,10/05/24,Temple,UConn,50.25,49.0,50.1,-0.1,,,,,,,-1.1,0.0,1.1,49.0
2024,6,10/05/24,Indiana,Northwestern,42.5,40.5,46.0,3.5,OVER,LEAN,WIN,-,-2.0,22.5,19.0,24.5,5.5,65.0
2024,6,10/05/24,Virginia Tech,Stanford,53.5,49.5,49.8,-3.7,UNDER,LEAN,WIN,+,4.0,15.5,-11.8,-11.5,0.3,38.0
2024,6,10/05/24,Ole Miss,South Carolina,51.5,53.0,52.9,1.4,,,,,,,-22.9,-23.0,-0.1,30.0
2024,6,10/05/24,Bowling Green,Akron,51.25,48.5,56.4,5.1,OVER,STRONG,LOSS,-,-2.8,-4.2,-9.4,-1.5,7.9,47.0
2024,6,10/05/24,East Carolina,Charlotte,46.75,47.5,48.3,1.5,,,,,,,30.7,31.5,0.8,79.0
2024,6,10/05/24,Miami (OH),Toledo,43.75,43.5,45.6,1.9,,,,,,,4.4,6.5,2.1,50.0
2024,6,10/05/24,App State,Marshall,58.25,56.5,57.5,-0.8,,,,,,,31.5,32.5,1.0,89.0
2024,6,10/05/24,Rutgers,Nebraska,43.75,40.0,46.5,2.8,,,,,,,-25.5,-19.0,6.5,21.0
2024,6,10/05/24,West Virginia,Oklahoma State,65.5,64.5,63.9,-1.6,,,,,,,-11.9,-12.5,-0.6,52.0
2024,6,10/05/24,Alabama,Vanderbilt,54.75,53.5,54.1,-0.6,,,,,,,20.9,21.5,0.6,75.0
2024,6,10/05/24,Colorado State,Oregon State,47.5,47.0,55.6,8.1,OVER,STRONG,WIN,-,-0.5,22.5,14.4,23.0,8.6,70.0
2024,6,10/05/24,South Alabama,Arkansas State,62.25,62.5,57.6,-4.6,UNDER,LEAN,WIN,-,-0.2,28.2,-23.6,-28.5,-4.9,34.0
2024,6,10/05/24,Clemson,Florida State,47.25,47.0,52.7,5.5,OVER,STRONG,LOSS,-,-0.2,-5.2,-10.7,-5.0,5.7,42.0
2024,6,10/05/24,James Madison,UL Monroe,48.75,48.0,47.0,-1.8,,,,,,,-7.0,-8.0,-1.0,40.0
2024,6,10/05/24,Utah State,Boise State,65.5,66.5,62.4,-3.1,UNDER,LEAN,LOSS,-,-1.0,-26.5,29.6,25.5,-4.1,92.0
2024,6,10/05/24,Louisiana,Southern Miss,57.5,57.5,58.3,0.8,,,,,,,-22.3,-21.5,0.8,36.0
2024,6,10/05/24,Old Dominion,Coastal Carolina,55.25,51.5,47.3,-8.0,UNDER,STRONG,LOSS,+,3.8,-26.8,34.7,30.5,-4.2,82.0
2024,6,10/05/24,Tennessee,Arkansas,59.75,57.5,51.5,-8.2,UNDER,STRONG,WIN,+,2.2,26.8,-18.5,-24.5,-6.0,33.0
2024,6,10/05/24,Michigan,Washington,40.75,39.5,47.2,6.5,OVER,STRONG,WIN,-,-1.2,3.2,-3.2,4.5,7.7,44.0
2024,6,10/05/24,Baylor,Iowa State,46.5,45.0,47.9,1.4,,,,,,,16.1,19.0,2.9,64.0
2024,6,10/05/24,USC,Minnesota,52.25,45.5,46.4,-5.9,UNDER,STRONG,WIN,+,6.8,11.2,-5.4,-4.5,0.9,41.0
2024,6,10/05/24,Nevada,San José State,48.25,51.5,51.3,3.0,OVER,LEAN,WIN,+,3.2,17.8,14.7,14.5,-0.2,66.0
2024,6,10/05/24,UCF,Florida,59.75,62.0,61.5,1.8,,,,,,,-24.5,-25.0,-0.5,37.0
2024,6,10/05/24,Duke,Georgia Tech,54.0,52.5,48.1,-5.9,UNDER,STRONG,WIN,+,1.5,16.0,-10.1,-14.5,-4.4,38.0
2024,6,10/05/24,Kansas,Arizona State,50.5,50.0,46.5,-4.0,UNDER,LEAN,LOSS,+,0.5,-15.5,19.5,16.0,-3.5,66.0
2024,6,10/05/24,Hawai'i,San Diego State,47.25,47.5,47.3,0.0,,,,,,,3.7,3.5,-0.2,51.0
2024,6,10/05/24,Miami,California,55.25,54.0,52.6,-2.6,,,,,,,24.4,23.0,-1.4,77.0
2024,6,10/05/24,Texas Tech,Arizona,62.5,63.5,57.0,-5.5,UNDER,STRONG,WIN,-,-1.0,12.5,-7.0,-13.5,-6.5,50.0
2024,7,10/08/24,Florida International,Liberty,54.75,55.5,50.9,-3.9,UNDER,LEAN,LOSS,-,-0.8,-0.2,4.1,-0.5,-4.6,55.0
2024,7,10/09/24,New Mexico State,Jacksonville State,58.0,58.5,48.5,-9.5,UNDER,STRONG,LOSS,-,-0.5,-9.0,18.5,8.5,-10.0,67.0
2024,7,10/10/24,Coastal Carolina,James Madison,58.5,59.0,54.0,-4.5,UNDER,LEAN,WIN,-,-0.5,12.5,-8.0,-13.0,-5.0,46.0
2024,7,10/10/24,UTEP,Western Kentucky,55.5,55.5,50.0,-5.5,UNDER,STRONG,LOSS,-,0.0,-5.5,11.0,5.5,-5.5,61.0
2024,7,10/10/24,Middle Tennessee,Louisiana Tech,48.25,47.5,49.6,1.4,,,,,,,19.4,21.5,2.1,69.0
2024,7,10/11/24,Northwestern,Maryland,45.5,45.0,46.9,1.4,,,,,,,0.1,2.0,1.9,47.0
2024,7,10/11/24,UNLV,Utah State,64.5,67.0,59.5,-5.0,UNDER,STRONG,LOSS,-,-2.5,-19.5,24.5,17.0,-7.5,84.0
2024,7,10/11/24,Utah,Arizona State,45.75,46.5,48.3,2.5,,,,,,,-2.3,-0.5,1.8,46.0
2024,7,10/12/24,Georgia Tech,North Carolina,57.0,60.5,56.5,-0.5,,,,,,,18.5,14.5,-4.0,75.0
2024,7,10/12/24,Toledo,Buffalo,44.25,44.5,44.1,-0.1,,,,,,,0.9,0.5,-0.4,45.0
2024,7,10/12/24,Wisconsin,Rutgers,39.75,43.5,49.5,9.8,OVER,STRONG,WIN,+,3.8,9.2,-0.5,5.5,6.0,49.0
2024,7,10/12/24,Washington,Iowa,41.0,41.5,43.5,2.5,,,,,,,12.5,14.5,2.0,56.0
2024,7,10/12/24,Ball State,Kent State,58.75,58.0,52.6,-6.1,UNDER,STRONG,LOSS,+,0.8,-13.2,19.4,14.0,-5.4,72.0
2024,7,10/12/24,South Carolina,Alabama,50.5,50.0,48.2,-2.3,,,,,,,3.8,2.0,-1.8,52.0
2024,7,10/12/24,UAB,Army,55.5,55.5,53.9,-1.6,,,,,,,0.1,-1.5,-1.6,54.0
2024,7,10/12/24,Missouri,Massachusetts,53.5,53.5,56.4,2.9,,,,,,,-8.4,-5.5,2.9,48.0
2024,7,10/12/24,Clemson,Wake Forest,60.75,63.0,59.9,-0.9,,,,,,,3.1,0.0,-3.1,63.0
2024,7,10/12/24,Miami (OH),Eastern Michigan,44.25,45.5,44.9,0.6,,,,,,,7.1,6.5,-0.6,52.0
2024,7,10/12/24,Stanford,Notre Dame,45.75,45.5,40.5,-5.2,UNDER,STRONG,LOSS,+,0.2,-10.2,15.5,10.5,-5.0,56.0
2024,7,10/12/24,Old Dominion,Georgia State,54.5,53.5,46.9,-7.6,UNDER,STRONG,WIN,+,1.0,19.5,-11.9,-18.5,-6.6,35.0
2024,7,10/12/24,California,Pittsburgh,59.25,57.5,48.5,-10.8,UNDER,STRONG,WIN,+,1.8,27.2,-16.5,-25.5,-9.0,32.0
2024,7,10/12/24,Purdue,Illinois,50.5,47.0,47.7,-2.8,,,,,,,51.3,52.0,0.7,99.0
2024,7,10/12/24,Penn State,USC,47.5,52.0,52.1,4.6,OVER,LEAN,WIN,+,4.5,15.5,10.9,11.0,0.1,63.0
2024,7,10/12/24,San Diego State,Wyoming,42.5,43.0,44.4,1.9,,,,,,,6.6,8.0,1.4,51.0
2024,7,10/12/24,Cincinnati,UCF,58.5,58.0,61.4,2.9,,,,,,,-29.4,-26.0,3.4,32.0
2024,7,10/12/24,Northern Illinois,Bowling Green,47.5,46.5,53.0,5.5,OVER,STRONG,LOSS,-,-1.0,-23.5,-29.0,-22.5,6.5,24.0
2024,7,10/12/24,Memphis,South Florida,59.5,61.0,54.5,-5.0,UNDER,STRONG,WIN,-,-1.5,35.5,-30.5,-37.0,-6.5,24.0
2024,7,10/12/24,San José State,Colorado State,55.25,55.5,47.7,-7.5,UNDER,STRONG,WIN,-,-0.2,0.2,7.3,-0.5,-7.8,55.0
2024,7,10/12/24,Louisville,Virginia,55.5,54.0,52.6,-2.9,,,,,,,-8.6,-10.0,-1.4,44.0
2024,7,10/12/24,Texas,Oklahoma,56.0,49.0,52.1,-3.9,UNDER,LEAN,WIN,+,7.0,19.0,-15.1,-12.0,3.1,37.0
2024,7,10/12/24,Akron,Western Michigan,53.5,48.5,47.4,-6.1,UNDER,STRONG,LOSS,+,5.0,-4.5,10.6,9.5,-1.1,58.0
2024,7,10/12/24,Arizona,BYU,49.5,48.5,44.6,-4.9,UNDER,LEAN,LOSS,+,1.0,-10.5,15.4,11.5,-3.9,60.0
2024,7,10/12/24,Ohio,Central Michigan,48.0,50.5,48.3,0.3,,,,,,,3.7,1.5,-2.2,52.0
2024,7,10/12/24,Mississippi State,Georgia,53.75,53.5,56.6,2.9,,,,,,,15.4,18.5,3.1,72.0
2024,7,10/12/24,Southern Miss,UL Monroe,41.25,41.0,49.3,8.0,OVER,STRONG,WIN,-,-0.2,17.8,9.7,18.0,8.3,59.0
2024,7,10/12/24,Air Force,New Mexico,54.5,56.0,53.7,-0.8,,,,,,,35.3,33.0,-2.3,89.0
2024,7,10/12/24,North Texas,Florida Atlantic,59.75,58.5,54.1,-5.6,UNDER,STRONG,LOSS,+,1.2,-18.2,23.9,19.5,-4.4,78.0
2024,7,10/12/24,Washington State,Fresno State,61.5,60.5,59.6,-1.9,,,,,,,-17.6,-18.5,-0.9,42.0
2024,7,10/12/24,Florida,Tennessee,54.25,55.5,50.6,-3.6,UNDER,LEAN,WIN,-,-1.2,14.2,-10.6,-15.5,-4.9,40.0
2024,7,10/12/24,Arkansas State,Texas State,63.25,66.0,54.6,-8.6,UNDER,STRONG,WIN,-,-2.8,13.2,-4.6,-16.0,-11.4,50.0
2024,7,10/12/24,UTSA,Rice,47.5,51.0,49.4,1.9,,,,,,,6.6,5.0,-1.6,56.0
2024,7,10/12/24,Oregon State,Nevada,48.5,47.0,53.8,5.3,OVER,STRONG,WIN,-,-1.5,30.5,25.2,32.0,6.8,79.0
2024,7,10/12/24,Ole Miss,LSU,64.25,64.5,70.2,6.0,OVER,STRONG,LOSS,+,0.2,-9.2,-15.2,-9.5,5.7,55.0
2024,7,10/12/24,App State,Louisiana,64.75,64.0,60.0,-4.8,UNDER,LEAN,WIN,+,0.8,6.8,-2.0,-6.0,-4.0,58.0
2024,7,10/12/24,Ohio State,Oregon,52.5,54.5,58.3,5.8,OVER,STRONG,WIN,+,2.0,10.5,4.7,8.5,3.8,63.0
2024,7,10/12/24,Vanderbilt,Kentucky,45.5,44.5,47.4,1.9,,,,,,,-14.4,-11.5,2.9,33.0
2024,7,10/12/24,Marshall,Georgia Southern,61.25,58.0,54.0,-7.2,UNDER,STRONG,WIN,+,3.2,14.2,-7.0,-11.0,-4.0,47.0
2024,7,10/12/24,Iowa State,West Virginia,51.25,54.0,61.7,10.5,OVER,STRONG,LOSS,+,2.8,-7.2,-17.7,-10.0,7.7,44.0
2024,7,10/12/24,Syracuse,NC State,54.5,51.5,54.0,-0.5,,,,,,,-13.0,-10.5,2.5,41.0
2024,7,10/12/24,Minnesota,UCLA,40.25,39.0,47.5,7.2,OVER,STRONG,LOSS,-,-1.2,-2.2,-9.5,-1.0,8.5,38.0
2024,7,10/12/24,Kansas State,Colorado,56.5,55.0,57.5,1.0,,,,,,,1.5,4.0,2.5,59.0
2024,7,10/12/24,Boise State,Hawai'i,61.0,60.0,57.0,-4.0,UNDER,LEAN,WIN,+,1.0,26.0,-22.0,-25.0,-3.0,35.0
2024,8,10/15/24,Troy,South Alabama,56.5,53.0,53.1,-3.4,UNDER,LEAN,WIN,+,3.5,22.5,-19.1,-19.0,0.1,34.0
2024,8,10/15/24,Kennesaw State,Middle Tennessee,50.75,50.0,50.0,-0.8,,,,,,,-31.0,-31.0,0.0,19.0
2024,8,10/15/24,Louisiana Tech,New Mexico State,48.25,48.5,47.9,-0.4,,,,,,,15.1,14.5,-0.6,63.0
2024,8,10/16/24,Western Kentucky,Sam Houston,55.5,55.0,53.2,-2.3,,,,,,,-8.2,-10.0,-1.8,45.0
2024,8,10/16/24,Florida International,UTEP,49.5,47.0,50.6,1.1,,,,,,,0.4,4.0,3.6,51.0
2024,8,10/17/24,Georgia State,Marshall,53.5,51.5,51.8,-1.7,,,,,,,3.2,3.5,0.3,55.0
2024,8,10/17/24,Boston College,Virginia Tech,49.5,47.5,47.2,-2.3,,,,,,,15.8,15.5,-0.3,63.0
2024,8,10/18/24,Florida State,Duke,42.5,43.0,40.8,-1.7,,,,,,,-1.8,-4.0,-2.2,39.0
2024,8,10/18/24,Oregon,Purdue,58.0,61.0,63.8,5.8,OVER,STRONG,LOSS,+,3.0,-23.0,-28.8,-26.0,2.8,35.0
2024,8,10/18/24,Oklahoma State,BYU,55.5,53.0,49.8,-5.7,UNDER,STRONG,LOSS,+,2.5,-17.5,23.2,20.0,-3.2,73.0
2024,8,10/18/24,Fresno State,Nevada,51.25,50.0,47.1,-4.1,UNDER,LEAN,WIN,+,1.2,6.2,-2.1,-5.0,-2.9,45.0
2024,8,10/19/24,Louisiana,Coastal Carolina,56.0,57.0,56.2,0.2,,,,,,,1.8,1.0,-0.8,58.0
2024,8,10/19/24,Wake Forest,UConn,57.75,55.5,52.9,-4.9,UNDER,LEAN,WIN,+,2.2,14.8,-9.9,-12.5,-2.6,43.0
2024,8,10/19/24,East Carolina,Army,51.5,54.5,47.8,-3.7,UNDER,LEAN,LOSS,-,-3.0,-21.5,25.2,18.5,-6.7,73.0
2024,8,10/19/24,Arizona State,Cincinnati,53.5,51.0,53.0,-0.5,,,,,,,-15.0,-13.0,2.0,38.0
2024,8,10/19/24,Wisconsin,Northwestern,41.5,42.5,43.5,2.0,,,,,,,-17.5,-16.5,1.0,26.0
2024,8,10/19/24,UCLA,Rutgers,40.75,42.5,45.6,4.9,OVER,LEAN,WIN,+,1.8,26.2,21.4,24.5,3.1,67.0
2024,8,10/19/24,Miami,Louisville,60.75,61.0,62.8,2.0,,,,,,,34.2,36.0,1.8,97.0
2024,8,10/19/24,Virginia,Clemson,57.5,57.5,55.6,-1.9,,,,,,,23.4,21.5,-1.9,79.0
2024,8,10/19/24,Nebraska,Indiana,51.5,48.0,45.7,-5.8,UNDER,STRONG,LOSS,+,3.5,-11.5,17.3,15.0,-2.3,63.0
2024,8,10/19/24,Auburn,Missouri,51.5,49.5,51.6,0.1,,,,,,,-13.6,-11.5,2.1,38.0
2024,8,10/19/24,South Carolina,Oklahoma,41.0,40.5,43.7,2.7,,,,,,,0.3,3.5,3.2,44.0
2024,8,10/19/24,Tulsa,Temple,52.25,51.5,56.0,3.8,OVER,LEAN,LOSS,-,-0.8,-22.2,-26.0,-21.5,4.5,30.0
2024,8,10/19/24,Central Michigan,Eastern Michigan,54.5,52.5,54.5,0.0,,,,,,,17.5,19.5,2.0,72.0
2024,8,10/19/24,Kent State,Bowling Green,56.25,54.5,50.4,-5.9,UNDER,STRONG,WIN,+,1.8,23.2,-17.4,-21.5,-4.1,33.0
2024,8,10/19/24,Michigan,Illinois,43.75,44.0,45.5,1.8,,,,,,,-17.5,-16.0,1.5,28.0
2024,8,10/19/24,NC State,California,46.5,46.0,50.2,3.7,OVER,LEAN,WIN,-,-0.5,0.5,-3.2,1.0,4.2,47.0
2024,8,10/19/24,Alabama,Tennessee,55.75,57.5,50.7,-5.0,UNDER,STRONG,WIN,-,-1.8,14.8,-9.7,-16.5,-6.8,41.0
2024,8,10/19/24,Hawai'i,Washington State,55.5,55.5,58.2,2.7,,,,,,,-6.2,-3.5,2.7,52.0
2024,8,10/19/24,Florida Atlantic,UTSA,55.5,52.5,52.3,-3.2,UNDER,LEAN,LOSS,+,3.0,-6.5,9.7,9.5,-0.2,62.0
2024,8,10/19/24,Notre Dame,Georgia Tech,50.25,49.5,51.6,1.4,,,,,,,-7.6,-5.5,2.1,44.0
2024,8,10/19/24,Toledo,Northern Illinois,45.5,42.5,45.9,0.4,,,,,,,-26.9,-23.5,3.4,19.0
2024,8,10/19/24,Ohio,Miami (OH),43.75,43.5,46.2,2.5,,,,,,,3.8,6.5,2.7,50.0
2024,8,10/19/24,Texas State,Old Dominion,62.5,60.0,53.6,-8.9,UNDER,STRONG,WIN,+,2.5,24.5,-15.6,-22.0,-6.4,38.0
2024,8,10/19/24,UAB,South Florida,57.75,55.5,53.3,-4.5,UNDER,LEAN,LOSS,+,2.2,-2.2,6.7,4.5,-2.2,60.0
2024,8,10/19/24,Western Michigan,Buffalo,49.5,49.5,44.7,-4.8,UNDER,LEAN,LOSS,-,0.0,-39.5,44.3,39.5,-4.8,89.0
2024,8,10/19/24,Rice,Tulane,53.5,53.0,50.6,-2.9,,,,,,,-16.6,-19.0,-2.4,34.0
2024,8,10/19/24,Charlotte,Navy,56.25,57.5,56.9,0.6,,,,,,,11.1,10.5,-0.6,68.0
2024,8,10/19/24,Houston,Kansas,46.75,45.5,48.7,2.0,,,,,,,7.3,10.5,3.2,56.0
2024,8,10/19/24,USC,Maryland,56.75,56.0,55.3,-1.5,,,,,,,1.7,1.0,-0.7,57.0
2024,8,10/19/24,Wyoming,San José State,49.75,53.0,48.7,-1.0,,,,,,,-10.7,-15.0,-4.3,38.0
2024,8,10/19/24,New Mexico,Utah State,78.25,78.5,67.0,-11.2,UNDER,STRONG,LOSS,-,-0.2,-16.8,28.0,16.5,-11.5,95.0
2024,8,10/19/24,James Madison,Georgia Southern,59.5,58.5,51.7,-7.8,UNDER,STRONG,WIN,+,1.0,17.5,-9.7,-16.5,-6.8,42.0
2024,8,10/19/24,Colorado,Arizona,55.75,57.5,58.8,3.0,OVER,LEAN,LOSS,+,1.8,-14.8,-17.8,-16.5,1.3,41.0
2024,8,10/19/24,Baylor,Texas Tech,57.5,56.0,56.8,-0.7,,,,,,,37.2,38.0,0.8,94.0
2024,8,10/19/24,Texas A&M,Mississippi State,55.5,55.5,60.0,4.5,OVER,LEAN,WIN,-,0.0,2.5,-2.0,2.5,4.5,58.0
2024,8,10/19/24,Arkansas State,Southern Miss,53.5,56.5,53.8,0.3,,,,,,,18.2,15.5,-2.7,72.0
2024,8,10/19/24,LSU,Arkansas,57.25,57.0,61.3,4.0,OVER,LEAN,LOSS,-,-0.2,-13.2,-17.3,-13.0,4.3,44.0
2024,8,10/19/24,Ball State,Vanderbilt,58.5,57.5,52.3,-6.2,UNDER,STRONG,WIN,+,1.0,20.5,-14.3,-19.5,-5.2,38.0
2024,8,10/19/24,Kansas State,West Virginia,54.5,56.0,59.4,4.9,OVER,LEAN,WIN,+,1.5,8.5,3.6,7.0,3.4,63.0
2024,8,10/19/24,Iowa,Michigan State,41.5,39.5,41.5,0.0,,,,,,,10.5,12.5,2.0,52.0
2024,8,10/19/24,North Texas,Memphis,66.5,67.5,56.6,-9.9,UNDER,STRONG,LOSS,-,-1.0,-29.5,39.4,28.5,-10.9,96.0
2024,8,10/19/24,UCF,Iowa State,48.0,49.5,54.5,6.5,OVER,STRONG,WIN,+,1.5,25.0,18.5,23.5,5.0,73.0
2024,8,10/19/24,Georgia,Texas,56.5,57.0,49.9,-6.6,UNDER,STRONG,WIN,-,-0.5,11.5,-4.9,-12.0,-7.1,45.0
2024,8,10/19/24,Kentucky,Florida,42.5,42.5,48.4,5.9,OVER,STRONG,WIN,-,0.0,25.5,19.6,25.5,5.9,68.0
2024,8,10/19/24,Colorado State,Air Force,46.75,44.0,51.5,4.8,OVER,LEAN,LOSS,-,-2.8,-12.8,-17.5,-10.0,7.5,34.0
2024,8,10/19/24,SMU,Stanford,55.5,52.5,48.9,-6.6,UNDER,STRONG,WIN,+,3.0,5.5,1.1,-2.5,-3.6,50.0
2024,8,10/19/24,UNLV,Oregon State,60.75,61.5,57.8,-3.0,UNDER,LEAN,WIN,-,-0.8,2.8,0.2,-3.5,-3.7,58.0
2024,8,10/19/24,TCU,Utah,51.75,51.5,48.4,-3.4,UNDER,LEAN,WIN,+,0.2,31.8,-28.4,-31.5,-3.1,20.0
2024,9,10/22/24,Sam Houston,Florida International,45.75,47.0,45.6,-0.1,,,,,,,-28.6,-30.0,-1.4,17.0
2024,9,10/22/24,UTEP,Louisiana Tech,50.0,49.0,50.9,0.9,,,,,,,-26.9,-25.0,1.9,24.0
2024,9,10/23/24,Liberty,Kennesaw State,45.5,48.0,52.1,6.6,OVER,STRONG,WIN,+,2.5,5.5,-1.1,3.0,4.1,51.0
2024,9,10/23/24,Middle Tennessee,Jacksonville State,63.5,64.5,57.1,-6.4,UNDER,STRONG,WIN,-,-1.0,1.5,4.9,-2.5,-7.4,62.0
2024,9,10/24/24,Georgia Southern,Old Dominion,54.25,51.5,51.6,-2.6,,,,,,,14.4,14.5,0.1,66.0
2024,9,10/24/24,Syracuse,Pittsburgh,60.75,62.5,53.4,-7.4,UNDER,STRONG,WIN,-,-1.8,6.8,0.6,-8.5,-9.1,54.0
2024,9,10/25/24,Louisville,Boston College,53.75,54.0,57.9,4.1,OVER,LEAN,WIN,+,0.2,4.2,0.1,4.0,3.9,58.0
2024,9,10/25/24,Boise State,UNLV,65.5,64.0,50.0,-15.5,UNDER,STRONG,WIN,+,1.5,12.5,3.0,-11.0,-14.0,53.0
2024,9,10/25/24,Rutgers,USC,55.25,56.25,61.1,5.9,OVER,STRONG,WIN,+,1.0,6.8,0.9,5.8,4.9,62.0
2024,9,10/26/24,Nebraska,Ohio State,48.75,48.5,44.7,-4.0,UNDER,LEAN,WIN,+,0.2,10.8,-6.7,-10.5,-3.8,38.0
2024,9,10/26/24,Buffalo,Ohio,46.25,46.5,43.2,-3.0,UNDER,LEAN,LOSS,-,-0.2,-16.8,19.8,16.5,-3.3,63.0
2024,9,10/26/24,North Carolina,Virginia,60.0,58.5,53.5,-6.5,UNDER,STRONG,WIN,+,1.5,5.0,1.5,-3.5,-5.0,55.0
2024,9,10/26/24,Washington,Indiana,52.75,54.0,54.5,1.8,,,,,,,-6.5,-6.0,0.5,48.0
2024,9,10/26/24,Notre Dame,Navy,52.0,50.5,49.4,-2.6,,,,,,,15.6,14.5,-1.1,65.0
2024,9,10/26/24,Tulane,North Texas,65.5,70.5,62.5,-3.0,UNDER,LEAN,LOSS,-,-5.0,-16.5,19.5,11.5,-8.0,82.0
2024,9,10/26/24,Georgia Tech,Virginia Tech,52.25,52.0,54.2,2.0,,,,,,,-27.2,-25.0,2.2,27.0
2024,9,10/26/24,Oklahoma,Ole Miss,48.25,50.0,55.2,7.0,OVER,STRONG,LOSS,+,1.8,-8.2,-15.2,-10.0,5.2,40.0
2024,9,10/26/24,Charlotte,Memphis,57.25,56.0,54.7,-2.5,,,,,,,6.3,5.0,-1.3,61.0
2024,9,10/26/24,Arkansas,Mississippi State,57.75,55.0,59.0,1.2,,,,,,,24.0,28.0,4.0,83.0
2024,9,10/26/24,Georgia State,App State,62.75,59.0,61.5,-1.2,,,,,,,-2.5,0.0,2.5,59.0
2024,9,10/26/24,Temple,East Carolina,48.75,48.5,47.6,-1.1,,,,,,,42.4,41.5,-0.9,90.0
2024,9,10/26/24,Central Michigan,Miami (OH),46.75,48.5,52.9,6.1,OVER,STRONG,WIN,+,1.8,6.2,0.1,4.5,4.4,53.0
2024,9,10/26/24,Oklahoma State,Baylor,64.75,64.5,58.8,-6.0,UNDER,STRONG,LOSS,+,0.2,-1.2,7.2,1.5,-5.7,66.0
2024,9,10/26/24,Wake Forest,Stanford,55.5,53.0,51.2,-4.3,UNDER,LEAN,WIN,+,2.5,4.5,-0.2,-2.0,-1.8,51.0
2024,9,10/26/24,Northern Illinois,Ball State,48.5,47.5,48.9,0.4,,,,,,,-0.9,0.5,1.4,48.0
2024,9,10/26/24,Bowling Green,Toledo,48.25,48.0,52.7,4.5,OVER,LEAN,WIN,-,-0.2,18.8,14.3,19.0,4.7,67.0
2024,9,10/26/24,Maryland,Minnesota,46.0,45.0,42.1,-3.9,UNDER,LEAN,LOSS,+,1.0,-25.0,28.9,26.0,-2.9,71.0
2024,9,10/26/24,UTSA,Tulsa,55.5,52.5,59.4,3.9,OVER,LEAN,WIN,-,-3.0,35.5,31.6,38.5,6.9,91.0
2024,9,10/26/24,Southern Miss,James Madison,54.5,54.0,52.7,-1.8,,,,,,,-5.7,-7.0,-1.3,47.0
2024,9,10/26/24,Eastern Michigan,Akron,51.75,50.5,53.3,1.5,,,,,,,-7.3,-4.5,2.8,46.0
2024,9,10/26/24,Missouri,Alabama,56.25,51.5,52.6,-3.6,UNDER,LEAN,WIN,+,4.8,22.2,-18.6,-17.5,1.1,34.0
2024,9,10/26/24,BYU,UCF,54.5,53.5,47.1,-7.4,UNDER,STRONG,LOSS,+,1.0,-6.5,13.9,7.5,-6.4,61.0
2024,9,10/26/24,Texas Tech,TCU,67.5,66.0,57.0,-10.5,UNDER,STRONG,LOSS,+,1.5,-1.5,12.0,3.0,-9.0,69.0
2024,9,10/26/24,Northwestern,Iowa,37.75,38.0,39.5,1.8,,,,,,,14.5,16.0,1.5,54.0
2024,9,10/26/24,Illinois,Oregon,54.0,54.0,51.7,-2.3,,,,,,,-4.7,-7.0,-2.3,47.0
2024,9,10/26/24,Rice,UConn,46.75,47.0,50.2,3.5,OVER,LEAN,LOSS,+,0.2,-19.8,-23.2,-20.0,3.2,27.0
2024,9,10/26/24,Kent State,Western Michigan,59.25,61.0,53.5,-5.8,UNDER,STRONG,LOSS,-,-1.8,-13.8,19.5,12.0,-7.5,73.0
2024,9,10/26/24,Oregon State,California,48.75,51.0,50.5,1.8,,,,,,,0.5,0.0,-0.5,51.0
2024,9,10/26/24,Texas,Vanderbilt,53.25,51.0,53.5,0.2,,,,,,,-2.5,0.0,2.5,51.0
2024,9,10/26/24,UL Monroe,South Alabama,47.0,45.0,50.4,3.4,OVER,LEAN,WIN,-,-2.0,16.0,12.6,18.0,5.4,63.0
2024,9,10/26/24,New Mexico,Colorado State,65.25,61.5,64.5,-0.8,,,,,,,-41.5,-38.5,3.0,23.0
2024,9,10/26/24,Troy,Arkansas State,52.0,50.0,49.0,-3.0,UNDER,LEAN,LOSS,+,2.0,-13.0,16.0,15.0,-1.0,65.0
2024,9,10/26/24,Utah State,Wyoming,56.25,56.5,58.3,2.0,,,,,,,-6.3,-4.5,1.8,52.0
2024,9,10/26/24,Utah,Houston,37.75,36.0,46.8,9.0,OVER,STRONG,LOSS,-,-1.8,-6.8,-15.8,-5.0,10.8,31.0
2024,9,10/26/24,Florida State,Miami,54.5,55.0,51.0,-3.5,UNDER,LEAN,WIN,-,-0.5,4.5,-1.0,-5.0,-4.0,50.0
2024,9,10/26/24,West Virginia,Arizona,54.75,51.5,56.5,1.8,,,,,,,0.5,5.5,5.0,57.0
2024,9,10/26/24,LSU,Texas A&M,54.0,54.5,48.3,-5.7,UNDER,STRONG,LOSS,-,-0.5,-7.0,12.7,6.5,-6.2,61.0
2024,9,10/26/24,Penn State,Wisconsin,47.5,47.0,43.2,-4.3,UNDER,LEAN,WIN,+,0.5,6.5,-2.2,-6.0,-3.8,41.0
2024,9,10/26/24,Michigan State,Michigan,40.5,39.0,40.2,-0.3,,,,,,,0.8,2.0,1.2,41.0
2024,9,10/26/24,Auburn,Kentucky,43.0,43.5,48.6,5.6,OVER,STRONG,LOSS,+,0.5,-9.0,-14.6,-9.5,5.1,34.0
2024,9,10/26/24,San José State,Fresno State,54.5,55.0,50.7,-3.8,UNDER,LEAN,WIN,-,-0.5,11.5,-7.7,-12.0,-4.3,43.0
2024,9,10/26/24,SMU,Duke,48.75,49.5,44.6,-4.1,UNDER,LEAN,LOSS,-,-0.8,-6.2,10.4,5.5,-4.9,55.0
2024,9,10/26/24,Kansas,Kansas State,55.25,56.0,48.2,-7.0,UNDER,STRONG,LOSS,-,-0.8,-0.8,7.8,0.0,-7.8,56.0
2024,9,10/26/24,Cincinnati,Colorado,57.0,57.0,57.7,0.7,,,,,,,-0.7,0.0,0.7,57.0
2024,9,10/26/24,Washington State,San Diego State,56.25,56.5,57.8,1.5,,,,,,,-2.8,-1.5,1.3,55.0
2024,9,10/26/24,Nevada,Hawai'i,47.5,42.0,52.3,4.8,OVER,LEAN,LOSS,-,-5.5,-0.5,-5.3,5.0,10.3,47.0
2024,10,10/29/24,New Mexico State,Florida International,45.25,43.5,48.0,2.8,,,,,,,-1.0,3.5,4.5,47.0
2024,10,10/29/24,Louisiana,Texas State,59.25,60.5,56.7,-2.5,,,,,,,-16.7,-20.5,-3.8,40.0
2024,10,10/29/24,Louisiana Tech,Sam Houston,45.5,45.5,46.2,0.7,,,,,,,-34.2,-33.5,0.7,12.0
2024,10,10/30/24,Jacksonville State,Liberty,63.5,64.0,58.7,-4.8,UNDER,LEAN,WIN,-,-0.5,11.5,-6.7,-12.0,-5.3,52.0
2024,10,10/30/24,Kennesaw State,Western Kentucky,50.5,49.0,49.9,-0.6,,,,,,,-4.9,-4.0,0.9,45.0
2024,10,10/31/24,Tulane,Charlotte,55.5,55.0,52.6,-2.9,,,,,,,-15.6,-18.0,-2.4,37.0
2024,10,11/01/24,Georgia State,UConn,48.5,48.0,54.7,6.2,OVER,STRONG,WIN,-,-0.5,12.5,6.3,13.0,6.7,61.0
2024,10,11/01/24,South Florida,Florida Atlantic,53.5,48.0,49.6,-3.9,UNDER,LEAN,LOSS,+,5.5,-11.5,15.4,17.0,1.6,65.0
2024,10,11/01/24,San Diego State,Boise State,57.25,55.5,52.7,-4.5,UNDER,LEAN,LOSS,+,1.8,-22.8,27.3,24.5,-2.8,80.0
2024,10,11/02/24,Memphis,UTSA,60.5,61.5,59.0,-1.5,,,,,,,21.0,18.5,-2.5,80.0
2024,10,11/02/24,Ohio State,Penn State,47.25,47.5,48.2,1.0,,,,,,,-15.2,-14.5,0.7,33.0
2024,10,11/02/24,Northwestern,Purdue,46.75,44.5,43.7,-3.0,UNDER,LEAN,WIN,+,2.2,0.8,2.3,1.5,-0.8,46.0
2024,10,11/02/24,Minnesota,Illinois,45.5,47.0,44.7,-0.8,,,,,,,-2.7,-5.0,-2.3,42.0
2024,10,11/02/24,Air Force,Army,41.0,38.5,44.3,3.3,OVER,LEAN,LOSS,-,-2.5,-18.0,-21.3,-15.5,5.8,23.0
2024,10,11/02/24,Duke,Miami,54.5,55.5,54.5,0.0,,,,,,,29.5,28.5,-1.0,84.0
2024,10,11/02/24,Virginia Tech,Syracuse,53.75,53.5,55.6,1.9,,,,,,,13.4,15.5,2.1,69.0
2024,10,11/02/24,Ole Miss,Arkansas,55.25,54.0,63.7,8.5,OVER,STRONG,WIN,-,-1.2,38.8,30.3,40.0,9.7,94.0
2024,10,11/02/24,Stanford,NC State,47.5,46.5,47.4,-0.1,,,,,,,39.6,40.5,0.9,87.0
2024,10,11/02/24,Toledo,Eastern Michigan,52.5,54.5,48.6,-3.9,UNDER,LEAN,LOSS,-,-2.0,-4.5,8.4,2.5,-5.9,57.0
2024,10,11/02/24,Buffalo,Akron,47.75,48.0,45.7,-2.0,,,,,,,25.3,23.0,-2.3,71.0
2024,10,11/02/24,Vanderbilt,Auburn,48.25,48.0,50.6,2.4,,,,,,,-26.6,-24.0,2.6,24.0
2024,10,11/02/24,Old Dominion,App State,60.5,58.0,55.6,-4.9,UNDER,LEAN,WIN,+,2.5,12.5,-7.6,-10.0,-2.4,48.0
2024,10,11/02/24,Tulsa,UAB,58.25,57.5,60.0,1.8,,,,,,,20.0,22.5,2.5,80.0
2024,10,11/02/24,North Carolina,Florida State,49.75,50.5,56.1,6.4,OVER,STRONG,LOSS,+,0.8,-3.8,-10.1,-4.5,5.6,46.0
2024,10,11/02/24,UL Monroe,Marshall,47.25,48.0,48.1,0.9,,,,,,,2.9,3.0,0.1,51.0
2024,10,11/02/24,Texas Tech,Iowa State,57.5,55.5,61.1,3.6,OVER,LEAN,LOSS,-,-2.0,-12.5,-16.1,-10.5,5.6,45.0
2024,10,11/02/24,Arizona State,Oklahoma State,56.75,57.0,56.2,-0.5,,,,,,,6.8,6.0,-0.8,63.0
2024,10,11/02/24,Kansas State,Houston,46.25,45.5,52.9,6.6,OVER,STRONG,LOSS,-,-0.8,-3.2,-9.9,-2.5,7.4,43.0
2024,10,11/02/24,Indiana,Michigan State,50.75,53.5,51.9,1.1,,,,,,,5.1,3.5,-1.6,57.0
2024,10,11/02/24,Oregon,Michigan,44.75,45.5,45.2,0.5,,,,,,,9.8,9.5,-0.3,55.0
2024,10,11/02/24,Florida,Georgia,52.25,52.5,52.7,0.5,,,,,,,1.3,1.5,0.2,54.0
2024,10,11/02/24,UCLA,Nebraska,40.75,38.5,43.6,2.9,,,,,,,3.4,8.5,5.1,47.0
2024,10,11/02/24,Middle Tennessee,UTEP,51.5,48.5,51.9,0.4,,,,,,,-18.9,-15.5,3.4,33.0
2024,10,11/02/24,Arizona,UCF,54.75,55.0,56.6,1.9,,,,,,,11.4,13.0,1.6,68.0
2024,10,11/02/24,Wyoming,New Mexico,60.0,60.5,61.0,1.0,,,,,,,33.0,33.5,0.5,94.0
2024,10,11/02/24,Navy,Rice,51.5,49.0,56.3,4.8,OVER,LEAN,LOSS,-,-2.5,-17.5,-22.3,-15.0,7.3,34.0
2024,10,11/02/24,Coastal Carolina,Troy,52.5,51.5,55.7,3.2,OVER,LEAN,WIN,-,-1.0,9.5,6.3,10.5,4.2,62.0
2024,10,11/02/24,Massachusetts,Mississippi State,58.5,59.0,59.5,1.0,,,,,,,5.5,6.0,0.5,65.0
2024,10,11/02/24,Hawai'i,Fresno State,48.5,45.5,52.1,3.6,OVER,LEAN,LOSS,-,-3.0,-7.5,-11.1,-4.5,6.6,41.0
2024,10,11/02/24,Georgia Southern,South Alabama,61.25,60.0,56.8,-4.5,UNDER,LEAN,LOSS,+,1.2,-2.8,7.2,4.0,-3.2,64.0
2024,10,11/02/24,Louisville,Clemson,61.5,62.5,60.6,-0.9,,,,,,,-6.6,-8.5,-1.9,54.0
2024,10,11/02/24,Texas A&M,South Carolina,46.25,43.5,44.3,-2.0,,,,,,,19.7,20.5,0.8,64.0
2024,10,11/02/24,Wisconsin,Iowa,42.5,40.5,40.7,-1.8,,,,,,,11.3,11.5,0.2,52.0
2024,10,11/02/24,USC,Washington,55.5,55.0,59.3,3.8,OVER,LEAN,LOSS,-,-0.5,-8.5,-12.3,-8.0,4.3,47.0
2024,10,11/02/24,Kentucky,Tennessee,45.5,45.5,44.0,-1.5,,,,,,,2.0,0.5,-1.5,46.0
2024,10,11/02/24,Colorado State,Nevada,44.75,45.5,54.7,10.0,OVER,STRONG,WIN,+,0.8,14.2,4.3,13.5,9.2,59.0
2024,10,11/02/24,TCU,Baylor,64.75,64.0,53.2,-11.5,UNDER,STRONG,LOSS,+,0.8,-6.2,17.8,7.0,-10.8,71.0
2024,10,11/02/24,Pittsburgh,SMU,59.25,55.5,53.7,-5.5,UNDER,STRONG,LOSS,+,3.8,-13.8,19.3,17.5,-1.8,73.0
2024,11,11/05/24,Bowling Green,Central Michigan,48.5,48.5,57.5,9.0,OVER,STRONG,LOSS,-,0.0,-12.5,-21.5,-12.5,9.0,36.0
2024,11,11/05/24,Miami (OH),Ball State,49.75,48.0,52.4,2.6,,,,,,,-4.4,0.0,4.4,48.0
2024,11,11/06/24,Northern Illinois,Western Michigan,52.5,52.0,51.4,-1.1,,,,,,,18.6,18.0,-0.6,70.0
2024,11,11/06/24,Ohio,Kent State,52.25,53.0,51.7,-0.5,,,,,,,-10.7,-12.0,-1.3,41.0
2024,11,11/07/24,App State,Coastal Carolina,62.75,62.5,64.9,2.2,,,,,,,-2.9,-0.5,2.4,62.0
2024,11,11/07/24,Florida Atlantic,East Carolina,55.5,58.5,52.4,-3.1,UNDER,LEAN,LOSS,-,-3.0,-7.5,10.6,4.5,-6.1,63.0
2024,11,11/08/24,California,Wake Forest,53.75,55.0,48.7,-5.0,UNDER,STRONG,LOSS,-,-1.2,-28.2,33.3,27.0,-6.3,82.0
2024,11,11/08/24,Iowa,UCLA,44.5,45.0,42.5,-2.0,,,,,,,-5.5,-8.0,-2.5,37.0
2024,11,11/08/24,Rice,Memphis,52.5,50.5,49.1,-3.4,UNDER,LEAN,WIN,+,2.0,5.5,-2.1,-3.5,-1.4,47.0
2024,11,11/08/24,New Mexico,San Diego State,67.75,65.0,56.4,-11.4,UNDER,STRONG,WIN,+,2.8,30.8,-19.4,-28.0,-8.6,37.0
2024,11,11/09/24,Purdue,Ohio State,53.75,55.5,63.8,10.0,OVER,STRONG,LOSS,+,1.8,-8.8,-18.8,-10.5,8.3,45.0
2024,11,11/09/24,Navy,South Florida,56.5,58.5,53.3,-3.2,UNDER,LEAN,WIN,-,-2.0,21.5,-18.3,-23.5,-5.2,35.0
2024,11,11/09/24,Texas State,UL Monroe,48.5,50.0,51.4,2.9,,,,,,,3.6,5.0,1.4,55.0
2024,11,11/09/24,Minnesota,Rutgers,46.75,44.5,50.1,3.4,OVER,LEAN,LOSS,-,-2.2,-1.8,-5.1,0.5,5.6,45.0
2024,11,11/09/24,Florida,Texas,47.5,48.5,55.8,8.3,OVER,STRONG,WIN,+,1.0,18.5,10.2,17.5,7.3,66.0
2024,11,11/09/24,West Virginia,Cincinnati,57.5,54.5,59.7,2.2,,,,,,,-4.7,0.5,5.2,55.0
2024,11,11/09/24,Miami,Georgia Tech,63.75,65.0,61.5,-2.2,,,,,,,-10.5,-14.0,-3.5,51.0
2024,11,11/09/24,Syracuse,Boston College,53.5,52.0,52.4,-1.1,,,,,,,15.6,16.0,0.4,68.0
2024,11,11/09/24,Liberty,Middle Tennessee,54.25,55.0,56.9,2.6,,,,,,,-2.9,-1.0,1.9,54.0
2024,11,11/09/24,UConn,UAB,56.5,54.0,55.4,-1.1,,,,,,,-1.4,0.0,1.4,54.0
2024,11,11/09/24,Marshall,Southern Miss,55.5,53.5,54.6,-0.9,,,,,,,-14.6,-13.5,1.1,40.0
2024,11,11/09/24,San José State,Oregon State,56.0,58.5,56.6,0.6,,,,,,,-19.6,-21.5,-1.9,37.0
2024,11,11/09/24,Army,North Texas,63.25,68.0,62.7,-0.5,,,,,,,-45.7,-51.0,-5.3,17.0
2024,11,11/09/24,Iowa State,Kansas,50.5,52.5,56.9,6.4,OVER,STRONG,WIN,+,2.0,30.5,24.1,28.5,4.4,81.0
2024,11,11/09/24,Duke,NC State,50.25,51.5,50.2,-0.0,,,,,,,-2.2,-3.5,-1.3,48.0
2024,11,11/09/24,Michigan,Indiana,48.75,47.5,43.6,-5.1,UNDER,STRONG,WIN,+,1.2,13.8,-8.6,-12.5,-3.9,35.0
2024,11,11/09/24,Georgia,Ole Miss,54.75,55.0,58.2,3.5,OVER,LEAN,LOSS,+,0.2,-16.8,-20.2,-17.0,3.2,38.0
2024,11,11/09/24,Clemson,Virginia Tech,53.25,54.5,57.1,3.9,OVER,LEAN,LOSS,+,1.2,-15.2,-19.1,-16.5,2.6,38.0
2024,11,11/09/24,Georgia State,James Madison,54.25,53.5,50.1,-4.1,UNDER,LEAN,WIN,+,0.8,9.2,-5.1,-8.5,-3.4,45.0
2024,11,11/09/24,Temple,Tulane,49.25,50.5,51.8,2.5,,,,,,,6.2,7.5,1.3,58.0
2024,11,11/09/24,Colorado,Texas Tech,62.75,62.0,60.9,-1.9,,,,,,,7.1,6.0,-1.1,68.0
2024,11,11/09/24,Kennesaw State,UTEP,42.25,42.5,45.5,3.2,OVER,LEAN,WIN,+,0.2,35.8,32.5,35.5,3.0,78.0
2024,11,11/09/24,South Carolina,Vanderbilt,45.75,45.0,44.0,-1.8,,,,,,,-9.0,-10.0,-1.0,35.0
2024,11,11/09/24,Jacksonville State,Louisiana Tech,55.75,55.5,55.1,-0.6,,,,,,,25.9,25.5,-0.4,81.0
2024,11,11/09/24,Arkansas State,Louisiana,60.5,60.0,57.0,-3.5,UNDER,LEAN,LOSS,+,0.5,-13.5,17.0,14.0,-3.0,74.0
2024,11,11/09/24,Western Kentucky,New Mexico State,51.5,53.5,54.4,2.9,,,,,,,14.6,15.5,0.9,69.0
2024,11,11/09/24,Oklahoma State,TCU,66.75,68.5,58.6,-8.1,UNDER,STRONG,WIN,-,-1.8,15.8,-7.6,-17.5,-9.9,51.0
2024,11,11/09/24,UCF,Arizona State,56.25,55.5,51.0,-5.2,UNDER,STRONG,LOSS,+,0.8,-9.8,15.0,10.5,-4.5,66.0
2024,11,11/09/24,Maryland,Oregon,57.5,58.0,58.5,1.0,,,,,,,-1.5,-1.0,0.5,57.0
2024,11,11/09/24,Mississippi State,Tennessee,61.25,61.5,56.2,-5.0,UNDER,STRONG,WIN,-,-0.2,14.2,-9.2,-14.5,-5.3,47.0
2024,11,11/09/24,Alabama,LSU,58.5,58.5,62.1,3.6,OVER,LEAN,LOSS,-,0.0,-3.5,-7.1,-3.5,3.6,55.0
2024,11,11/09/24,Florida State,Notre Dame,42.5,44.0,42.7,0.2,,,,,,,12.3,11.0,-1.3,55.0
2024,11,11/09/24,Oklahoma,Missouri,42.5,42.0,46.8,4.3,OVER,LEAN,WIN,-,-0.5,10.5,6.2,11.0,4.8,53.0
2024,11,11/09/24,Virginia,Pittsburgh,57.5,57.5,48.9,-8.6,UNDER,STRONG,WIN,-,0.0,14.5,-5.9,-14.5,-8.6,43.0
2024,11,11/09/24,Washington,Penn State,45.75,48.0,45.6,-0.1,,,,,,,-4.6,-7.0,-2.4,41.0
2024,11,11/09/24,Nevada,Boise State,60.75,61.5,58.7,-2.0,,,,,,,-9.7,-12.5,-2.8,49.0
2024,11,11/09/24,UNLV,Hawai'i,50.5,50.5,50.9,0.4,,,,,,,5.1,5.5,0.4,56.0
2024,11,11/09/24,Fresno State,Air Force,41.25,40.5,45.6,4.4,OVER,LEAN,WIN,-,-0.8,22.8,18.4,23.5,5.1,64.0
2024,11,11/09/24,BYU,Utah,41.5,40.5,44.9,3.4,OVER,LEAN,WIN,-,-1.0,1.5,-1.9,2.5,4.4,43.0
2024,11,11/09/24,Utah State,Washington State,69.5,68.5,68.6,-0.9,,,,,,,8.4,8.5,0.1,77.0
2024,12,11/12/24,Western Michigan,Bowling Green,57.0,57.5,57.7,0.7,,,,,,,-13.7,-13.5,0.2,44.0
2024,12,11/12/24,Central Michigan,Toledo,50.0,52.0,51.5,1.5,,,,,,,-4.5,-5.0,-0.5,47.0
2024,12,11/12/24,Ball State,Buffalo,53.5,55.5,50.3,-3.2,UNDER,LEAN,LOSS,-,-2.0,-45.5,48.7,43.5,-5.2,99.0
2024,12,11/13/24,Kent State,Miami (OH),45.75,47.5,49.6,3.9,OVER,LEAN,LOSS,+,1.8,-4.8,-8.6,-6.5,2.1,41.0
2024,12,11/13/24,Eastern Michigan,Ohio,49.25,51.5,49.5,0.2,,,,,,,-4.5,-6.5,-2.0,45.0
2024,12,11/13/24,Akron,Northern Illinois,46.75,43.5,47.9,1.1,,,,,,,-2.9,1.5,4.4,45.0
2024,12,11/14/24,East Carolina,Tulsa,61.25,63.5,60.3,-1.0,,,,,,,8.7,5.5,-3.2,69.0
2024,12,11/15/24,North Texas,UTSA,72.5,72.5,66.6,-5.9,UNDER,STRONG,LOSS,-,0.0,-2.5,8.4,2.5,-5.9,75.0
2024,12,11/15/24,Wyoming,Colorado State,48.25,47.0,53.4,5.1,OVER,STRONG,LOSS,-,-1.2,-14.2,-19.4,-13.0,6.4,34.0
2024,12,11/15/24,UCLA,Washington,47.0,47.0,47.9,0.9,,,,,,,2.1,3.0,0.9,50.0
2024,12,11/15/24,Houston,Arizona,44.75,46.5,50.9,6.1,OVER,STRONG,LOSS,+,1.8,-14.8,-20.9,-16.5,4.4,30.0
2024,12,11/16/24,Louisiana Tech,Western Kentucky,52.75,52.5,51.6,-1.1,,,,,,,-32.6,-33.5,-0.9,19.0
2024,12,11/16/24,Tulane,Navy,54.0,49.0,52.8,-1.2,,,,,,,-17.8,-14.0,3.8,35.0
2024,12,11/16/24,Utah,Colorado,47.5,43.5,45.5,-2.0,,,,,,,27.5,29.5,2.0,73.0
2024,12,11/16/24,Clemson,Pittsburgh,54.25,52.0,52.1,-2.1,,,,,,,-8.1,-8.0,0.1,44.0
2024,12,11/16/24,Liberty,Massachusetts,53.25,52.5,59.0,5.8,OVER,STRONG,WIN,-,-0.8,15.8,10.0,16.5,6.5,69.0
2024,12,11/16/24,Ohio State,Northwestern,44.75,44.5,54.0,9.2,OVER,STRONG,LOSS,-,-0.2,-6.8,-16.0,-6.5,9.5,38.0
2024,12,11/16/24,Texas,Arkansas,57.5,57.5,65.0,7.5,OVER,STRONG,LOSS,-,0.0,-27.5,-35.0,-27.5,7.5,30.0
2024,12,11/16/24,UL Monroe,Auburn,45.5,46.0,46.7,1.2,,,,,,,15.3,16.0,0.7,62.0
2024,12,11/16/24,Coastal Carolina,Marshall,55.75,57.0,54.7,-1.0,,,,,,,-4.7,-7.0,-2.3,50.0
2024,12,11/16/24,Florida International,Jacksonville State,57.75,58.5,51.2,-6.5,UNDER,STRONG,LOSS,-,-0.8,-7.2,13.8,6.5,-7.3,65.0
2024,12,11/16/24,Florida Atlantic,Temple,49.75,50.5,52.4,2.6,,,,,,,-19.4,-17.5,1.9,33.0
2024,12,11/16/24,Michigan State,Illinois,47.25,47.5,46.3,-1.0,,,,,,,7.7,6.5,-1.2,54.0
2024,12,11/16/24,Syracuse,California,55.75,57.5,51.7,-4.0,UNDER,LEAN,LOSS,-,-1.8,-2.2,6.3,0.5,-5.8,58.0
2024,12,11/16/24,Hawai'i,Utah State,59.75,62.0,57.6,-2.1,,,,,,,7.4,3.0,-4.4,65.0
2024,12,11/16/24,Sam Houston,Kennesaw State,42.5,43.5,46.1,3.6,OVER,LEAN,LOSS,+,1.0,-2.5,-6.1,-3.5,2.6,40.0
2024,12,11/16/24,LSU,Florida,55.25,56.5,60.1,4.9,OVER,LEAN,LOSS,+,1.2,-12.2,-17.1,-13.5,3.6,43.0
2024,12,11/16/24,South Florida,Charlotte,52.75,53.5,48.9,-3.9,UNDER,LEAN,LOSS,-,-0.8,-30.2,34.1,29.5,-4.6,83.0
2024,12,11/16/24,Oregon State,Air Force,44.75,44.5,51.4,6.6,OVER,STRONG,LOSS,-,-0.2,-16.8,-23.4,-16.5,6.9,28.0
2024,12,11/16/24,Louisville,Stanford,58.0,57.5,55.7,-2.3,,,,,,,17.3,15.5,-1.8,73.0
2024,12,11/16/24,Boston College,SMU,53.75,54.0,54.0,0.2,,,,,,,12.0,12.0,0.0,66.0
2024,12,11/16/24,Virginia,Notre Dame,50.5,51.0,43.8,-6.7,UNDER,STRONG,WIN,-,-0.5,1.5,5.2,-2.0,-7.2,49.0
2024,12,11/16/24,Penn State,Purdue,50.25,51.5,53.7,3.5,OVER,LEAN,WIN,+,1.2,8.8,5.3,7.5,2.2,59.0
2024,12,11/16/24,Baylor,West Virginia,58.5,60.0,58.2,-0.3,,,,,,,25.8,24.0,-1.8,84.0
2024,12,11/16/24,James Madison,Old Dominion,52.25,50.5,45.3,-7.0,UNDER,STRONG,LOSS,+,1.8,-14.8,21.7,16.5,-5.2,67.0
2024,12,11/16/24,Troy,Georgia Southern,54.25,53.5,52.7,-1.5,,,,,,,-4.7,-5.5,-0.8,48.0
2024,12,11/16/24,Nebraska,USC,50.25,50.5,51.0,0.8,,,,,,,-3.0,-2.5,0.5,48.0
2024,12,11/16/24,Missouri,South Carolina,44.5,42.5,44.4,-0.1,,,,,,,19.6,21.5,1.9,64.0
2024,12,11/16/24,Arkansas State,Georgia State,58.5,59.5,60.7,2.2,,,,,,,-13.7,-12.5,1.2,47.0
2024,12,11/16/24,Rutgers,Maryland,50.75,54.5,55.7,5.0,OVER,STRONG,LOSS,+,3.8,-2.8,-7.7,-6.5,1.2,48.0
2024,12,11/16/24,Arizona State,Kansas State,50.0,51.5,49.9,-0.1,,,,,,,-11.9,-13.5,-1.6,38.0
2024,12,11/16/24,Boise State,San José State,61.25,62.0,55.7,-5.5,UNDER,STRONG,LOSS,-,-0.8,-1.8,7.3,1.0,-6.3,63.0
2024,12,11/16/24,South Alabama,Louisiana,58.5,60.0,58.5,0.0,,,,,,,-12.5,-14.0,-1.5,46.0
2024,12,11/16/24,Southern Miss,Texas State,55.75,56.5,55.9,0.1,,,,,,,5.1,4.5,-0.6,61.0
2024,12,11/16/24,Tennessee,Georgia,48.25,47.0,48.9,0.6,,,,,,,-0.9,1.0,1.9,48.0
2024,12,11/16/24,Oregon,Wisconsin,52.5,49.5,51.1,-1.4,,,,,,,-22.1,-20.5,1.6,29.0
2024,12,11/16/24,New Mexico State,Texas A&M,55.5,54.5,49.8,-5.7,UNDER,STRONG,WIN,+,1.0,14.5,-8.8,-13.5,-4.7,41.0
2024,12,11/16/24,Wake Forest,North Carolina,64.0,64.5,56.8,-7.2,UNDER,STRONG,WIN,-,-0.5,9.0,-1.8,-9.5,-7.7,55.0
2024,12,11/16/24,Cincinnati,Iowa State,53.5,52.5,59.5,6.0,OVER,STRONG,LOSS,-,-1.0,-2.5,-8.5,-1.5,7.0,51.0
2024,12,11/16/24,UAB,Memphis,62.5,62.0,60.1,-2.4,,,,,,,10.9,9.0,-1.9,71.0
2024,12,11/16/24,Washington State,New Mexico,72.25,72.0,72.0,-0.2,,,,,,,1.0,1.0,0.0,73.0
2024,12,11/16/24,Kansas,BYU,55.5,55.5,49.6,-5.9,UNDER,STRONG,WIN,-,0.0,25.5,-19.6,-25.5,-5.9,30.0
2024,12,11/16/24,San Diego State,UNLV,54.5,55.0,52.8,-1.7,,,,,,,8.2,6.0,-2.2,61.0
2024,13,11/19/24,Akron,Kent State,49.25,49.0,54.8,5.5,OVER,STRONG,WIN,-,-0.2,5.8,0.2,6.0,5.8,55.0
2024,13,11/19/24,Western Michigan,Central Michigan,56.25,56.0,57.8,1.5,,,,,,,-27.8,-26.0,1.8,30.0
2024,13,11/19/24,Northern Illinois,Miami (OH),41.5,43.0,45.7,4.2,OVER,LEAN,LOSS,+,1.5,-12.5,-16.7,-14.0,2.7,29.0
2024,13,11/20/24,Ohio,Toledo,46.25,45.5,43.2,-3.0,UNDER,LEAN,WIN,+,0.8,15.2,-12.2,-14.5,-2.3,31.0
2024,13,11/20/24,Buffalo,Eastern Michigan,53.75,53.5,51.0,-2.8,,,,,,,6.0,3.5,-2.5,57.0
2024,13,11/21/24,NC State,Georgia Tech,52.5,51.0,52.0,-0.5,,,,,,,7.0,8.0,1.0,59.0
2024,13,11/22/24,Temple,UTSA,55.75,56.0,57.0,1.2,,,,,,,21.0,22.0,1.0,78.0
2024,13,11/22/24,Purdue,Michigan State,48.5,49.0,52.1,3.6,OVER,LEAN,LOSS,+,0.5,-7.5,-11.1,-8.0,3.1,41.0
2024,13,11/22/24,UNLV,San José State,62.5,59.5,54.6,-7.9,UNDER,STRONG,WIN,+,3.0,19.5,-11.6,-16.5,-4.9,43.0
2024,13,11/23/24,SMU,Virginia,58.25,54.5,54.9,-3.4,UNDER,LEAN,WIN,+,3.8,18.2,-14.9,-14.5,0.4,40.0
2024,13,11/23/24,Illinois,Rutgers,48.25,47.75,51.9,3.6,OVER,LEAN,WIN,-,-0.5,20.8,17.1,21.2,4.1,69.0
2024,13,11/23/24,North Carolina,Boston College,56.5,50.5,53.9,-2.6,,,,,,,8.1,11.5,3.4,62.0
2024,13,11/23/24,Indiana,Ohio State,52.5,52.5,48.4,-4.1,UNDER,LEAN,LOSS,-,0.0,-0.5,4.6,0.5,-4.1,53.0
2024,13,11/23/24,Wake Forest,Miami,64.5,67.0,59.2,-5.3,UNDER,STRONG,WIN,-,-2.5,8.5,-3.2,-11.0,-7.8,56.0
2024,13,11/23/24,UConn,Syracuse,54.5,53.5,56.4,1.9,,,,,,,-1.4,1.5,2.9,55.0
2024,13,11/23/24,Ole Miss,Florida,55.25,57.5,62.6,7.4,OVER,STRONG,LOSS,+,2.2,-14.2,-21.6,-16.5,5.1,41.0
2024,13,11/23/24,Iowa,Maryland,46.5,40.5,50.8,4.3,OVER,LEAN,LOSS,-,-6.0,-4.5,-8.8,1.5,10.3,42.0
2024,13,11/23/24,Sam Houston,Jacksonville State,55.75,57.5,49.8,-6.0,UNDER,STRONG,WIN,-,-1.8,23.8,-17.8,-25.5,-7.7,32.0
2024,13,11/23/24,Massachusetts,Georgia,56.25,55.5,56.6,0.4,,,,,,,23.4,24.5,1.1,80.0
2024,13,11/23/24,UTEP,Tennessee,53.25,54.0,58.4,5.1,OVER,STRONG,WIN,+,0.8,2.8,-2.4,2.0,4.4,56.0
2024,13,11/23/24,Western Kentucky,Liberty,57.0,55.5,59.5,2.5,,,,,,,-0.5,3.5,4.0,59.0
2024,13,11/23/24,Rice,UAB,51.25,52.25,48.8,-2.5,,,,,,,5.2,1.8,-3.5,54.0
2024,13,11/23/24,Bowling Green,Ball State,57.0,54.5,54.1,-2.9,,,,,,,-3.1,-3.5,-0.4,51.0
2024,13,11/23/24,New Mexico State,Middle Tennessee,51.0,53.5,48.4,-2.6,,,,,,,8.6,3.5,-5.1,57.0
2024,13,11/23/24,James Madison,App State,60.5,57.5,55.4,-5.1,UNDER,STRONG,WIN,+,3.0,6.5,-1.4,-3.5,-2.1,54.0
2024,13,11/23/24,UL Monroe,Arkansas State,52.5,51.5,52.0,-0.5,,,,,,,-3.0,-2.5,0.5,49.0
2024,13,11/23/24,Florida International,Kennesaw State,43.75,42.0,53.2,9.5,OVER,STRONG,WIN,-,-1.8,9.2,-0.2,11.0,11.2,53.0
2024,13,11/23/24,South Alabama,Southern Miss,55.25,54.0,59.3,4.0,OVER,LEAN,LOSS,-,-1.2,-6.2,-10.3,-5.0,5.3,49.0
2024,13,11/23/24,Arizona,TCU,59.0,60.0,52.5,-6.5,UNDER,STRONG,LOSS,-,-1.0,-18.0,24.5,17.0,-7.5,77.0
2024,13,11/23/24,Charlotte,Florida Atlantic,48.25,49.5,54.6,6.4,OVER,STRONG,WIN,+,1.2,17.8,11.4,16.5,5.1,66.0
2024,13,11/23/24,Wisconsin,Nebraska,42.5,40.5,45.7,3.2,OVER,LEAN,WIN,-,-2.0,26.5,23.3,28.5,5.2,69.0
2024,13,11/23/24,Stanford,California,55.5,53.5,49.0,-6.5,UNDER,STRONG,WIN,+,2.0,10.5,-4.0,-8.5,-4.5,45.0
2024,13,11/23/24,East Carolina,North Texas,73.25,73.5,60.9,-12.4,UNDER,STRONG,WIN,-,-0.2,5.2,7.1,-5.5,-12.6,68.0
2024,13,11/23/24,San Diego State,Utah State,62.25,60.0,57.2,-5.0,UNDER,STRONG,WIN,+,2.2,1.2,3.8,1.0,-2.8,61.0
2024,13,11/23/24,Tulsa,South Florida,60.25,60.0,53.6,-6.6,UNDER,STRONG,LOSS,+,0.2,-32.8,39.4,33.0,-6.4,93.0
2024,13,11/23/24,Colorado,Kansas,59.5,59.5,56.7,-2.8,,,,,,,1.3,-1.5,-2.8,58.0
2024,13,11/23/24,BYU,Arizona State,48.25,48.5,47.3,-1.0,,,,,,,3.7,2.5,-1.2,51.0
2024,13,11/23/24,Georgia Southern,Coastal Carolina,56.75,59.5,54.0,-2.8,,,,,,,-22.0,-27.5,-5.5,32.0
2024,13,11/23/24,Kentucky,Texas,47.25,47.0,50.3,3.0,OVER,LEAN,LOSS,-,-0.2,-2.2,-5.3,-2.0,3.3,45.0
2024,13,11/23/24,Northwestern,Michigan,37.75,35.0,39.8,2.0,,,,,,,16.2,21.0,4.8,56.0
2024,13,11/23/24,Penn State,Minnesota,45.25,45.0,46.0,0.8,,,,,,,5.0,6.0,1.0,51.0
2024,13,11/23/24,UCF,West Virginia,64.25,60.5,57.5,-6.8,UNDER,STRONG,WIN,+,3.8,12.2,-5.5,-8.5,-3.0,52.0
2024,13,11/23/24,Texas Tech,Oklahoma State,68.25,63.5,62.6,-5.6,UNDER,STRONG,LOSS,+,4.8,-35.8,41.4,40.5,-0.9,104.0
2024,13,11/23/24,Pittsburgh,Louisville,57.5,57.5,51.0,-6.5,UNDER,STRONG,WIN,-,0.0,11.5,-5.0,-11.5,-6.5,46.0
2024,13,11/23/24,Louisiana Tech,Arkansas,50.25,48.5,50.2,-0.0,,,,,,,-1.2,0.5,1.7,49.0
2024,13,11/23/24,Missouri,Mississippi State,57.0,57.5,55.6,-1.4,,,,,,,3.4,1.5,-1.9,59.0
2024,13,11/23/24,Troy,Louisiana,53.25,51.5,50.7,-2.5,,,,,,,30.3,29.5,-0.8,81.0
2024,13,11/23/24,Baylor,Houston,50.5,51.0,50.4,-0.1,,,,,,,-20.4,-21.0,-0.6,30.0
2024,13,11/23/24,Georgia State,Texas State,57.75,59.5,55.9,-1.9,,,,,,,40.1,36.5,-3.6,96.0
2024,13,11/23/24,Washington State,Oregon State,56.5,56.5,67.7,11.2,OVER,STRONG,WIN,-,0.0,22.5,11.3,22.5,11.2,79.0
2024,13,11/23/24,Army,Notre Dame,44.5,44.5,39.9,-4.6,UNDER,LEAN,LOSS,-,0.0,-18.5,23.1,18.5,-4.6,63.0
2024,13,11/23/24,Boise State,Wyoming,57.5,54.0,56.8,-0.7,,,,,,,-26.8,-24.0,2.8,30.0
2024,13,11/23/24,Marshall,Old Dominion,51.5,51.5,52.0,0.5,,,,,,,25.0,25.5,0.5,77.0
2024,13,11/23/24,Iowa State,Utah,42.5,42.5,47.2,4.7,OVER,LEAN,WIN,-,0.0,16.5,11.8,16.5,4.7,59.0
2024,13,11/23/24,Texas A&M,Auburn,46.5,47.0,48.8,2.3,,,,,,,35.2,37.0,1.8,84.0
2024,13,11/23/24,Alabama,Oklahoma,47.5,46.5,48.0,0.5,,,,,,,-21.0,-19.5,1.5,27.0
2024,13,11/23/24,Vanderbilt,LSU,54.5,52.5,51.1,-3.4,UNDER,LEAN,WIN,+,2.0,13.5,-10.1,-11.5,-1.4,41.0
2024,13,11/23/24,Cincinnati,Kansas State,52.75,54.5,56.8,4.0,OVER,LEAN,WIN,+,1.8,3.2,-0.8,1.5,2.3,56.0
2024,13,11/23/24,Virginia Tech,Duke,47.25,45.5,43.6,-3.6,UNDER,LEAN,LOSS,+,1.8,-11.8,15.4,13.5,-1.9,59.0
2024,13,11/23/24,Colorado State,Fresno State,46.5,43.5,53.1,6.6,OVER,STRONG,WIN,-,-3.0,3.5,-3.1,6.5,9.6,50.0
2024,13,11/23/24,USC,UCLA,51.5,52.5,52.6,1.1,,,,,,,-20.6,-20.5,0.1,32.0
2024,13,11/23/24,Air Force,Nevada,44.5,44.5,47.5,3.0,OVER,LEAN,LOSS,-,0.0,-3.5,-6.5,-3.5,3.0,41.0
2024,14,11/26/24,Toledo,Akron,48.75,49.5,46.4,-2.4,,,,,,,-11.4,-14.5,-3.1,35.0
2024,14,11/26/24,Kent State,Buffalo,49.25,50.5,50.1,0.9,,,,,,,-0.1,-0.5,-0.4,50.0
2024,14,11/28/24,Memphis,Tulane,56.0,54.5,52.4,-3.6,UNDER,LEAN,LOSS,+,1.5,-2.0,5.6,3.5,-2.1,58.0
2024,14,11/29/24,Miami (OH),Bowling Green,42.5,38.5,45.1,2.6,,,,,,,-5.1,1.5,6.6,40.0
2024,14,11/29/24,Oregon State,Boise State,56.0,58.0,58.7,2.7,,,,,,,-6.7,-6.0,0.7,52.0
2024,14,11/29/24,Ball State,Ohio,52.75,51.5,52.2,-0.5,,,,,,,10.8,11.5,0.7,63.0
2024,14,11/29/24,Navy,East Carolina,56.0,54.0,49.9,-6.1,UNDER,STRONG,WIN,+,2.0,2.0,4.1,0.0,-4.1,54.0
2024,14,11/29/24,Minnesota,Wisconsin,43.5,40.5,44.5,1.0,,,,,,,-13.5,-9.5,4.0,31.0
2024,14,11/29/24,Oklahoma State,Colorado,64.5,66.5,53.3,-11.2,UNDER,STRONG,WIN,-,-2.0,12.5,-1.3,-14.5,-13.2,52.0
2024,14,11/29/24,Mississippi State,Ole Miss,62.0,63.5,66.8,4.8,OVER,LEAN,LOSS,+,1.5,-22.0,-26.8,-23.5,3.3,40.0
2024,14,11/29/24,Liberty,Sam Houston,47.5,47.5,52.2,4.7,OVER,LEAN,LOSS,-,0.0,-9.5,-14.2,-9.5,4.7,38.0
2024,14,11/29/24,Utah State,Colorado State,60.5,57.0,61.1,0.6,,,,,,,17.9,22.0,4.1,79.0
2024,14,11/29/24,Texas State,South Alabama,61.5,61.0,56.9,-4.6,UNDER,LEAN,LOSS,+,0.5,-21.5,26.1,22.0,-4.1,83.0
2024,14,11/29/24,Stanford,San José State,55.75,54.5,50.9,-4.9,UNDER,LEAN,LOSS,+,1.2,-9.2,14.1,10.5,-3.6,65.0
2024,14,11/29/24,Nebraska,Iowa,39.5,41.5,40.3,0.8,,,,,,,-17.3,-18.5,-1.2,23.0
2024,14,11/29/24,Georgia Tech,Georgia,54.5,49.0,53.4,-1.1,,,,,,,32.6,37.0,4.4,86.0
2024,14,11/29/24,Utah,UCF,49.25,46.5,48.2,-1.0,,,,,,,-6.2,-4.5,1.7,42.0
2024,14,11/30/24,UTSA,Army,54.5,53.0,48.2,-6.3,UNDER,STRONG,WIN,+,1.5,1.5,4.8,0.0,-4.8,53.0
2024,14,11/30/24,Louisiana,UL Monroe,48.5,50.0,53.1,4.6,OVER,LEAN,WIN,+,1.5,11.5,6.9,10.0,3.1,60.0
2024,14,11/30/24,South Carolina,Clemson,49.25,49.0,50.4,1.1,,,,,,,-19.4,-18.0,1.4,31.0
2024,14,11/30/24,Kansas,Baylor,61.5,62.0,59.4,-2.1,,,,,,,2.6,0.0,-2.6,62.0
2024,14,11/30/24,Tennessee,Vanderbilt,48.5,47.0,50.1,1.6,,,,,,,8.9,12.0,3.1,59.0
2024,14,11/30/24,Michigan,Ohio State,43.25,41.5,46.4,3.1,OVER,LEAN,LOSS,-,-1.8,-20.2,-23.4,-18.5,4.9,23.0
2024,14,11/30/24,UConn,Massachusetts,50.25,49.5,51.1,0.9,,,,,,,37.9,39.5,1.6,89.0
2024,14,11/30/24,Duke,Wake Forest,54.0,53.0,46.3,-7.7,UNDER,STRONG,WIN,+,1.0,14.0,-6.3,-13.0,-6.7,40.0
2024,14,11/30/24,West Virginia,Texas Tech,64.5,62.5,61.6,-2.9,,,,,,,5.4,4.5,-0.9,67.0
2024,14,11/30/24,Louisville,Kentucky,48.5,49.5,48.4,-0.1,,,,,,,6.6,5.5,-1.1,55.0
2024,14,11/30/24,North Texas,Temple,64.5,63.5,59.9,-4.6,UNDER,LEAN,WIN,+,1.0,23.5,-18.9,-22.5,-3.6,41.0
2024,14,11/30/24,Illinois,Northwestern,44.25,43.5,47.1,2.9,,,,,,,18.9,22.5,3.6,66.0
2024,14,11/30/24,Eastern Michigan,Western Michigan,57.5,55.5,56.4,-1.1,,,,,,,-12.4,-11.5,0.9,44.0
2024,14,11/30/24,Middle Tennessee,Florida International,51.75,51.0,54.6,2.9,,,,,,,4.4,8.0,3.6,59.0
2024,14,11/30/24,South Florida,Rice,53.25,54.0,50.8,-2.5,,,,,,,12.2,9.0,-3.2,63.0
2024,14,11/30/24,Coastal Carolina,Georgia State,55.5,53.0,56.0,0.5,,,,,,,19.0,22.0,3.0,75.0
2024,14,11/30/24,Southern Miss,Troy,48.5,49.0,53.3,4.8,OVER,LEAN,WIN,+,0.5,23.5,18.7,23.0,4.3,72.0
2024,14,11/30/24,Old Dominion,Arkansas State,58.5,58.5,59.3,0.8,,,,,,,12.7,13.5,0.8,72.0
2024,14,11/30/24,Pittsburgh,Boston College,48.5,50.5,45.5,-3.0,UNDER,LEAN,LOSS,-,-2.0,-8.5,11.5,6.5,-5.0,57.0
2024,14,11/30/24,UAB,Charlotte,58.0,60.0,58.8,0.8,,,,,,,-2.8,-4.0,-1.2,56.0
2024,14,11/30/24,Arkansas,Missouri,54.5,51.0,56.1,1.6,,,,,,,-7.1,-2.0,5.1,49.0
2024,14,11/30/24,Auburn,Alabama,52.25,51.0,49.7,-2.5,,,,,,,-7.7,-9.0,-1.3,42.0
2024,14,11/30/24,Central Michigan,Northern Illinois,45.25,40.0,50.3,5.0,OVER,STRONG,LOSS,-,-5.2,-5.2,-10.3,0.0,10.3,40.0
2024,14,11/30/24,NC State,North Carolina,55.5,54.5,53.3,-2.2,,,,,,,11.7,10.5,-1.2,65.0
2024,14,11/30/24,Arizona State,Arizona,53.5,53.5,50.5,-3.0,UNDER,LEAN,LOSS,-,0.0,-2.5,5.5,2.5,-3.0,56.0
2024,14,11/30/24,Florida Atlantic,Tulsa,57.25,57.5,60.2,3.0,OVER,LEAN,WIN,+,0.2,21.8,18.8,21.5,2.7,79.0
2024,14,11/30/24,Notre Dame,USC,51.25,52.5,54.4,3.1,OVER,LEAN,WIN,+,1.2,32.8,29.6,31.5,1.9,84.0
2024,14,11/30/24,Miami,Syracuse,67.25,67.5,63.9,-3.4,UNDER,LEAN,LOSS,-,-0.2,-12.8,16.1,12.5,-3.6,80.0
2024,14,11/30/24,California,SMU,56.75,54.5,50.4,-6.4,UNDER,STRONG,WIN,+,2.2,12.8,-6.4,-10.5,-4.1,44.0
2024,14,11/30/24,Rutgers,Michigan State,48.25,46.5,50.1,1.9,,,,,,,4.9,8.5,3.6,55.0
2024,14,11/30/24,Fresno State,UCLA,46.5,46.5,47.5,1.0,,,,,,,-14.5,-13.5,1.0,33.0
2024,14,11/30/24,Maryland,Penn State,50.5,50.5,48.8,-1.7,,,,,,,2.2,0.5,-1.7,51.0
2024,14,11/30/24,Kennesaw State,Louisiana Tech,43.25,41.5,51.5,8.2,OVER,STRONG,LOSS,-,-1.8,-10.2,-18.5,-8.5,10.0,33.0
2024,14,11/30/24,Jacksonville State,Western Kentucky,60.5,62.5,61.1,0.6,,,,,,,-25.1,-26.5,-1.4,36.0
2024,14,11/30/24,UTEP,New Mexico State,51.5,51.5,49.8,-1.7,,,,,,,27.2,25.5,-1.7,77.0
2024,14,11/30/24,App State,Georgia Southern,62.25,60.5,61.9,-0.4,,,,,,,-12.9,-11.5,1.4,49.0
2024,14,11/30/24,TCU,Cincinnati,58.25,58.5,56.1,-2.1,,,,,,,-23.1,-25.5,-2.4,33.0
2024,14,11/30/24,Wyoming,Washington State,58.5,55.0,61.7,3.2,OVER,LEAN,LOSS,-,-3.5,-29.5,-32.7,-26.0,6.7,29.0
2024,14,11/30/24,Oklahoma,LSU,47.25,48.0,50.6,3.4,OVER,LEAN,WIN,+,0.8,6.8,3.4,6.0,2.6,54.0
2024,14,11/30/24,Purdue,Indiana,56.5,56.5,52.2,-4.3,UNDER,LEAN,LOSS,-,0.0,-9.5,13.8,9.5,-4.3,66.0
2024,14,11/30/24,Florida,Florida State,45.5,46.0,55.9,10.4,OVER,STRONG,LOSS,+,0.5,-3.5,-13.9,-4.0,9.9,42.0
2024,14,11/30/24,Washington,Oregon,50.5,50.5,50.7,0.2,,,,,,,19.3,19.5,0.2,70.0
2024,14,11/30/24,Kansas State,Iowa State,52.25,51.5,56.3,4.0,OVER,LEAN,LOSS,-,-0.8,-2.2,-6.3,-1.5,4.8,50.0
2024,14,11/30/24,Texas,Texas A&M,48.5,50.0,44.9,-3.6,UNDER,LEAN,WIN,-,-1.5,24.5,-20.9,-26.0,-5.1,24.0
2024,14,11/30/24,Nevada,UNLV,55.25,54.5,51.4,-3.9,UNDER,LEAN,WIN,+,0.8,3.2,0.6,-2.5,-3.1,52.0
2024,14,11/30/24,Marshall,James Madison,52.5,52.0,50.9,-1.6,,,,,,,17.1,16.0,-1.1,68.0
2024,14,11/30/24,Virginia,Virginia Tech,48.5,44.5,47.5,-1.0,,,,,,,6.5,9.5,3.0,54.0
2024,14,11/30/24,Houston,BYU,41.25,40.5,43.0,1.8,,,,,,,5.0,7.5,2.5,48.0
2024,14,11/30/24,Air Force,San Diego State,43.5,43.5,43.0,-0.5,,,,,,,8.0,7.5,-0.5,51.0
2024,14,11/30/24,New Mexico,Hawai'i,61.25,61.5,57.9,-3.4,UNDER,LEAN,LOSS,-,-0.2,-6.8,10.1,6.5,-3.6,68.0
2024,15,12/06/24,Western Kentucky,Jacksonville State,58.75,58.5,54.5,-4.2,UNDER,LEAN,LOSS,+,0.2,-5.2,9.5,5.5,-4.0,64.0
2024,15,12/06/24,UNLV,Boise State,58.5,57.5,52.0,-6.5,UNDER,STRONG,WIN,+,1.0,30.5,-24.0,-29.5,-5.5,28.0
2024,15,12/06/24,Tulane,Army,47.5,46.5,46.3,-1.2,,,,,,,2.7,2.5,-0.2,49.0
2024,15,12/07/24,Iowa State,Arizona State,50.5,51.0,51.5,1.0,,,,,,,12.5,13.0,0.5,64.0
2024,15,12/07/24,Ohio,Miami (OH),44.5,44.0,44.1,-0.4,,,,,,,-3.1,-3.0,0.1,41.0
2024,15,12/07/24,Georgia,Texas,48.75,51.0,50.7,2.0,,,,,,,-9.7,-10.0,-0.3,41.0
2024,15,12/07/24,Marshall,Louisiana,56.5,57.5,54.3,-2.2,,,,,,,-20.3,-23.5,-3.2,34.0
2024,15,12/07/24,Clemson,SMU,55.25,56.5,59.5,4.2,OVER,LEAN,WIN,+,1.2,9.8,5.5,8.5,3.0,65.0
2024,15,12/07/24,Penn State,Oregon,49.5,51.5,55.1,5.6,OVER,STRONG,WIN,+,2.0,32.5,26.9,30.5,3.6,82.0
2024,16,12/14/24,Navy,Army,40.5,39.0,44.0,3.5,OVER,LEAN,WIN,-,-1.5,3.5,0.0,5.0,5.0,44.0
2025,1,08/23/25,Iowa State,Kansas State,49.5,51.0,51.7,2.2,,,,,,,-6.7,-6.0,0.7,45.0
2025,1,08/23/25,Fresno State,Kansas,51.5,50.5,54.6,3.1,OVER,LEAN,LOSS,-,-1.0,-13.5,-16.6,-12.5,4.1,38.0
2025,1,08/23/25,Sam Houston,Western Kentucky,61.5,60.5,49.0,-12.5,UNDER,STRONG,LOSS,+,1.0,-3.5,16.0,4.5,-11.5,65.0
2025,1,08/23/25,Stanford,Hawai'i,53.5,50.5,53.2,-0.3,,,,,,,-10.2,-7.5,2.7,43.0
2025,1,08/28/25,Boise State,South Florida,63.5,62.0,56.1,-7.4,UNDER,STRONG,WIN,+,1.5,22.5,-15.1,-21.0,-5.9,41.0
2025,1,08/28/25,Ohio,Rutgers,46.5,52.0,52.1,5.6,OVER,STRONG,WIN,+,5.5,18.5,12.9,13.0,0.1,65.0
2025,1,08/28/25,Jacksonville State,UCF,53.5,52.5,55.1,1.6,,,,,,,-28.1,-25.5,2.6,27.0
2025,1,08/28/25,Wyoming,Akron,49.5,48.0,53.5,4.0,OVER,LEAN,LOSS,-,-1.5,-39.5,-43.5,-38.0,5.5,10.0
2025,1,08/28/25,East Carolina,NC State,58.5,61.0,52.5,-6.0,UNDER,STRONG,WIN,-,-2.5,17.5,-11.5,-20.0,-8.5,41.0
2025,1,08/28/25,Buffalo,Minnesota,45.5,43.0,53.0,7.5,OVER,STRONG,LOSS,-,-2.5,-12.5,-20.0,-10.0,10.0,33.0
2025,1,08/28/25,Nebraska,Cincinnati,52.5,50.5,51.2,-1.3,,,,,,,-14.2,-13.5,0.7,37.0
2025,1,08/28/25,Miami (OH),Wisconsin,40.5,41.0,50.6,10.1,OVER,STRONG,LOSS,+,0.5,-23.5,-33.6,-24.0,9.6,17.0
2025,1,08/29/25,App State,Charlotte,53.5,51.25,54.9,1.4,,,,,,,-9.9,-6.2,3.6,45.0
2025,1,08/29/25,Kennesaw State,Wake Forest,51.5,51.5,51.2,-0.3,,,,,,,-32.2,-32.5,-0.3,19.0
2025,1,08/29/25,Western Michigan,Michigan State,49.5,50.0,51.7,2.2,,,,,,,-22.7,-21.0,1.7,29.0
2025,1,08/29/25,Georgia Tech,Colorado,55.5,50.5,55.4,-0.1,,,,,,,-8.4,-3.5,4.9,47.0
2025,1,08/29/25,Auburn,Baylor,57.5,56.5,52.5,-5.0,UNDER,STRONG,LOSS,+,1.0,-4.5,9.5,5.5,-4.0,62.0
2025,1,08/29/25,UNLV,Sam Houston,58.5,60.5,50.3,-8.2,UNDER,STRONG,LOSS,-,-2.0,-0.5,8.7,-1.5,-10.2,59.0
2025,1,08/29/25,Central Michigan,San José State,50.5,51.5,54.8,4.3,OVER,LEAN,LOSS,+,1.0,-20.5,-24.8,-21.5,3.3,30.0
2025,1,08/30/25,Syracuse,Tennessee,53.5,51.5,52.3,-1.2,,,,,,,18.7,19.5,0.8,71.0
2025,1,08/30/25,Ball State,Purdue,50.5,48.5,52.5,2.0,,,,,,,-21.5,-17.5,4.0,31.0
2025,1,08/30/25,Mississippi State,Southern Miss,59.5,59.5,54.6,-4.9,UNDER,LEAN,WIN,-,0.0,8.5,-3.6,-8.5,-4.9,51.0
2025,1,08/30/25,Northwestern,Tulane,47.5,46.0,50.1,2.6,,,,,,,-24.1,-20.0,4.1,26.0
2025,1,08/30/25,Florida Atlantic,Maryland,57.5,59.5,51.1,-6.4,UNDER,STRONG,WIN,-,-2.0,11.5,-5.1,-13.5,-8.4,46.0
2025,1,08/30/25,Texas,Ohio State,49.5,46.5,45.0,-4.5,UNDER,LEAN,WIN,+,3.0,28.5,-24.0,-25.5,-1.5,21.0
2025,1,08/30/25,Toledo,Kentucky,48.5,48.5,49.2,0.7,,,,,,,-9.2,-8.5,0.7,40.0
2025,1,08/30/25,Old Dominion,Indiana,54.5,53.5,49.5,-5.0,UNDER,STRONG,WIN,+,1.0,13.5,-8.5,-12.5,-4.0,41.0
2025,1,08/30/25,Temple,Massachusetts,51.5,48.5,55.6,4.1,OVER,LEAN,WIN,-,-3.0,0.5,-3.6,3.5,7.1,52.0
2025,1,08/30/25,Nevada,Penn State,58.5,54.5,58.7,0.2,,,,,,,-1.7,2.5,4.2,57.0
2025,1,08/30/25,Marshall,Georgia,55.5,51.5,59.9,4.4,OVER,LEAN,LOSS,-,-4.0,-3.5,-7.9,0.5,8.4,52.0
2025,1,08/30/25,Alabama,Florida State,50.5,47.0,51.4,0.9,,,,,,,-3.4,1.0,4.4,48.0
2025,1,08/30/25,Coastal Carolina,Virginia,57.5,55.0,52.3,-5.2,UNDER,STRONG,WIN,+,2.5,2.5,2.7,0.0,-2.7,55.0
2025,1,08/30/25,UTSA,Texas A&M,56.5,58.5,56.8,0.3,,,,,,,9.2,7.5,-1.7,66.0
2025,1,08/30/25,UTEP,Utah State,59.5,58.5,54.8,-4.7,UNDER,LEAN,WIN,+,1.0,15.5,-10.8,-14.5,-3.7,44.0
2025,1,08/30/25,Missouri State,USC,59.5,60.0,60.4,0.9,,,,,,,25.6,26.0,0.4,86.0
2025,1,08/30/25,New Mexico,Michigan,52.5,49.5,53.4,0.9,,,,,,,-2.4,1.5,3.9,51.0
2025,1,08/30/25,LSU,Clemson,57.5,55.5,54.8,-2.7,,,,,,,-27.8,-28.5,-0.7,27.0
2025,1,08/30/25,Georgia State,Ole Miss,62.5,61.5,56.2,-6.3,UNDER,STRONG,LOSS,+,1.0,-7.5,13.8,8.5,-5.3,70.0
2025,1,08/30/25,Eastern Michigan,Texas State,58.5,56.5,52.5,-6.0,UNDER,STRONG,LOSS,+,2.0,-20.5,26.5,22.5,-4.0,79.0
2025,1,08/30/25,Rice,Louisiana,49.5,48.5,53.1,3.6,OVER,LEAN,LOSS,-,-1.0,-23.5,-27.1,-22.5,4.6,26.0
2025,1,08/30/25,Georgia Southern,Fresno State,54.5,51.5,53.4,-1.1,,,,,,,2.6,4.5,1.9,56.0
2025,1,08/30/25,California,Oregon State,51.5,48.5,52.9,1.4,,,,,,,-3.9,0.5,4.4,49.0
2025,1,08/30/25,Hawai'i,Arizona,55.5,55.5,53.4,-2.1,,,,,,,-7.4,-9.5,-2.1,46.0
2025,1,08/30/25,Utah,UCLA,50.5,49.0,50.6,0.1,,,,,,,2.4,4.0,1.6,53.0
2025,1,08/30/25,Colorado State,Washington,52.5,52.0,50.6,-1.9,,,,,,,8.4,7.0,-1.4,59.0
2025,1,08/31/25,Virginia Tech,South Carolina,47.5,51.5,50.5,3.0,OVER,LEAN,LOSS,+,4.0,-12.5,-15.5,-16.5,-1.0,35.0
2025,1,08/31/25,Notre Dame,Miami,53.5,50.5,54.7,1.2,,,,,,,-3.7,0.5,4.2,51.0
2025,1,09/01/25,TCU,North Carolina,59.5,55.0,53.7,-5.8,UNDER,STRONG,LOSS,+,4.5,-2.5,8.3,7.0,-1.3,62.0
2025,1,12/13/25,Boise State,Washington,51.5,55.5,50.1,-1.4,,,,,,,-2.1,-7.5,-5.4,48.0
2025,1,12/16/25,Troy,Jacksonville State,46.5,47.5,50.2,3.7,OVER,LEAN,LOSS,+,1.0,-16.5,-20.2,-17.5,2.7,30.0
2025,1,12/17/25,Old Dominion,South Florida,55.5,52.5,52.2,-3.3,UNDER,LEAN,WIN,+,3.0,21.5,-18.2,-18.5,-0.3,34.0
2025,1,12/17/25,Louisiana,Delaware,58.0,60.5,52.5,-5.5,UNDER,STRONG,WIN,-,-2.5,25.0,-19.5,-27.5,-8.0,33.0
2025,1,12/18/25,Missouri State,Arkansas State,56.5,55.5,52.6,-3.9,UNDER,LEAN,LOSS,+,1.0,-5.5,9.4,6.5,-2.9,62.0
2025,1,12/19/25,Kennesaw State,Western Michigan,49.5,47.5,50.3,0.8,,,,,,,-3.3,-0.5,2.8,47.0
2025,1,12/19/25,Memphis,NC State,58.5,56.5,52.9,-5.6,UNDER,STRONG,WIN,+,2.0,20.5,-14.9,-18.5,-3.6,38.0
2025,1,12/19/25,Alabama,Oklahoma,41.0,42.5,48.1,7.1,OVER,STRONG,WIN,+,1.5,17.0,9.9,15.5,5.6,58.0
2025,1,12/20/25,Miami,Texas A&M,50.5,48.5,52.9,2.4,,,,,,,-39.9,-35.5,4.4,13.0
2025,1,12/20/25,Tulane,Ole Miss,56.75,57.5,49.9,-6.9,UNDER,STRONG,WIN,-,-0.8,5.8,1.1,-6.5,-7.6,51.0
2025,1,12/20/25,James Madison,Oregon,50.0,47.5,51.6,1.6,,,,,,,33.4,37.5,4.1,85.0
2025,1,12/22/25,Washington State,Utah State,52.5,50.5,56.9,4.4,OVER,LEAN,WIN,-,-2.0,2.5,-1.9,4.5,6.4,55.0
2025,1,12/23/25,Toledo,Louisville,46.0,44.5,52.4,6.4,OVER,STRONG,WIN,-,-1.5,3.0,-3.4,4.5,7.9,49.0
2025,1,12/23/25,Western Kentucky,Southern Miss,55.5,59.5,53.5,-2.0,,,,,,,-10.5,-16.5,-6.0,43.0
2025,1,12/23/25,UNLV,Ohio,62.5,64.5,51.0,-11.5,UNDER,STRONG,WIN,-,-2.0,35.5,-24.0,-37.5,-13.5,27.0
2025,1,12/24/25,California,Hawai'i,55.5,50.5,51.0,-4.5,UNDER,LEAN,LOSS,+,5.0,-10.5,15.0,15.5,0.5,66.0
2025,1,12/26/25,Central Michigan,Northwestern,43.5,43.5,50.8,7.3,OVER,STRONG,LOSS,-,0.0,-2.5,-9.8,-2.5,7.3,41.0
2025,1,12/26/25,New Mexico,Minnesota,47.5,44.5,53.5,6.0,OVER,STRONG,LOSS,-,-3.0,-10.5,-16.5,-7.5,9.0,37.0
2025,1,12/26/25,Florida International,UTSA,59.0,62.5,55.5,-3.5,UNDER,LEAN,LOSS,-,-3.5,-18.0,21.5,14.5,-7.0,77.0
2025,1,12/27/25,Pittsburgh,East Carolina,59.5,51.5,53.4,-6.1,UNDER,STRONG,WIN,+,8.0,19.5,-13.4,-11.5,1.9,40.0
2025,1,12/27/25,Penn State,Clemson,48.5,47.5,51.3,2.8,,,,,,,-19.3,-15.5,3.8,32.0
2025,1,12/27/25,UConn,Army,50.5,41.5,48.6,-1.9,,,,,,,8.4,15.5,7.1,57.0
2025,1,12/27/25,Georgia Tech,BYU,56.25,55.0,50.6,-5.6,UNDER,STRONG,WIN,+,1.2,10.2,-4.6,-9.0,-4.4,46.0
2025,1,12/27/25,Miami (OH),Fresno State,43.25,40.5,50.1,6.9,OVER,STRONG,LOSS,-,-2.8,-22.2,-29.1,-19.5,9.6,21.0
2025,1,12/27/25,North Texas,San Diego State,56.0,54.5,55.1,-0.9,,,,,,,40.9,41.5,0.6,96.0
2025,1,12/27/25,Virginia,Missouri,48.5,43.5,47.2,-1.3,,,,,,,-27.2,-23.5,3.7,20.0
2025,1,12/27/25,LSU,Houston,41.5,43.5,49.9,8.4,OVER,STRONG,WIN,+,2.0,31.5,23.1,29.5,6.4,73.0
2025,1,12/29/25,Georgia Southern,App State,59.5,58.0,57.0,-2.5,,,,,,,-18.0,-19.0,-1.0,39.0
2025,1,12/30/25,Coastal Carolina,Louisiana Tech,50.5,51.5,51.0,0.5,,,,,,,-14.0,-14.5,-0.5,37.0
2025,1,12/30/25,Tennessee,Illinois,61.5,62.0,49.4,-12.1,UNDER,STRONG,WIN,-,-0.5,3.5,8.6,-4.0,-12.6,58.0
2025,1,12/30/25,USC,TCU,59.5,56.5,55.1,-4.4,UNDER,LEAN,WIN,+,3.0,2.5,1.9,0.5,-1.4,57.0
2025,1,12/31/25,Iowa,Vanderbilt,49.25,47.5,49.5,0.2,,,,,,,11.5,13.5,2.0,61.0
2025,1,12/31/25,Arizona State,Duke,49.5,49.5,49.9,0.4,,,,,,,31.1,31.5,0.4,81.0
2025,1,12/31/25,Michigan,Texas,46.0,50.5,46.7,0.7,,,,,,,21.3,17.5,-3.8,68.0
2025,1,12/31/25,Nebraska,Utah,49.5,51.5,46.3,-3.2,UNDER,LEAN,LOSS,-,-2.0,-16.5,19.7,14.5,-5.2,66.0
2025,1,12/31/25,Miami,Ohio State,41.5,39.5,49.7,8.2,OVER,STRONG,LOSS,-,-2.0,-3.5,-11.7,-1.5,10.2,38.0
2025,1,01/01/26,Oregon,Texas Tech,52.5,50.5,54.8,2.3,,,,,,,-31.8,-27.5,4.3,23.0
2025,1,01/01/26,Alabama,Indiana,48.0,46.5,48.7,0.7,,,,,,,-7.7,-5.5,2.2,41.0
2025,1,01/01/26,Ole Miss,Georgia,56.0,53.5,51.3,-4.7,UNDER,LEAN,LOSS,+,2.5,-17.0,21.7,19.5,-2.2,73.0
2025,1,01/02/26,Rice,Texas State,59.5,55.5,55.3,-4.2,UNDER,LEAN,WIN,+,4.0,8.5,-4.3,-4.5,-0.2,51.0
2025,1,01/02/26,Navy,Cincinnati,55.5,57.5,52.9,-2.6,,,,,,,-4.9,-9.5,-4.6,48.0
2025,1,01/02/26,Arizona,SMU,52.5,55.5,51.6,-0.9,,,,,,,-8.6,-12.5,-3.9,43.0
2025,1,01/02/26,Wake Forest,Mississippi State,56.5,52.5,52.0,-4.5,UNDER,LEAN,LOSS,+,4.0,-15.5,20.0,19.5,-0.5,72.0
2025,1,01/08/26,Miami,Ole Miss,52.0,52.5,51.8,-0.2,,,,,,,6.2,5.5,-0.7,58.0
2025,1,01/09/26,Oregon,Indiana,46.5,50.5,48.3,1.8,,,,,,,29.7,27.5,-2.2,78.0
2025,1,01/19/26,Miami,Indiana,48.5,47.0,51.3,2.8,,,,,,,-3.3,1.0,4.3,48.0
2025,2,09/05/25,James Madison,Louisville,57.5,56.75,55.5,-2.0,,,,,,,-13.5,-14.8,-1.2,42.0
2025,2,09/05/25,Northern Illinois,Maryland,48.5,44.5,43.6,-4.9,UNDER,LEAN,WIN,+,4.0,19.5,-14.6,-15.5,-0.9,29.0
2025,2,09/06/25,UConn,Syracuse,59.25,57.5,61.2,2.0,,,,,,,-14.2,-10.5,3.7,47.0
2025,2,09/06/25,Kent State,Texas Tech,60.5,59.75,56.2,-4.3,UNDER,LEAN,LOSS,+,0.8,-15.5,19.8,16.2,-3.5,76.0
2025,2,09/06/25,Iowa,Iowa State,43.75,43.25,49.7,6.0,OVER,STRONG,LOSS,-,-0.5,-14.8,-20.7,-14.2,6.5,29.0
2025,2,09/06/25,Liberty,Jacksonville State,51.75,50.5,52.5,0.8,,,,,,,5.5,7.5,2.0,58.0
2025,2,09/06/25,Illinois,Duke,49.75,49.25,53.8,4.0,OVER,LEAN,WIN,-,-0.5,14.2,10.2,14.8,4.5,64.0
2025,2,09/06/25,San José State,Texas,51.25,52.5,57.3,6.0,OVER,STRONG,LOSS,+,1.2,-6.2,-12.3,-7.5,4.8,45.0
2025,2,09/06/25,Kennesaw State,Indiana,50.75,51.5,55.9,5.1,OVER,STRONG,WIN,+,0.8,14.2,9.1,13.5,4.4,65.0
2025,2,09/06/25,Central Michigan,Pittsburgh,53.25,48.5,51.3,-2.0,,,,,,,10.7,13.5,2.8,62.0
2025,2,09/06/25,Virginia,NC State,55.0,52.75,49.5,-5.5,UNDER,STRONG,LOSS,+,2.2,-11.0,16.5,13.2,-3.2,66.0
2025,2,09/06/25,Baylor,SMU,62.75,65.5,54.9,-7.9,UNDER,STRONG,LOSS,-,-2.8,-30.2,38.1,27.5,-10.6,93.0
2025,2,09/06/25,Florida International,Penn State,54.5,53.5,55.5,1.0,,,,,,,-21.5,-19.5,2.0,34.0
2025,2,09/06/25,Utah State,Texas A&M,56.0,57.5,56.3,0.3,,,,,,,9.7,8.5,-1.2,66.0
2025,2,09/06/25,Bowling Green,Cincinnati,48.0,46.5,46.3,-1.7,,,,,,,7.7,7.5,-0.2,54.0
2025,2,09/06/25,Kansas,Missouri,53.0,50.25,42.9,-10.1,UNDER,STRONG,LOSS,+,2.8,-20.0,30.1,22.8,-7.4,73.0
2025,2,09/06/25,Texas State,UTSA,65.5,64.5,54.3,-11.2,UNDER,STRONG,LOSS,+,1.0,-13.5,24.7,14.5,-10.2,79.0
2025,2,09/06/25,Fresno State,Oregon State,48.5,45.0,50.6,2.1,,,,,,,12.4,18.0,5.6,63.0
2025,2,09/06/25,Ole Miss,Kentucky,52.0,51.5,50.3,-1.7,,,,,,,2.7,1.5,-1.2,53.0
2025,2,09/06/25,Troy,Clemson,51.5,51.5,44.9,-6.6,UNDER,STRONG,WIN,-,0.0,8.5,-1.9,-8.5,-6.6,43.0
2025,2,09/06/25,Delaware,Colorado,50.25,49.5,54.0,3.8,OVER,LEAN,LOSS,-,-0.8,-12.2,-16.0,-11.5,4.5,38.0
2025,2,09/06/25,Oklahoma State,Oregon,58.5,55.5,54.5,-4.0,UNDER,LEAN,LOSS,+,3.0,-13.5,17.5,16.5,-1.0,72.0
2025,2,09/06/25,North Texas,Western Michigan,60.25,56.25,61.9,1.6,,,,,,,1.1,6.8,5.6,63.0
2025,2,09/06/25,UAB,Navy,59.0,58.75,58.9,-0.1,,,,,,,3.1,3.2,0.1,62.0
2025,2,09/06/25,Miami (OH),Rutgers,48.25,45.5,49.0,0.8,,,,,,,13.0,16.5,3.5,62.0
2025,2,09/06/25,Middle Tennessee,Wisconsin,46.5,45.0,49.5,3.0,OVER,LEAN,WIN,-,-1.5,5.5,2.5,7.0,4.5,52.0
2025,2,09/06/25,West Virginia,Ohio,59.0,58.5,50.1,-8.9,UNDER,STRONG,WIN,+,0.5,32.0,-23.1,-31.5,-8.4,27.0
2025,2,09/06/25,South Florida,Florida,54.75,58.25,48.7,-6.0,UNDER,STRONG,WIN,-,-3.5,20.8,-14.7,-24.2,-9.5,34.0
2025,2,09/06/25,Arkansas State,Arkansas,64.0,61.75,54.1,-9.9,UNDER,STRONG,LOSS,+,2.2,-6.0,15.9,8.2,-7.6,70.0
2025,2,09/06/25,Missouri State,Marshall,56.5,53.5,52.1,-4.4,UNDER,LEAN,WIN,+,3.0,15.5,-11.1,-12.5,-1.4,41.0
2025,2,09/06/25,Houston,Rice,41.0,38.5,49.9,8.9,OVER,STRONG,WIN,-,-2.5,3.0,-5.9,5.5,11.4,44.0
2025,2,09/06/25,Army,Kansas State,47.75,48.5,52.4,4.6,OVER,LEAN,LOSS,+,0.8,-2.8,-7.4,-3.5,3.9,45.0
2025,2,09/06/25,Memphis,Georgia State,54.25,57.5,52.7,-1.5,,,,,,,1.3,-3.5,-4.8,54.0
2025,2,09/06/25,Tulane,South Alabama,51.5,51.5,53.2,1.7,,,,,,,10.8,12.5,1.7,64.0
2025,2,09/06/25,Western Kentucky,Toledo,59.0,57.0,53.5,-5.5,UNDER,STRONG,LOSS,+,2.0,-7.0,12.5,9.0,-3.5,66.0
2025,2,09/06/25,North Carolina,Charlotte,48.5,49.5,54.4,5.9,OVER,STRONG,LOSS,+,1.0,-25.5,-31.4,-26.5,4.9,23.0
2025,2,09/06/25,Georgia Southern,USC,64.25,62.0,60.5,-3.8,UNDER,LEAN,LOSS,+,2.2,-14.8,18.5,17.0,-1.5,79.0
2025,2,09/06/25,Boston College,Michigan State,48.0,45.5,46.4,-1.6,,,,,,,35.6,36.5,0.9,82.0
2025,2,09/06/25,Akron,Nebraska,47.75,47.5,55.5,7.8,OVER,STRONG,WIN,-,-0.2,20.2,12.5,20.5,8.0,68.0
2025,2,09/06/25,Louisiana Tech,LSU,52.5,49.5,51.6,-0.9,,,,,,,-21.6,-19.5,2.1,30.0
2025,2,09/06/25,Vanderbilt,Virginia Tech,47.5,45.5,51.2,3.7,OVER,LEAN,WIN,-,-2.0,16.5,12.8,18.5,5.7,64.0
2025,2,09/06/25,Ball State,Auburn,55.0,52.5,54.6,-0.4,,,,,,,-9.6,-7.5,2.1,45.0
2025,2,09/06/25,Michigan,Oklahoma,47.5,44.5,42.8,-4.7,UNDER,LEAN,WIN,+,3.0,10.5,-5.8,-7.5,-1.7,37.0
2025,2,09/06/25,Arizona State,Mississippi State,59.25,58.5,58.1,-1.1,,,,,,,-14.1,-14.5,-0.4,44.0
2025,2,09/06/25,UL Monroe,Alabama,50.75,50.25,48.6,-2.1,,,,,,,24.4,22.8,-1.6,73.0
2025,2,09/06/25,UCLA,UNLV,56.0,54.5,51.1,-4.9,UNDER,LEAN,WIN,+,1.5,3.0,1.9,-1.5,-3.4,53.0
2025,2,09/06/25,Tulsa,New Mexico State,53.0,53.0,54.6,1.6,,,,,,,-19.6,-18.0,1.6,35.0
2025,2,09/06/25,Stanford,BYU,47.75,44.0,49.6,1.9,,,,,,,-19.6,-14.0,5.6,30.0
2025,2,09/06/25,San Diego State,Washington State,45.25,46.5,52.5,7.2,OVER,STRONG,WIN,+,1.2,3.8,-3.5,2.5,6.0,49.0
2025,2,09/06/25,Sam Houston,Hawai'i,49.25,48.0,50.9,1.6,,,,,,,6.1,9.0,2.9,57.0
2025,3,09/11/25,NC State,Wake Forest,55.0,52.5,54.7,-0.3,,,,,,,3.3,5.5,2.2,58.0
2025,3,09/12/25,Colorado,Houston,43.5,45.5,50.2,6.7,OVER,STRONG,WIN,+,2.0,12.5,5.8,10.5,4.7,56.0
2025,3,09/12/25,Kansas State,Arizona,54.5,55.5,56.7,2.2,,,,,,,-16.7,-15.5,1.2,40.0
2025,3,09/12/25,New Mexico,UCLA,52.75,52.5,51.4,-1.4,,,,,,,-6.4,-7.5,-1.1,45.0
2025,3,09/13/25,Memphis,Troy,51.0,51.5,50.8,-0.2,,,,,,,-15.8,-16.5,-0.7,35.0
2025,3,09/13/25,Buffalo,Kent State,48.75,48.5,53.6,4.9,OVER,LEAN,WIN,-,-0.2,10.2,5.4,10.5,5.1,59.0
2025,3,09/13/25,Clemson,Georgia Tech,55.5,51.0,53.8,-1.7,,,,,,,-8.8,-6.0,2.8,45.0
2025,3,09/13/25,Central Michigan,Michigan,42.0,42.5,48.6,6.6,OVER,STRONG,WIN,+,0.5,24.0,17.4,23.5,6.1,66.0
2025,3,09/13/25,Oregon,Northwestern,51.5,50.5,54.7,3.2,OVER,LEAN,LOSS,-,-1.0,-3.5,-6.7,-2.5,4.2,48.0
2025,3,09/13/25,Oklahoma,Temple,51.5,51.0,51.4,-0.1,,,,,,,-6.4,-6.0,0.4,45.0
2025,3,09/13/25,Wisconsin,Alabama,46.75,45.5,47.1,0.4,,,,,,,4.9,6.5,1.6,52.0
2025,3,09/13/25,South Alabama,Auburn,53.5,56.0,50.8,-2.7,,,,,,,-4.8,-10.0,-5.2,46.0
2025,3,09/13/25,Louisiana,Missouri,49.25,47.5,44.6,-4.6,UNDER,LEAN,LOSS,+,1.8,-12.8,17.4,14.5,-2.9,62.0
2025,3,09/13/25,UConn,Delaware,51.5,52.5,57.7,6.2,OVER,STRONG,WIN,+,1.0,33.5,27.3,32.5,5.2,85.0
2025,3,09/13/25,Georgia,Tennessee,50.5,50.5,50.7,0.2,,,,,,,34.3,34.5,0.2,85.0
2025,3,09/13/25,Washington State,North Texas,58.25,57.5,56.5,-1.8,,,,,,,12.5,11.5,-1.0,69.0
2025,3,09/13/25,Pittsburgh,West Virginia,57.75,55.0,50.6,-7.1,UNDER,STRONG,WIN,+,2.8,2.8,4.4,0.0,-4.4,55.0
2025,3,09/13/25,SMU,Missouri State,61.5,60.5,54.3,-7.2,UNDER,STRONG,WIN,+,1.0,23.5,-16.3,-22.5,-6.2,38.0
2025,3,09/13/25,Oregon State,Texas Tech,60.5,61.5,56.9,-3.6,UNDER,LEAN,WIN,-,-1.0,1.5,2.1,-2.5,-4.6,59.0
2025,3,09/13/25,USC,Purdue,58.25,59.5,59.2,1.0,,,,,,,-9.2,-9.5,-0.3,50.0
2025,3,09/13/25,Iowa State,Arkansas State,55.0,55.5,54.9,-0.1,,,,,,,-14.9,-15.5,-0.6,40.0
2025,3,09/13/25,UTEP,Texas,51.0,52.5,58.8,7.8,OVER,STRONG,LOSS,+,1.5,-14.0,-21.8,-15.5,6.3,37.0
2025,3,09/13/25,South Florida,Miami,54.5,56.5,51.5,-3.0,UNDER,LEAN,LOSS,-,-2.0,-6.5,9.5,4.5,-5.0,61.0
2025,3,09/13/25,Middle Tennessee,Nevada,45.5,49.5,52.1,6.6,OVER,STRONG,LOSS,+,4.0,-18.5,-25.1,-22.5,2.6,27.0
2025,3,09/13/25,Liberty,Bowling Green,51.5,51.5,54.8,3.3,OVER,LEAN,LOSS,-,0.0,-15.5,-18.8,-15.5,3.3,36.0
2025,3,09/13/25,Florida Atlantic,Florida International,55.75,56.5,50.7,-5.0,UNDER,STRONG,LOSS,-,-0.8,-10.2,15.3,9.5,-5.8,66.0
2025,3,09/13/25,Jacksonville State,Georgia Southern,55.5,58.5,50.2,-5.3,UNDER,STRONG,LOSS,-,-3.0,-19.5,24.8,16.5,-8.3,75.0
2025,3,09/13/25,Arkansas,Ole Miss,62.0,60.5,57.2,-4.8,UNDER,LEAN,LOSS,+,1.5,-14.0,18.8,15.5,-3.3,76.0
2025,3,09/13/25,Western Michigan,Illinois,51.5,50.5,48.1,-3.4,UNDER,LEAN,WIN,+,1.0,13.5,-10.1,-12.5,-2.4,38.0
2025,3,09/13/25,App State,Southern Miss,52.5,56.5,56.2,3.7,OVER,LEAN,WIN,+,4.0,7.5,3.8,3.5,-0.3,60.0
2025,3,09/13/25,Ohio,Ohio State,53.5,49.5,46.7,-6.8,UNDER,STRONG,WIN,+,4.0,7.5,-0.7,-3.5,-2.8,46.0
2025,3,09/13/25,Old Dominion,Virginia Tech,51.0,50.5,47.9,-3.1,UNDER,LEAN,LOSS,+,0.5,-20.0,23.1,20.5,-2.6,71.0
2025,3,09/13/25,New Mexico State,Louisiana Tech,42.5,42.5,48.6,6.1,OVER,STRONG,WIN,-,0.0,20.5,14.4,20.5,6.1,63.0
2025,3,09/13/25,Texas A&M,Notre Dame,49.5,49.5,48.4,-1.1,,,,,,,32.6,31.5,-1.1,81.0
2025,3,09/13/25,East Carolina,Coastal Carolina,55.5,57.5,50.5,-5.0,UNDER,STRONG,WIN,-,-2.0,17.5,-12.5,-19.5,-7.0,38.0
2025,3,09/13/25,Massachusetts,Iowa,44.5,44.5,51.3,6.8,OVER,STRONG,WIN,-,0.0,9.5,2.7,9.5,6.8,54.0
2025,3,09/13/25,Florida,LSU,54.5,47.5,50.1,-4.4,UNDER,LEAN,WIN,+,7.0,24.5,-20.1,-17.5,2.6,30.0
2025,3,09/13/25,Eastern Michigan,Kentucky,47.5,49.5,56.4,8.9,OVER,STRONG,WIN,+,2.0,23.5,14.6,21.5,6.9,71.0
2025,3,09/13/25,Vanderbilt,South Carolina,47.5,48.5,50.5,3.0,OVER,LEAN,LOSS,+,1.0,-9.5,-12.5,-10.5,2.0,38.0
2025,3,09/13/25,Utah,Wyoming,47.75,47.5,52.9,5.1,OVER,STRONG,LOSS,-,-0.2,-10.8,-15.9,-10.5,5.4,37.0
2025,3,09/13/25,Navy,Tulsa,53.75,52.5,51.9,-1.9,,,,,,,13.1,12.5,-0.6,65.0
2025,3,09/13/25,Duke,Tulane,52.5,52.5,57.1,4.6,OVER,LEAN,WIN,-,0.0,8.5,3.9,8.5,4.6,61.0
2025,3,09/13/25,Akron,UAB,53.0,59.0,60.1,7.1,OVER,STRONG,WIN,+,6.0,6.0,-1.1,0.0,1.1,59.0
2025,3,09/13/25,Air Force,Utah State,51.5,51.5,53.8,2.3,,,,,,,25.2,27.5,2.3,79.0
2025,3,09/13/25,Boston College,Stanford,44.0,44.5,50.6,6.6,OVER,STRONG,WIN,+,0.5,6.0,-0.6,5.5,6.1,50.0
2025,3,09/13/25,Minnesota,California,43.75,40.5,46.2,2.5,,,,,,,-5.2,0.5,5.7,41.0
2025,3,09/13/25,Texas State,Arizona State,59.0,61.5,56.5,-2.5,,,,,,,-7.5,-12.5,-5.0,49.0
2025,4,09/18/25,Rice,Charlotte,44.5,42.0,48.4,3.9,OVER,LEAN,WIN,-,-2.5,0.5,-3.4,3.0,6.4,45.0
2025,4,09/19/25,Tulsa,Oklahoma State,56.0,54.5,53.9,-2.1,,,,,,,-22.9,-23.5,-0.6,31.0
2025,4,09/19/25,Iowa,Rutgers,46.0,46.5,48.8,2.8,,,,,,,17.2,19.5,2.3,66.0
2025,4,09/20/25,UNLV,Miami (OH),48.5,49.5,46.3,-2.2,,,,,,,32.7,29.5,-3.2,79.0
2025,4,09/20/25,Arkansas,Memphis,62.5,59.5,53.1,-9.4,UNDER,STRONG,LOSS,+,3.0,-0.5,9.9,3.5,-6.4,63.0
2025,4,09/20/25,SMU,TCU,63.25,63.5,55.0,-8.2,UNDER,STRONG,WIN,-,-0.2,4.2,4.0,-4.5,-8.5,59.0
2025,4,09/20/25,Syracuse,Clemson,54.75,53.5,52.6,-2.1,,,,,,,2.4,1.5,-0.9,55.0
2025,4,09/20/25,North Texas,Army,52.75,50.5,59.2,6.5,OVER,STRONG,WIN,-,-2.2,30.2,23.8,32.5,8.7,83.0
2025,4,09/20/25,Bowling Green,Louisville,52.25,50.5,48.8,-3.5,UNDER,LEAN,LOSS,+,1.8,-4.8,8.2,6.5,-1.7,57.0
2025,4,09/20/25,Texas Tech,Utah,55.5,58.5,46.5,-9.0,UNDER,STRONG,WIN,-,-3.0,11.5,-2.5,-14.5,-12.0,44.0
2025,4,09/20/25,Maryland,Wisconsin,43.5,44.5,51.0,7.5,OVER,STRONG,LOSS,+,1.0,-6.5,-14.0,-7.5,6.5,37.0
2025,4,09/20/25,UAB,Tennessee,67.75,68.5,69.0,1.2,,,,,,,11.0,11.5,0.5,80.0
2025,4,09/20/25,Oregon State,Oregon,56.5,58.5,61.9,5.4,OVER,STRONG,LOSS,+,2.0,-8.5,-13.9,-10.5,3.4,48.0
2025,4,09/20/25,Troy,Buffalo,43.0,43.5,44.0,1.0,,,,,,,-6.0,-5.5,0.5,38.0
2025,4,09/20/25,Auburn,Oklahoma,49.5,47.5,48.9,-0.6,,,,,,,-7.9,-6.5,1.4,41.0
2025,4,09/20/25,Kent State,Florida State,55.75,56.5,61.0,5.2,OVER,STRONG,WIN,+,0.8,20.2,15.0,19.5,4.5,76.0
2025,4,09/20/25,Michigan,Nebraska,44.5,47.5,56.0,11.5,OVER,STRONG,WIN,+,3.0,12.5,1.0,9.5,8.5,57.0
2025,4,09/20/25,Purdue,Notre Dame,52.5,51.5,52.4,-0.1,,,,,,,33.6,34.5,0.9,86.0
2025,4,09/20/25,North Carolina,UCF,50.25,46.5,51.5,1.2,,,,,,,-8.5,-3.5,5.0,43.0
2025,4,09/20/25,Toledo,Western Michigan,52.0,48.5,47.6,-4.4,UNDER,LEAN,WIN,+,3.5,25.0,-20.6,-21.5,-0.9,27.0
2025,4,09/20/25,Tulane,Ole Miss,61.0,61.5,55.7,-5.3,UNDER,STRONG,WIN,-,-0.5,6.0,-0.7,-6.5,-5.8,55.0
2025,4,09/20/25,Louisiana,Eastern Michigan,51.75,51.5,52.1,0.4,,,,,,,12.9,13.5,0.6,65.0
2025,4,09/20/25,Ball State,UConn,52.5,53.5,58.6,6.1,OVER,STRONG,WIN,+,1.0,3.5,-2.6,2.5,5.1,56.0
2025,4,09/20/25,James Madison,Liberty,49.0,46.5,53.5,4.5,OVER,LEAN,LOSS,-,-2.5,-5.0,-9.5,-2.5,7.0,44.0
2025,4,09/20/25,NC State,Duke,59.0,57.5,64.9,5.9,OVER,STRONG,WIN,-,-1.5,19.0,13.1,20.5,7.4,78.0
2025,4,09/20/25,Northern Illinois,Mississippi State,49.25,48.5,52.3,3.0,OVER,LEAN,LOSS,-,-0.8,-1.2,-4.3,-0.5,3.8,48.0
2025,4,09/20/25,Temple,Georgia Tech,53.5,52.5,58.0,4.5,OVER,LEAN,WIN,-,-1.0,15.5,11.0,16.5,5.5,69.0
2025,4,09/20/25,Arkansas State,Kennesaw State,54.5,58.0,59.5,5.0,OVER,STRONG,LOSS,+,3.5,-5.5,-10.5,-9.0,1.5,49.0
2025,4,09/20/25,West Virginia,Kansas,54.75,54.5,52.2,-2.5,,,,,,,-1.2,-3.5,-2.3,51.0
2025,4,09/20/25,Delaware,Florida International,54.5,54.5,49.8,-4.7,UNDER,LEAN,WIN,-,0.0,0.5,4.2,-0.5,-4.7,54.0
2025,4,09/20/25,Nevada,Western Kentucky,54.5,54.5,58.5,4.0,OVER,LEAN,LOSS,-,0.0,-7.5,-11.5,-7.5,4.0,47.0
2025,4,09/20/25,South Carolina,Missouri,46.0,48.5,44.6,-1.4,,,,,,,4.4,0.5,-3.9,49.0
2025,4,09/20/25,Coastal Carolina,South Alabama,51.5,51.5,51.1,-0.4,,,,,,,6.9,6.5,-0.4,58.0
2025,4,09/20/25,Marshall,Middle Tennessee,46.75,46.5,48.0,1.2,,,,,,,22.0,23.5,1.5,70.0
2025,4,09/20/25,Boise State,Air Force,51.5,51.5,54.0,2.5,,,,,,,32.0,34.5,2.5,86.0
2025,4,09/20/25,Arizona State,Baylor,59.0,60.5,58.6,-0.4,,,,,,,-7.6,-9.5,-1.9,51.0
2025,4,09/20/25,Florida,Miami,54.0,51.5,50.2,-3.8,UNDER,LEAN,WIN,+,2.5,21.0,-17.2,-18.5,-1.3,33.0
2025,4,09/20/25,Stanford,Virginia,48.75,48.5,53.4,4.6,OVER,LEAN,WIN,-,-0.2,19.2,14.6,19.5,4.9,68.0
2025,4,09/20/25,Washington,Washington State,53.5,52.0,53.2,-0.3,,,,,,,29.8,31.0,1.2,83.0
2025,4,09/20/25,Illinois,Indiana,52.5,51.0,46.7,-5.8,UNDER,STRONG,LOSS,+,1.5,-20.5,26.3,22.0,-4.3,73.0
2025,4,09/20/25,Georgia State,Vanderbilt,53.25,53.5,55.6,2.4,,,,,,,35.4,37.5,2.1,91.0
2025,4,09/20/25,Southern Miss,Louisiana Tech,51.5,51.5,48.2,-3.3,UNDER,LEAN,WIN,-,0.0,1.5,1.8,-1.5,-3.3,50.0
2025,4,09/20/25,BYU,East Carolina,49.0,49.5,46.9,-2.1,,,,,,,0.1,-2.5,-2.6,47.0
2025,4,09/20/25,Sam Houston,Texas,51.5,51.5,52.1,0.6,,,,,,,2.9,3.5,0.6,55.0
2025,4,09/20/25,UL Monroe,UTEP,47.0,47.0,50.8,3.8,OVER,LEAN,WIN,-,0.0,9.0,5.2,9.0,3.8,56.0
2025,4,09/20/25,UTSA,Colorado State,58.25,58.5,56.5,-1.8,,,,,,,-23.5,-25.5,-2.0,33.0
2025,4,09/20/25,Wyoming,Colorado,43.75,45.5,49.9,6.1,OVER,STRONG,WIN,+,1.8,13.2,7.1,11.5,4.4,57.0
2025,4,09/20/25,California,San Diego State,48.5,47.0,51.0,2.5,,,,,,,-17.0,-13.0,4.0,34.0
2025,4,09/20/25,Michigan State,USC,56.0,55.5,55.4,-0.6,,,,,,,20.6,20.5,-0.1,76.0
2025,4,09/20/25,Fresno State,Hawai'i,47.5,47.5,53.0,5.5,OVER,STRONG,LOSS,-,0.0,-3.5,-9.0,-3.5,5.5,44.0
2025,5,09/25/25,Army,East Carolina,52.5,52.5,49.3,-3.2,UNDER,LEAN,WIN,-,0.0,18.5,-15.3,-18.5,-3.2,34.0
2025,5,09/26/25,Florida State,Virginia,54.5,60.5,61.9,7.4,OVER,STRONG,WIN,+,6.0,29.5,22.1,23.5,1.4,84.0
2025,5,09/26/25,TCU,Arizona State,55.5,54.5,49.4,-6.1,UNDER,STRONG,WIN,+,1.0,4.5,1.6,-3.5,-5.1,51.0
2025,5,09/26/25,Houston,Oregon State,48.5,48.5,55.4,6.9,OVER,STRONG,WIN,-,0.0,2.5,-4.4,2.5,6.9,51.0
2025,5,09/27/25,South Alabama,North Texas,63.25,63.5,65.3,2.0,,,,,,,-7.3,-5.5,1.8,58.0
2025,5,09/27/25,Bowling Green,Ohio,50.75,49.5,51.1,0.4,,,,,,,3.9,5.5,1.6,55.0
2025,5,09/27/25,Notre Dame,Arkansas,61.5,63.5,66.4,4.9,OVER,LEAN,WIN,+,2.0,7.5,2.6,5.5,2.9,69.0
2025,5,09/27/25,Georgia Tech,Wake Forest,53.75,53.5,52.5,-1.2,,,,,,,6.5,5.5,-1.0,59.0
2025,5,09/27/25,Duke,Syracuse,58.75,59.5,64.2,5.5,OVER,STRONG,LOSS,+,0.8,-17.8,-23.2,-18.5,4.7,41.0
2025,5,09/27/25,Louisville,Pittsburgh,56.0,53.5,52.9,-3.1,UNDER,LEAN,LOSS,+,2.5,-5.0,8.1,7.5,-0.6,61.0
2025,5,09/27/25,UCF,Kansas State,49.0,48.5,50.4,1.4,,,,,,,3.6,5.5,1.9,54.0
2025,5,09/27/25,Cincinnati,Kansas,55.0,56.0,51.5,-3.5,UNDER,LEAN,LOSS,-,-1.0,-16.0,19.5,15.0,-4.5,71.0
2025,5,09/27/25,Rutgers,Minnesota,51.5,51.5,51.5,0.0,,,,,,,7.5,7.5,0.0,59.0
2025,5,09/27/25,USC,Illinois,57.5,62.5,56.2,-1.3,,,,,,,9.8,3.5,-6.3,66.0
2025,5,09/27/25,Utah State,Vanderbilt,59.5,57.5,56.6,-2.9,,,,,,,33.4,32.5,-0.9,90.0
2025,5,09/27/25,Eastern Michigan,Central Michigan,54.25,55.5,55.1,0.9,,,,,,,-18.1,-18.5,-0.4,37.0
2025,5,09/27/25,Georgia Southern,James Madison,53.75,54.5,56.7,3.0,OVER,LEAN,LOSS,+,0.8,-8.8,-11.7,-9.5,2.2,45.0
2025,5,09/27/25,Arkansas State,UL Monroe,56.5,55.5,54.4,-2.1,,,,,,,-10.4,-11.5,-1.1,44.0
2025,5,09/27/25,UCLA,Northwestern,45.75,46.0,48.8,3.0,OVER,LEAN,LOSS,+,0.2,-14.8,-17.8,-15.0,2.8,31.0
2025,5,09/27/25,Indiana,Iowa,49.25,47.5,43.4,-5.9,UNDER,STRONG,WIN,+,1.8,14.2,-8.4,-12.5,-4.1,35.0
2025,5,09/27/25,Ohio State,Washington,50.5,52.5,48.1,-2.4,,,,,,,-18.1,-22.5,-4.4,30.0
2025,5,09/27/25,LSU,Ole Miss,56.0,58.0,52.5,-3.5,UNDER,LEAN,WIN,-,-2.0,13.0,-9.5,-15.0,-5.5,43.0
2025,5,09/27/25,Utah,West Virginia,50.0,46.5,52.0,2.0,,,,,,,10.0,15.5,5.5,62.0
2025,5,09/27/25,California,Boston College,51.75,54.5,56.8,5.0,OVER,STRONG,WIN,+,2.8,0.2,-4.8,-2.5,2.3,52.0
2025,5,09/27/25,UConn,Buffalo,51.5,51.5,56.4,4.9,OVER,LEAN,LOSS,-,0.0,-14.5,-19.4,-14.5,4.9,37.0
2025,5,09/27/25,Baylor,Oklahoma State,59.5,58.5,62.4,2.9,,,,,,,9.6,13.5,3.9,72.0
2025,5,09/27/25,San Diego State,Northern Illinois,42.75,42.0,51.9,9.1,OVER,STRONG,LOSS,-,-0.8,-33.8,-42.9,-33.0,9.9,9.0
2025,5,09/27/25,Rice,Navy,45.5,45.5,50.7,5.2,OVER,STRONG,LOSS,-,0.0,-11.5,-16.7,-11.5,5.2,34.0
2025,5,09/27/25,Auburn,Texas A&M,49.0,51.5,50.2,1.2,,,,,,,-24.2,-25.5,-1.3,26.0
2025,5,09/27/25,Akron,Toledo,48.0,50.0,47.9,-0.1,,,,,,,0.1,-2.0,-2.1,48.0
2025,5,09/27/25,Tulane,Tulsa,54.25,52.5,53.8,-0.5,,,,,,,-8.8,-7.5,1.3,45.0
2025,5,09/27/25,Hawai'i,Air Force,53.75,52.5,54.1,0.4,,,,,,,24.9,26.5,1.6,79.0
2025,5,09/27/25,New Mexico State,New Mexico,54.5,53.5,49.5,-5.0,UNDER,STRONG,LOSS,+,1.0,-3.5,8.5,4.5,-4.0,58.0
2025,5,09/27/25,Tennessee,Mississippi State,62.5,63.5,59.0,-3.5,UNDER,LEAN,LOSS,-,-1.0,-12.5,16.0,11.5,-4.5,75.0
2025,5,09/27/25,Middle Tennessee,Kennesaw State,51.75,54.5,52.5,0.8,,,,,,,-12.5,-14.5,-2.0,40.0
2025,5,09/27/25,Liberty,Old Dominion,51.75,53.5,51.7,-0.0,,,,,,,-23.7,-25.5,-1.8,28.0
2025,5,09/27/25,Virginia Tech,NC State,57.75,57.5,56.8,-1.0,,,,,,,-12.8,-13.5,-0.7,44.0
2025,5,09/27/25,Western Kentucky,Missouri State,60.0,59.5,58.8,-1.2,,,,,,,-9.8,-10.5,-0.7,49.0
2025,5,09/27/25,Arizona,Iowa State,49.5,48.5,50.5,1.0,,,,,,,2.5,4.5,2.0,53.0
2025,5,09/27/25,Jacksonville State,Southern Miss,57.25,55.5,49.8,-7.5,UNDER,STRONG,LOSS,+,1.8,-9.8,17.2,11.5,-5.7,67.0
2025,5,09/27/25,Memphis,Florida Atlantic,61.5,62.5,56.0,-5.5,UNDER,STRONG,LOSS,-,-1.0,-19.5,25.0,18.5,-6.5,81.0
2025,5,09/27/25,Massachusetts,Missouri,55.25,57.0,56.6,1.4,,,,,,,-8.6,-9.0,-0.4,48.0
2025,5,09/27/25,San José State,Stanford,49.5,49.5,51.6,2.1,,,,,,,7.4,9.5,2.1,59.0
2025,5,09/27/25,App State,Boise State,60.0,59.5,58.8,-1.2,,,,,,,2.2,1.5,-0.7,61.0
2025,5,09/27/25,Oregon,Penn State,52.5,53.0,50.7,-1.8,,,,,,,3.3,1.0,-2.3,54.0
2025,5,09/27/25,Washington State,Colorado State,50.5,48.5,50.9,0.4,,,,,,,-27.9,-25.5,2.4,23.0
2025,5,09/27/25,Alabama,Georgia,53.0,53.5,50.3,-2.7,,,,,,,-5.3,-8.5,-3.2,45.0
2025,5,09/27/25,Kentucky,South Carolina,47.25,46.5,47.9,0.6,,,,,,,0.1,1.5,1.4,48.0
2025,5,09/27/25,Marshall,Louisiana,46.5,48.0,46.4,-0.1,,,,,,,58.6,57.0,-1.6,105.0
2025,5,09/27/25,Louisiana Tech,UTEP,48.5,48.0,50.0,1.5,,,,,,,-9.0,-7.0,2.0,41.0
2025,5,09/27/25,BYU,Colorado,47.5,48.5,48.3,0.8,,,,,,,-3.3,-3.5,-0.2,45.0
2025,6,10/02/25,Sam Houston,New Mexico State,52.25,52.5,54.0,1.8,,,,,,,-7.0,-5.5,1.5,47.0
2025,6,10/03/25,Charlotte,South Florida,55.0,54.5,58.7,3.7,OVER,LEAN,WIN,-,-0.5,25.0,21.3,25.5,4.2,80.0
2025,6,10/03/25,Western Kentucky,Delaware,62.0,63.0,55.9,-6.1,UNDER,STRONG,WIN,-,-1.0,11.0,-4.9,-12.0,-7.1,51.0
2025,6,10/03/25,New Mexico,San José State,56.5,58.5,57.4,0.9,,,,,,,5.6,4.5,-1.1,63.0
2025,6,10/03/25,Colorado State,San Diego State,38.75,40.5,49.0,10.2,OVER,STRONG,WIN,+,1.8,30.2,20.0,28.5,8.5,69.0
2025,6,10/03/25,West Virginia,BYU,48.75,46.5,44.5,-4.2,UNDER,LEAN,LOSS,+,2.2,-13.2,17.5,15.5,-2.0,62.0
2025,6,10/04/25,Air Force,Navy,49.0,51.0,59.2,10.2,OVER,STRONG,WIN,+,2.0,16.0,5.8,14.0,8.2,65.0
2025,6,10/04/25,Boston College,Pittsburgh,56.0,54.5,55.5,-0.5,,,,,,,-0.5,0.5,1.0,55.0
2025,6,10/04/25,Kansas State,Baylor,61.5,60.0,59.8,-1.7,,,,,,,9.2,9.0,-0.2,69.0
2025,6,10/04/25,Iowa State,Cincinnati,51.5,55.5,50.7,-0.8,,,,,,,17.3,12.5,-4.8,68.0
2025,6,10/04/25,Ohio,Ball State,51.5,52.5,56.3,4.8,OVER,LEAN,LOSS,+,1.0,-17.5,-22.3,-18.5,3.8,34.0
2025,6,10/04/25,Army,UAB,58.0,55.5,59.7,1.7,,,,,,,-15.7,-11.5,4.2,44.0
2025,6,10/04/25,Wisconsin,Michigan,41.5,42.5,44.0,2.5,,,,,,,-10.0,-8.5,1.5,34.0
2025,6,10/04/25,Kentucky,Georgia,49.5,49.0,50.2,0.7,,,,,,,-1.2,0.0,1.2,49.0
2025,6,10/04/25,Illinois,Purdue,55.0,54.5,50.9,-4.1,UNDER,LEAN,LOSS,+,0.5,-15.0,19.1,15.5,-3.6,70.0
2025,6,10/04/25,Clemson,North Carolina,47.5,47.5,52.5,5.0,OVER,STRONG,WIN,-,0.0,0.5,-4.5,0.5,5.0,48.0
2025,6,10/04/25,Wake Forest,Virginia Tech,50.5,51.5,53.1,2.6,,,,,,,-0.1,1.5,1.6,53.0
2025,6,10/04/25,UTSA,Temple,58.5,58.5,58.5,0.0,,,,,,,-10.5,-10.5,0.0,48.0
2025,6,10/04/25,Western Michigan,Massachusetts,46.5,46.5,49.5,3.0,OVER,LEAN,LOSS,-,0.0,-22.5,-25.5,-22.5,3.0,24.0
2025,6,10/04/25,Oklahoma State,Arizona,56.0,56.5,58.6,2.6,,,,,,,-4.6,-2.5,2.1,54.0
2025,6,10/04/25,Penn State,UCLA,49.75,48.0,53.7,4.0,OVER,LEAN,WIN,-,-1.8,29.2,25.3,31.0,5.7,79.0
2025,6,10/04/25,Florida International,UConn,54.5,52.0,57.4,2.9,,,,,,,3.6,9.0,5.4,61.0
2025,6,10/04/25,Miami (OH),Northern Illinois,39.0,38.5,44.9,5.9,OVER,STRONG,PUSH,-,-0.5,0.0,-5.9,0.5,6.4,39.0
2025,6,10/04/25,Boise State,Notre Dame,59.0,63.5,59.0,0.0,,,,,,,-24.0,-28.5,-4.5,35.0
2025,6,10/04/25,James Madison,Georgia State,53.75,52.5,54.2,0.5,,,,,,,-33.2,-31.5,1.7,21.0
2025,6,10/04/25,Oregon State,App State,54.75,53.5,54.4,-0.4,,,,,,,-4.4,-3.5,0.9,50.0
2025,6,10/04/25,Eastern Michigan,Buffalo,48.5,53.5,51.4,2.9,,,,,,,9.6,7.5,-2.1,61.0
2025,6,10/04/25,Texas,Florida,48.75,42.5,46.1,-2.6,,,,,,,3.9,7.5,3.6,50.0
2025,6,10/04/25,UL Monroe,Northwestern,40.5,43.5,44.6,4.1,OVER,LEAN,WIN,+,3.0,8.5,4.4,5.5,1.1,49.0
2025,6,10/04/25,Washington,Maryland,53.0,52.5,49.6,-3.4,UNDER,LEAN,WIN,+,0.5,9.0,-5.6,-8.5,-2.9,44.0
2025,6,10/04/25,Syracuse,SMU,58.5,56.5,57.3,-1.2,,,,,,,-8.3,-7.5,0.8,49.0
2025,6,10/04/25,Virginia,Louisville,62.0,60.0,58.7,-3.3,UNDER,LEAN,WIN,+,2.0,5.0,-1.7,-3.0,-1.3,57.0
2025,6,10/04/25,Central Michigan,Akron,45.0,47.5,47.1,2.1,,,,,,,2.9,2.5,-0.4,50.0
2025,6,10/04/25,Vanderbilt,Alabama,54.0,57.5,53.3,-0.7,,,,,,,-9.3,-13.5,-4.2,44.0
2025,6,10/04/25,Kent State,Oklahoma,53.5,53.5,57.7,4.2,OVER,LEAN,LOSS,-,0.0,-9.5,-13.7,-9.5,4.2,44.0
2025,6,10/04/25,Texas State,Arkansas State,64.5,63.5,62.4,-2.1,,,,,,,-1.4,-2.5,-1.1,61.0
2025,6,10/04/25,Michigan State,Nebraska,53.5,48.5,52.1,-1.4,,,,,,,12.9,16.5,3.6,65.0
2025,6,10/04/25,Coastal Carolina,Old Dominion,55.25,53.5,49.9,-5.4,UNDER,STRONG,WIN,+,1.8,1.2,4.1,0.5,-3.6,54.0
2025,6,10/04/25,Florida Atlantic,Rice,52.5,55.0,53.6,1.1,,,,,,,-5.6,-7.0,-1.4,48.0
2025,6,10/04/25,Texas Tech,Houston,50.25,51.5,51.6,1.4,,,,,,,-5.6,-5.5,0.1,46.0
2025,6,10/04/25,South Alabama,Troy,47.0,46.5,53.5,6.5,OVER,STRONG,WIN,-,-0.5,8.0,1.5,8.5,7.0,55.0
2025,6,10/04/25,UNLV,Wyoming,52.75,51.0,54.9,2.1,,,,,,,-6.9,-3.0,3.9,48.0
2025,6,10/04/25,Kansas,UCF,55.5,53.5,54.0,-1.5,,,,,,,-7.0,-6.5,0.5,47.0
2025,6,10/04/25,Minnesota,Ohio State,44.5,42.5,47.9,3.4,OVER,LEAN,WIN,-,-2.0,0.5,-2.9,2.5,5.4,45.0
2025,6,10/04/25,Miami,Florida State,53.5,54.5,49.5,-4.0,UNDER,LEAN,WIN,-,-1.0,3.5,0.5,-4.5,-5.0,50.0
2025,6,10/04/25,Mississippi State,Texas A&M,58.25,57.5,56.5,-1.8,,,,,,,-16.5,-17.5,-1.0,40.0
2025,6,10/04/25,Colorado,TCU,58.75,57.0,56.3,-2.5,,,,,,,-0.3,-1.0,-0.7,56.0
2025,6,10/04/25,Tulsa,Memphis,56.0,54.5,53.3,-2.7,,,,,,,-1.3,-2.5,-1.2,52.0
2025,6,10/04/25,Duke,California,56.25,54.5,60.3,4.0,OVER,LEAN,WIN,-,-1.8,9.8,5.7,11.5,5.8,66.0
2025,6,10/04/25,Nevada,Fresno State,44.25,45.5,49.8,5.5,OVER,STRONG,LOSS,+,1.2,-7.2,-12.8,-8.5,4.3,37.0
2025,7,10/08/25,Missouri State,Middle Tennessee,52.0,51.5,52.7,0.7,,,,,,,-10.7,-9.5,1.2,42.0
2025,7,10/08/25,Liberty,UTEP,46.75,46.5,52.2,5.5,OVER,STRONG,LOSS,-,-0.2,-19.8,-25.2,-19.5,5.7,27.0
2025,7,10/09/25,Louisiana Tech,Kennesaw State,45.5,46.5,49.1,3.6,OVER,LEAN,LOSS,+,1.0,-3.5,-7.1,-4.5,2.6,42.0
2025,7,10/09/25,East Carolina,Tulane,54.0,53.5,53.0,-1.0,,,,,,,-8.0,-8.5,-0.5,45.0
2025,7,10/09/25,Jacksonville State,Sam Houston,55.5,53.5,48.9,-6.6,UNDER,STRONG,LOSS,+,2.0,-0.5,7.1,2.5,-4.6,56.0
2025,7,10/09/25,Southern Miss,Georgia Southern,60.0,60.0,59.1,-0.9,,,,,,,13.9,13.0,-0.9,73.0
2025,7,10/10/25,South Florida,North Texas,66.0,68.5,62.2,-3.8,UNDER,LEAN,LOSS,-,-2.5,-33.0,36.8,30.5,-6.3,99.0
2025,7,10/10/25,Fresno State,Colorado State,45.5,47.5,51.1,5.6,OVER,STRONG,WIN,+,2.0,24.5,18.9,22.5,3.6,70.0
2025,7,10/10/25,Rutgers,Washington,59.0,62.5,58.0,-1.0,,,,,,,-1.0,-5.5,-4.5,57.0
2025,7,10/11/25,Pittsburgh,Florida State,58.25,57.0,51.5,-6.8,UNDER,STRONG,LOSS,+,1.2,-6.8,13.5,8.0,-5.5,65.0
2025,7,10/11/25,UCLA,Michigan State,55.5,51.5,49.4,-6.1,UNDER,STRONG,WIN,+,4.0,4.5,1.6,-0.5,-2.1,51.0
2025,7,10/11/25,Louisiana,James Madison,46.5,45.0,41.1,-5.4,UNDER,STRONG,WIN,+,1.5,8.5,-3.1,-7.0,-3.9,38.0
2025,7,10/11/25,Houston,Oklahoma State,47.0,47.5,52.6,5.6,OVER,STRONG,WIN,+,0.5,9.0,3.4,8.5,5.1,56.0
2025,7,10/11/25,Ohio State,Illinois,50.5,51.5,54.5,4.0,OVER,LEAN,LOSS,+,1.0,-0.5,-4.5,-1.5,3.0,50.0
2025,7,10/11/25,Toledo,Bowling Green,49.5,45.5,48.9,-0.6,,,,,,,2.1,5.5,3.4,51.0
2025,7,10/11/25,Alabama,Missouri,53.5,50.5,49.2,-4.3,UNDER,LEAN,WIN,+,3.0,2.5,1.8,0.5,-1.3,51.0
2025,7,10/11/25,UCF,Cincinnati,56.0,55.5,54.3,-1.7,,,,,,,-23.3,-24.5,-1.2,31.0
2025,7,10/11/25,Miami (OH),Akron,45.5,47.5,50.2,4.7,OVER,LEAN,LOSS,+,2.0,-18.5,-23.2,-20.5,2.7,27.0
2025,7,10/11/25,Charlotte,Army,47.0,45.5,54.6,7.6,OVER,STRONG,LOSS,-,-1.5,-16.0,-23.6,-14.5,9.1,31.0
2025,7,10/11/25,Stanford,SMU,56.5,55.5,50.9,-5.6,UNDER,STRONG,WIN,+,1.0,12.5,-6.9,-11.5,-4.6,44.0
2025,7,10/11/25,Washington State,Ole Miss,59.25,58.5,54.7,-4.5,UNDER,LEAN,WIN,+,0.8,14.2,-9.7,-13.5,-3.8,45.0
2025,7,10/11/25,Northern Illinois,Eastern Michigan,49.0,48.5,46.4,-2.6,,,,,,,-20.4,-22.5,-2.1,26.0
2025,7,10/11/25,Massachusetts,Kent State,48.75,49.5,54.3,5.5,OVER,STRONG,LOSS,+,0.8,-0.8,-6.3,-1.5,4.8,48.0
2025,7,10/11/25,Old Dominion,Marshall,55.25,57.5,53.5,-1.8,,,,,,,18.5,14.5,-4.0,72.0
2025,7,10/11/25,Northwestern,Penn State,48.5,46.5,42.6,-5.9,UNDER,STRONG,WIN,+,2.0,5.5,0.4,-3.5,-3.9,43.0
2025,7,10/11/25,TCU,Kansas State,57.5,54.5,52.5,-5.0,UNDER,STRONG,LOSS,+,3.0,-11.5,16.5,14.5,-2.0,69.0
2025,7,10/11/25,Oklahoma,Texas,49.5,44.5,42.7,-6.8,UNDER,STRONG,WIN,+,5.0,20.5,-13.7,-15.5,-1.8,29.0
2025,7,10/11/25,Ball State,Western Michigan,43.25,43.0,47.8,4.5,OVER,LEAN,LOSS,-,-0.2,-1.2,-5.8,-1.0,4.8,42.0
2025,7,10/11/25,Indiana,Oregon,55.0,51.5,52.3,-2.7,,,,,,,-2.3,-1.5,0.8,50.0
2025,7,10/11/25,Virginia Tech,Georgia Tech,55.5,55.5,58.1,2.6,,,,,,,-3.1,-0.5,2.6,55.0
2025,7,10/11/25,Nebraska,Maryland,47.75,47.5,44.9,-2.9,,,,,,,20.1,17.5,-2.6,65.0
2025,7,10/11/25,App State,Georgia State,55.75,55.5,53.5,-2.2,,,,,,,7.5,5.5,-2.0,61.0
2025,7,10/11/25,NC State,Notre Dame,62.5,59.5,54.7,-7.8,UNDER,STRONG,WIN,+,3.0,19.5,-11.7,-16.5,-4.8,43.0
2025,7,10/11/25,Wake Forest,Oregon State,52.5,47.5,51.3,-1.2,,,,,,,1.7,5.5,3.8,53.0
2025,7,10/11/25,Iowa State,Colorado,52.5,52.5,50.1,-2.4,,,,,,,-9.1,-11.5,-2.4,41.0
2025,7,10/11/25,Air Force,UNLV,68.5,65.5,56.5,-12.0,UNDER,STRONG,LOSS,+,3.0,-30.5,42.5,33.5,-9.0,99.0
2025,7,10/11/25,Navy,Temple,53.0,52.5,54.6,1.6,,,,,,,8.4,10.5,2.1,63.0
2025,7,10/11/25,Arkansas,Tennessee,69.5,68.5,55.4,-14.1,UNDER,STRONG,WIN,+,1.0,4.5,9.6,-3.5,-13.1,65.0
2025,7,10/11/25,UAB,Florida Atlantic,69.5,66.0,64.2,-5.3,UNDER,STRONG,LOSS,+,3.5,-16.5,21.8,20.0,-1.8,86.0
2025,7,10/11/25,UL Monroe,Coastal Carolina,44.0,46.5,47.4,3.4,OVER,LEAN,LOSS,+,2.5,-13.0,-16.4,-15.5,0.9,31.0
2025,7,10/11/25,Iowa,Wisconsin,37.5,37.5,45.2,7.7,OVER,STRONG,LOSS,-,0.0,-0.5,-8.2,-0.5,7.7,37.0
2025,7,10/11/25,San José State,Wyoming,49.5,49.5,53.3,3.8,OVER,LEAN,WIN,-,0.0,13.5,9.7,13.5,3.8,63.0
2025,7,10/11/25,Florida,Texas A&M,46.25,48.0,51.1,4.9,OVER,LEAN,WIN,+,1.8,4.8,-0.1,3.0,3.1,51.0
2025,7,10/11/25,Clemson,Boston College,54.5,54.5,55.8,1.3,,,,,,,-4.8,-3.5,1.3,51.0
2025,7,10/11/25,Purdue,Minnesota,52.0,49.5,47.8,-4.2,UNDER,LEAN,WIN,+,2.5,5.0,-0.8,-2.5,-1.7,47.0
2025,7,10/11/25,Michigan,USC,56.0,58.0,57.4,1.4,,,,,,,-13.4,-14.0,-0.6,44.0
2025,7,10/11/25,Kansas,Texas Tech,60.5,58.5,52.5,-8.0,UNDER,STRONG,WIN,+,2.0,1.5,6.5,0.5,-6.0,59.0
2025,7,10/11/25,Georgia,Auburn,48.5,46.5,46.3,-2.2,,,,,,,-16.3,-16.5,-0.2,30.0
2025,7,10/11/25,Rice,UTSA,49.5,48.5,48.1,-1.4,,,,,,,25.9,25.5,-0.4,74.0
2025,7,10/11/25,South Carolina,LSU,44.5,44.5,51.1,6.6,OVER,STRONG,LOSS,-,0.0,-14.5,-21.1,-14.5,6.6,30.0
2025,7,10/11/25,Troy,Texas State,54.0,53.5,51.1,-2.9,,,,,,,37.9,35.5,-2.4,89.0
2025,7,10/11/25,BYU,Arizona,48.0,46.5,51.7,3.7,OVER,LEAN,WIN,-,-1.5,12.0,8.3,13.5,5.2,60.0
2025,7,10/11/25,New Mexico,Boise State,60.0,58.5,55.1,-4.9,UNDER,LEAN,LOSS,+,1.5,-6.0,10.9,7.5,-3.4,66.0
2025,7,10/11/25,Arizona State,Utah,49.0,44.5,47.8,-1.2,,,,,,,4.2,7.5,3.3,52.0
2025,7,10/11/25,San Diego State,Nevada,42.0,42.5,51.4,9.4,OVER,STRONG,WIN,+,0.5,12.0,2.6,11.5,8.9,54.0
2025,7,10/11/25,Utah State,Hawai'i,58.5,57.5,55.1,-3.4,UNDER,LEAN,LOSS,+,1.0,-11.5,14.9,12.5,-2.4,70.0
2025,8,10/14/25,New Mexico State,Liberty,47.5,48.5,46.6,-0.9,,,,,,,10.4,8.5,-1.9,57.0
2025,8,10/14/25,Arkansas State,South Alabama,59.5,57.5,59.5,0.0,,,,,,,-30.5,-28.5,2.0,29.0
2025,8,10/14/25,Florida International,Western Kentucky,56.5,55.5,55.1,-1.4,,,,,,,-24.1,-24.5,-0.4,31.0
2025,8,10/15/25,Delaware,Jacksonville State,57.5,55.5,50.9,-6.6,UNDER,STRONG,LOSS,+,2.0,-5.5,12.1,7.5,-4.6,63.0
2025,8,10/15/25,UTEP,Sam Houston,47.5,46.5,44.2,-3.3,UNDER,LEAN,LOSS,+,1.0,-4.5,7.8,5.5,-2.3,52.0
2025,8,10/16/25,Tulsa,East Carolina,53.5,54.5,52.2,-1.3,,,,,,,15.8,13.5,-2.3,68.0
2025,8,10/17/25,Louisville,Miami,54.0,49.5,47.9,-6.1,UNDER,STRONG,WIN,+,4.5,9.0,-2.9,-4.5,-1.6,45.0
2025,8,10/17/25,Nebraska,Minnesota,47.75,47.5,46.0,-1.8,,,,,,,-16.0,-17.5,-1.5,30.0
2025,8,10/17/25,San José State,Utah State,58.75,63.5,59.6,0.9,,,,,,,-4.6,-8.5,-3.9,55.0
2025,8,10/17/25,North Carolina,California,47.0,46.5,50.5,3.5,OVER,LEAN,LOSS,-,-0.5,-8.0,-11.5,-7.5,4.0,39.0
2025,8,10/18/25,Army,Tulane,46.5,44.5,45.1,-1.4,,,,,,,-4.1,-3.5,0.6,41.0
2025,8,10/18/25,Eastern Michigan,Miami (OH),48.0,47.5,51.0,3.0,OVER,LEAN,WIN,-,-0.5,26.0,23.0,26.5,3.5,74.0
2025,8,10/18/25,Georgia Tech,Duke,60.75,60.5,62.5,1.8,,,,,,,-17.5,-15.5,2.0,45.0
2025,8,10/18/25,Central Michigan,Bowling Green,43.5,43.5,45.2,1.7,,,,,,,-12.2,-10.5,1.7,33.0
2025,8,10/18/25,Arizona,Houston,46.75,47.5,51.8,5.0,OVER,STRONG,WIN,+,0.8,12.2,7.2,11.5,4.3,59.0
2025,8,10/18/25,UConn,Boston College,56.0,58.5,59.1,3.1,OVER,LEAN,WIN,+,2.5,5.0,1.9,2.5,0.6,61.0
2025,8,10/18/25,Baylor,TCU,66.5,66.5,59.9,-6.6,UNDER,STRONG,LOSS,-,0.0,-11.5,18.1,11.5,-6.6,78.0
2025,8,10/18/25,LSU,Vanderbilt,49.0,48.5,51.8,2.8,,,,,,,3.2,6.5,3.3,55.0
2025,8,10/18/25,Washington,Michigan,49.25,50.5,46.3,-3.0,UNDER,LEAN,WIN,-,-1.2,18.2,-15.3,-19.5,-4.2,31.0
2025,8,10/18/25,Oklahoma,South Carolina,42.5,43.0,49.0,6.5,OVER,STRONG,LOSS,+,0.5,-9.5,-16.0,-10.0,6.0,33.0
2025,8,10/18/25,West Virginia,UCF,49.0,46.5,52.5,3.5,OVER,LEAN,WIN,-,-2.5,9.0,5.5,11.5,6.0,58.0
2025,8,10/18/25,Kent State,Toledo,52.5,48.5,52.6,0.1,,,,,,,2.4,6.5,4.1,55.0
2025,8,10/18/25,Buffalo,Massachusetts,45.0,47.5,50.2,5.2,OVER,STRONG,WIN,+,2.5,4.0,-1.2,1.5,2.7,49.0
2025,8,10/18/25,Purdue,Northwestern,48.5,47.0,50.6,2.1,,,,,,,-31.6,-28.0,3.6,19.0
2025,8,10/18/25,Troy,UL Monroe,46.5,45.5,49.2,2.7,,,,,,,1.8,5.5,3.7,51.0
2025,8,10/18/25,Texas A&M,Arkansas,61.75,57.5,60.4,-1.4,,,,,,,26.6,29.5,2.9,87.0
2025,8,10/18/25,Wyoming,Air Force,58.5,56.5,55.3,-3.2,UNDER,LEAN,WIN,+,2.0,13.5,-10.3,-11.5,-1.2,45.0
2025,8,10/18/25,Northern Illinois,Ohio,43.5,41.5,38.7,-4.8,UNDER,LEAN,LOSS,+,2.0,-25.5,30.3,27.5,-2.8,69.0
2025,8,10/18/25,Old Dominion,James Madison,47.5,47.5,48.5,1.0,,,,,,,41.5,42.5,1.0,90.0
2025,8,10/18/25,Coastal Carolina,App State,49.5,48.0,51.7,2.2,,,,,,,30.3,34.0,3.7,82.0
2025,8,10/18/25,Michigan State,Indiana,53.0,49.5,45.2,-7.8,UNDER,STRONG,WIN,+,3.5,2.0,5.8,1.5,-4.3,51.0
2025,8,10/18/25,Ole Miss,Georgia,53.75,56.5,49.9,-3.9,UNDER,LEAN,LOSS,-,-2.8,-24.2,28.1,21.5,-6.6,78.0
2025,8,10/18/25,Texas State,Marshall,64.75,65.5,59.1,-5.6,UNDER,STRONG,LOSS,-,-0.8,-12.2,17.9,11.5,-6.4,77.0
2025,8,10/18/25,Akron,Ball State,43.5,44.0,53.3,9.8,OVER,STRONG,WIN,+,0.5,26.5,16.7,26.0,9.3,70.0
2025,8,10/18/25,UTSA,North Texas,67.5,64.0,63.1,-4.4,UNDER,LEAN,LOSS,+,3.5,-4.5,8.9,8.0,-0.9,72.0
2025,8,10/18/25,Temple,Charlotte,47.0,47.5,53.9,6.9,OVER,STRONG,WIN,+,0.5,16.0,9.1,15.5,6.4,63.0
2025,8,10/18/25,UNLV,Boise State,63.0,61.0,57.5,-5.5,UNDER,STRONG,LOSS,+,2.0,-24.0,29.5,26.0,-3.5,87.0
2025,8,10/18/25,SMU,Clemson,54.75,49.5,49.8,-5.0,UNDER,STRONG,LOSS,+,5.2,-4.2,9.2,9.5,0.3,59.0
2025,8,10/18/25,Ohio State,Wisconsin,41.25,41.5,46.6,5.4,OVER,STRONG,LOSS,+,0.2,-7.2,-12.6,-7.5,5.1,34.0
2025,8,10/18/25,Texas Tech,Arizona State,49.5,52.5,48.2,-1.3,,,,,,,-0.2,-4.5,-4.3,48.0
2025,8,10/18/25,Memphis,UAB,64.5,59.5,59.4,-5.1,UNDER,STRONG,WIN,+,5.0,9.5,-4.4,-4.5,-0.1,55.0
2025,8,10/18/25,Mississippi State,Florida,52.5,51.0,55.9,3.4,OVER,LEAN,LOSS,-,-1.5,-8.5,-11.9,-7.0,4.9,44.0
2025,8,10/18/25,Southern Miss,Louisiana,54.0,54.5,49.0,-5.0,UNDER,STRONG,WIN,-,-0.5,22.0,-17.0,-22.5,-5.5,32.0
2025,8,10/18/25,Washington State,Virginia,57.0,56.5,52.4,-4.6,UNDER,LEAN,WIN,+,0.5,15.0,-10.4,-14.5,-4.1,42.0
2025,8,10/18/25,Oregon,Rutgers,58.75,62.0,67.0,8.2,OVER,STRONG,WIN,+,3.2,7.2,-1.0,4.0,5.0,66.0
2025,8,10/18/25,Texas,Kentucky,43.5,45.5,46.0,2.5,,,,,,,-17.0,-16.5,0.5,29.0
2025,8,10/18/25,Penn State,Iowa,42.0,41.5,42.9,0.9,,,,,,,6.1,7.5,1.4,49.0
2025,8,10/18/25,Georgia State,Georgia Southern,57.75,58.5,59.8,2.0,,,,,,,5.2,6.5,1.3,65.0
2025,8,10/18/25,Hawai'i,Colorado State,54.0,53.5,54.7,0.7,,,,,,,-4.7,-3.5,1.2,50.0
2025,8,10/18/25,Maryland,UCLA,52.5,52.5,50.7,-1.8,,,,,,,-13.7,-15.5,-1.8,37.0
2025,8,10/18/25,USC,Notre Dame,57.5,60.5,59.3,1.8,,,,,,,-1.3,-2.5,-1.2,58.0
2025,8,10/18/25,Pittsburgh,Syracuse,56.75,54.5,56.0,-0.8,,,,,,,-13.0,-11.5,1.5,43.0
2025,8,10/18/25,Florida Atlantic,South Florida,73.75,72.5,59.8,-14.0,UNDER,STRONG,WIN,+,1.2,12.8,1.2,-11.5,-12.7,61.0
2025,8,10/18/25,Tennessee,Alabama,57.0,60.5,51.4,-5.6,UNDER,STRONG,PUSH,-,-3.5,0.0,5.6,-3.5,-9.1,57.0
2025,8,10/18/25,Missouri,Auburn,44.5,43.5,44.4,-0.1,,,,,,,-4.4,-3.5,0.9,40.0
2025,8,10/18/25,Cincinnati,Oklahoma State,57.75,57.5,54.3,-3.5,UNDER,LEAN,LOSS,+,0.2,-8.2,11.7,8.5,-3.2,66.0
2025,8,10/18/25,Utah,BYU,47.5,49.5,48.6,1.1,,,,,,,-3.6,-4.5,-0.9,45.0
2025,8,10/18/25,Nevada,New Mexico,48.5,49.5,50.2,1.7,,,,,,,-4.2,-3.5,0.7,46.0
2025,8,10/18/25,Florida State,Stanford,54.5,55.5,55.8,1.3,,,,,,,-22.8,-22.5,0.3,33.0
2025,9,10/21/25,Kennesaw State,Florida International,48.5,48.5,55.9,7.4,OVER,STRONG,WIN,-,0.0,22.5,15.1,22.5,7.4,71.0
2025,9,10/21/25,Western Kentucky,Louisiana Tech,50.25,49.5,52.5,2.2,,,,,,,2.5,5.5,3.0,55.0
2025,9,10/22/25,Middle Tennessee,Delaware,53.75,55.5,53.1,-0.6,,,,,,,5.9,3.5,-2.4,59.0
2025,9,10/22/25,Missouri State,New Mexico State,52.25,51.5,53.2,1.0,,,,,,,-12.2,-10.5,1.7,41.0
2025,9,10/23/25,South Alabama,Georgia State,54.5,54.0,55.2,0.7,,,,,,,13.8,15.0,1.2,69.0
2025,9,10/24/25,North Texas,Charlotte,58.75,60.5,58.5,-0.2,,,,,,,15.5,13.5,-2.0,74.0
2025,9,10/24/25,California,Virginia Tech,49.5,50.5,53.6,4.1,OVER,LEAN,WIN,+,1.0,26.5,22.4,25.5,3.1,76.0
2025,9,10/24/25,Boise State,Nevada,52.0,50.5,55.6,3.6,OVER,LEAN,LOSS,-,-1.5,-25.0,-28.6,-23.5,5.1,27.0
2025,9,10/25/25,SMU,Wake Forest,55.0,52.5,48.4,-6.6,UNDER,STRONG,WIN,+,2.5,30.0,-23.4,-27.5,-4.1,25.0
2025,9,10/25/25,Rutgers,Purdue,58.5,60.5,60.7,2.2,,,,,,,-9.7,-9.5,0.2,51.0
2025,9,10/25/25,South Florida,Memphis,67.0,58.5,53.7,-13.3,UNDER,STRONG,WIN,+,8.5,2.0,11.3,6.5,-4.8,65.0
2025,9,10/25/25,Bowling Green,Kent State,50.75,47.5,49.4,-1.4,,,,,,,-4.4,-2.5,1.9,45.0
2025,9,10/25/25,Kansas State,Kansas,54.25,55.5,57.9,3.6,OVER,LEAN,WIN,+,1.2,4.8,1.1,3.5,2.4,59.0
2025,9,10/25/25,Virginia,North Carolina,52.25,50.5,51.2,-1.0,,,,,,,-18.2,-17.5,0.7,33.0
2025,9,10/25/25,App State,Old Dominion,60.25,62.5,57.9,-2.4,,,,,,,-12.9,-17.5,-4.6,45.0
2025,9,10/25/25,Ohio,Eastern Michigan,59.25,60.5,62.0,2.8,,,,,,,-13.0,-11.5,1.5,49.0
2025,9,10/25/25,UCLA,Indiana,54.5,53.5,50.8,-3.7,UNDER,LEAN,LOSS,+,1.0,-7.5,11.2,8.5,-2.7,62.0
2025,9,10/25/25,Northwestern,Nebraska,43.75,44.5,47.4,3.6,OVER,LEAN,WIN,+,0.8,5.2,1.6,4.5,2.9,49.0
2025,9,10/25/25,Syracuse,Georgia Tech,54.75,52.5,60.4,5.6,OVER,STRONG,WIN,-,-2.2,2.2,-3.4,4.5,7.9,57.0
2025,9,10/25/25,Ole Miss,Oklahoma,51.0,52.5,47.8,-3.2,UNDER,LEAN,LOSS,-,-1.5,-9.0,12.2,7.5,-4.7,60.0
2025,9,10/25/25,Auburn,Arkansas,57.0,56.0,56.5,-0.5,,,,,,,0.5,1.0,0.5,57.0
2025,9,10/25/25,Akron,Buffalo,47.5,48.5,53.4,5.9,OVER,STRONG,LOSS,+,1.0,-7.5,-13.4,-8.5,4.9,40.0
2025,9,10/25/25,Utah State,New Mexico,62.5,61.0,53.7,-8.8,UNDER,STRONG,WIN,+,1.5,15.5,-6.7,-14.0,-7.3,47.0
2025,9,10/25/25,UConn,Rice,48.5,48.5,54.8,6.3,OVER,STRONG,WIN,-,0.0,22.5,16.2,22.5,6.3,71.0
2025,9,10/25/25,Alabama,South Carolina,46.75,47.5,49.3,2.5,,,,,,,1.7,3.5,1.8,51.0
2025,9,10/25/25,Massachusetts,Central Michigan,46.75,46.5,54.1,7.4,OVER,STRONG,WIN,-,-0.2,4.2,-3.1,4.5,7.6,51.0
2025,9,10/25/25,Minnesota,Iowa,38.5,39.5,42.5,4.0,OVER,LEAN,WIN,+,1.0,5.5,1.5,4.5,3.0,44.0
2025,9,10/25/25,San Diego State,Fresno State,48.5,46.0,50.3,1.8,,,,,,,-27.3,-23.0,4.3,23.0
2025,9,10/25/25,Temple,Tulsa,53.5,52.5,59.4,5.9,OVER,STRONG,WIN,-,-1.0,21.5,15.6,22.5,6.9,75.0
2025,9,10/25/25,Florida Atlantic,Navy,62.75,63.5,59.6,-3.1,UNDER,LEAN,LOSS,-,-0.8,-11.2,14.4,10.5,-3.9,74.0
2025,9,10/25/25,UL Monroe,Southern Miss,49.5,48.5,49.0,-0.5,,,,,,,21.0,21.5,0.5,70.0
2025,9,10/25/25,Toledo,Washington State,50.75,44.5,52.7,2.0,,,,,,,-17.7,-9.5,8.2,35.0
2025,9,10/25/25,BYU,Iowa State,48.75,49.0,53.8,5.0,OVER,STRONG,WIN,+,0.2,19.2,14.2,19.0,4.8,68.0
2025,9,10/25/25,Western Michigan,Miami (OH),41.5,40.5,40.7,-0.8,,,,,,,2.3,2.5,0.2,43.0
2025,9,10/25/25,Illinois,Washington,56.0,54.5,52.5,-3.5,UNDER,LEAN,LOSS,+,1.5,-11.0,14.5,12.5,-2.0,67.0
2025,9,10/25/25,Ball State,Northern Illinois,41.5,42.0,47.5,6.0,OVER,STRONG,LOSS,+,0.5,-13.5,-19.5,-14.0,5.5,28.0
2025,9,10/25/25,NC State,Pittsburgh,57.0,52.5,51.1,-5.9,UNDER,STRONG,LOSS,+,4.5,-30.0,35.9,34.5,-1.4,87.0
2025,9,10/25/25,Missouri,Vanderbilt,52.5,52.5,51.0,-1.5,,,,,,,-24.0,-25.5,-1.5,27.0
2025,9,10/25/25,Oklahoma State,Texas Tech,56.75,56.5,56.2,-0.5,,,,,,,-14.2,-14.5,-0.3,42.0
2025,9,10/25/25,Baylor,Cincinnati,66.5,68.5,59.3,-7.2,UNDER,STRONG,WIN,-,-2.0,5.5,1.7,-7.5,-9.2,61.0
2025,9,10/25/25,Texas,Mississippi State,45.75,48.5,56.4,10.6,OVER,STRONG,WIN,+,2.8,37.2,26.6,34.5,7.9,83.0
2025,9,10/25/25,TCU,West Virginia,56.25,55.5,51.6,-4.6,UNDER,LEAN,WIN,+,0.8,16.2,-11.6,-15.5,-3.9,40.0
2025,9,10/25/25,Stanford,Miami,48.5,45.5,49.8,1.3,,,,,,,-0.8,3.5,4.3,49.0
2025,9,10/25/25,Georgia Southern,Arkansas State,62.5,59.5,58.4,-4.1,UNDER,LEAN,WIN,+,3.0,4.5,-0.4,-1.5,-1.1,58.0
2025,9,10/25/25,Wisconsin,Oregon,44.75,45.0,51.8,7.0,OVER,STRONG,LOSS,+,0.2,-16.8,-23.8,-17.0,6.8,28.0
2025,9,10/25/25,Louisiana,Troy,50.75,47.5,44.3,-6.5,UNDER,STRONG,LOSS,+,3.2,-7.2,13.7,10.5,-3.2,58.0
2025,9,10/25/25,Michigan,Michigan State,47.75,47.5,45.5,-2.2,,,,,,,5.5,3.5,-2.0,51.0
2025,9,10/25/25,Colorado State,Wyoming,46.0,46.5,46.7,0.7,,,,,,,-18.7,-18.5,0.2,28.0
2025,9,10/25/25,Boston College,Louisville,55.5,54.5,56.1,0.6,,,,,,,5.9,7.5,1.6,62.0
2025,9,10/25/25,Texas A&M,LSU,51.0,50.5,47.8,-3.2,UNDER,LEAN,LOSS,+,0.5,-23.0,26.2,23.5,-2.7,74.0
2025,9,10/25/25,Tennessee,Kentucky,53.0,55.0,50.9,-2.1,,,,,,,39.1,35.0,-4.1,90.0
2025,9,10/25/25,Houston,Arizona State,47.5,47.0,48.6,1.1,,,,,,,-8.6,-7.0,1.6,40.0
2025,9,10/25/25,Colorado,Utah,53.25,50.0,55.0,1.8,,,,,,,5.0,10.0,5.0,60.0
2025,10,10/28/25,UTEP,Kennesaw State,49.75,53.0,52.3,2.5,,,,,,,0.7,0.0,-0.7,53.0
2025,10,10/28/25,James Madison,Texas State,59.0,55.5,58.2,-0.8,,,,,,,13.8,16.5,2.7,72.0
2025,10,10/29/25,Jacksonville State,Middle Tennessee,54.0,54.0,51.1,-2.9,,,,,,,-6.1,-9.0,-2.9,45.0
2025,10,10/29/25,Florida International,Missouri State,52.0,50.0,57.2,5.2,OVER,STRONG,LOSS,-,-2.0,-3.0,-8.2,-1.0,7.2,49.0
2025,10,10/30/25,Marshall,Coastal Carolina,54.75,55.5,51.4,-3.4,UNDER,LEAN,LOSS,-,-0.8,-16.2,19.6,15.5,-4.1,71.0
2025,10,10/30/25,Tulane,UTSA,55.5,54.5,54.9,-0.6,,,,,,,19.1,19.5,0.4,74.0
2025,10,10/31/25,Memphis,Rice,52.0,48.5,49.0,-3.0,UNDER,LEAN,PUSH,+,3.5,0.0,3.0,3.5,0.5,52.0
2025,10,10/31/25,North Carolina,Syracuse,47.25,45.5,50.3,3.0,OVER,LEAN,LOSS,-,-1.8,-10.2,-13.3,-8.5,4.8,37.0
2025,10,10/31/25,Sam Houston,Louisiana Tech,49.75,48.0,45.2,-4.5,UNDER,LEAN,LOSS,+,1.8,-19.2,23.8,21.0,-2.8,69.0
2025,10,11/01/25,Buffalo,Bowling Green,43.5,44.5,50.4,6.9,OVER,STRONG,LOSS,+,1.0,-12.5,-19.4,-13.5,5.9,31.0
2025,10,11/01/25,Vanderbilt,Texas,45.5,48.5,49.5,4.0,OVER,LEAN,WIN,+,3.0,19.5,15.5,16.5,1.0,65.0
2025,10,11/01/25,Army,Air Force,49.5,48.5,46.5,-3.0,UNDER,LEAN,WIN,+,1.0,12.5,-9.5,-11.5,-2.0,37.0
2025,10,11/01/25,UAB,UConn,64.25,61.5,65.4,1.2,,,,,,,-8.4,-4.5,3.9,57.0
2025,10,11/01/25,Miami,SMU,50.5,50.5,49.0,-1.5,,,,,,,-3.0,-4.5,-1.5,46.0
2025,10,11/01/25,Duke,Clemson,54.75,55.0,56.4,1.6,,,,,,,34.6,36.0,1.4,91.0
2025,10,11/01/25,Navy,North Texas,63.75,68.5,63.6,-0.1,,,,,,,-15.6,-20.5,-4.9,48.0
2025,10,11/01/25,West Virginia,Houston,49.5,48.5,49.2,-0.3,,,,,,,30.8,31.5,0.7,80.0
2025,10,11/01/25,UCF,Baylor,60.5,58.5,59.6,-0.9,,,,,,,-26.6,-25.5,1.1,33.0
2025,10,11/01/25,Rutgers,Illinois,63.0,63.5,62.3,-0.7,,,,,,,-14.3,-15.5,-1.2,48.0
2025,10,11/01/25,Penn State,Ohio State,47.0,45.5,47.8,0.8,,,,,,,4.2,6.5,2.3,52.0
2025,10,11/01/25,Arizona State,Iowa State,50.5,48.5,57.5,7.0,OVER,STRONG,LOSS,-,-2.0,-7.5,-14.5,-5.5,9.0,43.0
2025,10,11/01/25,East Carolina,Temple,57.5,58.5,56.2,-1.3,,,,,,,2.8,0.5,-2.3,59.0
2025,10,11/01/25,Louisville,Virginia Tech,53.75,52.5,51.5,-2.2,,,,,,,-7.5,-8.5,-1.0,44.0
2025,10,11/01/25,New Mexico,UNLV,62.25,61.5,57.4,-4.9,UNDER,LEAN,LOSS,+,0.8,-12.8,17.6,13.5,-4.1,75.0
2025,10,11/01/25,Indiana,Maryland,51.5,50.5,52.4,0.9,,,,,,,12.6,14.5,1.9,65.0
2025,10,11/01/25,Georgia,Florida,51.0,50.5,53.5,2.5,,,,,,,-9.5,-6.5,3.0,44.0
2025,10,11/01/25,Texas Tech,Kansas State,56.5,51.5,47.5,-9.0,UNDER,STRONG,LOSS,+,5.0,-6.5,15.5,11.5,-4.0,63.0
2025,10,11/01/25,Pittsburgh,Stanford,52.0,51.5,51.8,-0.2,,,,,,,3.2,3.5,0.3,55.0
2025,10,11/01/25,Fresno State,Boise State,51.25,47.5,53.6,2.4,,,,,,,-16.6,-10.5,6.1,37.0
2025,10,11/01/25,Michigan State,Minnesota,44.0,44.5,46.1,2.1,,,,,,,-3.1,-1.5,1.6,43.0
2025,10,11/01/25,Old Dominion,UL Monroe,53.5,55.5,54.0,0.5,,,,,,,-17.0,-18.5,-1.5,37.0
2025,10,11/01/25,Louisiana,South Alabama,54.75,52.5,52.2,-2.5,,,,,,,0.8,0.5,-0.3,53.0
2025,10,11/01/25,New Mexico State,Western Kentucky,54.0,53.5,50.9,-3.1,UNDER,LEAN,WIN,+,0.5,3.0,0.1,-2.5,-2.6,51.0
2025,10,11/01/25,Delaware,Liberty,51.25,52.5,50.4,-0.9,,,,,,,38.6,36.5,-2.1,89.0
2025,10,11/01/25,Notre Dame,Boston College,57.5,55.5,57.1,-0.4,,,,,,,-22.1,-20.5,1.6,35.0
2025,10,11/01/25,Virginia,California,54.25,52.5,56.2,2.0,,,,,,,-4.2,-0.5,3.7,52.0
2025,10,11/01/25,Central Michigan,Western Michigan,41.5,43.5,45.8,4.3,OVER,LEAN,WIN,+,2.0,3.5,-0.8,1.5,2.3,45.0
2025,10,11/01/25,Oklahoma State,Kansas,56.75,54.5,58.5,1.8,,,,,,,0.5,4.5,4.0,59.0
2025,10,11/01/25,Mississippi State,Arkansas,68.0,66.5,66.4,-1.6,,,,,,,6.6,6.5,-0.1,73.0
2025,10,11/01/25,Wyoming,San Diego State,42.0,42.0,46.1,4.1,OVER,LEAN,LOSS,-,0.0,-11.0,-15.1,-11.0,4.1,31.0
2025,10,11/01/25,South Carolina,Ole Miss,54.0,55.5,50.2,-3.8,UNDER,LEAN,WIN,-,-1.5,10.0,-6.2,-11.5,-5.3,44.0
2025,10,11/01/25,Arizona,Colorado,53.0,52.5,53.1,0.1,,,,,,,15.9,16.5,0.6,69.0
2025,10,11/01/25,Purdue,Michigan,51.0,48.5,46.4,-4.6,UNDER,LEAN,WIN,+,2.5,14.0,-9.4,-11.5,-2.1,37.0
2025,10,11/01/25,Kentucky,Auburn,47.0,44.5,47.5,0.5,,,,,,,-34.5,-31.5,3.0,13.0
2025,10,11/01/25,Oklahoma,Tennessee,56.25,55.5,50.4,-5.9,UNDER,STRONG,LOSS,+,0.8,-3.8,9.6,4.5,-5.1,60.0
2025,10,11/01/25,Washington State,Oregon State,49.5,47.5,51.7,2.2,,,,,,,-34.7,-30.5,4.2,17.0
2025,10,11/01/25,Wake Forest,Florida State,52.25,50.5,52.6,0.4,,,,,,,-3.6,-1.5,2.1,49.0
2025,10,11/01/25,Georgia Tech,NC State,57.5,58.5,62.2,4.7,OVER,LEAN,WIN,+,1.0,26.5,21.8,25.5,3.7,84.0
2025,10,11/01/25,USC,Nebraska,58.25,59.5,63.1,4.9,OVER,LEAN,LOSS,+,1.2,-20.2,-25.1,-21.5,3.6,38.0
2025,10,11/01/25,Arkansas State,Troy,54.75,52.5,53.8,-1.0,,,,,,,-20.8,-19.5,1.3,33.0
2025,10,11/01/25,Cincinnati,Utah,56.75,57.5,49.0,-7.8,UNDER,STRONG,LOSS,-,-0.8,-2.2,10.0,1.5,-8.5,59.0
2025,10,11/01/25,Hawai'i,San José State,56.25,55.5,61.8,5.5,OVER,STRONG,WIN,-,-0.8,26.8,21.2,27.5,6.3,83.0
2025,11,11/04/25,Miami (OH),Ohio,50.0,50.5,50.2,0.2,,,,,,,-6.2,-6.5,-0.3,44.0
2025,11,11/04/25,Massachusetts,Akron,48.75,51.5,52.9,4.1,OVER,LEAN,WIN,+,2.8,5.2,1.1,2.5,1.4,54.0
2025,11,11/05/25,Kent State,Ball State,46.0,48.5,52.6,6.6,OVER,STRONG,LOSS,+,2.5,-16.0,-22.6,-18.5,4.1,30.0
2025,11,11/05/25,Northern Illinois,Toledo,42.0,42.0,43.5,1.5,,,,,,,1.5,3.0,1.5,45.0
2025,11,11/06/25,UTSA,South Florida,68.0,66.5,57.4,-10.6,UNDER,STRONG,LOSS,+,1.5,-10.0,20.6,11.5,-9.1,78.0
2025,11,11/06/25,Georgia Southern,App State,62.5,61.5,58.5,-4.0,UNDER,LEAN,WIN,+,1.0,14.5,-10.5,-13.5,-3.0,48.0
2025,11,11/07/25,Houston,UCF,48.0,47.5,50.8,2.8,,,,,,,6.2,9.5,3.3,57.0
2025,11,11/07/25,Tulane,Memphis,56.5,53.5,53.0,-3.5,UNDER,LEAN,LOSS,+,3.0,-13.5,17.0,16.5,-0.5,70.0
2025,11,11/07/25,Northwestern,USC,51.5,54.5,49.0,-2.5,,,,,,,6.0,0.5,-5.5,55.0
2025,11,11/08/25,Southern Miss,Arkansas State,59.5,54.5,50.4,-9.1,UNDER,STRONG,WIN,+,5.0,11.5,-2.4,-6.5,-4.1,48.0
2025,11,11/08/25,Georgia,Mississippi State,57.5,56.5,56.1,-1.4,,,,,,,5.9,5.5,-0.4,62.0
2025,11,11/08/25,Indiana,Penn State,51.5,50.5,48.7,-2.8,,,,,,,2.3,0.5,-1.8,51.0
2025,11,11/08/25,James Madison,Marshall,55.5,53.5,55.1,-0.4,,,,,,,2.9,4.5,1.6,58.0
2025,11,11/08/25,Colorado,West Virginia,55.0,51.5,51.3,-3.7,UNDER,LEAN,WIN,+,3.5,4.0,-0.3,-0.5,-0.2,51.0
2025,11,11/08/25,BYU,Texas Tech,53.0,50.25,46.6,-6.4,UNDER,STRONG,WIN,+,2.8,17.0,-10.6,-14.2,-3.6,36.0
2025,11,11/08/25,SMU,Boston College,53.25,54.5,57.4,4.1,OVER,LEAN,WIN,+,1.2,4.8,0.6,3.5,2.9,58.0
2025,11,11/08/25,Temple,Army,47.0,45.5,53.6,6.6,OVER,STRONG,LOSS,-,-1.5,-20.0,-26.6,-18.5,8.1,27.0
2025,11,11/08/25,Ohio State,Purdue,48.5,49.5,53.5,5.0,OVER,STRONG,LOSS,+,1.0,-4.5,-9.5,-5.5,4.0,44.0
2025,11,11/08/25,Bowling Green,Eastern Michigan,51.5,49.5,51.2,-0.3,,,,,,,-3.2,-1.5,1.7,48.0
2025,11,11/08/25,Missouri State,Liberty,50.5,51.5,53.7,3.2,OVER,LEAN,LOSS,+,1.0,-12.5,-15.7,-13.5,2.2,38.0
2025,11,11/08/25,UAB,Rice,54.0,51.5,49.7,-4.3,UNDER,LEAN,WIN,+,2.5,13.0,-8.7,-10.5,-1.8,41.0
2025,11,11/08/25,Maryland,Rutgers,59.0,56.5,60.4,1.4,,,,,,,-5.4,-1.5,3.9,55.0
2025,11,11/08/25,Louisiana Tech,Delaware,57.5,56.5,51.8,-5.7,UNDER,STRONG,WIN,+,1.0,8.5,-2.8,-7.5,-4.7,49.0
2025,11,11/08/25,Jacksonville State,UTEP,49.25,46.5,46.9,-2.4,,,,,,,10.1,10.5,0.4,57.0
2025,11,11/08/25,Florida International,Middle Tennessee,52.0,50.5,54.7,2.7,,,,,,,31.3,35.5,4.2,86.0
2025,11,11/08/25,Tulsa,Florida Atlantic,65.5,60.5,57.3,-8.2,UNDER,STRONG,WIN,+,5.0,4.5,3.7,0.5,-3.2,61.0
2025,11,11/08/25,Charlotte,East Carolina,55.5,56.5,57.3,1.8,,,,,,,12.7,13.5,0.8,70.0
2025,11,11/08/25,Iowa State,TCU,57.5,58.5,58.5,1.0,,,,,,,-21.5,-21.5,0.0,37.0
2025,11,11/08/25,Duke,UConn,66.5,63.0,63.2,-3.3,UNDER,LEAN,LOSS,+,3.5,-4.5,7.8,8.0,0.2,71.0
2025,11,11/08/25,Kansas,Arizona,56.5,56.5,52.9,-3.6,UNDER,LEAN,WIN,-,0.0,12.5,-8.9,-12.5,-3.6,44.0
2025,11,11/08/25,Syracuse,Miami,46.5,46.5,55.4,8.9,OVER,STRONG,WIN,-,0.0,1.5,-7.4,1.5,8.9,48.0
2025,11,11/08/25,Texas A&M,Missouri,49.5,48.5,50.0,0.5,,,,,,,5.0,6.5,1.5,55.0
2025,11,11/08/25,Oregon,Iowa,43.5,41.5,45.4,1.9,,,,,,,-11.4,-7.5,3.9,34.0
2025,11,11/08/25,Kennesaw State,New Mexico State,54.0,52.5,54.9,0.9,,,,,,,-9.9,-7.5,2.4,45.0
2025,11,11/08/25,Auburn,Vanderbilt,45.5,46.5,53.7,8.2,OVER,STRONG,WIN,+,1.0,37.5,29.3,36.5,7.2,83.0
2025,11,11/08/25,Georgia State,Coastal Carolina,56.5,56.5,54.1,-2.4,,,,,,,12.9,10.5,-2.4,67.0
2025,11,11/08/25,Washington,Wisconsin,45.5,44.5,47.0,1.5,,,,,,,-24.0,-21.5,2.5,23.0
2025,11,11/08/25,Stanford,North Carolina,43.0,41.5,47.8,4.8,OVER,LEAN,LOSS,-,-1.5,-8.0,-12.8,-6.5,6.3,35.0
2025,11,11/08/25,Texas State,Louisiana,64.5,63.5,59.4,-5.1,UNDER,STRONG,LOSS,+,1.0,-16.5,21.6,17.5,-4.1,81.0
2025,11,11/08/25,Air Force,San José State,66.0,67.5,66.7,0.7,,,,,,,-24.7,-25.5,-0.8,42.0
2025,11,11/08/25,California,Louisville,50.0,49.0,53.3,3.3,OVER,LEAN,WIN,-,-1.0,5.0,1.7,6.0,4.3,55.0
2025,11,11/08/25,Wake Forest,Virginia,49.0,48.5,49.7,0.7,,,,,,,-24.7,-23.5,1.2,25.0
2025,11,11/08/25,Florida State,Clemson,55.5,56.5,60.8,5.3,OVER,STRONG,LOSS,+,1.0,-21.5,-26.8,-22.5,4.3,34.0
2025,11,11/08/25,LSU,Alabama,52.0,49.5,47.3,-4.7,UNDER,LEAN,WIN,+,2.5,23.0,-18.3,-20.5,-2.2,29.0
2025,11,11/08/25,Nevada,Utah State,53.0,52.5,54.4,1.4,,,,,,,10.6,12.5,1.9,65.0
2025,11,11/08/25,Navy,Notre Dame,56.5,54.5,44.7,-11.8,UNDER,STRONG,LOSS,+,2.0,-2.5,14.3,4.5,-9.8,59.0
2025,11,11/08/25,Florida,Kentucky,45.0,44.5,51.5,6.5,OVER,STRONG,PUSH,-,-0.5,0.0,-6.5,0.5,7.0,45.0
2025,11,11/08/25,Nebraska,UCLA,43.75,45.5,54.8,11.0,OVER,STRONG,WIN,+,1.8,5.2,-5.8,3.5,9.3,49.0
2025,11,11/08/25,UNLV,Colorado State,61.5,61.0,59.8,-1.7,,,,,,,-7.8,-9.0,-1.2,52.0
2025,11,11/08/25,Sam Houston,Oregon State,51.5,52.5,57.4,5.9,OVER,STRONG,LOSS,+,1.0,-13.5,-19.4,-14.5,4.9,38.0
2025,11,11/08/25,San Diego State,Hawai'i,51.0,48.0,51.9,0.9,,,,,,,-7.9,-4.0,3.9,44.0
2025,12,11/11/25,Kent State,Akron,47.5,49.5,51.1,3.6,OVER,LEAN,WIN,+,2.0,29.5,25.9,27.5,1.6,77.0
2025,12,11/11/25,Ohio,Western Michigan,47.5,47.0,50.4,2.9,,,,,,,-20.4,-17.0,3.4,30.0
2025,12,11/12/25,Northern Illinois,Massachusetts,42.75,43.5,46.8,4.0,OVER,LEAN,WIN,+,0.8,5.2,1.2,4.5,3.3,48.0
2025,12,11/12/25,Buffalo,Central Michigan,43.5,44.5,47.0,3.5,OVER,LEAN,WIN,+,1.0,13.5,10.0,12.5,2.5,57.0
2025,12,11/12/25,Toledo,Miami (OH),44.5,44.5,46.3,1.8,,,,,,,-19.3,-17.5,1.8,27.0
2025,12,11/13/25,Troy,Old Dominion,53.25,53.5,50.4,-2.9,,,,,,,-17.4,-20.5,-3.1,33.0
2025,12,11/14/25,Clemson,Louisville,60.5,50.5,52.8,-7.7,UNDER,STRONG,WIN,+,10.0,21.5,-13.8,-11.5,2.3,39.0
2025,12,11/14/25,Minnesota,Oregon,45.0,46.0,47.5,2.5,,,,,,,7.5,9.0,1.5,55.0
2025,12,11/15/25,Michigan,Northwestern,40.5,42.0,47.1,6.6,OVER,STRONG,WIN,+,1.5,5.5,-1.1,4.0,5.1,46.0
2025,12,11/15/25,South Carolina,Texas A&M,48.25,49.5,47.7,-0.5,,,,,,,13.3,11.5,-1.8,61.0
2025,12,11/15/25,Kansas State,Oklahoma State,54.5,50.5,50.8,-3.7,UNDER,LEAN,WIN,+,4.0,34.5,-30.8,-30.5,0.3,20.0
2025,12,11/15/25,Arizona,Cincinnati,56.5,56.5,50.3,-6.2,UNDER,STRONG,WIN,-,0.0,2.5,3.7,-2.5,-6.2,54.0
2025,12,11/15/25,Wisconsin,Indiana,44.0,43.5,46.4,2.4,,,,,,,-8.4,-5.5,2.9,38.0
2025,12,11/15/25,Notre Dame,Pittsburgh,56.5,55.0,49.4,-7.1,UNDER,STRONG,WIN,+,1.5,4.5,2.6,-3.0,-5.6,52.0
2025,12,11/15/25,Air Force,UConn,63.5,64.5,64.2,0.7,,,,,,,-22.2,-22.5,-0.3,42.0
2025,12,11/15/25,UTSA,Charlotte,60.75,57.5,56.5,-4.2,UNDER,LEAN,WIN,+,3.2,25.8,-21.5,-22.5,-1.0,35.0
2025,12,11/15/25,South Florida,Navy,64.0,62.5,54.1,-9.9,UNDER,STRONG,LOSS,+,1.5,-15.0,24.9,16.5,-8.4,79.0
2025,12,11/15/25,Eastern Michigan,Ball State,50.0,48.5,55.2,5.2,OVER,STRONG,LOSS,-,-1.5,-17.0,-22.2,-15.5,6.7,33.0
2025,12,11/15/25,Arkansas,LSU,55.5,58.5,53.1,-2.4,,,,,,,-8.1,-13.5,-5.4,45.0
2025,12,11/15/25,Oregon State,Tulsa,50.5,50.5,56.0,5.5,OVER,STRONG,LOSS,-,0.0,-5.5,-11.0,-5.5,5.5,45.0
2025,12,11/15/25,West Virginia,Arizona State,47.5,46.5,48.5,1.0,,,,,,,-0.5,1.5,2.0,48.0
2025,12,11/15/25,Marshall,Georgia State,63.0,59.5,54.1,-8.9,UNDER,STRONG,WIN,+,3.5,15.0,-6.1,-11.5,-5.4,48.0
2025,12,11/15/25,North Texas,UAB,69.5,69.0,67.8,-1.7,,,,,,,9.2,8.0,-1.2,77.0
2025,12,11/15/25,UTEP,Missouri State,50.5,48.5,49.7,-0.8,,,,,,,12.3,13.5,1.2,62.0
2025,12,11/15/25,Colorado State,New Mexico,53.5,53.5,53.2,-0.3,,,,,,,-16.2,-16.5,-0.3,37.0
2025,12,11/15/25,Middle Tennessee,Western Kentucky,56.25,51.5,52.1,-4.1,UNDER,LEAN,LOSS,+,4.8,-11.8,15.9,16.5,0.6,68.0
2025,12,11/15/25,Oklahoma,Alabama,56.5,45.5,50.2,-6.3,UNDER,STRONG,WIN,+,11.0,12.5,-6.2,-1.5,4.7,44.0
2025,12,11/15/25,UCF,Texas Tech,47.5,48.5,46.6,-0.9,,,,,,,10.4,8.5,-1.9,57.0
2025,12,11/15/25,App State,James Madison,53.75,53.5,52.3,-1.5,,,,,,,15.7,14.5,-1.2,68.0
2025,12,11/15/25,Texas State,Southern Miss,64.75,65.5,60.2,-4.5,UNDER,LEAN,WIN,-,-0.8,9.8,-5.2,-10.5,-5.3,55.0
2025,12,11/15/25,South Alabama,UL Monroe,51.5,49.5,56.6,5.1,OVER,STRONG,LOSS,-,-2.0,-11.5,-16.6,-9.5,7.1,40.0
2025,12,11/15/25,San José State,Nevada,52.5,49.5,53.9,1.4,,,,,,,11.1,15.5,4.4,65.0
2025,12,11/15/25,NC State,Miami,55.25,54.5,53.5,-1.8,,,,,,,-5.5,-6.5,-1.0,48.0
2025,12,11/15/25,Virginia,Duke,59.0,60.0,59.3,0.3,,,,,,,-8.3,-9.0,-0.7,51.0
2025,12,11/15/25,Georgia Tech,Boston College,57.75,61.5,62.9,5.1,OVER,STRONG,WIN,+,3.8,12.2,7.1,8.5,1.4,70.0
2025,12,11/15/25,Penn State,Michigan State,49.5,49.0,46.3,-3.2,UNDER,LEAN,WIN,+,0.5,11.5,-8.3,-11.0,-2.7,38.0
2025,12,11/15/25,Maryland,Illinois,53.5,51.5,50.3,-3.2,UNDER,LEAN,WIN,+,2.0,23.5,-20.3,-21.5,-1.2,30.0
2025,12,11/15/25,Iowa,USC,49.5,48.5,43.6,-5.9,UNDER,STRONG,WIN,+,1.0,2.5,3.4,-1.5,-4.9,47.0
2025,12,11/15/25,Memphis,East Carolina,60.5,57.0,52.5,-8.0,UNDER,STRONG,WIN,+,3.5,2.5,5.5,1.0,-4.5,58.0
2025,12,11/15/25,Florida Atlantic,Tulane,63.0,60.5,60.2,-2.8,,,,,,,-1.2,-1.5,-0.3,59.0
2025,12,11/15/25,New Mexico State,Tennessee,61.5,60.0,60.9,-0.6,,,,,,,-9.9,-9.0,0.9,51.0
2025,12,11/15/25,North Carolina,Wake Forest,39.0,37.5,45.5,6.5,OVER,STRONG,WIN,-,-1.5,1.0,-5.5,2.5,8.0,40.0
2025,12,11/15/25,Liberty,Florida International,54.0,51.5,54.7,0.7,,,,,,,6.3,9.5,3.2,61.0
2025,12,11/15/25,Coastal Carolina,Georgia Southern,57.75,59.5,56.1,-1.6,,,,,,,28.9,25.5,-3.4,85.0
2025,12,11/15/25,Florida,Ole Miss,52.75,53.5,55.2,2.5,,,,,,,2.8,4.5,1.7,58.0
2025,12,11/15/25,Delaware,Sam Houston,56.5,56.5,56.2,-0.3,,,,,,,-7.2,-7.5,-0.3,49.0
2025,12,11/15/25,Utah,Baylor,60.5,60.5,61.2,0.7,,,,,,,21.8,22.5,0.7,83.0
2025,12,11/15/25,Purdue,Washington,53.75,51.5,50.3,-3.5,UNDER,LEAN,LOSS,+,2.2,-8.2,11.7,10.5,-1.2,62.0
2025,12,11/15/25,Utah State,UNLV,70.5,68.5,63.5,-7.0,UNDER,STRONG,WIN,+,2.0,15.5,-8.5,-13.5,-5.0,55.0
2025,12,11/15/25,Texas,Georgia,49.5,50.5,43.4,-6.1,UNDER,STRONG,WIN,-,-1.0,4.5,1.6,-5.5,-7.1,45.0
2025,12,11/15/25,UCLA,Ohio State,48.5,46.5,54.2,5.7,OVER,STRONG,WIN,-,-2.0,9.5,3.8,11.5,7.7,58.0
2025,12,11/15/25,Virginia Tech,Florida State,54.5,55.0,59.7,5.2,OVER,STRONG,LOSS,+,0.5,-6.5,-11.7,-7.0,4.7,48.0
2025,12,11/15/25,Mississippi State,Missouri,51.5,50.5,48.3,-3.2,UNDER,LEAN,LOSS,+,1.0,-24.5,27.7,25.5,-2.2,76.0
2025,12,11/15/25,Kennesaw State,Jacksonville State,51.5,56.0,54.6,3.1,OVER,LEAN,WIN,+,4.5,9.5,6.4,5.0,-1.4,61.0
2025,12,11/15/25,Louisiana Tech,Washington State,47.25,43.5,45.8,-1.5,,,,,,,-14.8,-12.5,2.3,31.0
2025,12,11/15/25,TCU,BYU,52.0,51.5,48.9,-3.1,UNDER,LEAN,LOSS,+,0.5,-5.0,8.1,5.5,-2.6,57.0
2025,12,11/15/25,Wyoming,Fresno State,39.5,40.5,45.8,6.3,OVER,STRONG,LOSS,+,1.0,-12.5,-18.8,-13.5,5.3,27.0
2025,12,11/15/25,Boise State,San Diego State,42.0,41.5,53.9,11.9,OVER,STRONG,LOSS,-,-0.5,-18.0,-29.9,-17.5,12.4,24.0
2025,13,11/18/25,Akron,Bowling Green,47.25,47.5,51.6,4.4,OVER,LEAN,LOSS,+,0.2,-12.2,-16.6,-12.5,4.1,35.0
2025,13,11/18/25,Western Michigan,Northern Illinois,38.5,39.5,42.4,3.9,OVER,LEAN,WIN,+,1.0,15.5,11.6,14.5,2.9,54.0
2025,13,11/18/25,Massachusetts,Ohio,51.25,53.5,54.3,3.0,OVER,LEAN,WIN,+,2.2,4.8,1.7,2.5,0.8,56.0
2025,13,11/19/25,Miami (OH),Buffalo,39.5,38.5,45.9,6.4,OVER,STRONG,WIN,-,-1.0,17.5,11.1,18.5,7.4,57.0
2025,13,11/19/25,Central Michigan,Kent State,47.0,50.5,48.5,1.5,,,,,,,-4.5,-6.5,-2.0,44.0
2025,13,11/20/25,Louisiana,Arkansas State,54.0,54.5,54.4,0.4,,,,,,,9.6,9.5,-0.1,64.0
2025,13,11/21/25,Florida State,NC State,61.5,58.5,62.5,1.0,,,,,,,-30.5,-26.5,4.0,32.0
2025,13,11/21/25,Hawai'i,UNLV,64.5,64.5,63.6,-0.9,,,,,,,-15.6,-16.5,-0.9,48.0
2025,13,11/22/25,Missouri,Oklahoma,48.5,42.5,44.2,-4.3,UNDER,LEAN,WIN,+,6.0,25.5,-21.2,-19.5,1.7,23.0
2025,13,11/22/25,Kansas,Iowa State,55.25,55.5,60.7,5.5,OVER,STRONG,LOSS,+,0.2,-3.2,-8.7,-3.5,5.2,52.0
2025,13,11/22/25,Miami,Virginia Tech,49.0,49.0,46.2,-2.8,,,,,,,4.8,2.0,-2.8,51.0
2025,13,11/22/25,Louisville,SMU,53.25,49.5,52.9,-0.4,,,,,,,-8.9,-5.5,3.4,44.0
2025,13,11/22/25,Tulsa,Army,46.5,43.5,51.6,5.1,OVER,STRONG,WIN,-,-3.0,4.5,-0.6,7.5,8.1,51.0
2025,13,11/22/25,Minnesota,Northwestern,41.0,41.0,43.5,2.5,,,,,,,29.5,32.0,2.5,73.0
2025,13,11/22/25,Rutgers,Ohio State,55.75,54.5,62.4,6.6,OVER,STRONG,LOSS,-,-1.2,-4.8,-11.4,-3.5,7.9,51.0
2025,13,11/22/25,Delaware,Wake Forest,52.75,49.5,53.8,1.0,,,,,,,12.2,16.5,4.3,66.0
2025,13,11/22/25,Charlotte,Georgia,54.75,53.5,59.2,4.5,OVER,LEAN,LOSS,-,-1.2,-16.8,-21.2,-15.5,5.7,38.0
2025,13,11/22/25,Old Dominion,Georgia Southern,62.75,62.0,62.3,-0.5,,,,,,,-7.3,-7.0,0.3,55.0
2025,13,11/22/25,Baylor,Arizona,62.75,61.5,57.2,-5.5,UNDER,STRONG,WIN,+,1.2,4.8,0.8,-3.5,-4.3,58.0
2025,13,11/22/25,Washington State,James Madison,43.0,44.5,48.0,5.0,OVER,STRONG,WIN,+,1.5,1.0,-4.0,-0.5,3.5,44.0
2025,13,11/22/25,Missouri State,Kennesaw State,58.5,54.5,59.6,1.1,,,,,,,15.4,20.5,5.1,75.0
2025,13,11/22/25,Ball State,Toledo,47.75,45.5,46.1,-1.6,,,,,,,0.9,1.5,0.6,47.0
2025,13,11/22/25,Nevada,Wyoming,41.5,39.5,45.6,4.1,OVER,LEAN,LOSS,-,-2.0,-21.5,-25.6,-19.5,6.1,20.0
2025,13,11/22/25,Marshall,App State,54.0,56.5,55.7,1.7,,,,,,,-5.7,-6.5,-0.8,50.0
2025,13,11/22/25,UConn,Florida Atlantic,67.5,64.0,61.2,-6.3,UNDER,STRONG,LOSS,+,3.5,-25.5,31.8,29.0,-2.8,93.0
2025,13,11/22/25,Liberty,Louisiana Tech,45.25,45.5,53.1,7.9,OVER,STRONG,WIN,+,0.2,16.8,8.9,16.5,7.6,62.0
2025,13,11/22/25,South Florida,UAB,69.25,68.5,68.5,-0.8,,,,,,,-2.5,-2.5,0.0,66.0
2025,13,11/22/25,New Mexico State,UTEP,45.25,44.5,47.9,2.6,,,,,,,17.1,20.5,3.4,65.0
2025,13,11/22/25,Sam Houston,Middle Tennessee,53.75,53.5,52.9,-0.9,,,,,,,-4.9,-5.5,-0.6,48.0
2025,13,11/22/25,Kentucky,Vanderbilt,53.0,53.5,54.9,1.9,,,,,,,7.1,8.5,1.4,62.0
2025,13,11/22/25,Duke,North Carolina,51.75,50.5,52.6,0.9,,,,,,,4.4,6.5,2.1,57.0
2025,13,11/22/25,Syracuse,Notre Dame,51.5,51.0,57.9,6.4,OVER,STRONG,WIN,-,-0.5,25.5,19.1,26.0,6.9,77.0
2025,13,11/22/25,Michigan State,Iowa,42.5,43.0,43.8,1.3,,,,,,,-6.8,-6.0,0.8,37.0
2025,13,11/22/25,USC,Oregon,57.75,59.5,61.4,3.6,OVER,LEAN,WIN,+,1.8,11.2,7.6,9.5,1.9,69.0
2025,13,11/22/25,Arkansas,Texas,56.5,58.0,50.8,-5.7,UNDER,STRONG,LOSS,-,-1.5,-32.5,38.2,31.0,-7.2,89.0
2025,13,11/22/25,Jacksonville State,Florida International,56.0,56.0,51.9,-4.1,UNDER,LEAN,WIN,-,0.0,8.0,-3.9,-8.0,-4.1,48.0
2025,13,11/22/25,Southern Miss,South Alabama,56.0,53.5,54.1,-1.9,,,,,,,22.9,23.5,0.6,77.0
2025,13,11/22/25,East Carolina,UTSA,61.75,62.5,57.9,-3.9,UNDER,LEAN,LOSS,-,-0.8,-20.2,24.1,19.5,-4.6,82.0
2025,13,11/22/25,Tulane,Temple,54.75,54.5,56.5,1.8,,,,,,,-6.5,-4.5,2.0,50.0
2025,13,11/22/25,Michigan,Maryland,45.5,46.5,54.0,8.5,OVER,STRONG,WIN,+,1.0,19.5,11.0,18.5,7.5,65.0
2025,13,11/22/25,Kansas State,Utah,53.5,52.5,51.3,-2.2,,,,,,,46.7,45.5,-1.2,98.0
2025,13,11/22/25,Georgia State,Troy,51.25,51.0,50.5,-0.8,,,,,,,-0.5,-1.0,-0.5,50.0
2025,13,11/22/25,TCU,Houston,54.75,55.5,53.0,-1.8,,,,,,,-22.0,-24.5,-2.5,31.0
2025,13,11/22/25,Oklahoma State,UCF,48.0,47.5,49.1,1.1,,,,,,,-18.1,-16.5,1.6,31.0
2025,13,11/22/25,Coastal Carolina,South Carolina,53.25,50.0,47.2,-6.0,UNDER,STRONG,LOSS,+,3.2,-4.8,10.8,8.0,-2.8,58.0
2025,13,11/22/25,UL Monroe,Texas State,55.75,59.5,58.1,2.4,,,,,,,-13.1,-14.5,-1.4,45.0
2025,13,11/22/25,Nebraska,Penn State,44.0,45.5,46.1,2.1,,,,,,,0.9,1.5,0.6,47.0
2025,13,11/22/25,Pittsburgh,Georgia Tech,61.75,61.5,57.8,-4.0,UNDER,LEAN,LOSS,+,0.2,-8.2,12.2,8.5,-3.7,70.0
2025,13,11/22/25,New Mexico,Air Force,58.25,53.5,54.4,-3.9,UNDER,LEAN,WIN,+,4.8,35.2,-31.4,-30.5,0.9,23.0
2025,13,11/22/25,Colorado State,Boise State,45.5,45.5,56.0,10.5,OVER,STRONG,WIN,-,0.0,24.5,14.0,24.5,10.5,70.0
2025,13,11/22/25,North Texas,Rice,55.0,57.0,53.0,-2.0,,,,,,,27.0,23.0,-4.0,80.0
2025,13,11/22/25,Illinois,Wisconsin,41.75,42.0,46.5,4.8,OVER,LEAN,LOSS,+,0.2,-4.8,-9.5,-5.0,4.5,37.0
2025,13,11/22/25,California,Stanford,50.0,47.5,48.6,-1.4,,,,,,,-7.6,-6.5,1.1,41.0
2025,13,11/22/25,Tennessee,Florida,57.5,57.5,56.4,-1.1,,,,,,,-14.4,-15.5,-1.1,42.0
2025,13,11/22/25,Western Kentucky,LSU,51.0,52.5,54.4,3.4,OVER,LEAN,LOSS,+,1.5,-28.0,-31.4,-29.5,1.9,23.0
2025,13,11/22/25,BYU,Cincinnati,53.75,56.5,51.4,-2.4,,,,,,,-11.4,-16.5,-5.1,40.0
2025,13,11/22/25,Arizona State,Colorado,48.75,47.5,53.3,4.5,OVER,LEAN,WIN,-,-1.2,10.2,5.7,11.5,5.8,59.0
2025,13,11/22/25,Utah State,Fresno State,51.0,50.5,55.4,4.4,OVER,LEAN,LOSS,-,-0.5,-6.0,-10.4,-5.5,4.9,45.0
2025,13,11/22/25,Washington,UCLA,52.0,51.5,53.6,1.6,,,,,,,8.4,10.5,2.1,62.0
2025,13,11/22/25,San José State,San Diego State,49.5,51.5,52.2,2.7,,,,,,,-24.2,-23.5,0.7,28.0
2025,14,11/25/25,Bowling Green,Massachusetts,45.0,44.5,50.5,5.5,OVER,STRONG,WIN,-,-0.5,14.0,8.5,14.5,6.0,59.0
2025,14,11/25/25,Western Michigan,Eastern Michigan,46.0,49.5,47.0,1.0,,,,,,,5.0,2.5,-2.5,52.0
2025,14,11/27/25,Navy,Memphis,58.5,57.5,51.6,-6.9,UNDER,STRONG,WIN,+,1.0,13.5,-6.6,-12.5,-5.9,45.0
2025,14,11/28/25,Ole Miss,Mississippi State,61.5,62.5,65.7,4.2,OVER,LEAN,LOSS,+,1.0,-4.5,-8.7,-5.5,3.2,57.0
2025,14,11/28/25,Iowa,Nebraska,42.0,38.5,41.4,-0.6,,,,,,,14.6,17.5,2.9,56.0
2025,14,11/28/25,Ohio,Buffalo,47.5,44.5,53.7,6.2,OVER,STRONG,WIN,-,-3.0,9.5,3.3,12.5,9.2,57.0
2025,14,11/28/25,Kent State,Northern Illinois,44.75,44.5,50.5,5.8,OVER,STRONG,WIN,-,-0.2,21.2,15.5,21.5,6.0,66.0
2025,14,11/28/25,Utah,Kansas,59.5,60.5,59.0,-0.5,,,,,,,-7.0,-8.5,-1.5,52.0
2025,14,11/28/25,Air Force,Colorado State,49.5,47.5,57.5,8.0,OVER,STRONG,WIN,-,-2.0,13.5,5.5,15.5,10.0,63.0
2025,14,11/28/25,Georgia,Georgia Tech,56.5,59.5,60.1,3.6,OVER,LEAN,LOSS,+,3.0,-31.5,-35.1,-34.5,0.6,25.0
2025,14,11/28/25,Temple,North Texas,65.5,65.5,67.6,2.1,,,,,,,9.4,11.5,2.1,77.0
2025,14,11/28/25,San Diego State,New Mexico,41.5,41.5,41.7,0.2,,,,,,,-1.7,-1.5,0.2,40.0
2025,14,11/28/25,Boise State,Utah State,55.5,54.5,59.7,4.2,OVER,LEAN,LOSS,-,-1.0,-6.5,-10.7,-5.5,5.2,49.0
2025,14,11/28/25,Texas A&M,Texas,51.5,54.5,48.0,-3.5,UNDER,LEAN,WIN,-,-3.0,7.5,-4.0,-10.5,-6.5,44.0
2025,14,11/28/25,Indiana,Purdue,53.5,54.5,54.0,0.5,,,,,,,5.0,4.5,-0.5,59.0
2025,14,11/28/25,Arizona,Arizona State,49.25,48.5,51.6,2.4,,,,,,,-21.6,-18.5,3.1,30.0
2025,14,11/29/25,Ball State,Miami (OH),42.0,40.5,45.4,3.4,OVER,LEAN,WIN,-,-1.5,27.0,23.6,28.5,4.9,69.0
2025,14,11/29/25,Texas Tech,West Virginia,53.0,53.5,47.8,-5.2,UNDER,STRONG,WIN,-,-0.5,4.0,1.2,-4.5,-5.7,49.0
2025,14,11/29/25,Ohio State,Michigan,47.5,43.0,44.0,-3.5,UNDER,LEAN,WIN,+,4.5,11.5,-8.0,-7.0,1.0,36.0
2025,14,11/29/25,Clemson,South Carolina,50.0,45.5,46.8,-3.2,UNDER,LEAN,WIN,+,4.5,8.0,-4.8,-3.5,1.3,42.0
2025,14,11/29/25,Iowa State,Oklahoma State,49.5,46.5,54.4,4.9,OVER,LEAN,LOSS,-,-3.0,-16.5,-21.4,-13.5,7.9,33.0
2025,14,11/29/25,Colorado,Kansas State,51.5,49.5,53.4,1.9,,,,,,,-15.4,-11.5,3.9,38.0
2025,14,11/29/25,Houston,Baylor,61.0,57.0,60.6,-0.4,,,,,,,-5.6,-2.0,3.6,55.0
2025,14,11/29/25,Miami,Pittsburgh,51.5,49.0,48.2,-3.3,UNDER,LEAN,WIN,+,2.5,6.5,-3.2,-4.0,-0.8,45.0
2025,14,11/29/25,East Carolina,Florida Atlantic,67.0,66.5,62.1,-4.9,UNDER,LEAN,WIN,+,0.5,22.0,-17.1,-21.5,-4.4,45.0
2025,14,11/29/25,Toledo,Central Michigan,44.5,46.5,52.4,7.9,OVER,STRONG,LOSS,+,2.0,-20.5,-28.4,-22.5,5.9,24.0
2025,14,11/29/25,Kentucky,Louisville,47.5,45.5,49.0,1.5,,,,,,,-8.0,-4.5,3.5,41.0
2025,14,11/29/25,Florida International,Sam Houston,51.5,50.5,56.6,5.1,OVER,STRONG,WIN,-,-1.0,20.5,15.4,21.5,6.1,72.0
2025,14,11/29/25,UCF,BYU,48.0,46.5,51.1,3.1,OVER,LEAN,WIN,-,-1.5,14.0,10.9,15.5,4.6,62.0
2025,14,11/29/25,UTEP,Delaware,54.75,55.5,50.6,-4.1,UNDER,LEAN,LOSS,-,-0.8,-37.2,41.4,36.5,-4.9,92.0
2025,14,11/29/25,Georgia Southern,Marshall,61.25,62.5,61.0,-0.2,,,,,,,-18.0,-19.5,-1.5,43.0
2025,14,11/29/25,Georgia State,Old Dominion,59.0,58.5,59.4,0.4,,,,,,,-22.4,-21.5,0.9,37.0
2025,14,11/29/25,Louisiana Tech,Missouri State,51.5,45.5,51.1,-0.4,,,,,,,20.9,26.5,5.6,72.0
2025,14,11/29/25,Western Kentucky,Jacksonville State,55.0,56.5,55.8,0.8,,,,,,,15.2,14.5,-0.7,71.0
2025,14,11/29/25,Arkansas State,App State,56.5,54.5,56.3,-0.2,,,,,,,2.7,4.5,1.8,59.0
2025,14,11/29/25,UL Monroe,Louisiana,48.5,47.5,51.4,2.9,,,,,,,5.6,9.5,3.9,57.0
2025,14,11/29/25,South Alabama,Texas State,63.5,62.5,62.1,-1.4,,,,,,,12.9,12.5,-0.4,75.0
2025,14,11/29/25,UAB,Tulsa,60.0,56.5,60.0,0.0,,,,,,,-5.0,-1.5,3.5,55.0
2025,14,11/29/25,Boston College,Syracuse,53.25,54.0,63.0,9.8,OVER,STRONG,LOSS,+,0.8,-7.2,-17.0,-8.0,9.0,46.0
2025,14,11/29/25,Middle Tennessee,New Mexico State,54.5,52.0,53.0,-1.5,,,,,,,2.0,3.0,1.0,55.0
2025,14,11/29/25,Wake Forest,Duke,54.75,53.5,55.1,0.4,,,,,,,25.9,27.5,1.6,81.0
2025,14,11/29/25,Army,UTSA,52.0,50.5,51.6,-0.4,,,,,,,-0.6,0.5,1.1,51.0
2025,14,11/29/25,Vanderbilt,Tennessee,64.5,66.5,61.7,-2.8,,,,,,,7.3,2.5,-4.8,69.0
2025,14,11/29/25,Oregon,Washington,52.5,51.5,51.9,-0.6,,,,,,,-11.9,-11.5,0.4,40.0
2025,14,11/29/25,Missouri,Arkansas,58.0,54.5,57.5,-0.5,,,,,,,-9.5,-6.5,3.0,48.0
2025,14,11/29/25,Troy,Southern Miss,50.0,50.5,48.7,-1.3,,,,,,,-2.7,-4.5,-1.8,46.0
2025,14,11/29/25,Wisconsin,Minnesota,38.0,38.5,43.8,5.8,OVER,STRONG,LOSS,+,0.5,-14.0,-19.8,-14.5,5.3,24.0
2025,14,11/29/25,Penn State,Rutgers,55.5,55.5,59.1,3.6,OVER,LEAN,WIN,-,0.0,20.5,16.9,20.5,3.6,76.0
2025,14,11/29/25,Kennesaw State,Liberty,54.5,55.5,58.6,4.1,OVER,LEAN,WIN,+,1.0,35.5,31.4,34.5,3.1,90.0
2025,14,11/29/25,Cincinnati,TCU,58.25,58.5,53.6,-4.6,UNDER,LEAN,LOSS,-,-0.2,-9.8,14.4,9.5,-4.9,68.0
2025,14,11/29/25,LSU,Oklahoma,38.5,36.5,44.8,6.3,OVER,STRONG,LOSS,-,-2.0,-8.5,-14.8,-6.5,8.3,30.0
2025,14,11/29/25,James Madison,Coastal Carolina,53.5,54.5,53.0,-0.5,,,,,,,16.0,14.5,-1.5,69.0
2025,14,11/29/25,Florida State,Florida,51.0,49.0,54.8,3.8,OVER,LEAN,WIN,-,-2.0,10.0,6.2,12.0,5.8,61.0
2025,14,11/29/25,Oregon State,Washington State,43.5,42.5,49.5,6.0,OVER,STRONG,LOSS,-,-1.0,-3.5,-9.5,-2.5,7.0,40.0
2025,14,11/29/25,Maryland,Michigan State,48.0,49.5,50.3,2.3,,,,,,,15.7,16.5,0.8,66.0
2025,14,11/29/25,Virginia Tech,Virginia,52.5,52.5,51.2,-1.3,,,,,,,-17.2,-18.5,-1.3,34.0
2025,14,11/29/25,Rice,South Florida,59.5,57.5,48.9,-10.6,UNDER,STRONG,WIN,+,2.0,4.5,6.1,-2.5,-8.6,55.0
2025,14,11/29/25,Alabama,Auburn,50.0,48.5,48.9,-1.1,,,,,,,-1.9,-1.5,0.4,47.0
2025,14,11/29/25,Northwestern,Illinois,47.5,44.5,44.9,-2.6,,,,,,,-11.9,-11.5,0.4,33.0
2025,14,11/29/25,UCLA,USC,61.0,59.0,60.9,-0.1,,,,,,,-21.9,-20.0,1.9,39.0
2025,14,11/29/25,Charlotte,Tulane,52.5,52.5,54.7,2.2,,,,,,,-27.7,-25.5,2.2,27.0
2025,14,11/29/25,North Carolina,NC State,50.5,49.0,49.6,-0.9,,,,,,,11.4,12.0,0.6,61.0
2025,14,11/29/25,SMU,California,53.75,53.5,52.9,-0.9,,,,,,,20.1,19.5,-0.6,73.0
2025,14,11/29/25,UNLV,Nevada,53.0,52.5,55.6,2.6,,,,,,,3.4,6.5,3.1,59.0
2025,14,11/29/25,Fresno State,San José State,47.0,45.5,53.8,6.8,OVER,STRONG,WIN,-,-1.5,8.0,1.2,9.5,8.3,55.0
2025,14,11/29/25,Notre Dame,Stanford,52.0,49.5,47.0,-5.0,UNDER,STRONG,LOSS,+,2.5,-17.0,22.0,19.5,-2.5,69.0
2025,14,11/29/25,Wyoming,Hawai'i,44.5,44.5,48.3,3.8,OVER,LEAN,LOSS,-,0.0,-10.5,-14.3,-10.5,3.8,34.0
2025,15,12/05/25,Kennesaw State,Jacksonville State,58.5,62.5,57.0,-1.5,,,,,,,-23.0,-28.5,-5.5,34.0
2025,15,12/05/25,Troy,James Madison,47.5,47.5,50.7,3.2,OVER,LEAN,LOSS,-,0.0,-2.5,-5.7,-2.5,3.2,45.0
2025,15,12/05/25,UNLV,Boise State,57.5,59.5,62.6,5.1,OVER,STRONG,WIN,+,2.0,1.5,-3.6,-0.5,3.1,59.0
2025,15,12/05/25,North Texas,Tulane,66.5,66.5,62.3,-4.2,UNDER,LEAN,WIN,-,0.0,11.5,-7.3,-11.5,-4.2,55.0
2025,15,12/06/25,BYU,Texas Tech,50.5,50.5,46.7,-3.8,UNDER,LEAN,WIN,-,0.0,9.5,-5.7,-9.5,-3.8,41.0
2025,15,12/06/25,Miami (OH),Western Michigan,43.5,44.25,45.8,2.3,,,,,,,-9.8,-8.2,1.5,36.0
2025,15,12/06/25,Georgia,Alabama,47.5,48.5,50.0,2.5,,,,,,,-15.0,-13.5,1.5,35.0
2025,15,12/06/25,Duke,Virginia,57.5,58.5,57.2,-0.3,,,,,,,-10.2,-11.5,-1.3,47.0
2025,15,12/06/25,Indiana,Ohio State,48.5,45.75,47.7,-0.8,,,,,,,-24.7,-22.8,2.0,23.0
2025,16,12/13/25,Army,Navy,38.5,37.75,40.1,1.6,,,,,,,-7.1,-4.8,2.4,33.0
2026,1,08/29/26,North Carolina,TCU,50.5,46.5,47.1,-3.4,UNDER,LEAN,WIN,+,4.0,25.5,-22.1,-21.5,0.6,25.0
2026,1,08/29/26,San José State,USC,57.5,61.5,58.9,1.4,,,,,,,9.1,6.5,-2.6,68.0
2026,1,08/29/26,NC State,Virginia,54.5,50.5,51.8,-2.7,,,,,,,-9.8,-8.5,1.3,42.0
2026,1,08/29/26,Jacksonville State,North Dakota State,48.5,46.5,56.0,7.5,OVER,STRONG,LOSS,-,-2.0,-8.5,-16.0,-6.5,9.5,40.0
2026,1,08/29/26,Sacramento State,Eastern Michigan,52.5,52.5,51.9,-0.6,,,,,,,-6.9,-7.5,-0.6,45.0
2026,1,08/29/26,Hawai'i,Stanford,50.5,48.5,51.9,1.4,,,,,,,12.1,15.5,3.4,64.0
2026,1,08/29/26,New Mexico State,Florida State,53.5,53.5,57.6,4.1,OVER,LEAN,LOSS,-,0.0,-2.5,-6.6,-2.5,4.1,51.0
2026,1,08/29/26,Memphis,UNLV,60.5,55.5,52.3,-8.2,UNDER,STRONG,WIN,+,5.0,12.5,-4.3,-7.5,-3.2,48.0
2026,1,09/03/26,Massachusetts,Rutgers,54.5,54.5,48.9,-5.6,UNDER,STRONG,LOSS,-,0.0,-3.5,9.1,3.5,-5.6,58.0
2026,1,09/03/26,Akron,Wake Forest,49.5,50.5,50.0,0.5,,,,,,,4.0,3.5,-0.5,54.0
2026,1,09/03/26,Colorado,Georgia Tech,51.5,53.5,50.1,-1.4,,,,,,,-23.1,-26.5,-3.4,27.0
2026,1,09/03/26,UAB,Illinois,56.5,54.5,55.9,-0.6,,,,,,,9.1,10.5,1.4,65.0
2026,1,09/04/26,San José State,Eastern Michigan,53.5,55.0,53.6,0.1,,,,,,,-5.6,-7.0,-1.4,48.0
2026,1,09/04/26,Toledo,Michigan State,49.5,48.5,49.8,0.3,,,,,,,0.2,1.5,1.3,50.0
2026,1,09/04/26,UTEP,Oklahoma,50.5,51.5,54.3,3.8,OVER,LEAN,WIN,+,1.0,0.5,-3.3,-0.5,2.8,51.0
2026,1,09/04/26,Miami,Stanford,48.5,46.5,52.0,3.5,OVER,LEAN,WIN,-,-2.0,2.5,-1.0,4.5,5.5,51.0
2026,1,09/04/26,Fresno State,USC,51.5,51.5,54.3,2.8,,,,,,,-15.3,-12.5,2.8,39.0
