season,team,off_ypa,def_ypa,off_ypc,def_ypc,tempo,prate
2015,Wisconsin,7.281550743309973,5.846118959998705,3.953537053110748,2.9185708527895766,71.61538461538461,0.45141851350202
2015,Alabama,8.830802033326563,5.688289090368386,5.43545793237192,1.9789759322637865,72.53333333333333,0.4062759883575049
2015,Arkansas,10.123394642543206,7.781539685704879,4.97137564319588,3.3393384317973887,68.15384615384616,0.4144534649797385
2015,UTEP,5.069181203766024,9.820561377138121,3.3008823606356437,5.301822921906959,69.41666666666667,0.4602545922647023
2015,Louisville,8.218617255171866,6.660330168968189,4.589275857670048,2.6943451218106302,69.23076923076923,0.45773369231638866
2015,Auburn,8.242879200570469,5.270995970457847,4.81511315679843,3.9148190714332363,68.6923076923077,0.33990774418694314
2015,Florida,8.034855309651935,6.166430641149949,3.9020446564234126,2.810266179795373,65.35714285714286,0.4421976096141275
2015,New Mexico State,5.871021443580328,8.804179071404585,4.708946877832824,5.720754374054864,74.66666666666667,0.509507438346993
2015,UL Monroe,4.954507328444944,9.06380718931511,2.7082966652316234,4.02367874900444,69.38461538461539,0.5304028478701837
2015,Georgia,7.8562050945043325,6.43407695562017,5.546790237699193,3.485178645530347,62.53846153846154,0.4038158327907634
2015,Louisiana,5.763475682544346,8.400266942810704,3.9855827583442096,4.772670505257821,69.75,0.4567727307842348
2015,Kentucky,6.992075112182579,7.269374746590369,5.239433855006824,4.739429308705903,68.0,0.48263821865647
2015,Southeast Missouri State,4.3928695647710825,11.913350431501648,4.485065565414506,3.2121345428314054,64.0,0.34375
2015,Missouri,5.487509434658299,5.543457094264589,3.769417812157009,2.992969985867066,64.16666666666667,0.4932909532472442
2015,UT Martin,7.824602807755502,10.946080161247602,5.590439318363762,7.926721601291772,67.5,0.5415935030728709
2015,Ole Miss,9.357118307324425,5.895710610515167,5.212474995178683,2.9693679777435977,73.23076923076923,0.5130862257115326
2015,Southern Miss,8.293763850088897,7.087115126508066,4.3328370266401794,4.648698291683642,73.78571428571429,0.5137411337188652
2015,Mississippi State,8.780725342754485,5.953439719942476,4.575917067369045,3.9325258565404564,71.3076923076923,0.529360001038085
2015,Texas A&M,7.73029910294506,5.623816038091287,4.6162990127891375,4.530652133790539,75.92307692307692,0.49371787416750457
2015,Arizona State,7.795665844702923,7.844550310966328,4.204502121638234,3.1398617731779623,82.3076923076923,0.5003787269971871
2015,Western Kentucky,9.568291025572336,7.869641111486097,4.274921949582219,4.584606571767551,72.78571428571429,0.5383147166965657
2015,Vanderbilt,5.466322576834479,6.265254735000579,4.038663045921741,3.7163907144982624,72.58333333333333,0.42158005465556075
2015,North Carolina,9.067920330389702,5.931974161509653,6.360443544367163,4.710770718041517,66.85714285714286,0.43640089675281957
2015,South Carolina,7.990538073336293,7.941937871226894,4.572340248747394,4.368768981456005,64.5,0.45751476150039944
2015,Tennessee,7.7747504253978565,6.347870209468139,5.170666121789422,3.8087335158780715,76.0,0.37577032965363344
2015,Southern,4.758944948502234,11.589861138403503,3.561022133364575,6.685463507448659,63.0,0.4629817444219067
2015,UCF,5.025177128367162,8.687561177305637,2.2446313901871804,5.063378154267053,65.08333333333333,0.5432413238645156
2015,Syracuse,7.52234188674437,7.797781845071351,5.177322288254266,4.612469988344648,62.583333333333336,0.40664192111576125
2015,LSU,8.418277822026575,5.594547908443065,5.943630019126592,3.125047665477449,65.25,0.3485576701341581
2015,Texas Tech,8.474170880247623,7.506411814207167,5.462083660945746,5.770009107595246,83.38461538461539,0.570582834197319
2015,Northwestern State,7.916137227714003,20.80633586177231,3.484250019434249,7.9806527836076695,68.5,0.2338881775501494
2015,UConn,7.1059076631160565,6.502752350076547,3.479662301043095,4.590973104231586,63.0,0.4151538624490707
2015,Western Carolina,6.11619361988064,6.886750206138851,5.475630511879132,4.49281008275489,56.5,0.4672413793103448
2015,Nevada,6.121099219808105,7.264384668001156,4.319458066425657,4.6859580448704525,68.23076923076923,0.36914807975246344
2015,Austin Peay,5.034243102478715,8.986602789913176,1.6828154673110975,6.1716393315107645,64.0,0.3944281524926686
2015,Middle Tennessee,8.424006688919224,7.563015290503552,3.376565933454714,4.54074317911064,77.23076923076923,0.5029851013147026
2015,Toledo,7.505875203257198,6.918360966152421,4.880046486463205,3.330403844851098,75.25,0.4568358084127324
2015,Arkansas State,7.012359166592907,7.835928385608544,4.411074086823332,4.715209665321652,74.84615384615384,0.3747735093630456
2015,Jacksonville State,8.517404269828223,6.56488396283856,3.8162307119317007,3.831940295526211,89.0,0.48314606741573035
2015,East Carolina,7.586756012013603,6.818218106145392,3.4083128890621013,4.096623373042473,73.08333333333333,0.5334428834008185
2015,Fresno State,5.565146189037524,8.285344569577822,3.9478176017960536,5.025387778172361,68.83333333333333,0.4935957982573278
2015,Oklahoma,9.43829992947708,5.209943098927237,4.862567529224172,3.4730647373805494,77.92307692307692,0.434619245575416
2015,Ball State,6.134247476816586,8.698079949971179,3.8683639778030106,5.514070065267838,74.66666666666667,0.5110659300342625
2015,Houston,8.044497024640473,7.619365345036498,4.704189170694007,3.4749111366738092,78.64285714285714,0.3907007491332396
2015,San José State,6.739393004724435,6.775378527746437,4.392202181823704,4.835867935555415,70.92307692307692,0.430109515701818
2015,Eastern Kentucky,5.0004934533297964,8.353814477846685,2.413946998161708,1.8699853325810851,63.5,0.43140744797371305
2015,Eastern Michigan,6.6389604075429025,7.769989698872105,4.475408643998641,6.717350493742775,69.16666666666667,0.4930398252840655
2015,Memphis,8.762100765954882,8.014176359322905,3.841137189675901,3.355167861639672,79.07692307692308,0.4521000181245256
2015,Louisiana Tech,8.081466845980334,7.5081336213127505,3.9878796664070597,3.8926441778879064,70.0,0.5196539311060819
2015,Troy,6.970650184677112,8.72420239711244,3.778062944301223,4.066784923861123,66.58333333333333,0.5251914742169154
2015,Florida State,7.886486988103984,5.4503066872325725,5.422887245580365,3.4009853952790223,64.92307692307692,0.4971270452283089
2015,Georgia Tech,8.280861622630795,7.124635210665936,5.2018264360369715,4.157108757231236,64.58333333333333,0.24523034572047464
2015,Clemson,8.811220413025463,5.8129234120403535,5.283667692670668,2.914740654788605,80.46666666666667,0.4362051322189414
2015,Charleston Southern,4.636363812460619,8.104106606860531,4.604752631501279,4.6799959129092406,67.0,0.26778656126482214
2015,Idaho,6.848046614219544,8.542292806632174,3.5477094143397374,5.92446376274157,77.5,0.5102396404105907
2015,Florida Atlantic,6.245897542493405,7.885754018761261,3.4168238015003154,4.664958373858835,74.16666666666667,0.44094638242489576
2015,Georgia Southern,5.999133220546371,7.235195543330205,6.14882328488069,3.6335834269156018,66.53846153846153,0.16067186494350055
2015,Charlotte,4.979900574746699,7.040042240958215,3.041026542888506,5.237247514568635,78.08333333333333,0.40377771968603676
2015,The Citadel,8.601954054285741,7.339605538537474,6.017617795004545,4.260643605711849,63.0,0.08795362903225806
2015,North Texas,4.33518232442773,8.33196258285088,4.210399013669005,5.737006824592849,70.25,0.4814485581650407
2015,UTSA,6.231096851140339,8.7541743315225,3.393180723208335,4.624422855309817,72.5,0.40778767574707997
2015,Arizona,7.8421642099098205,7.891813277827984,4.917595277728464,4.576354833305106,76.3076923076923,0.4722741565755036
2015,Michigan,7.654859951660488,5.6085738072324975,4.487353849734367,3.011313317190473,69.6923076923077,0.4573357520009106
2015,Utah,6.828428549681139,6.593498667768425,4.3252177055652945,2.9492168590476187,71.0,0.38192754929605793
2015,USC,8.5259391040821,7.517105327942578,4.649018947134438,3.4688523218385865,70.71428571428571,0.470710702000523
2015,Eastern Washington,8.678858034343538,7.422629729420424,3.031528013167678,6.773082633684263,86.0,0.6395348837209303
2015,Oregon,9.735895427643369,6.544242538239488,5.97167819210561,4.758579538763141,76.38461538461539,0.37657973310038345
2015,Weber State,2.1272074081677155,6.045749654189266,2.638265935195327,4.410003636467695,54.0,0.6666666666666666
2015,Oregon State,6.2970579005469665,8.471363614664511,4.848638398712779,4.789010710119835,65.75,0.4375672437093206
2015,Boise State,7.466670587768665,7.748407132978025,3.988527748738179,3.041265949438141,83.0,0.48505357073374167
2015,Washington,7.672445111947372,6.375723748980503,4.483890875672376,3.065981621194287,67.15384615384616,0.4571743793461129
2015,Portland State,9.605012930811503,6.637984373789912,5.621632268099476,3.359957494407152,64.0,0.26176470588235295
2015,Washington State,6.824002660299394,5.925762010387827,3.4722929715150395,4.41123454571058,79.38461538461539,0.7156367580120797
2015,Grambling,5.498034137783798,7.458624744993604,3.896217271840836,4.101973579424889,63.0,0.47619047619047616
2015,California,9.454475750837116,7.413080958679243,4.881477610470756,4.143148123786586,76.07692307692308,0.5562179524989602
2015,Northwestern,5.4141670311806065,5.752241207211768,4.219004649983524,3.2005702854941207,73.23076923076923,0.37932636065993997
2015,Stanford,9.951621432165012,6.9694442317101775,5.2241495566217635,4.057395725964015,66.28571428571429,0.33840366177518755
2015,Cal Poly,5.150302232431818,7.615753763677666,5.054355376768573,5.53569159187816,79.0,0.10126582278481013
2015,Duke,6.366942877411504,7.663648537173878,4.79890441235455,3.7249041093979565,79.46153846153847,0.49453671117592024
2015,Tulane,5.39351277294723,8.810006788751101,3.1614790410717704,4.015616835062756,66.66666666666667,0.5062073370833283
2015,Alcorn State,4.014209486673897,14.541143813064668,4.339309586936453,8.247462541018724,67.0,0.417910447761194
2015,Wake Forest,6.767325349948014,8.241560673145612,3.2361742923908032,3.770467636483046,69.5,0.4987535984301023
2015,Elon,2.6696357401323882,10.372387796824341,3.1512376821879413,5.915504677781855,47.0,0.5957446808510638
2015,Boston College,5.175978621828647,6.004569591104075,3.8587806723873825,2.205439108507019,62.583333333333336,0.33317262805850983
2015,Maine,4.02281217316124,9.862948112501467,2.763970692659775,5.301979109492147,60.0,0.5635240011497556
2015,Wofford,8.717177091311598,8.657246956524695,4.88402425985837,4.733475979453562,56.5,0.20285714285714285
2015,Texas State,5.5616806075530505,9.752055547542085,4.391299571462068,5.864032321286413,75.08333333333333,0.47369970347346335
2015,Bethune-Cookman,3.4464900378482946,4.499190655218626,0.7555982526903886,8.356426762157726,46.0,0.2391304347826087
2015,Miami,8.85176209340913,6.29173904568755,3.42836883115741,5.0166545547253385,67.07692307692308,0.5144995267886839
2015,NC State,7.153628640337009,6.952627157663134,5.303612127333515,4.002874885732772,73.3076923076923,0.4374576272760161
2015,Pittsburgh,7.725189993944312,6.637987872225636,4.933516589051242,3.577459906721141,65.61538461538461,0.40582778141045617
2015,Youngstown State,7.658345212220415,7.093786162755265,4.970660228094287,6.927723065467651,70.0,0.5714285714285714
2015,Rhode Island,2.589951755991935,5.627892456958369,-0.15418110429132453,4.532794560544987,40.0,0.5
2015,Virginia,7.213489041081591,7.805063385794181,4.26145355540197,3.9479735911381337,69.75,0.49274768146745423
2015,UCLA,7.407105474449372,5.448155725301195,5.046784635177897,4.041925933347732,74.53846153846153,0.5282828762431945
2015,Virginia Tech,7.801783932273039,7.289969419307666,3.724490632016254,4.530836297592379,72.23076923076923,0.4185218188584088
2015,Ohio State,7.787839729490604,5.858780657935384,5.8842672146624295,3.027057193078492,68.61538461538461,0.3640289333256161
2015,Howard,3.933350662414345,10.37157408415788,2.0724639702966874,7.4927766052626055,46.5,0.36698113207547167
2015,App State,8.127151824975467,7.2021420906646645,5.305996514763516,3.648699676002548,69.38461538461539,0.3292496277130554
2015,North Carolina Central,4.1537010155657,11.469983828159457,1.5775837675837612,5.618675543245298,57.5,0.5640133171912833
2015,North Carolina A&T,6.828433605646572,7.539228539048698,3.3072391096488003,2.8243661914599825,63.0,0.3492063492063492
2015,Akron,6.621372338558733,7.023115383327793,3.4518405817795466,3.2804567551256505,69.61538461538461,0.41276432883938885
2015,Notre Dame,9.285391838565587,6.147635636861869,6.185142691338912,4.149565767651413,66.46153846153847,0.44600033931361843
2015,Furman,5.204381112454881,7.158305306253535,2.1132880372527123,7.003721161239705,62.5,0.4526505404014411
2015,Nebraska,8.324145372579178,7.474462218187447,4.850191315569846,3.8388625291485194,73.38461538461539,0.47614110496440865
2015,Illinois,6.247416070291204,6.059268075427863,4.210906462640743,4.168709676228476,75.58333333333333,0.577550137812478
2015,Old Dominion,5.38311553499059,7.979050820356448,3.5394718964677803,5.071953748350765,69.5,0.5240443467141456
2015,Iowa,8.22631694250107,6.781696661776144,4.551538640456458,3.3890253392389815,66.92857142857143,0.3949423374445179
2015,Central Michigan,7.981770375874197,7.121338908723333,3.0795271237543025,4.251243584912806,70.38461538461539,0.5418238498079764
2015,William & Mary,5.645623074356689,11.64531260685938,3.9971492653604885,3.8242116953622203,76.0,0.4868421052631579
2015,Purdue,6.18881780236831,7.772016910928663,3.946391658966487,5.127123426722658,76.75,0.5449470422662962
2015,Army,12.511711014878708,8.550455605020934,4.380877188112533,4.826785689046815,60.333333333333336,0.14951811282997965
2015,Northern Illinois,7.088909061071308,6.551841454054842,3.7841231205641175,4.072230356964218,74.78571428571429,0.3904199874101134
2015,Samford,5.062755440010948,9.00418669162472,4.179767375362319,5.990107534958668,57.0,0.5263157894736842
2015,Delaware,3.864797242010209,9.778285778105936,5.22062885579116,3.395145412239203,59.0,0.1694915254237288
2015,South Alabama,6.3229403670193385,7.18109164595035,3.43488356594543,5.18185416660813,69.41666666666667,0.4259547067863034
2015,Indiana,8.070323102566352,7.290469624276696,4.875287869229246,4.986455452410691,81.0,0.4436666358741489
2015,South Florida,8.31300894978372,6.4500729463984365,5.228009630568115,3.718632053759827,68.6923076923077,0.34077991743749825
2015,Chattanooga,6.611071628646404,9.734666709856699,5.081074386456413,4.108945735123947,62.0,0.3709677419354839
2015,UNLV,6.890535832895721,7.8913183926270145,4.210080731797482,5.756500515707596,72.08333333333333,0.4183055107491376
2015,Colorado,6.614334087245689,6.609570683745933,3.23059457826288,4.828682274724004,77.46153846153847,0.46394326129081054
2015,Massachusetts,6.276849547632331,7.627985111819302,3.8622633818838317,4.378883886144432,73.91666666666667,0.556706450150358
2015,Michigan State,7.624553509237544,7.019521208658804,4.113322417422415,2.922256652828654,70.85714285714286,0.4377552424106278
2015,Sacramento State,6.18979258734892,12.661427759123317,1.566771404017581,5.805557676588746,64.0,0.59375
2015,Rutgers,7.587751179659144,10.127514205938388,4.495219203708814,4.83888954845628,67.16666666666667,0.4163652786853765
2015,San Diego State,8.537202305345255,6.6586709363131655,4.35453174504789,2.9284428586992943,66.21428571428571,0.2729497760741402
2015,Northern Arizona,9.813103378753228,6.976696302877646,1.3853014493719322,11.192582667255762,69.0,0.37681159420289856
2015,BYU,8.178193186133782,6.583544118721948,3.8550015418772214,3.786915459600029,70.53846153846153,0.5507097448069163
2015,Colorado State,7.090920824939376,7.571630404047131,4.56394966849001,5.25240297519833,71.23076923076923,0.4193871802146447
2015,Georgia State,8.262471058937752,6.988206542060202,2.4396384332997534,4.044946112100039,69.46153846153847,0.5574723962329557
2015,Utah State,7.083909682464464,7.573200732925475,4.626697261101263,3.378805537580319,68.0,0.45075138899241723
2015,Wyoming,6.736367122586994,8.889153326020685,3.982510868868251,4.975661646717952,65.5,0.3958370495149221
2015,Texas,7.089956133313375,6.614192672346945,4.835934460955727,4.117228220086981,65.08333333333333,0.32319733076680407
2015,Nicholls,3.082967973390112,11.153869554556676,3.460143983148745,6.810975023944451,59.5,0.3472222222222222
2015,Fordham,12.748092134370044,3.0540730454256133,2.80486466402655,5.995328616968759,60.0,0.38333333333333336
2015,Penn State,7.458790764891538,8.003429908456223,4.481245226145296,3.2588619454971575,63.76923076923077,0.4788234708076524
2015,Bucknell,4.3844557707336795,6.141573045425614,4.432921292083178,4.21156593156673,54.0,0.6111111111111112
2015,Rice,6.4373155427920645,9.948767308867328,3.1674592710001828,5.275849947067866,75.5,0.4150126260790188
2015,Air Force,9.942353179458593,8.120524646804016,5.441391163766368,4.172655382310823,70.42857142857143,0.17700917936525343
2015,Navy,9.92805526404722,6.7363090278940465,5.479689806155847,4.180722642487596,66.92307692307692,0.1432076525328684
2015,Minnesota,7.335865457507496,6.3269569074118746,4.401199670628412,4.035972569904724,67.15384615384616,0.4904925664263733
2015,TCU,8.959366362256775,6.08418717236188,5.028595791204315,3.8268743056595302,82.92307692307692,0.47828605366770194
2015,Oklahoma State,9.38421855313418,7.104189676584361,3.36191912724472,4.100743224989908,75.15384615384616,0.5284458620096566
2015,Northern Iowa,5.158789944920625,8.14922675491852,2.7243049981320357,2.029753201587818,75.0,0.4533333333333333
2015,Iowa State,7.164182588119093,7.192619616954256,4.582385070876125,4.525546480925391,75.75,0.45044160145637147
2015,South Dakota State,8.209467931213808,8.772137776767293,3.0885065137994756,7.1140336343677255,72.0,0.4583333333333333
2015,Kansas,5.751990949757747,7.813131105565735,2.6754708144859287,5.438947027790806,74.75,0.5068976837222775
2015,South Dakota,6.297570841810931,8.68032081528937,1.5247433943660507,5.043311967376731,66.0,0.45454545454545453
2015,Kansas State,6.742504044461627,7.706086609072316,3.7595787413878146,4.347091495122149,67.38461538461539,0.3950334894027592
2015,Sam Houston,5.825113912829046,6.461495304490265,5.293812764783096,4.352111059520444,98.0,0.5306122448979592
2015,West Virginia,7.69491415348303,6.430601259875437,4.901595104174412,3.4509537909526027,80.84615384615384,0.40460985512392483
2015,Lamar,6.383923126344839,7.545963027294236,4.687289498063084,6.088464970339211,73.0,0.410958904109589
2015,Baylor,9.515803246464213,6.346543180683428,5.450132771343411,3.516161600092834,84.84615384615384,0.36115070689994033
2015,Central Arkansas,5.19831766485592,8.50471559365814,2.441368051802144,5.524123969084168,64.0,0.390625
2015,Stephen F. Austin,1.8402216593530598,9.18080770573636,5.385177587571306,4.142322304940041,57.0,0.49122807017543857
2015,Liberty,8.573428518288386,10.972815502477609,4.730932878038613,2.8405551336648767,71.5,0.46561375449820075
2015,Tulsa,8.490297549538214,8.899877746425837,3.710656618341436,5.499208657033742,83.3076923076923,0.45299665673521505
2015,SMU,6.8118081704970015,9.000916971541729,3.9153982736045285,5.433677180466997,72.41666666666667,0.4216740779412766
2015,Maryland,5.7723777069330025,7.431811621659025,5.709868579533945,3.333520845340359,69.0,0.46944389405469633
2015,Western Michigan,9.691307649848595,7.133401865692538,4.669711148544589,5.057747138986908,71.53846153846153,0.43272171778678736
2015,Southern Illinois,12.983340120909354,10.25755444386056,4.711294258210132,5.315492387220781,78.0,0.41025641025641024
2015,Illinois State,7.9199434143177285,8.065747826594293,2.1542713004273066,4.545082989861424,55.0,0.4909090909090909
2015,Richmond,7.274035140985875,7.942701609006012,3.0326200227757294,6.202674966507921,57.0,0.5263157894736842
2015,Norfolk State,4.375676338670953,11.14904999908694,1.8196836270058074,5.994478873126268,56.666666666666664,0.5248804867448935
2015,Temple,6.987716236601633,6.274332659707009,4.066970537840112,3.7315440601652576,68.28571428571429,0.45274578239553726
2015,Marshall,5.950990927595435,6.399682565476841,3.7482327586044164,4.720413564799397,74.38461538461539,0.4841117236279271
2015,Western Illinois,3.2177716998644046,7.800045941114999,3.413036224285122,3.8112710726090224,54.0,0.4444444444444444
2015,Florida International,6.099075230749581,8.117312707519053,2.809699208256045,5.400850368842541,68.75,0.5288512127000051
2015,Bowling Green,8.86122607550872,7.344318747806352,4.764907704065396,3.9561950838331725,81.14285714285714,0.5227192131488504
2015,Eastern Illinois,5.11230805840658,11.567194653799021,3.5136743044290375,5.105621885837929,49.0,0.40816326530612246
2015,Hawai'i,5.888569238384501,8.141261443775274,3.2773264672111964,4.537421509389725,65.15384615384616,0.5062767988103654
2015,Buffalo,6.585615000750837,7.718556960833161,3.85605528247484,4.970615689144113,73.33333333333333,0.5108316562810654
2015,Indiana State,4.950755953619432,9.339127074557599,3.2989270141808547,5.9749846857680655,78.0,0.47435897435897434
2015,Miami (OH),6.8455719838704825,7.7566591896887935,3.025891194251441,4.516126068440772,66.83333333333333,0.46513779448522946
2015,Kent State,5.068646851820897,7.308087027191025,3.3248755542367423,4.0292124534856475,65.83333333333333,0.4465152556678241
2015,Ohio,7.547394699172632,6.77395162163349,3.9404234736089494,5.24600755815785,73.07692307692308,0.42355177879203326
2015,Jackson State,6.673341168754076,9.947630022002286,0.0544243880446178,4.799833298041964,60.0,0.6666666666666666
2015,Wagner,5.025205556156964,10.98389572437899,2.0747060020885977,8.377872907560446,55.5,0.34028683181225555
2015,Presbyterian,3.340560875180943,12.017983121962613,2.630110704440405,5.885327083288512,63.0,0.3450811359026369
2015,Incarnate Word,5.323512099547043,11.864312068505624,3.1028364925646983,3.0781790094189114,67.0,0.5671641791044776
2015,Villanova,6.478676106444543,10.279425685352532,2.904472639789375,3.5213705545090277,69.0,0.4782608695652174
2015,Cincinnati,8.667967958221388,6.720645440639922,4.421955679118769,5.575900965645397,81.46153846153847,0.5165924267324609
2015,Alabama A&M,6.248619240944008,7.575523480548699,1.398301004077347,5.682816293234645,63.0,0.4126984126984127
2015,Towson,7.6244878584645495,6.046240906724104,4.301136214703579,6.693873795912271,77.0,0.42857142857142855
2015,Tennessee Tech,11.652317839823645,8.828701620831957,1.7152943182587004,5.489767602234529,59.0,0.4406779661016949
2015,Missouri State,4.074981084643775,9.599638747058659,2.962484249065376,6.504080985327526,62.0,0.45915678524374176
2015,Colgate,5.179547510778506,8.487731651793723,4.241087490229869,6.701443615549286,75.0,0.36
2015,Florida A&M,5.30753673019175,9.783160007911164,0.9598763268306922,5.041333024423532,72.0,0.5277777777777778
2015,New Mexico,7.895856767040897,9.068373312262212,4.762429264404876,4.5974779128466094,66.76923076923077,0.26349767326842694
2015,James Madison,6.955146391819292,9.16389150601981,7.305186239674711,5.636654438914166,85.0,0.38823529411764707
2015,UC Davis,6.629602884727129,10.51680220298834,3.1318327809029984,6.529509538398988,73.5,0.5024990744168826
2015,New Hampshire,2.965296326922499,12.603846404496931,4.258551201789743,5.225384673752987,51.0,0.49019607843137253
2015,Southern Utah,3.0210977680677216,3.543972355743571,2.6126180286976286,3.616996513868039,64.0,0.53125
2015,Morgan State,4.849743187365452,14.323601456565651,1.6469887844848572,5.052737008873553,59.0,0.423728813559322
2015,Savannah State,4.165919648420903,10.862479399937369,1.9694965829402475,6.634103825640057,70.0,0.4097222222222222
2015,Mississippi Valley State,1.2552759946820595,8.416993848936926,0.29863623639358716,5.977555913439597,56.0,0.2857142857142857
2015,North Dakota,5.106507186610625,8.271779924135899,4.384405489688907,1.7848060984921956,77.0,0.2987012987012987
2015,Idaho State,3.941716461967231,8.303160412270756,2.1997185421384935,7.8923601499384635,78.5,0.666829109811566
2015,VMI,7.826414735455313,7.713300903662994,2.38037353181962,5.87928337467506,78.0,0.6282051282051282
2015,UAlbany,4.900106136353462,9.653604207343513,3.425071172506268,5.378083828653017,60.0,0.4166666666666667
2015,Delaware State,0.7155102938881015,10.638431863778592,-1.005378123015951,5.267205438138763,38.0,0.2631578947368421
2015,Monmouth,3.800204437732791,8.570013045062764,2.2426769162159035,3.6940574823745953,64.0,0.515625
2015,Murray State,7.207541578346571,9.719468008953664,2.59062703331505,5.8511917621101555,73.0,0.6223118279569892
2015,SE Louisiana,6.176469025658332,12.703490002679432,2.8050592542385395,4.066076687508094,72.0,0.4444444444444444
2015,Gardner-Webb,5.979867506075365,8.345599319622165,2.401278161039834,8.01808089329287,76.0,0.3026315789473684
2015,Prairie View A&M,4.826580762861832,16.857640282425425,0.5359327903821196,6.1418817388699045,82.0,0.5487804878048781
2015,San Diego,4.726304380982537,4.789765967538624,3.4179070715042497,4.484616337304961,65.0,0.4153846153846154
2015,Abilene Christian,3.7756765060312354,6.564568836368452,0.3964888743490771,6.069574623356415,74.0,0.6081081081081081
2016,Northwestern State,1.827543799255915,7.201350509127693,1.2603951110608957,6.120714537859097,59.0,0.3220338983050847
2016,Baylor,7.830293312698213,7.092954166943452,4.519363037738601,4.182967253637383,85.23076923076923,0.4330213312753584
2016,SMU,7.275333613349752,7.655241468544349,3.8546903068653364,4.754312767318743,77.83333333333333,0.48647425242520564
2016,Oklahoma State,9.727841074007324,7.275190921103349,4.550365436990128,4.4143080390205744,73.53846153846153,0.48698830841923824
2016,Iowa State,8.291189839531624,7.157327030360775,4.411291270937515,4.797959992802967,71.33333333333333,0.46695255177652323
2016,Kansas,5.948929406999528,6.878788856375826,3.387797416578293,4.951694158305658,72.41666666666667,0.5396632530068274
2016,Texas,8.04527681204275,7.250553469491964,4.461311460725271,3.750221997071087,83.25,0.3992644839932285
2016,TCU,6.611753543494329,6.382867918716878,4.792108697147278,4.1246589845958574,76.23076923076923,0.5055802263002922
2016,Oklahoma,11.264700379665639,6.623305804984636,5.387120807847449,4.320838043340042,73.61538461538461,0.4059816774314701
2016,Kansas State,6.782833350392102,7.130618597219542,4.854115235991921,3.5766232587341635,67.76923076923077,0.35127849789223864
2016,Texas Tech,8.67807012913942,8.695910162042095,3.162563159245941,5.730411258849777,86.83333333333333,0.6221661565245158
2016,West Virginia,8.307832865927308,6.627075922424454,5.143253042752581,3.9201252583304718,75.61538461538461,0.41648454450194766
2016,Northern Iowa,5.14926576793627,8.229842061753972,3.4694537681775994,1.8915926394421492,85.0,0.3176470588235294
2016,Iowa,7.178672009123854,6.91307723014743,4.844779682490397,3.886041762101238,62.46153846153846,0.38777933157298006
2016,Temple,8.377398225819594,6.219926937790343,4.08158246653244,3.6169097465899895,69.07142857142857,0.41398308725861555
2016,Army,7.992236487800585,8.307397626985312,4.858432697109378,4.545812635557054,71.58333333333333,0.13356094515856412
2016,Rice,5.414467645649796,10.44347449889346,3.950011789624353,5.3298932951902005,74.58333333333333,0.4604199118512093
2016,UTEP,5.619581309431742,9.19333520001527,4.603358895794612,5.524921290078647,61.333333333333336,0.44972572701646
2016,Buffalo,5.720291099699007,8.148959967331264,4.0608630807411705,5.171401319041112,68.58333333333333,0.4805292003141288
2016,Lafayette,4.706538577148783,9.599294086309094,0.3865332759048211,9.275214439855105,55.0,0.6909090909090909
2016,North Texas,5.570303035889409,8.124786599444992,3.4530029871904167,5.247477352157599,67.3076923076923,0.5118145257438436
2016,Wake Forest,6.674281449164895,7.469815525828766,3.881183686280916,3.5803837634452083,68.15384615384616,0.3988930913970426
2016,Air Force,10.363442142916533,7.731418349305465,4.4853814184562815,3.092627859124076,75.15384615384616,0.16063615508924373
2016,Notre Dame,7.696492596665343,6.085909835251836,4.582641425202663,3.8584617903601255,68.83333333333333,0.47148476291163605
2016,Morgan State,3.4641612944116242,11.056502345724901,0.6698672240716046,7.337904315540719,64.5,0.4557971014492754
2016,Navy,12.358194825011127,8.617201991191562,5.710427841295639,4.539093264771766,64.28571428571429,0.17756189181550358
2016,Arizona,7.945049378514185,7.671948026607191,5.818946126980474,4.793226437392422,67.91666666666667,0.3751532136431153
2016,BYU,6.263448499594608,7.436724659765625,4.834128911716506,3.116027793482326,73.53846153846153,0.4271154015450312
2016,Utah,7.451286558991937,7.212704805554034,5.1385128799260436,3.961742124799397,74.53846153846153,0.41335038287237186
2016,UCLA,7.667046594757871,5.8520940028034945,2.8281838572407807,3.421671784843436,69.91666666666667,0.5826130874576155
2016,Toledo,9.677953162322963,7.857737699511613,5.041096572761552,4.802913208324068,71.92307692307692,0.4547309912879778
2016,Michigan State,7.977983814159804,7.647744110213032,4.77929102573433,4.031443826740728,70.08333333333333,0.4340936202086314
2016,Mississippi State,6.4138776386715515,7.83034187764187,5.88227451082132,4.343918667667041,72.53846153846153,0.43563842984077694
2016,Cincinnati,6.5900339856134265,7.413191339834221,3.476186363810376,4.250501510194438,70.83333333333333,0.5355015917612637
2016,Southern Utah,3.4743457387527643,9.736780967678405,3.1388164550276882,3.1083800683234197,50.5,0.5035294117647059
2016,Massachusetts,7.028955322239249,8.831416232759889,3.3127792421579785,4.832798821317056,66.83333333333333,0.5402176948159039
2016,Utah State,6.244067858431457,6.156491140183015,4.217062879546736,4.073750910344688,66.16666666666667,0.4775397471983855
2016,Nevada,6.726548693074752,8.548194011559184,3.7866272889205703,6.248435126399695,69.16666666666667,0.4336607780643635
2016,Duke,7.098230607470097,9.201028788604832,4.201571842504907,4.281570698951774,77.36363636363636,0.5030036964971852
2016,Syracuse,7.82682147259946,8.58159593815808,3.8936038361328476,5.389194608174999,80.91666666666667,0.5344476314962401
2016,NC State,8.066338226441697,6.407285853273267,4.266500948890528,3.2284050406994544,72.46153846153847,0.4689077148737261
2016,Stanford,7.44036426928325,6.617762170876686,4.828523646466638,3.7677423211376606,63.61538461538461,0.3705557280097253
2016,Miami,8.77041740394324,5.548463664915175,4.24631689955784,3.156208211349347,66.23076923076923,0.49011328337750015
2016,Virginia Tech,8.397409497680597,5.830867994482134,4.057123061492162,3.4925499569165632,77.64285714285714,0.41290870680026537
2016,USC,8.762962161058557,6.524974706471563,5.374318474761621,3.50242919192938,74.53846153846153,0.4790477267242937
2016,Florida,7.4384790994896814,5.555888241481933,3.6716864232667348,3.1791674483746033,66.3076923076923,0.4773721949861983
2016,Boston College,6.32482118737125,6.620145980737551,3.440359716565801,3.0010842343838102,66.3076923076923,0.34455714190501197
2016,Florida International,6.103312630304373,8.225763921755272,3.8868996869765806,5.378924203039297,69.16666666666667,0.4900620922516635
2016,Tulane,4.6909691705870715,6.909980817943013,4.55457789578301,4.597373489989941,70.75,0.2994166834498015
2016,Old Dominion,7.52309893929699,7.923391213103018,4.745953715961277,4.554039446905519,67.23076923076923,0.42971073994901254
2016,Louisiana Tech,8.56316280465366,7.945709467108673,4.376705954258681,3.980129334386887,68.57142857142857,0.5609749718498074
2016,South Carolina,6.950314964890245,6.444301676128976,3.074076291979026,4.296245765998675,67.46153846153847,0.4637550270632343
2016,Wagner,5.189025735549531,9.971599359668339,2.5009559069077008,6.650466404203533,57.0,0.5271514766592569
2016,Troy,6.30498272075859,7.379913629495461,4.04186814336743,3.886678468365119,75.15384615384616,0.5058683709219249
2016,Hawai'i,7.464015629323332,7.608769261316105,4.385435037960931,5.095202591324225,65.35714285714286,0.47591052624766894
2016,Vanderbilt,6.9209024122101805,6.3078132455927465,4.010995467090416,4.105042294627866,68.53846153846153,0.43950699797860254
2016,Alabama,8.451841787944861,4.91814004709436,6.268550653849365,1.1654461120372623,70.4,0.38953967632256264
2016,Arkansas,9.106187059970951,8.023844637361055,4.0768445536199485,4.830769118901163,71.0,0.43820997983054194
2016,Clemson,8.84728459853507,4.9859063222285505,5.0110545953312124,3.3735946169156237,81.33333333333333,0.5095963278272573
2016,Auburn,8.54048756046884,6.260147717528174,5.379935992147147,3.180964433532293,71.84615384615384,0.3145106605520446
2016,North Carolina,8.227761191287936,7.508705391506141,5.0539691657903685,4.156902985089827,66.07692307692308,0.5325758221923704
2016,Georgia,7.107769071158663,7.164961653323573,4.417828192806205,3.8896232722811965,70.6923076923077,0.416763074363834
2016,Southern Miss,7.457925639027166,8.912472183050106,3.8015011300587798,4.753333032954716,78.61538461538461,0.4684540098077467
2016,Kentucky,7.850525283013998,7.427129021670428,5.130944275463814,4.7747143226052335,67.07692307692308,0.3587356614325313
2016,Wisconsin,8.817809092923715,6.444923229559746,4.655959947976145,3.0997144703683324,70.07142857142857,0.33204506685168955
2016,LSU,8.519151716641483,5.974232333717119,6.381599233555633,2.5151192544339476,63.083333333333336,0.39731646888299704
2016,South Alabama,7.58369492006358,9.033582371381307,3.6390062640182887,5.301336186093452,68.0,0.46688066146586643
2016,Missouri,8.180455783956509,7.320701866119424,4.709121429171258,5.1213604785208755,79.0,0.47802033498426016
2016,App State,6.7348949699684,6.35208525296447,5.313157238226292,4.221959950057693,70.15384615384616,0.36646110021390366
2016,Tennessee,8.9301251792274,7.232314974207962,5.500120042221308,4.712177892044701,68.92307692307692,0.42071420956359573
2016,Texas A&M,7.314114509235418,7.090174573469896,5.902334790993763,3.8362885628241794,73.3076923076923,0.4888718181285695
2016,Florida State,8.934067694256926,6.7239887763334885,5.519579931672471,3.1084994901760954,72.23076923076923,0.450077126865193
2016,Ole Miss,8.4431423300763,7.0177318705025264,4.727326344288772,4.785539151053382,75.41666666666667,0.531357517613054
2016,Western Kentucky,9.715693993040963,7.24264828911207,4.92161877962122,3.1330149145555604,68.42857142857143,0.4923174781813112
2016,Arkansas State,7.391762419517686,7.662901362235796,3.2704937352135777,3.7737055652622615,70.6923076923077,0.43250477120971553
2016,Nicholls,3.827234877832285,7.608086079387599,3.148012785906399,4.895666607742122,61.5,0.3253569539925965
2016,Jacksonville State,8.56449681408196,5.6912442687813645,5.267454332330814,4.537447459644596,69.0,0.5072463768115942
2016,Wofford,8.44171769500916,7.119958402451401,3.564156422032818,4.726942946030073,66.0,0.13636363636363635
2016,Eastern Michigan,7.09255588293687,7.8651363168622215,3.836385040473604,4.477302494176498,76.84615384615384,0.5202212125850699
2016,Prairie View A&M,5.610819895261232,11.830457408162435,3.0486760179255405,5.681984951993881,64.5,0.5318225650916104
2016,Middle Tennessee,7.530908807489893,7.192454240838226,5.329239572128736,4.52674664004053,74.84615384615384,0.5695311975530637
2016,Texas State,5.408491583027311,8.805506404698315,2.4293528196855934,5.459134239787439,70.08333333333333,0.4915959937833101
2016,New Mexico State,5.564849878658968,8.816681052898943,4.195837556686814,5.333518669670199,76.0,0.5017557583549909
2016,East Carolina,7.605302729599199,8.708676816529005,3.8056995136439937,5.368947752711851,79.83333333333333,0.5694220595585311
2016,Ohio,6.588392598960658,7.436262206480985,3.7850193629150723,2.9306122158835497,71.78571428571429,0.45409636794513897
2016,Georgia Tech,11.386627391445511,7.15443585774411,5.761426893515492,4.78055121351095,59.30769230769231,0.2090646151166144
2016,Kent State,5.979809507681484,7.2645531755858315,4.650213866491371,4.315230691151311,63.75,0.3798838221742898
2016,Delaware State,3.5511898929399117,10.331025660467262,0.8257934833289997,6.458886793824495,54.0,0.5185185185185185
2016,Alcorn State,7.7282176877956115,9.830765103760482,3.4985465010438848,9.524866504745841,57.0,0.3333333333333333
2016,UL Monroe,5.927733118416416,8.063210026065608,3.802774649022254,5.9667345049142595,73.0,0.41911092926177473
2016,Memphis,8.36861172141956,7.509848008819199,4.46120483763429,4.595823613443205,74.15384615384616,0.49192348843351535
2016,Tennessee State,10.605728675565347,6.54220255893665,5.58799905867931,8.8262193416678,53.0,0.5660377358490566
2016,Samford,6.314864477148651,13.003867690495923,4.599703569925337,3.914585461283119,104.0,0.6730769230769231
2016,Georgia Southern,7.4637107908125975,8.678517664357207,3.689132943801979,4.623127342913652,72.5,0.3134468214437749
2016,Tennessee Tech,4.809815506842332,9.478288371859827,1.1520893427747283,5.913723367194585,74.0,0.4864864864864865
2016,Chattanooga,7.289581504506794,5.558169047268208,5.4202346221065,3.347778386373246,54.0,0.4444444444444444
2016,Alabama A&M,3.1866674519320872,7.148253429107485,2.697597594417732,5.820569484858142,57.0,0.5448179271708684
2016,Louisiana,5.893728748573974,7.882984259583093,3.5554772187165895,3.894892761112928,71.38461538461539,0.366053600924387
2016,Austin Peay,4.491881694394354,9.46777127381,3.555670570777338,8.190920119803483,67.0,0.3013637379834563
2016,Western Carolina,6.666340057771767,9.897029076438223,4.190164622405012,8.307118770368856,63.0,0.35523329129886505
2016,UTSA,6.654561414254544,8.12469165646651,3.527888844459054,3.9417036417737896,69.76923076923077,0.4175439127569859
2016,Louisville,8.818244902224247,6.707817869843382,6.555821242851626,3.154084849740841,73.92307692307692,0.44972047974526597
2016,California,7.555603093614445,7.225295944293524,4.498714775278203,5.876299428828691,86.25,0.6081864924750583
2016,Minnesota,7.216883342056262,6.2020045446546845,3.9809940885121593,3.247965750641091,68.15384615384616,0.36853386394438786
2016,Oregon State,6.788157540352789,5.939373309227158,5.118264340945452,5.207501925230197,66.25,0.44752781949626214
2016,Colorado State,9.081994058019559,7.842913639507376,5.453841174077023,4.704446150186685,69.23076923076923,0.39694677259818145
2016,Colorado,8.117396408589219,5.345318612993986,3.860392312681483,3.5369078031871264,78.85714285714286,0.43035413781028964
2016,Northern Arizona,10.372254709143974,6.243281125255801,1.4829746253506983,7.498019061524699,67.0,0.4925373134328358
2016,Arizona State,7.967579863522308,8.23596013010642,2.7672740681434234,4.421957669391525,75.0,0.47226303226328237
2016,UC Davis,5.14542409531143,10.136140123648005,1.7610324173676286,5.550222536756056,69.5,0.5734110169491525
2016,Oregon,8.369778757429417,7.5491312894965885,5.455797507141639,5.729606193159159,74.33333333333333,0.4468635763620464
2016,Rutgers,5.336557221244899,7.179904983026021,3.6732177041252747,5.336799236738038,68.41666666666667,0.39760839830378597
2016,Washington,9.329600281336612,5.431563785176919,4.784040053438203,3.2649426224826565,66.92857142857143,0.436186082116829
2016,Eastern Washington,12.545675411557376,7.870851129025821,4.709893775937496,4.235824764273417,66.0,0.6212121212121212
2016,Washington State,7.737513092693007,7.0051452490627435,3.934123896197345,3.964154441722403,78.92307692307692,0.6476040847969216
2016,Grambling,8.924868860413415,7.053928454184139,1.1343532431202525,3.1908130954497427,80.0,0.55
2016,UNLV,5.885932044816806,7.6805026559590965,5.1131016277623536,5.003170204781822,67.91666666666667,0.357238562876639
2016,Idaho State,4.918306798125337,8.39279645709887,4.098005448871235,5.099692219533237,63.0,0.7107554417413573
2016,Virginia,5.823779132094586,7.865649360404613,4.008291357884347,4.359192776235344,72.58333333333333,0.5619741830630014
2016,Idaho,7.56497570513462,9.161952964411562,3.4191113642479625,4.311038421337672,70.84615384615384,0.4684503081642032
2016,Boise State,9.625747783444867,6.018726577916728,4.36401812753109,3.865718184157284,69.15384615384616,0.45303958726034854
2016,San Diego State,6.828805728738481,7.011028998716858,5.362079862151158,3.1393569116278455,63.714285714285715,0.28971972613540536
2016,Michigan,8.326366838877117,5.323253082089459,5.08990507901745,2.9950269974694597,72.61538461538461,0.3894913513198392
2016,San José State,7.073864242350338,7.517672569615759,3.4010511357637623,5.077985667573885,70.91666666666667,0.4401338708550169
2016,Nebraska,7.432546963098345,6.664922573411664,4.120714156525104,4.022476932886761,71.0,0.43508151327217404
2016,Portland State,10.633317030368048,9.226381399935597,2.9022766415571883,6.809320788559461,62.5,0.3258859784283513
2016,Weber State,6.304312690615821,6.999456471904431,2.8253038375961324,9.748468259994663,68.0,0.39705882352941174
2016,Jackson State,3.068886229008958,18.625641615172228,2.369493451528538,5.476570467203615,78.0,0.5512820512820513
2016,Abilene Christian,7.94899993046883,15.228520156341425,3.9787291126705275,5.559038903333279,64.0,0.515625
2016,New Mexico,8.65928760580186,8.905797570727557,6.00490631504863,4.840513788301922,66.6923076923077,0.20325917720442768
2016,South Dakota,5.188875307037793,8.534212605943097,3.7127119727780498,6.953966102915999,64.0,0.328125
2016,Wyoming,8.551512780894578,9.220419147285769,4.502689622883517,4.834952135860895,71.92857142857143,0.3779898826689278
2016,Northern Illinois,6.374929507914135,7.416695606722975,4.9505231607632085,4.366848886971421,79.0,0.42484052551840107
2016,Fresno State,6.35306667038575,7.61734958617694,2.562472152507746,4.607389494423685,70.41666666666667,0.47764538567542
2016,Cal Poly,4.041510060449924,8.523504904513423,3.4306365555951492,5.585786628315521,83.0,0.14457831325301204
2016,New Hampshire,3.9030339141287964,11.711943509210315,3.4425622690417863,3.015884201028485,51.0,0.39215686274509803
2016,Tulsa,7.884493820907442,7.163357226495762,5.132271115398793,4.502280881014547,85.84615384615384,0.4040514269894823
2016,Georgia State,6.68326170321759,6.176104744257427,2.842719732529957,4.507066250901073,62.916666666666664,0.5502238525910896
2016,Sacramento State,3.3501893655037667,7.54356507778014,2.5828963837488486,6.343651437671201,58.0,0.43103448275862066
2016,UT Martin,6.630905550729459,8.914426205654555,3.773706372904284,5.121397830862912,71.66666666666667,0.42895284751990204
2016,Northern Colorado,9.192662109965742,9.86789757895048,2.3029646692729484,4.491178335024251,67.0,0.4925373134328358
2016,Central Michigan,7.58237316523468,7.381193433142642,3.298921607737227,4.509927866733687,67.53846153846153,0.5380777572803584
2016,Purdue,6.961683460201762,8.169402767147792,3.0782436811559517,5.6422510920859175,76.5,0.6057446882328477
2016,Presbyterian,2.7877581432137513,7.20630194172837,2.2489164079544404,7.787269443080827,62.5,0.37142857142857144
2016,Ball State,6.232762663550383,8.323687938639976,4.711193004298953,4.76322086069785,79.58333333333333,0.4558409713134582
2016,UAlbany,4.766150649735891,6.924843173182978,2.979204201620508,4.9946560662173365,54.0,0.3888888888888889
2016,Ohio State,7.287315259645125,4.998523606745869,5.786043389943913,3.2060573243702035,76.3076923076923,0.41131525299200333
2016,Bowling Green,6.127421886378431,9.030204888741332,4.112552750278438,4.115833819354548,79.33333333333333,0.47993798236091395
2016,Penn State,10.270382008135853,6.217365450493529,4.666219645600298,3.319890342230605,66.5,0.4245499895098333
2016,Miami (OH),8.067083891227155,7.3015086351011655,3.6401394031479577,3.9460834153572,64.76923076923077,0.421652843124711
2016,Mississippi Valley State,3.498021398601402,8.565357699716134,0.5895818976484346,6.858349092924321,70.0,0.5428571428571428
2016,VMI,8.152163577839904,11.49239875551107,1.102688563886083,5.262580829883255,82.0,0.45121951219512196
2016,Akron,7.149062307827219,7.525309300473885,4.294803957040309,5.190909908361873,64.66666666666667,0.5120629533030375
2016,Northwestern,7.197181711555593,7.007514803808742,4.316834468013733,3.610483574863444,75.6923076923077,0.4913245293195052
2016,Western Michigan,9.121872259754074,8.057855732743336,4.93633622295564,4.641672009985041,72.28571428571429,0.3775581487756467
2016,Indiana,8.318374040288212,7.130781692236602,3.7026660292278235,3.5622991264456947,76.15384615384616,0.4584601059152096
2016,Eastern Illinois,5.082303687451904,10.756962333157018,4.470056387509073,4.124588611609133,71.0,0.5070422535211268
2016,Maine,4.483314581293774,9.124481829196423,3.1385259812693826,4.999680007474578,59.5,0.5038748564867968
2016,South Florida,8.408950423806267,7.567427091604272,6.636422969194025,4.701803931041379,71.38461538461539,0.38006303286201526
2016,North Carolina A&T,6.5090440319723735,7.952610218332936,3.2838378552718925,2.2123447570219126,83.0,0.4707692307692308
2016,North Carolina Central,3.945374871442847,9.301632044554207,2.337695475532775,5.219412587513018,56.5,0.4772441933458883
2016,North Dakota,4.586217071672041,9.11983383187263,4.057234089141415,2.8232740248914427,79.0,0.45569620253164556
2016,Marshall,5.852494237184298,8.6195017103205,2.8264926284587055,4.907226639422258,69.5,0.5232542858775223
2016,Eastern Kentucky,6.28874139501606,6.858366285099102,1.2132226493420477,5.61654861995733,71.0,0.5198915009041591
2016,Charlotte,5.013409873886793,8.19159252798853,3.6745733002814873,4.32300493930033,75.0,0.4584535854740462
2016,Monmouth,4.062094332309195,6.918045461710947,2.228805793391402,4.824344217287685,66.0,0.5303030303030303
2016,Illinois,6.211213461697217,7.671427398837943,4.465056802447229,4.864834579486437,59.25,0.49895697586824483
2016,Florida Atlantic,6.304923114374888,10.394313915673962,4.611484013269156,5.415843475881243,69.83333333333333,0.434708727685065
2016,Gardner-Webb,7.889819360054847,9.023807349809054,6.308874396866711,5.449798638647249,59.0,0.3389830508474576
2016,Western Illinois,8.605255000214672,7.828048439068547,3.6202165030375126,6.895230969697822,73.0,0.5068493150684932
2016,Southern Illinois,4.485857725617133,10.10273577385815,3.083391241765465,3.434070875218702,86.0,0.6046511627906976
2016,Hampton,4.4910369048537175,8.52010726488809,1.9618847609936285,5.073062307275234,85.0,0.5176470588235295
2016,Alabama State,5.475939200614422,9.341181728218745,4.236408705433146,5.461366739048149,60.0,0.38333333333333336
2016,Elon,5.696449570020275,10.35567410969336,2.7627344940377947,7.2165490011324565,85.0,0.5882352941176471
2016,Maryland,7.5791637262147,7.681263650149282,4.773701147583064,4.983724316591382,67.3076923076923,0.3891230582686612
2016,South Carolina State,4.489959165916175,7.976787424710125,3.366155436620248,5.430356537879233,65.0,0.4679653679653679
2016,Bethune-Cookman,3.168014417932486,5.388963990898283,3.9381361500309744,7.249764523199818,51.0,0.37254901960784315
2016,Savannah State,1.9599534205364622,10.320725631931806,0.46893494754395776,7.270241198623557,44.0,0.3612836438923396
2016,UCF,6.285379165309403,6.305147411054311,3.3437139169692918,3.7435071179293025,74.92307692307692,0.4561470495853607
2016,Pittsburgh,9.718433401181299,7.669879707502602,5.82558740002662,3.3887542474563332,66.61538461538461,0.3749847611613339
2016,Houston Christian,2.987486337480414,10.396051906953362,3.044563206326552,7.347790929115115,69.0,0.4376743188157048
2016,William & Mary,6.596459992047825,8.134916176226172,3.351665564380188,4.685868114059818,47.0,0.40425531914893614
2016,Colgate,2.907975864329207,9.15480824692349,0.389740062343094,3.9007497193259733,56.0,0.42857142857142855
2016,Villanova,3.4677569830962147,3.0840431990683275,2.5910814177206145,1.1157903350188603,65.0,0.49230769230769234
2016,Richmond,9.13976356503614,9.430656197051697,4.559248903874942,2.2223778861715484,76.0,0.4605263157894737
2016,Liberty,4.485290428860081,5.9155532365411645,2.867198908270618,5.606071042747664,67.0,0.467741935483871
2016,Charleston Southern,7.79751910425274,6.278729676671294,5.14678400148452,3.601124860988392,59.0,0.3389830508474576
2016,Mercer,6.152121291269877,4.1021957397693605,2.6010951109324134,5.636983915890189,68.0,0.5882352941176471
2016,James Madison,7.852972783028764,13.26829477643405,4.365098420477465,4.775495795907739,86.0,0.4186046511627907
2016,UConn,6.136373241845528,8.894269133191193,3.363461691291843,3.8599736390552692,66.5,0.481155763474219
2016,Delaware,1.8712134962941955,7.186409227182451,3.3540005729756053,5.666410501797921,42.0,0.47619047619047616
2016,The Citadel,3.2835283385843193,8.45877096691024,4.962876198255243,5.638476565138508,80.0,0.1
2016,Towson,3.8640377947341857,8.209274811045436,2.2881443892540694,2.9724947389268133,90.0,0.45555555555555555
2016,Houston,7.495617230512783,7.2970009758384755,3.161306631241128,2.704582688392288,83.38461538461539,0.4844817603554171
2016,Southeast Missouri State,4.0972849522204084,6.392837382125602,3.561299513512594,3.2240037123574123,63.0,0.5396825396825397
2016,Fordham,5.482449767155264,25.728797010199244,4.3238542087372345,6.7063156331237135,81.0,0.5555555555555556
2016,Stony Brook,5.394479404981061,3.9805282922960616,2.2179942293710475,4.842778837831556,54.0,0.37037037037037035
2016,Lamar,4.555835810163895,4.904080732876713,2.210278344099564,6.5666703106806015,41.0,0.3170731707317073
2016,Southern,6.626356850633279,6.247486992118784,2.867443944356575,7.527770209757198,66.0,0.49216524216524216
2016,Rhode Island,2.5544604459949,11.910135831293204,3.5698199453523154,5.769752852408153,63.0,0.36507936507936506
2016,Missouri State,2.1783846576124795,8.659085158221268,2.4430140222992582,6.891969289481211,29.0,0.41379310344827586
2016,SE Louisiana,7.600944731430817,4.892749428582099,1.967458501671456,3.5154208359728005,60.0,0.23333333333333334
2016,South Dakota State,11.648217375171939,9.540615910450224,3.9057134725563527,5.497340364754835,65.0,0.47692307692307695
2016,Stephen F. Austin,4.274835148255014,7.599082208926157,0.18175255427286063,5.55590405013726,90.0,0.6111111111111112
2016,Youngstown State,7.547969526707672,10.86345763215271,4.851118547938865,4.235566171787426,73.0,0.4383561643835616
2016,Howard,5.660623614285127,7.699187091368367,2.1444810879245466,7.327227586567506,64.0,0.421875
2016,Furman,4.434714695046764,10.237548280913696,3.0059526209625176,3.9381772807348945,64.0,0.484375
2016,Murray State,4.925661597879075,10.963036337120172,-0.8366070510869128,7.151798913266643,61.0,0.5737704918032787
2016,Indiana State,8.068854708542258,9.838646215706365,4.435294472722112,7.055434459398106,70.0,0.5285714285714286
2016,Illinois State,7.569017638200215,5.1141434405127315,3.6267467738601016,2.910956501779343,71.0,0.5774647887323944
2016,North Dakota State,7.189162145768189,8.681700319573718,5.380092899111856,0.9359862782630601,68.0,0.27941176470588236
2016,Florida A&M,8.325454786457737,5.818206055026839,1.7164136273236803,10.499903142820376,69.0,0.391304347826087
2016,Montana State,3.766220765964815,5.679755440673965,2.9317028899643787,7.218031486923003,74.0,0.4864864864864865
2016,McNeese,5.381646397565012,9.587864804421452,2.830879963911825,6.231218447354284,88.0,0.5227272727272727
2016,Central Arkansas,7.145652390667504,11.185355234117324,3.035761310602499,2.358568556886625,83.0,0.4457831325301205
2016,Incarnate Word,4.8885223147749235,14.853758808967548,5.507561012220467,4.4923293330318765,66.0,0.5606060606060606
2017,Florida State,7.521704250528942,5.37790294787701,4.413666860174009,3.008841459284111,62.15384615384615,0.42879768121259865
2017,Alabama,8.863022913893014,4.734326353701685,6.068563129259615,2.093004275727846,67.42857142857143,0.3519579352890627
2017,Florida A&M,2.268105111453814,7.476265865967648,2.2202013976960617,4.681220117972291,60.0,0.48333333333333334
2017,Arkansas,8.038725875606602,8.29340819736369,4.845187378896475,4.547004313072061,66.83333333333333,0.4242800340062129
2017,Georgia Southern,7.013327843103165,9.024473943399972,4.210588211166695,5.3431894655001,69.91666666666667,0.23240248408533115
2017,Auburn,9.014238078834149,4.67068575007771,5.127241505442243,2.713166380166831,73.14285714285714,0.37117953873791715
2017,Michigan,6.994648607814742,6.163355227615095,4.762168706309856,2.993950618484018,67.3076923076923,0.3893878079540242
2017,Florida,7.309395448622876,8.10303164937772,4.593684167883858,3.6771893256923254,64.72727272727273,0.4410995494299565
2017,App State,7.000070774732259,6.910761718855109,5.072885877100233,3.990691727017925,68.07692307692308,0.3979647326632361
2017,Georgia,10.123802186296352,4.9425458966731535,6.357149118919681,2.8527702576762666,65.0,0.30798518739429404
2017,Southern Miss,6.914680123089145,7.403774106630152,4.473588832534413,3.8364727744373073,72.0,0.4668579598835716
2017,Kentucky,7.724114983387929,7.463360201013875,4.459293286725643,4.284865175378973,62.92307692307692,0.40270471551504666
2017,LSU,9.461253434155493,6.500867128599129,5.191830360853493,3.0114175113611017,66.38461538461539,0.348092305287833
2017,BYU,5.8307475518170895,7.9856467678969,3.5331430495402167,3.3833418642299566,63.23076923076923,0.5167033029886025
2017,South Alabama,6.5772569827109875,7.9571757614318885,2.526046397316301,4.203209354940474,65.5,0.5181928200616889
2017,Ole Miss,9.328103613309581,8.009102197808174,4.756474054725362,5.1512121626003955,67.0,0.5391350364712952
2017,Charleston Southern,1.0311581708468371,8.280639901095793,2.5681884356666442,4.15652612150716,50.5,0.17769897557131598
2017,Mississippi State,6.6644754621183235,7.682270848432761,5.623807831545349,3.248600820664479,75.92307692307692,0.356192725172054
2017,Missouri,9.23864861423438,7.33603749053405,5.191457698914623,3.8862428209141764,70.46153846153847,0.47351225257491997
2017,Missouri State,10.075549139267306,13.47136369668123,3.888625953044635,6.244371745312639,74.0,0.47297297297297297
2017,NC State,8.321735806498138,6.704907073706413,4.858661699964087,3.3426094357854885,75.46153846153847,0.487524505340864
2017,South Carolina,7.598449366259194,6.424246643458071,3.8212335290895387,3.30077459785737,61.69230769230769,0.5038383226516598
2017,Texas A&M,7.580193642080412,6.4048253388267495,4.055112288400557,3.4913480557964194,73.46153846153847,0.4711973638365701
2017,UCLA,8.665671152604064,6.743925572934438,4.020077942468668,5.438209342895419,71.6923076923077,0.5630830088057217
2017,Middle Tennessee,6.937740925144628,7.182840918273618,3.561045114118449,3.630782855215763,69.23076923076923,0.5287744626354616
2017,Vanderbilt,7.408329971967702,6.957526725742599,3.7464672873938607,4.473234441346112,62.583333333333336,0.5342113303971362
2017,Georgia Tech,8.125347483745278,6.895984490775589,5.911070088471635,4.295346322818251,68.27272727272727,0.16136423003138042
2017,Tennessee,6.996366081725616,6.3277942185228175,3.8944566185007052,4.90272868120017,61.0,0.4368099725307501
2017,Fresno State,7.776890399457289,6.610993286672403,4.464656260785266,3.5377655372100953,68.0,0.4547444548363081
2017,TCU,7.367259305880204,6.303413081393222,4.451661624761401,2.783051402302764,68.78571428571429,0.44827308654825454
2017,Clemson,7.478502242269735,4.565518153462324,5.084640548660225,2.519963325517485,74.85714285714286,0.4528352365300759
2017,Notre Dame,7.332548597328085,5.564195719237635,6.578718261170942,3.2358646301710596,70.07692307692308,0.38442907677514027
2017,Eastern Kentucky,6.166775171846043,8.999379100867912,1.7981487577947362,5.210835062460636,66.5,0.6841269841269841
2017,Chattanooga,6.2974378691376005,10.842943594632285,3.6790692954877713,3.896106430859735,59.0,0.5423728813559322
2017,UT Martin,6.080445214585261,9.437057672391642,4.015462897545906,2.5094370035905067,61.0,0.2786885245901639
2017,Louisiana Tech,6.794365863163029,7.725684550872734,4.290170039682126,5.042029039454126,70.38461538461539,0.4576731085017214
2017,Indiana State,5.906154390612595,8.294222501168846,2.4861843676611737,4.708905103889885,57.0,0.3333333333333333
2017,Nicholls,11.471271106270233,5.3262751449745735,3.067622682133127,4.348812912075577,56.0,0.44642857142857145
2017,Alabama A&M,3.4088602645093657,12.638185313433164,1.7074020999878117,5.253696069309465,56.333333333333336,0.4608289563655763
2017,Colorado State,8.094759505218091,8.767773638750404,4.729048387092567,5.358241462336995,75.15384615384616,0.4682769699669768
2017,Mercer,6.126995570462011,10.742731621344815,4.567740623385531,3.514416033977054,64.0,0.41913383900171275
2017,Samford,8.869028458986929,8.965343825261279,2.281703392700998,3.1850136715301574,58.0,0.603448275862069
2017,California,6.740832176371341,7.280412151687628,2.855262385098014,3.600198408824547,74.33333333333333,0.53083382344021
2017,Purdue,7.446663619801161,6.893037263883331,4.2444998669080185,2.9461525055519426,72.15384615384616,0.5212897509188863
2017,Louisiana,6.169016395495702,8.774025526929565,4.634064116174606,5.248737881282072,69.0,0.4553033261544189
2017,Kansas State,7.987535673707334,7.134874014061923,4.788336270032621,3.615845837816621,60.69230769230769,0.3423678720797692
2017,Syracuse,7.269077180566787,7.839485730578001,4.739887994204661,4.775048401900544,85.58333333333333,0.5319632544860712
2017,Massachusetts,7.642172238753833,7.612322296965641,3.7849994131280145,4.594085956640158,72.08333333333333,0.5115739543038115
2017,New Mexico State,6.4732383356881416,7.339872543184499,3.494706032751299,4.352483271782403,76.76923076923077,0.6470838227487316
2017,Eastern Michigan,7.2561133976802745,6.778079506853995,2.8628730404665643,4.232868520409963,71.41666666666667,0.5066860380865058
2017,Troy,7.209570090918093,7.310136168463388,4.397182276283794,3.502480589484478,67.07692307692308,0.5266487715221904
2017,Idaho,6.672330671748949,7.69056315739196,2.967438459365677,4.438744411516759,68.66666666666667,0.4554414814422582
2017,UConn,7.616860391325297,8.357533779219564,3.3626602661769027,4.686412475078769,75.58333333333333,0.45929641159649703
2017,Coastal Carolina,6.804948686961901,7.854650866914006,3.735083093082712,4.4393494173032675,62.5,0.40960954522333237
2017,Western Kentucky,7.235099786964311,7.7394919906457,1.3896683544832553,4.813035123743031,74.46153846153847,0.5971807360138909
2017,New Mexico,5.8264683767162895,8.17469318138365,4.746494840806428,4.557738978854168,65.33333333333333,0.3037991855885536
2017,UL Monroe,8.427333066353299,9.4331250452692,4.568013480065759,5.812178044052993,71.91666666666667,0.46690312695847364
2017,UAB,6.020463393148557,7.484659037767096,3.9374484736164987,4.903536440431287,67.07692307692308,0.3967286508008767
2017,Wofford,8.954060611342864,6.793251795788076,4.663624083194778,5.5840543607638695,50.0,0.18
2017,Louisville,9.267508092169187,7.766487194558623,6.603071412789893,3.7106392849797936,73.76923076923077,0.47963970447273585
2017,Northern Iowa,7.224961392893044,7.086664286641037,6.157800884645104,4.63092268135407,60.0,0.6333333333333333
2017,Iowa State,7.6241345053108205,6.744677546297295,3.4713345877248423,3.5134758768270666,69.53846153846153,0.5282473310104089
2017,Liberty,6.505690345527016,9.423366307542848,2.483913668245321,8.34347019223986,103.0,0.5825242718446602
2017,Baylor,7.000254861324616,8.09127702842659,3.4096846265004217,4.99234134904723,73.0,0.5232356727546768
2017,Southeast Missouri State,1.9864454801696239,11.748160449367356,2.5207135885626135,4.019452124475779,77.0,0.5584415584415584
2017,Kansas,5.266327446368605,9.122411421502582,3.180885271119269,4.194070664702367,70.91666666666667,0.5328522274657873
2017,Central Arkansas,5.684931463414396,19.981309747330886,4.710812484284716,5.4764930834969,90.0,0.3888888888888889
2017,Oklahoma,12.263506537007078,7.11077217614628,6.013003597123925,4.254857477112518,69.92857142857143,0.4383134920072763
2017,UTEP,4.81536356870254,7.386336948054432,2.73659764781042,5.290276894956789,56.333333333333336,0.4904070328223118
2017,Tulsa,6.8998421777470185,10.533316339335686,4.909576608868771,5.511853186274313,73.66666666666667,0.33838630762032507
2017,Oklahoma State,9.846873371939644,7.602183939081779,4.880003431068193,3.5603981529317283,77.53846153846153,0.49789363338013337
2017,Jackson State,3.741345861139369,9.773509190137545,2.0387404348646747,6.53106002789141,56.0,0.25
2017,Texas,6.656457232567671,7.107688889872365,3.417441439804181,2.7182956125980717,77.38461538461539,0.4950541913605842
2017,Maryland,7.337776427295651,6.344105765883445,4.7439278056001735,4.346336430464232,62.833333333333336,0.4150188026803952
2017,Eastern Washington,6.58641423530926,12.311931339756462,2.179146835355043,4.482143532332097,72.0,0.5
2017,Texas Tech,7.646790586075872,6.637064935620117,4.202129118249939,4.317655418881875,76.92307692307692,0.538492665967778
2017,Virginia Tech,7.576100735828502,7.948886040329266,3.9167745680981025,3.107431978977081,76.61538461538461,0.4168974808759222
2017,West Virginia,7.960498845524496,7.4328238219706995,4.161143113537221,5.292796393434879,72.38461538461539,0.5123053257486905
2017,UTSA,6.372769613715158,7.703237427882282,4.227103623216802,4.2638713817641865,68.54545454545455,0.40360760082364705
2017,Iowa,7.971001697758989,5.919953513990312,4.083724713417881,4.1381520528486,64.3076923076923,0.4255801600856804
2017,Central Michigan,7.645162770188536,6.759607974320134,3.305664481068718,4.617918109247035,71.0,0.504047721086809
2017,Charlotte,5.180488574485466,8.2840454381408,4.396101056932981,5.230474228618633,61.666666666666664,0.42586028441526064
2017,Ohio State,9.046942463406308,4.6820071674092665,5.908374528708106,2.4064136859259633,73.5,0.42474432870116796
2017,San José State,6.029407078934289,8.816321590054459,3.0717122901235854,5.5469020726475,69.07692307692308,0.462729800758431
2017,East Carolina,7.159589567636303,10.84433375628337,3.344426804665252,5.43238507403738,78.08333333333333,0.5706442834504671
2017,Duke,6.200205912281775,10.139757100078073,4.19441750424552,3.7270514735732188,78.15384615384616,0.46651139910082473
2017,Ohio,7.59005083042328,7.458215630787975,5.414877905771627,4.106400244451323,67.3076923076923,0.36717159587397524
2017,Tulane,6.5542385613983924,7.9287104014228715,4.446530406661977,4.954310100379169,68.0,0.29893857758494274
2017,Pittsburgh,7.510754149801123,7.324657138168349,3.9492877985714574,3.5562530847336795,68.5,0.44362355062215225
2017,SMU,7.201994687872515,8.310906166292098,4.920948791358407,4.602032951282481,74.84615384615384,0.4989770798366159
2017,USC,9.336549123096077,6.658849713726469,4.637057978321332,3.9367797640185485,73.85714285714286,0.4723945577762537
2017,Arizona State,8.559154203847156,7.021277417811556,3.7849445312998995,4.490862854775627,75.46153846153847,0.42549331256608386
2017,Delaware State,7.933823090813737,9.406644181557107,2.2071647710465947,6.741311742391993,58.5,0.42280701754385963
2017,Akron,6.244743179365197,7.112108232541385,2.6398808566578076,5.283238300888958,64.71428571428571,0.4898490668041743
2017,Houston,7.227331908705334,6.839286309707869,4.2631731712929595,3.256553609467477,71.41666666666667,0.47763768759124425
2017,Army,8.889244890158897,6.985318050298626,5.724693978477435,6.173892950492558,65.91666666666667,0.08076223435459508
2017,Buffalo,9.02093218332386,7.784590284303772,2.8625661325834373,4.338250214900319,69.0,0.4792817856987191
2017,Rice,7.276278319491645,8.305926351660931,4.131533330583949,4.644194125337697,61.0,0.3383414013135642
2017,Temple,6.526388673802809,6.316088247538947,3.6255061184160238,3.8070786589425234,70.38461538461539,0.49361835139852744
2017,Fordham,6.303069486126826,-1.500064810404731,-0.02158784600621133,9.350350571391484,75.0,0.5466666666666666
2017,North Texas,7.9103264263529764,8.298558647607539,3.5836263544223916,4.3872565979172595,74.07142857142857,0.5044173629860119
2017,Navy,8.320218726459716,9.250729503669056,5.178592927289158,3.4933989187878773,71.07692307692308,0.1104479007283463
2017,Boston College,6.867987521375749,5.998255109179706,5.039012577279137,4.398355876777487,75.76923076923077,0.37049314250372056
2017,Michigan State,7.412889705177097,6.209263641884191,4.111998237402681,2.788371172798956,74.61538461538461,0.4266701207551883
2017,Miami (OH),7.437713282083938,7.411543110301224,3.70360481766293,4.600686237697473,69.25,0.4624544306897809
2017,North Carolina,6.6451830257963165,7.536268160600577,4.0812668117858175,4.211091064810067,69.5,0.4874979495169303
2017,Wake Forest,9.149287323121454,6.713028493086545,4.784677601357382,3.4095898548954984,74.07692307692308,0.44278575680391774
2017,Miami,8.06127874128023,6.549617276248563,5.227678094865315,3.0866192739443954,64.61538461538461,0.5027926997940979
2017,Stanford,7.714392542465161,7.095222606785321,6.180479454628793,4.6259705863764635,60.214285714285715,0.43305709086757965
2017,Indiana,7.282216013488838,7.039020735284024,3.7309325534919204,3.5568787292977304,79.25,0.5200194968483757
2017,Minnesota,7.595455677174958,6.280954835679517,4.416886345999476,4.77235800935655,63.166666666666664,0.30173009926785976
2017,Utah State,6.394497672054261,6.384500964530877,4.272397943696476,4.488106620352148,70.76923076923077,0.47688687575594924
2017,Wisconsin,9.462233058984465,5.890478123714195,5.290168246817195,2.9394410645277094,68.14285714285714,0.3384570675750071
2017,Illinois,6.699054075217532,7.211422982412988,3.587665908474513,4.629520446046729,60.416666666666664,0.46231970678020023
2017,Ball State,5.417099424947743,9.67549796028655,3.1796398498729364,5.885302051483163,75.16666666666667,0.44951950599128826
2017,Wyoming,6.158600102791046,7.083782215095383,2.9201020956786747,3.4229315309384996,61.07692307692308,0.4342039671233975
2017,Bowling Green,7.497081341580903,8.216700853716484,4.096773445445654,6.201269994002879,70.58333333333333,0.4900740980540821
2017,Arkansas State,7.497674147295595,7.648347287498399,3.4630199539066315,3.790223854368955,81.25,0.5224626836102276
2017,Nebraska,8.298805925004869,7.1956966048828095,3.9673921197830953,5.1325083052254,68.91666666666667,0.5560505817774204
2017,Nevada,6.865884643285035,8.296245577284184,3.850625585597081,4.442094954833544,67.75,0.5606072552805692
2017,Northwestern,7.084102882434123,6.348388601797969,3.956898670662418,3.1338232051502213,76.76923076923077,0.4604067409960886
2017,Penn State,9.386923936531808,6.047089770802358,5.382007046920189,3.5555403010631137,69.92307692307692,0.5035233009712738
2017,Towson,7.00257123602587,9.552313122298772,2.649416655557115,9.751164997158634,72.0,0.5
2017,Cincinnati,5.593235981322898,8.971153769599848,4.4148190126386515,4.204868716351142,67.08333333333333,0.5371711012661012
2017,Western Michigan,6.476261822436253,7.507408927556997,4.198688904573958,5.084902995066059,71.33333333333333,0.3452371129269624
2017,Rutgers,6.137054742985181,7.444838186981237,4.1699025860142065,4.576254584273973,59.25,0.39526238244492323
2017,North Dakota,7.546994620528926,6.4527166236880875,2.4125484255693097,6.395358253975596,59.0,0.5254237288135594
2017,Utah,8.038105894827712,5.811124109511672,3.56484810078716,3.7389498680846236,73.3076923076923,0.4497109314712003
2017,Colorado,7.561521996541188,7.04217957310603,3.490372845599921,5.383237423376282,75.75,0.4502029980473375
2017,Washington,8.6960985135153,5.895680035364601,4.627392889822233,2.653675887478149,63.15384615384615,0.42483103218746343
2017,Northern Arizona,6.95182719617187,4.308536648272458,3.9160672746788325,8.782710120713496,92.0,0.5434782608695652
2017,Arizona,9.470240464859117,7.959416645664011,6.1466743933776,4.690673476958225,69.84615384615384,0.31695576863817787
2017,Southern Utah,6.466116342046556,13.406109620831861,3.1575688723998963,5.929213192186977,86.0,0.5581395348837209
2017,Oregon,7.183221242722531,6.460949547547037,4.941840015306263,3.647443015837063,72.23076923076923,0.3318760870086392
2017,Portland State,4.8134790377857435,9.491087416955443,3.849641120928734,5.369110695478348,77.0,0.4207317073170732
2017,Oregon State,6.614116010556079,8.879710745612272,3.789509843969754,5.067872603344909,64.41666666666667,0.46502600178330594
2017,Montana State,3.256047442095874,7.982772262118716,3.727474365876163,7.5320292989611035,44.0,0.2727272727272727
2017,Washington State,6.9972389281353795,6.467850998030706,2.6504842455379323,4.05308322467316,78.15384615384616,0.7017156824713507
2017,San Diego State,7.1794298433912385,6.226458669409092,5.3574903710814885,3.335461460076,63.61538461538461,0.30803967488315104
2017,Hawai'i,6.483350141055147,9.43216148570138,4.157218668791642,5.393181937078559,70.25,0.5091872385780966
2017,Texas State,6.432708157019572,9.36129549421315,3.123472383195189,4.096270803028538,71.16666666666667,0.43086443622084475
2017,Montana,5.762906516225516,9.238571825257782,2.488809304696166,5.314624548866567,64.0,0.484375
2017,Boise State,8.312479377575682,6.780813704566031,3.836424542634979,3.256612263616137,70.07142857142857,0.4524883153178217
2017,Weber State,9.640325317594353,7.847746496465794,4.261860971738443,8.115374315985653,83.0,0.5421686746987951
2017,Memphis,8.454961942823406,6.53110237498699,5.000925492339769,4.098473543243707,72.38461538461539,0.5116802486693489
2017,Northern Colorado,5.775362990848984,8.552607203175508,1.1053834788220356,6.115200247787781,68.0,0.5441176470588235
2017,Virginia,6.249428253130659,6.166611996004467,3.384810915572083,4.1701648711827355,69.84615384615384,0.572782311064626
2017,Florida Atlantic,8.21818698585355,6.923789096890831,5.448383960775572,4.178689309382966,73.28571428571429,0.3582658942258831
2017,Air Force,8.808939086204061,9.68862072136874,4.704933075264042,5.864117685699525,78.27272727272727,0.15353027619680762
2017,Northern Illinois,6.248250600932055,7.06827022864309,3.435661471723362,3.3649415434343783,74.07692307692308,0.4175161867205989
2017,Georgia State,7.285359153356662,7.880558195483044,3.0184968678966304,4.1936930800541585,71.0,0.48634087001911136
2017,Morgan State,2.9512599667382764,9.539220742390018,1.8527848487299137,6.165882663527543,60.0,0.38333333333333336
2017,UCF,10.211720739877054,7.468345035660109,5.28768648152365,3.9429774496412313,71.07692307692308,0.4579280631995121
2017,UNLV,7.466382240280793,7.427344948421795,5.025681998251122,5.188372702491613,68.91666666666667,0.3621474418850108
2017,Presbyterian,5.292230994339581,7.205952192008721,5.353101469867109,4.993931971728958,54.0,0.16666666666666666
2017,Kent State,5.5402335935237375,7.79273636721532,3.2903288319826935,5.418790387484518,62.833333333333336,0.3020638067471203
2017,North Carolina Central,2.517273297967259,9.557308602315842,2.541055950008494,5.2415479551213116,49.0,0.3673469387755102
2017,Bethune-Cookman,4.96392634805242,5.902830632131687,3.5386580597398187,7.398031472855376,62.0,0.4826086956521739
2017,Youngstown State,9.83301200166833,5.800929992951362,4.755375746798088,4.249958497435651,58.0,0.5517241379310345
2017,Central Connecticut,3.7994585471218265,8.565405123093512,1.211231680505468,3.32020503799634,57.0,0.47368421052631576
2017,William & Mary,6.793654956453813,7.758707629139989,4.100036262167319,3.750124522317652,54.0,0.24074074074074073
2017,Jacksonville State,5.750219359875505,15.361830908125313,2.946357997156088,2.659459247783043,52.0,0.2692307692307692
2017,Marshall,6.834258931192257,7.379664626204254,3.668327714340653,3.4114528310145458,69.07692307692308,0.4927992801081545
2017,Delaware,6.26110738812496,7.482098708670001,3.4149805911861417,3.2345763103354157,63.0,0.2698412698412698
2017,Old Dominion,5.511149839521402,7.858070662302208,4.263648598527448,4.947873840268106,67.58333333333333,0.4350747878378425
2017,Furman,11.054575988863824,7.465535052574908,3.670583515660372,5.603745671501648,66.0,0.2878787878787879
2017,Toledo,9.319088351889937,7.468434446941687,4.437034592397239,4.85699569521375,70.07142857142857,0.4354831204100243
2017,Murray State,2.622688300488614,6.368215543290037,1.352705036746336,4.44170462182048,43.0,0.4883720930232558
2017,The Citadel,10.485579801313685,11.729405427861845,4.519835338517321,6.236022086973253,62.0,0.12903225806451613
2017,Western Carolina,4.570815380171395,9.044965496726828,3.629760433780255,6.782724543173941,79.5,0.4660513643659711
2017,Florida International,7.595262124539884,7.778920320057882,3.9611736533909574,4.833423632540313,68.53846153846153,0.4434342134577219
2017,Northwestern State,6.113194901183451,8.47354849923223,3.215405981825354,5.871342290323025,73.0,0.547945205479452
2017,Lamar,3.564692373710808,9.149366585644579,2.432004841503242,7.854723633855011,74.0,0.5540540540540541
2017,UAlbany,4.791092102352691,9.09061963237696,2.104448363193165,3.0867548420840105,72.0,0.4305555555555556
2017,Alcorn State,5.2690784599419045,9.684578332931249,2.499222810912073,3.6249348943862216,59.0,0.576271186440678
2017,Southern,2.664450962752201,10.676428899944924,2.668845100671156,4.206147531166165,55.5,0.4703389830508474
2017,North Carolina A&T,9.142465022244405,8.0931372139743,3.0630285088749805,5.582753209696942,66.0,0.3939393939393939
2017,Maine,5.482353365368274,8.801755178537913,4.717807044699693,3.194942324055655,70.0,0.5857142857142857
2017,South Florida,7.0954050439314145,6.825023397406316,4.776707583632952,3.4830534928829344,83.41666666666667,0.3682164839761826
2017,Austin Peay,6.663676302432424,7.281138215585062,3.694800513926355,3.017067638222457,65.66666666666667,0.2897887859913177
2017,Holy Cross,5.266944521307035,6.3743639265869225,2.854699724949716,5.118572372303461,82.0,0.6829268292682927
2017,James Madison,5.082148641577439,5.5267360230423765,8.280116015482047,3.1525950316627327,66.0,0.3333333333333333
2017,Stony Brook,4.433553660222716,5.885572629017937,3.2250144603701654,2.481095633759097,70.0,0.4857142857142857
2017,Stephen F. Austin,3.569980446258503,9.618873300695626,1.6973303440882446,4.283414215445673,66.0,0.4696969696969697
2017,Grambling,4.756099712202072,12.917262673373703,2.6688458803447332,5.480210778906103,49.0,0.5510204081632653
2017,Villanova,10.256951304741474,8.730277383443372,0.992471810426694,3.427110338117028,71.0,0.5774647887323944
2017,Southern Illinois,6.574920616085412,6.668050326754135,2.831303212342131,4.013614793847754,86.0,0.5697674418604651
2017,Tennessee State,5.367234750699597,9.768280393586098,5.763118218228828,2.8931591622183324,67.0,0.373134328358209
2017,Sacramento State,3.5055318254230947,9.227295120925442,2.5306769375688623,5.728822973395735,60.0,0.4166666666666667
2017,SE Louisiana,5.417560006207654,8.131802597397588,5.354999240207296,5.1539821440602145,79.0,0.31645569620253167
2017,Houston Christian,3.891421017912455,5.705675773821834,1.641259109371695,4.86620230519441,74.0,0.4594594594594595
2017,Savannah State,2.422003987760629,15.996412011663935,2.61284054693167,4.969975510101208,51.0,0.35294117647058826
2017,New Hampshire,4.229837682965678,4.566391095825705,3.4516502934513724,4.000667199560899,54.0,0.4074074074074074
2017,Alabama State,2.964508149127892,8.536526962161911,3.443907598635799,6.949230099359588,60.0,0.4666666666666667
2017,Arkansas-Pine Bluff,6.930285004099662,9.533867539866188,1.054829781618161,6.032916887288474,62.0,0.411864406779661
2017,Western Illinois,13.784701107708194,6.449854081892824,5.922509626828704,5.332363245100796,57.0,0.3508771929824561
2017,Elon,3.4297122476671036,7.375668139167185,2.6003538895144995,5.573261478519201,54.0,0.25925925925925924
2017,Rhode Island,7.8739249436497545,4.516013106197659,3.1277126105796467,5.807765524502065,71.0,0.5633802816901409
2017,Hampton,2.599354022620687,8.944046285144793,1.6628696998389323,3.44540502492902,56.0,0.42857142857142855
2017,Eastern Illinois,4.470954843322628,8.962649076968184,2.23700159985946,5.642976312802171,77.0,0.4155844155844156
2017,Howard,7.496051694190597,9.46737458237461,3.5997183671402047,6.534284782216964,79.0,0.3113971183422374
2017,South Dakota,8.348918336663203,6.4102853789866705,2.1996770352105814,4.840339013059679,86.0,0.3953488372093023
2017,Colgate,2.2383070745881835,9.990923720773118,4.305853835648928,6.5161051788934525,61.0,0.3770491803278688
2017,Tennessee Tech,4.707946408490617,9.795064664608603,1.9267526284961192,7.908751154456683,68.0,0.5147058823529411
2017,Wagner,3.6038803404013375,14.783804616870395,0.8131180479762947,7.07844349481558,51.0,0.3137254901960784
2017,VMI,-0.12935591047937978,12.140381147412324,0.28264498855079867,6.519733945497753,47.0,0.40425531914893614
2017,Abilene Christian,4.4501799392184545,10.77558074103346,0.6149846971115265,6.182703663995532,73.5,0.6787435137138622
2017,Incarnate Word,5.799774268197124,10.768849031801324,-0.46636381761652235,4.676466449541539,58.0,0.5344827586206896
2017,UC Davis,11.948365543834138,10.496501739487327,2.959486885569047,4.088777644058639,51.0,0.47058823529411764
2017,Cal Poly,2.2822782258748227,9.428125849513584,1.8496589189970134,6.313587581289957,71.0,0.14084507042253522
2017,Idaho State,6.706456224885141,9.202152814677355,2.8514413973657646,4.650073280256963,71.0,0.48491165376216
2017,Gardner-Webb,3.5052459166646766,11.474112404587704,4.111711914672146,3.567761871677834,59.0,0.11864406779661017
2018,Louisville,6.910301995238444,7.657460524384162,4.422119789847199,6.164190208984112,66.63636363636364,0.4912202794462846
2018,Alabama,12.308837569698555,5.396952168752047,5.625927714670345,2.318285586676576,67.33333333333333,0.43501056293678503
2018,Eastern Illinois,4.52172534837673,13.037002400589339,3.7545802109136095,2.005104060809175,81.0,0.49382716049382713
2018,Arkansas,6.564080912417739,8.567722562238552,4.491581575198289,3.5813050179836474,67.5,0.4612427609627181
2018,Auburn,8.597066943854449,5.934982287410836,4.495592262108064,3.1947084082819392,68.76923076923077,0.43749423913972996
2018,Washington,9.073181280665633,5.536932120213508,4.51906005318496,3.5918098287996414,69.14285714285714,0.4118319260735877
2018,Charleston Southern,1.5015447820599954,7.884751659891286,5.687010976305142,3.66445207280067,59.0,0.2711864406779661
2018,Florida,8.547335456162294,6.086940347536771,5.879832425365919,3.7145831892402943,68.15384615384616,0.41226762120560717
2018,Austin Peay,5.469324915395056,5.735656759278227,3.6536365292623,6.77788863263602,50.0,0.42
2018,Georgia,10.031314436563425,4.779081623504653,6.147108109379831,3.7205720215834774,65.92857142857143,0.3858363471825132
2018,Central Michigan,4.205255840861007,6.697724881488888,3.3089530652525507,4.886268889902149,67.33333333333333,0.4488119415504816
2018,Kentucky,7.725232506910524,6.29057834626154,5.018757157647487,3.299693990453871,63.76923076923077,0.3486626130746933
2018,Ole Miss,9.656307462212403,7.545204550499381,5.338035638483643,4.523502804559512,71.5,0.5093074219980536
2018,Texas Tech,7.5791898684112455,7.564714091450409,3.4022574509930905,4.063298978389206,81.0,0.5489629694103773
2018,Stephen F. Austin,7.4000983569865095,11.951683502615824,3.8724582521320894,4.237587816763753,78.0,0.47435897435897434
2018,Mississippi State,7.224109468996033,4.717859623248592,6.042909179677062,2.2340708628191988,64.38461538461539,0.38940362507491155
2018,UT Martin,6.5517313284964604,11.596859873085375,3.577626981383193,3.058478282058469,76.5,0.546790479624955
2018,Missouri,8.45590797202497,6.8946812566140725,5.312749035556471,3.0149962899249405,77.23076923076923,0.44648921031663175
2018,Coastal Carolina,7.549208942013085,8.129672813510725,3.8848431450062537,6.624110254223108,64.75,0.34499252340325487
2018,South Carolina,8.825290157313297,6.342357429146116,4.552267192789716,3.5814504699158385,68.15384615384616,0.5028232037452645
2018,West Virginia,9.58361347114934,7.690757710291112,4.490295275423429,3.685653759064174,72.5,0.5061086412108685
2018,Tennessee,8.480152831383053,6.877723331382419,4.125131435184887,3.5344105810996673,59.666666666666664,0.4235044179137646
2018,Northwestern State,6.589261673693375,6.17144678038749,3.2992345049809613,6.717108304256571,48.0,0.7291666666666666
2018,Texas A&M,8.578977774185775,7.311746489190583,5.849834524731016,2.530435139966195,75.07692307692308,0.4506807582515654
2018,Middle Tennessee,7.220043919874029,7.434229653039499,3.6160592315510676,4.220792964807196,70.42857142857143,0.4889587669212948
2018,Vanderbilt,8.392981932478735,6.448329712291364,5.431186070885825,4.703746473546629,65.38461538461539,0.4883655577260343
2018,Arkansas State,7.352982246497605,7.340402676119281,4.365241069939106,4.529891771192163,75.38461538461539,0.4768457204391082
2018,Colorado State,7.014756050086849,8.960005009446455,3.3790554954514342,5.381689545387128,74.5,0.5642986752045303
2018,Alabama State,6.063848111580759,10.404003308941363,2.1792084536646628,6.090376002636125,57.5,0.4128370098039216
2018,SE Louisiana,7.908594869340243,6.327521608201428,2.7944745554698365,4.838348816474645,70.5,0.5467611336032389
2018,LSU,8.42541854319712,4.977241879668574,4.469432045521797,3.117367685613925,73.07692307692308,0.40852896300934033
2018,Southern Illinois,7.867016129849699,11.47348002693295,5.05073723623962,4.212463464972632,93.0,0.5161290322580645
2018,Kansas State,7.097145038781503,6.962168326887874,4.636117475916653,4.555635657139565,66.41666666666667,0.3654598315851773
2018,Wyoming,5.184033411096507,5.309977373202337,4.625512638003672,3.4819327925067025,64.25,0.3678552427369051
2018,East Tennessee State,2.8432195431421627,12.981794961177734,5.016087571271477,4.536413808946075,58.0,0.5
2018,Clemson,8.857079287862113,4.87235686917894,6.75571312481256,2.1656282364926196,71.73333333333333,0.4706201067816735
2018,Nevada,6.672683588549862,6.801495282279886,3.9919897771145765,3.780170828262631,71.38461538461539,0.5318827109956804
2018,North Texas,6.960316461465055,8.255428894706558,4.12503744294899,3.740869661964306,74.15384615384616,0.5241467621591983
2018,Murray State,5.5120468048586,8.917853214336313,6.736259652324468,5.000469086593986,62.0,0.6612903225806451
2018,Louisiana,8.21748431010049,9.234069044713024,5.244436635786539,4.776653189037341,64.35714285714286,0.38870405084479037
2018,Purdue,8.44791004812268,7.977877268253219,4.739148368717574,3.911940007000502,69.76923076923077,0.5617719782731568
2018,UTEP,6.366420833348094,8.273056886325774,3.3141487707888584,5.5436529902613,62.583333333333336,0.43838650826930675
2018,UL Monroe,7.742645299362342,8.120562563529356,4.453542387526595,4.41458750920116,66.75,0.47971667148511515
2018,Notre Dame,8.506225383013406,5.2148848147592215,4.479247793110744,3.5213669021766303,73.15384615384616,0.44108930922522605
2018,Louisiana Tech,6.129096370435255,6.74237829766009,3.6966891073076793,4.47030405238567,70.38461538461539,0.5182111267997553
2018,Kent State,5.869994853703596,8.79438349525336,3.6191817271908886,4.793772796890894,76.16666666666667,0.45861874856753365
2018,Southern Miss,6.405774907927227,6.735945808918527,2.8901539898700555,3.74043398322321,71.63636363636364,0.49466076246273827
2018,Tennessee State,9.573981133324246,8.985873369692673,2.5115425970790177,6.4316906008709775,66.0,0.4696969696969697
2018,Tulsa,6.289345617353664,7.178846393888208,3.88595102537211,4.833621592493657,74.91666666666667,0.3544014712431025
2018,Memphis,7.441411392816344,8.216030005385777,5.914179593657449,3.7575924669541485,73.35714285714286,0.4093540945478532
2018,Charlotte,6.426022622808055,9.534174680930553,3.3344085216944435,4.033392103973625,69.08333333333333,0.3627687907854551
2018,The Citadel,1.9256993499289212,9.389671616319282,6.4716715272082315,6.934904337772312,62.0,0.03225806451612903
2018,Liberty,6.182196488800089,7.452717589491198,3.489666080765385,5.672307829027165,78.0,0.47858328232577824
2018,Idaho,5.324711530551616,7.986411875662527,4.500311633181464,4.786611953212056,66.5,0.5111990950226244
2018,Massachusetts,8.670988514224987,9.573393449544445,3.0468450623794943,6.024896933336652,68.33333333333333,0.5016988983842674
2018,Rice,5.858543124109856,10.160724883422112,3.384091616189531,5.357856633550535,65.92307692307692,0.42550394426605403
2018,Chattanooga,7.929518500903305,8.786427215496339,3.87196069969078,5.422473475333267,61.0,0.6065573770491803
2018,UAB,7.965508250881924,7.362540782733446,4.30230042608446,3.9301764144487987,68.71428571428571,0.3545183465076757
2018,Florida State,7.9741219818480715,7.083322218936174,3.03501729980605,2.9584012130692465,70.58333333333333,0.5399460000988959
2018,Georgia Tech,12.265275205130727,7.84529100869536,5.236508914822844,4.04739988990574,67.0,0.14532068513244886
2018,Weber State,1.779684182343936,6.626404951760683,2.868872214612376,8.013961001634566,53.0,0.41509433962264153
2018,Utah,8.109832748969115,6.328264804703593,4.549749137289403,3.109128166406774,69.28571428571429,0.4206141088501088
2018,Arizona,8.360034097996927,7.5634639057762385,4.5125581009730835,4.5370536516165725,73.5,0.4362210812119985
2018,BYU,7.866867553058721,6.038507736142622,4.088648160277168,3.7221749772727395,65.76923076923077,0.4369783980214101
2018,UTSA,4.521227572776907,10.32227942678003,2.6780909414524046,4.323783537636639,63.166666666666664,0.5354046219667831
2018,Arizona State,8.197601244055509,7.3126984676769204,4.869174112605736,4.6473663726980625,68.92307692307692,0.4411751538914227
2018,UNLV,5.488885816620628,9.216784254122082,4.771746909992378,5.497669286949388,74.08333333333333,0.3900030746825624
2018,USC,7.878366175565573,6.451254937251853,3.775549735539242,4.337052530737767,66.08333333333333,0.5040703344198793
2018,Cincinnati,6.809913521276065,7.094579721665872,4.590293365298295,3.169241648100285,75.15384615384616,0.3801647630813908
2018,UCLA,7.9136339230907184,7.293153250311936,4.739202336666684,4.582260960000206,70.5,0.4750209377224735
2018,Colorado,7.8838330940847134,7.606371176818761,3.3199444514822822,3.912970881790739,72.66666666666667,0.4826479975549258
2018,Bowling Green,7.034508146352196,9.392331909498973,3.291868386384986,5.598749515432381,68.41666666666667,0.49410851394564387
2018,Oregon,7.947822966628309,7.128790352327386,4.053103019394053,4.086080075362097,72.6923076923077,0.44663852028479256
2018,Ohio State,9.963849390278657,7.7230952160819735,4.468728425128054,4.309666590285689,80.35714285714286,0.4947958072170925
2018,Oregon State,6.993627783957,7.930591281558473,3.6690192485363617,7.033704666759216,76.25,0.4651986972216294
2018,Washington State,7.706069754284515,7.382610083835805,3.802976197249397,4.411845005449806,73.53846153846153,0.7087335838868761
2018,North Carolina,6.904427886967181,11.555171314243355,5.304881606162319,5.037878123500598,74.18181818181819,0.5084182130357774
2018,California,5.809063730555717,5.664243265252295,4.09326345471868,3.891525455084522,68.84615384615384,0.4615628350335556
2018,Houston,7.723624524921656,8.950485704597119,5.177256552322788,4.67992486461878,77.53846153846153,0.46540526492884393
2018,Michigan State,6.3932587160980985,6.073535551099829,3.4703327157509,2.2614844372313683,73.61538461538461,0.513194503262474
2018,Oklahoma,11.933775639876561,7.216491454173935,6.945295066229479,4.040732826353558,66.07142857142857,0.43056240463812484
2018,Nebraska,7.759484248612974,6.39709742928003,5.658994916527657,4.572176878157838,72.33333333333333,0.46928930393517665
2018,Northern Illinois,5.827564864205043,7.8631594970043865,3.816651242421724,2.8575439404976177,71.28571428571429,0.4053646038060256
2018,Portland State,8.99192194732358,12.245243480041744,2.547787100048934,6.570566835193472,66.5,0.36363636363636365
2018,Southern Utah,6.349705443024325,12.679525364157074,2.376331787955705,7.8313950696094885,92.0,0.5035595633602278
2018,North Dakota,5.019145163000022,8.21388919810415,5.705995340468404,5.616089516673265,66.0,0.5
2018,San José State,6.952016947932961,8.518959724635705,2.103164632550295,4.8984364462698275,67.08333333333333,0.5538063229688681
2018,Stanford,9.206342857292082,7.4715886466503445,3.7487178336132496,3.96954691646867,62.07692307692308,0.5207101749424768
2018,San Diego State,7.135894353068143,6.986446513955446,3.9328944372703583,3.1437460499272665,63.84615384615385,0.3713228475537914
2018,Texas,8.069595592526182,6.356826191252303,3.8613123090460753,3.2206229386896843,74.5,0.45691639986877075
2018,Fresno State,8.213301735314214,6.448821806987621,4.252799314635211,3.77279900124616,67.21428571428571,0.4723449036869764
2018,New Hampshire,4.304628811056076,7.183558921693203,1.875680702505574,7.169141304310852,70.0,0.5571428571428572
2018,Eastern Washington,6.49803712633309,7.898053861763885,4.17276686975021,3.3413282406706246,70.0,0.5142857142857142
2018,Idaho State,9.287991148929148,9.441860408325667,3.9271817607197663,5.328096355696115,77.0,0.42493160054719564
2018,UC Davis,5.692582715632591,6.169506849888361,3.265788716963013,5.390056135280047,84.0,0.6768231768231768
2018,Illinois,6.6280064731631825,9.216014813867012,6.149880669586899,5.672885903976835,68.5,0.4006846228684142
2018,Western Illinois,5.447782248381587,7.058297025425015,1.7106374621408924,3.207890604403941,63.0,0.6666666666666666
2018,South Florida,6.6324344026887125,7.099367523113691,4.53760265951046,4.770613147509581,72.84615384615384,0.45169112775905845
2018,Penn State,8.41017035195376,5.990084599276582,5.292168927620597,3.356477764989456,69.0,0.4213882894026225
2018,Rutgers,4.5674492384373835,6.414829288045709,3.985035531717602,4.7276815379318755,64.25,0.4510941204868179
2018,Wisconsin,7.565644209666304,6.798487203347429,6.380524190092297,4.221129819004857,67.3076923076923,0.3514638950494063
2018,Maryland,7.833536730220371,6.986923575517884,5.545348801089481,4.227974569544473,60.666666666666664,0.3341053151501007
2018,Minnesota,8.255788694773436,6.667493966182317,4.276497885381338,4.53878893423337,66.76923076923077,0.3945030524618192
2018,Iowa,7.507751292695754,5.8181028878329695,4.0171059838196985,2.6673999679505727,68.6923076923077,0.4588798853739552
2018,Northwestern,7.308458287902666,7.347121880248066,3.2101244371154563,3.6224495311944644,74.71428571428571,0.4949204780996288
2018,Texas State,5.751289523996494,6.5374199899647385,3.277329195948276,4.7688471493083995,64.75,0.4285008042884979
2018,Kansas,6.251490677560542,8.18552658812594,4.414697190388378,4.372988191418956,67.91666666666667,0.4832900462637783
2018,Buffalo,7.675823677208081,8.394033006551185,4.364426346520154,4.35759279305755,71.71428571428571,0.41979037136802605
2018,Indiana,7.352174674638097,7.79958382451862,4.576795539706074,4.456103729597919,75.66666666666667,0.5274269727980546
2018,Michigan,8.951889949464082,5.633948708372689,5.067754847143699,3.4438896979151883,68.23076923076923,0.3828561464095888
2018,Florida International,6.787116642876711,7.816237818285251,4.236898790829467,5.263079849902983,66.53846153846153,0.4472335948123543
2018,Virginia,7.599736429832154,5.851035967941263,3.927786133271088,3.738507864497614,65.76923076923077,0.42092656934422223
2018,Ball State,6.244545206905208,8.139190031891031,3.8119893963890266,5.199293649597253,77.0,0.5139462154573591
2018,Iowa State,9.287704595496722,6.640228849604194,3.725999582767242,3.2545225749299176,63.61538461538461,0.4427953798140894
2018,Northern Iowa,7.630238221857833,11.053560114502396,1.869122111821592,4.440440140851775,59.0,0.6440677966101694
2018,Temple,7.689382476603194,5.373037493703426,3.796763791836697,3.7468642069925084,72.0,0.47111030005413634
2018,Utah State,7.250600178373982,7.181427783320653,5.17392426903462,3.835045374098643,72.07692307692308,0.4967414933579013
2018,Western Michigan,7.809843952476152,9.500342969943151,4.241205449846826,4.580269242901476,74.0,0.40991366534411483
2018,SMU,6.517675945546904,7.952999969190906,2.842486028578002,3.863553491437735,72.16666666666667,0.539114949068736
2018,Abilene Christian,5.901021141149375,10.735512327789266,7.082103599431937,8.31405038759064,67.0,0.5970149253731343
2018,Baylor,7.7724871716331085,7.565681957296917,4.207696111422288,5.35698743456799,75.92307692307692,0.4871655689886562
2018,Duke,7.380834582133257,6.182529339291326,4.171667845908777,4.413066158090869,73.53846153846153,0.492978912161811
2018,Oklahoma State,8.458315377525242,7.133801035739581,4.7584381707827,4.495467647281492,77.46153846153847,0.48806590921600457
2018,TCU,6.470066103235755,5.6014084828447235,3.968334679525612,3.7238559925325205,69.53846153846153,0.4551631090651067
2018,Akron,6.048365015292986,6.834429353019531,2.7139317644036445,4.994388059200497,63.666666666666664,0.4864627099644663
2018,Nicholls,6.030552657256619,9.174366482687832,4.476889349639636,3.916327367322133,72.5,0.38751427483821854
2018,South Dakota,4.931967441044778,5.727246235286042,3.411797429974801,5.151845351607555,77.0,0.7272727272727273
2018,Florida Atlantic,7.498161510163349,7.590372814334745,4.844758401005821,4.552499699393703,77.5,0.3950778547688216
2018,Army,10.513545449898137,7.64519141850108,4.647790094019654,3.685068527932199,70.6923076923077,0.10654835255157721
2018,Southern,8.363247776801181,10.307731099128393,2.3500205563950454,6.1055810181396755,58.5,0.3653846153846154
2018,Wake Forest,7.477302624567185,7.189812154745369,4.479935698432789,4.597815295406621,82.07692307692308,0.41067430430124346
2018,Tulane,7.341818932593933,7.947248442539886,4.571376610323076,3.4275672353353976,69.53846153846153,0.33339178962225585
2018,Boston College,7.84939880036323,6.833954436143185,3.7109790962359184,3.474328054858805,74.5,0.3852004664383819
2018,Furman,7.647757296081805,6.710253521716922,4.247091148755056,4.61977275493997,62.0,0.14516129032258066
2018,Alcorn State,4.775422611686325,5.5966247808406635,4.114514929459583,6.487942332510801,71.0,0.4287868993751347
2018,NC State,8.049709052263855,7.447286238204041,4.085487360910936,3.56569701557769,75.08333333333333,0.5043118213852288
2018,James Madison,6.739655820192731,6.599689738874018,4.940781902945116,3.0243878538935625,68.0,0.4411764705882353
2018,Pittsburgh,6.939601227852552,6.01369192371128,5.763414874446892,4.372287119136435,63.214285714285715,0.3547678014356639
2018,UAlbany,10.526888158762223,7.9517960576388536,1.99126024422918,4.923113454914965,57.0,0.5087719298245614
2018,Richmond,8.237186451936413,7.267278866174614,2.2757867527566438,6.577458696618054,48.0,0.6041666666666666
2018,Miami,6.401005557289333,6.454903571169739,5.113056011640588,3.1020469917088884,64.15384615384616,0.4241360589419309
2018,Virginia Tech,8.069954305096852,7.170908582993742,4.422515459753164,5.550297077975201,73.0,0.4494245030333564
2018,Holy Cross,3.6475058524654873,11.924185526518476,3.725681364800961,7.55231867332445,65.0,0.3384615384615385
2018,Samford,8.30733405780045,6.534819968785754,3.898152695272565,5.0660233615973205,79.0,0.759493670886076
2018,Indiana State,2.856481564772437,8.08810403836316,1.538758096021065,5.1079740414539225,62.0,0.1935483870967742
2018,Savannah State,3.2778881987826125,8.917609042719889,3.1496031229645403,5.440045390087446,56.5,0.2579937304075235
2018,East Carolina,5.4639420350392705,8.857575992968586,3.0780280731544334,3.9032085009543818,82.75,0.5621619445163293
2018,Georgia State,6.854222739343395,9.154987748303418,4.368628176024805,6.6453021251670235,67.83333333333333,0.4323492707999956
2018,Syracuse,7.297033847912609,7.215696794758395,4.013373773849051,4.207039228622305,81.53846153846153,0.44089583146632333
2018,Wagner,7.733066143799075,6.717224635558951,1.01190326754611,5.23743732962617,74.0,0.44594594594594594
2018,William & Mary,8.05753480335066,11.66062423506634,-0.1447235970538563,6.4672775057129455,59.0,0.5084745762711864
2018,Towson,7.0475133902087865,8.981332132951994,1.7863151614859105,6.066542195188266,81.0,0.6296296296296297
2018,Georgia Southern,10.575157549132122,7.419217729773958,4.733826261698758,4.030089857788738,58.38461538461539,0.1547710410343102
2018,Western Kentucky,5.795065897388688,8.24067964645936,3.300756746180049,4.695025618199511,72.25,0.4984675261010354
2018,Toledo,7.27864522178914,8.528191432798819,5.084199686376978,5.173145472858733,71.3076923076923,0.4241631455584709
2018,Ohio,8.801088023655245,8.237941494267064,5.644817401460516,4.824080755976233,66.6923076923077,0.3602308949247511
2018,North Carolina Central,3.708683328045429,6.714026419841968,3.8021873804254795,6.384692342110866,55.0,0.38181818181818183
2018,Marshall,6.491182787573207,7.514015289518612,4.111804215792175,3.20023165449156,69.84615384615384,0.48124029563505005
2018,UConn,5.305766167078674,11.264358317157814,4.621738835025847,7.898072676942395,70.91666666666667,0.4093713392609082
2018,Old Dominion,6.674390109467406,8.678159400943308,3.24652943220241,5.8275535188205625,75.33333333333333,0.5281245514683076
2018,UCF,8.836787387362369,6.6361654667746,5.569020271851301,4.2881078493051366,75.84615384615384,0.4004641558194063
2018,Western Carolina,4.257942597789986,13.404329261403603,3.1038884938856994,4.8578396831972865,70.0,0.5142857142857142
2018,Navy,6.534101530629285,8.426397537960984,4.819556450856053,4.867201308664313,66.23076923076923,0.15518930885607596
2018,Lamar,2.2203855839924485,11.781580726124679,2.644718565771998,6.09464006930097,74.0,0.43243243243243246
2018,Youngstown State,6.14496717909087,9.414520500713428,4.382452311871296,6.12175793805223,60.0,0.4
2018,New Mexico State,6.262420322706302,9.107539534080255,3.009144067403906,5.251598410160724,74.16666666666667,0.597056975287244
2018,Miami (OH),6.513678597906371,6.338583582986161,3.999823656381194,4.128274298448806,68.16666666666667,0.45934266607689994
2018,Troy,7.575205650556109,7.130698667999253,3.9909142338923664,3.275903769289478,65.84615384615384,0.43043285834563016
2018,App State,7.281770850842154,6.420704698952327,5.0496898232896035,3.4686466923258905,66.0,0.3688846421351736
2018,Eastern Michigan,7.053770752048725,6.714935707456306,3.721422282100839,4.6805675852972275,67.53846153846153,0.4523658586216026
2018,New Mexico,6.70921811571034,9.798239975932434,3.5272618009497116,4.3568421902370815,66.0,0.36714532810106065
2018,Duquesne,2.988601833452103,7.719208741951693,0.9260701156141025,8.011238146399922,59.5,0.47255574614065177
2018,Hawai'i,7.870347604605935,8.960246825895213,3.346146189706791,5.271562323083862,68.64285714285714,0.5705827594035245
2018,Air Force,10.685693026594386,9.315033293814762,4.905989064066755,3.598954245252956,73.41666666666667,0.19583486629100064
2018,Lafayette,4.603684360393699,12.718905110225384,4.089513020213614,5.100510717648594,40.0,0.4
2018,Colgate,3.791184360393699,1.0522384435587169,7.3454654011659954,4.033011461032477,44.0,0.36363636363636365
2018,Missouri State,5.516431521884023,6.914716769706203,2.7754873196954417,7.481890816259319,65.0,0.4307692307692308
2018,South Alabama,7.639500443696569,9.108406528264977,3.3242265748248205,4.903485360491287,67.5,0.3959570077549506
2018,Boise State,8.349220335322721,8.026763953395593,4.225491020160438,3.7621287756146398,75.23076923076923,0.46877171852995764
2018,Prairie View A&M,4.789304755331864,6.625709314690203,3.202191141787005,5.917769955183469,62.0,0.5305053678973554
2018,Fordham,4.262684305133317,14.314662716732396,-0.23993007500763852,5.868493180902883,63.0,0.746031746031746
2018,Jackson State,3.9577400180133746,8.677145761469879,5.219733558021032,5.922098887956153,59.0,0.6271186440677966
2018,Northern Arizona,7.3580439069024415,5.104990085119713,1.827150534907327,3.845966848512659,62.0,0.41935483870967744
2018,Eastern Kentucky,3.6120713933913073,7.528182593476494,5.135830402922414,3.7954773796324064,70.5,0.25882711038961037
2018,Incarnate Word,5.125765043497022,12.402788912851276,6.30875515795867,4.740234057498386,66.5,0.5171232876712328
2018,Maine,5.807448524622826,9.302637727422995,2.392294375446739,2.834665265972637,71.5,0.4537181996086106
2018,Bethune-Cookman,7.349186112012628,6.848649821947732,3.8907524992202855,5.564952309388289,64.0,0.4987684729064039
2018,Arkansas-Pine Bluff,5.001219040547205,21.300228366939475,3.0056132806819678,7.63847680545908,65.0,0.3230769230769231
2018,VMI,3.3596331184423907,9.979673618097289,1.185572560078761,5.412376975495597,70.0,0.6004901960784315
2018,McNeese,6.626428144784212,4.445338139539119,3.2643009674035985,4.087298938149088,54.0,0.48148148148148145
2018,Elon,3.896045142158439,8.746259640234644,3.350561032721516,3.5485174957996457,61.0,0.19672131147540983
2018,Villanova,8.487611779752946,5.949989155759254,4.527306641380834,2.48682419346896,77.0,0.5194805194805194
2018,Mercer,3.441576649513597,10.863049585270584,2.9346481712289676,5.139028558747959,51.0,0.5294117647058824
2018,Central Arkansas,6.854399555683169,9.225758651330182,1.927051663551901,4.650276262275892,57.0,0.43859649122807015
2018,South Carolina State,4.048407363234529,2.622487735547049,3.1815603398106633,5.397946483492159,61.5,0.22995666305525458
2018,Alabama A&M,5.225464829914789,13.371753175828399,2.9891187209816374,7.028251053459846,53.0,0.5283018867924528
2018,Rhode Island,6.512654191216024,13.484153128230421,3.411570456283382,4.480793294324634,62.0,0.5483870967741935
2018,Lehigh,3.3565421190330706,11.20962587905219,5.834962552460949,7.214052887191199,65.0,0.6153846153846154
2018,Texas Southern,6.834806331339976,8.727674534850742,1.525128543100085,6.36798661983617,65.0,0.6404761904761904
2018,Houston Christian,4.244708180360801,11.917864785092323,2.5648633792110105,6.24698202920791,78.0,0.6538461538461539
2018,Central Connecticut,3.709737192830933,10.654575451395289,3.710719772602725,7.057171544320995,66.0,0.42424242424242425
2018,Monmouth,5.308535325786864,11.670879528123493,5.137231477592559,4.785113948408997,79.0,0.569620253164557
2018,Delaware State,1.1560674694575752,7.584203677733074,3.2064165009667023,4.981093494526051,60.5,0.2372448979591837
2018,Howard,7.209050352350957,7.110364903625426,2.2531066791955663,4.8841005986420285,86.0,0.46929347826086953
2018,Morgan State,4.33580619615709,9.162185891055152,2.0414582849653753,6.704979170496955,64.0,0.34375
2018,Kennesaw State,8.750987030411308,7.136492500594406,1.0923026875411095,3.167627481365936,70.0,0.2714285714285714
2018,Southeast Missouri State,5.792390206512044,12.35208683986813,3.624458991409284,4.638123977279989,59.0,0.4745762711864407
2018,Grambling,3.5614273316180256,7.113820058505777,3.508698896802616,6.259772486728453,65.0,0.4461538461538462
2018,Florida A&M,7.308539997314645,4.614465854363114,3.078181763959418,7.299793882757811,63.0,0.49206349206349204
2018,Campbell,5.5983053820927555,13.914133690487438,0.6268728133166048,7.162468917117518,63.0,0.5396825396825397
2018,Gardner-Webb,4.87278449557714,9.63173374254996,2.0269480180606134,8.106099155615611,58.0,0.5517241379310345
2018,Stony Brook,0.4023664116797683,0.31168155766325434,1.7755463298117795,3.7585607054649426,50.0,0.4
2018,Sacramento State,9.535943733459646,9.956487802051736,2.9773934165385167,3.922888377200015,51.0,0.39215686274509803
2018,Tennessee Tech,3.417190414826938,8.449612579941002,4.101933504898261,7.022645514383859,67.0,0.3582089552238806
2018,Wofford,6.979211732086975,7.529890452453324,5.422729955770331,3.020965158540807,64.0,0.234375
2018,Illinois State,7.792937275127631,6.235252217852947,5.346397892927278,5.317939784614444,71.0,0.4084507042253521
2018,North Carolina A&T,5.063823290008146,6.6833452635243855,2.929625313567558,3.4513096666582603,60.0,0.48333333333333334
2018,Norfolk State,5.552328495976502,6.363103927277214,3.4344513927846823,7.947830178779501,59.0,0.6101694915254238
2018,Drake,8.324712955348797,4.525669055330616,2.9922492154693723,3.329030483237482,59.0,0.4915254237288136
2019,Duke,6.067469706451997,6.463174310764814,3.743345701554514,4.136477772288259,72.75,0.42971582409700915
2019,Alabama,11.579759099212263,5.883545793080521,5.426446310399165,3.5275143058401195,64.76923076923077,0.47856332478521557
2019,Portland State,5.225647739198223,7.983142879383402,2.401178623578117,4.300899571379271,62.0,0.460967993754879
2019,Arkansas,6.11764176524517,8.027863776535789,5.219421061095261,5.420344371029032,65.25,0.5163885079289104
2019,Auburn,7.840601087325117,5.136534125544906,4.95186929038819,2.678181281335227,72.61538461538461,0.4188243217425786
2019,Oregon,8.67196536624638,5.720979512756894,4.88657844061274,3.4493805017961257,68.28571428571429,0.4647344992933159
2019,Miami,7.622880577329519,6.878171458950799,3.621539412750963,3.218801281108605,64.92307692307692,0.5146254677366213
2019,Florida,9.494937894463149,6.855140518725699,4.454445035809618,3.222840566614516,66.53846153846153,0.5404068076930242
2019,Toledo,6.791365755971301,9.616573328274354,4.644311270103508,5.315745175423916,71.25,0.39837779798791234
2019,Kentucky,5.608524657166694,5.883168400288661,6.180459952255284,4.324650285349825,63.84615384615385,0.2976510153615409
2019,Georgia Southern,5.5415195346296855,7.941308841254829,4.405278622416457,3.6009424685399956,63.23076923076923,0.18641035833511765
2019,LSU,11.194784117092148,5.824601864168998,6.089141350024926,2.741323101122245,72.0,0.5301879018318995
2019,Memphis,9.680971532612306,6.007647394375424,5.117518798992729,3.917412305417691,70.85714285714286,0.44132902830325177
2019,Ole Miss,7.673265260141831,7.4578558232151835,5.649637896785801,3.2075576851985446,74.16666666666667,0.36951278373334295
2019,Louisiana,7.5720414403720095,7.277960867933413,5.724066498278935,4.493452597183339,70.42857142857143,0.4132840040018511
2019,Mississippi State,8.051901787543127,8.588884436855018,5.4053554178728245,3.6884016889693214,64.92307692307692,0.3726185166020715
2019,Wyoming,6.560415499172756,8.30150026412383,4.7611607617102525,3.3600347700250555,63.92307692307692,0.30397197195633
2019,Missouri,7.141740738997629,7.135713796746676,3.8541506543206254,3.2039952838052215,71.0,0.44295677746489104
2019,North Carolina,9.588281467449772,7.756911283794496,4.713459543970225,4.1590705330484665,73.76923076923077,0.4407298634899075
2019,South Carolina,6.5966668515111015,6.848318114516599,4.020143796689583,3.464940341801599,71.83333333333333,0.538573585865891
2019,Georgia State,6.31978143023979,8.771520917965116,5.042146916044972,5.260603322530069,75.46153846153847,0.39569131445203387
2019,Tennessee,8.56063060036858,6.734170793529922,4.172027862989584,3.1195440986003002,63.23076923076923,0.4358618512261074
2019,Texas State,6.085067097291599,8.071629111162324,2.404077319328785,4.3243657398873,64.0,0.5771141719616649
2019,Texas A&M,7.259044076453538,6.291179403020438,4.690311786367363,2.9395461431370817,67.76923076923077,0.5119628677240897
2019,Vanderbilt,6.001294660631456,8.071956407633015,4.511078104114618,4.8154153995539675,62.0,0.504746106902599
2019,Georgia,8.144915021477237,5.212725903835297,5.308682161580727,2.16002127536752,67.14285714285714,0.43453607192206445
2019,New Mexico State,5.1324246913978415,7.112485103188856,4.224657438134344,6.254181856142234,69.33333333333333,0.5411151141590348
2019,Tulane,8.566583745301932,6.232045635368748,5.23002175513974,4.029191281131573,72.92307692307692,0.35381071891055854
2019,UT Martin,7.190550888611708,5.284191347059076,1.182557253715765,7.053338230863447,60.0,0.5014285714285714
2019,Murray State,6.653766535569359,11.605170263333635,2.5670566033446374,5.285811712048865,69.5,0.5281645569620254
2019,Eastern Michigan,7.879252919384293,8.97070342411291,3.5064697492969166,4.625966521208128,67.92307692307692,0.5233957929028401
2019,Texas,8.629018989812074,7.285691507092788,5.195647039123202,3.523290367806341,73.07692307692308,0.49160196666536965
2019,Southern Miss,8.470139390725256,8.906090837154267,3.2858917775166456,3.560104282750129,67.07692307692308,0.4992633788547073
2019,West Virginia,6.760154936442345,7.902044174686645,3.0865189534812623,3.2828451364928193,65.66666666666667,0.5728648072547281
2019,Charleston Southern,5.059465071401858,10.255958363887599,3.644505857482221,13.149238870852662,70.0,0.6571428571428571
2019,BYU,8.20644213825513,7.31983256192062,4.154846678876371,4.320306308517579,71.76923076923077,0.5041585433096103
2019,Clemson,8.679049167957931,4.769021190811338,6.177381108876658,2.94326268347453,71.66666666666667,0.4752465164930783
2019,Purdue,7.507451431813609,8.030174196480013,3.243800831286928,4.29702826401928,71.83333333333333,0.6033039616967089
2019,Colorado State,7.106106474376786,7.61401907619462,3.643039462486468,4.717772996060412,70.0,0.5280875665778438
2019,Kent State,8.004370427518033,9.049183390908905,4.310582309282066,5.1306427472548615,69.61538461538461,0.38954793343393107
2019,Arkansas State,8.4999504568671,7.846711451589291,3.337845131543432,4.939733043853286,71.15384615384616,0.5116860122216452
2019,Northwestern State,7.4261907755542005,11.241598283282958,3.3563517469042314,1.5989078822696312,64.0,0.640625
2019,SE Louisiana,6.982950355649673,7.960475310186606,3.669225647209658,2.9459402090952054,69.0,0.6521739130434783
2019,Kansas State,7.486594483218427,7.1286685158710394,4.134802070849153,4.05002719374077,64.61538461538461,0.3624798017112025
2019,Southeast Missouri State,2.216185623475818,10.201494474418219,2.154678225866468,6.809260381445965,64.0,0.5
2019,Chattanooga,3.843949109247109,7.833712916511877,4.44388325838264,5.159239876659628,70.0,0.37142857142857144
2019,Lamar,4.202436799502204,10.401875670853936,5.36305288998628,6.053547648070224,55.0,0.4727272727272727
2019,San José State,7.542533269576661,8.061446952219082,3.061837584674734,5.015617765549048,67.08333333333333,0.6177772253875548
2019,Notre Dame,8.334001582221417,5.028234474923053,4.913708735763709,3.3375884829345397,68.3076923076923,0.46658893196257034
2019,California,7.014993199506642,6.901069498613645,3.588197691944956,3.4265762194633003,64.61538461538461,0.43714172765090414
2019,Towson,6.542622057655859,7.612953613605664,3.1626790724655613,4.748306178232858,61.0,0.5245901639344263
2019,Northern Illinois,6.736455117784122,7.800449007966326,3.387780798692562,5.286603398776287,68.66666666666667,0.44810442375277043
2019,Utah State,6.332213238300198,7.378639598496938,3.8990649076373134,4.135823211787446,74.23076923076923,0.5301856605328757
2019,Troy,7.176732068309043,9.491350092120818,3.744683775066198,4.723792166124028,74.41666666666667,0.5556550092605114
2019,UNLV,6.369147703507238,8.396889888715604,4.07043042207727,5.837698312756359,69.25,0.460078880486576
2019,UAB,8.017388245634299,6.782928097918666,3.3292700124892343,4.0252418312022735,64.0,0.37665257543085345
2019,UTSA,5.874861273640413,8.68814815051043,4.045264587973417,5.798420692554676,68.16666666666667,0.443116846194565
2019,Western Kentucky,7.06197855173273,7.040469509538287,3.3513428743467326,3.8546515050855374,69.23076923076923,0.5204029062882272
2019,App State,7.48105104334347,6.4695364633094865,4.99246417535297,3.4912771742603828,69.14285714285714,0.37587650749776397
2019,Western Carolina,5.7517598263794225,12.943513260531711,1.8189989243502984,5.108069931540568,49.5,0.4727235438884332
2019,Samford,4.856455828211828,7.507685307066707,3.1491604478227426,5.073944275164682,56.0,0.4642857142857143
2019,Abilene Christian,6.53542532299313,8.574568101902802,2.767005270511564,7.230722275373065,70.5,0.5464788732394366
2019,East Tennessee State,5.375032067919362,8.042775813097506,2.2789845169839262,6.319347602703083,58.0,0.37439903846153844
2019,Florida State,8.334059769177765,6.9303658365491385,3.8504748028096056,3.1927168879850636,69.92307692307692,0.48020825321098537
2019,Georgia Tech,7.107445720124495,7.982641202350766,4.580244816332995,4.7380099008221706,59.75,0.3732683725600637
2019,Louisville,10.410301277917037,7.6760162722279315,5.032807157727872,5.096259167027819,66.84615384615384,0.3453277714923205
2019,Stephen F. Austin,6.74519620932561,5.21805503216463,4.892817736540787,6.824034050521966,62.0,0.4838709677419355
2019,Baylor,9.048500360175947,5.959710164564487,4.611635821834583,2.927276309954015,67.71428571428571,0.46536694375062465
2019,Rice,6.208675983193458,8.511554150862816,3.248836716154424,4.099367014771558,62.75,0.42103333139369137
2019,Iowa State,9.249713029531415,6.636233838117713,4.466644469606968,3.4586930443167887,68.92307692307692,0.5379801986945232
2019,Texas Tech,7.611621286112942,8.77473849356306,4.323714281541623,4.081075297788208,77.91666666666667,0.5666391039062967
2019,Oklahoma State,8.159176777431385,7.6169759815302225,5.904330106315911,3.8884176491879097,71.07692307692308,0.3930657691437177
2019,TCU,6.214795874182168,6.418963185147003,5.063740990272048,3.524056186648664,75.33333333333333,0.43902108983846627
2019,Oklahoma,11.034679717522474,6.4370088541068355,6.257291544269591,3.65786825652678,67.57142857142857,0.4062144864710584
2019,Kansas,7.102292636261571,7.683603122403883,4.780742337689189,4.563287209057806,64.33333333333333,0.5017426217454796
2019,Northern Iowa,6.23125803662663,5.051067638673471,1.7474028646259012,3.852761605636224,73.0,0.5753424657534246
2019,Iowa,7.7053208335255015,5.445441644821146,4.217251731880719,3.204255787336694,66.46153846153847,0.47626309073407386
2019,UL Monroe,7.511176887933462,8.708751291117728,5.278331269546173,5.587084559539605,72.33333333333333,0.47279802110637
2019,Indiana State,6.181200376401053,8.70815395513515,3.479880838079302,2.449075725716262,71.0,0.4788732394366197
2019,Coastal Carolina,6.751897459404076,8.792439328123875,3.6014525830353583,4.192811486749912,71.16666666666667,0.3902530091896536
2019,Boston College,8.38082338858181,8.366499752478381,4.932324027462016,4.37335098086213,74.15384615384616,0.31630497566821814
2019,Nicholls,6.1126171978638535,9.905657768863307,4.517276375498058,5.587226019896091,48.0,0.4649667405764967
2019,Bowling Green,5.041194705575347,9.511840762971108,3.6784717429663485,5.828015463376218,69.83333333333333,0.4074728376518622
2019,Houston,8.16663610538537,9.348023360765572,4.780775070450166,4.564742253043735,65.0,0.3988433118740202
2019,South Dakota,8.041670479688474,10.557120842965148,3.2532166423124598,5.89635012451359,63.0,0.6031746031746031
2019,UCLA,7.539039759883718,9.073122259427114,3.815110091584916,4.382967770948217,76.33333333333333,0.4626348934864167
2019,Oregon State,7.382761683236102,7.512258738469254,4.2247678275759135,4.110852763858935,69.25,0.5052868013783985
2019,McNeese,6.069266951468958,12.24636406920024,3.6514317943288424,2.101642437728175,72.0,0.3472222222222222
2019,Tulsa,7.832903143795545,6.801094541732625,3.130098822668602,3.8549565328126447,78.91666666666667,0.47422517406486997
2019,Arkansas-Pine Bluff,5.068199596619328,7.6039627250268,3.5579385568844732,4.705688984444087,62.0,0.45161290322580644
2019,SMU,8.505465199369086,7.473415197556524,4.293622451272733,3.7272278498747253,79.76923076923077,0.48248868698832587
2019,Louisiana Tech,7.4754158732031515,7.709003196886441,3.780622888179921,4.135513222402874,71.76923076923077,0.48995601206735917
2019,Montana State,5.379493863384096,7.802376619489962,3.561729075146758,6.251858194466879,60.0,0.4
2019,UTEP,6.122847317745585,8.693363048225002,3.1805043759977623,6.29472996594773,64.0,0.4276438994359579
2019,Arizona,7.322205873933858,7.830815410255979,4.100783081232168,4.910084504837838,72.75,0.48793989175925184
2019,James Madison,7.320921496334146,6.967152323656973,4.394796565721161,2.5415929675137274,68.0,0.29411764705882354
2019,NC State,5.46943777597403,7.343856375559041,4.084340715126226,3.5548266356245874,73.41666666666667,0.5265714683223646
2019,Illinois,6.883157766556457,7.895064864192884,4.017787544535657,4.338125251007936,65.23076923076923,0.4208784075427992
2019,Akron,4.796308118571905,8.408468293014216,1.256985688288369,4.92180068366289,60.416666666666664,0.5464344227373849
2019,UConn,6.514552384789386,9.893720430784587,3.3301613861738555,5.790439102338748,67.5,0.47624083324946853
2019,Nebraska,8.34379115674265,6.466149668269536,4.941960984624413,4.597256748570857,72.25,0.37383759862093363
2019,Minnesota,11.03746119201167,7.376045659685626,4.509649197888299,3.316270393937108,67.92307692307692,0.36482890033488063
2019,Michigan,9.133786471759688,6.80319614599457,4.340017916651638,2.3530189274163615,69.61538461538461,0.45629501508255055
2019,Wisconsin,8.867353822805091,5.815453543115995,5.828388944714356,2.6800589282259843,68.78571428571429,0.3635499606287963
2019,Rutgers,5.924834251300169,7.92314462083981,3.8475834139982616,4.818605779986933,61.25,0.38242099675269775
2019,Michigan State,7.3892025649878414,6.550670761640268,3.9607847385578108,2.7655548259086524,71.6923076923077,0.5021263646889078
2019,Northwestern,5.217440713065822,6.5544619218161655,4.044887645335504,3.6530813538106433,70.08333333333333,0.3683661220421883
2019,Indiana,8.507967666731904,7.217887286062729,4.085940654118314,3.76504760681808,72.3076923076923,0.5047467083617906
2019,Ball State,7.066440126716441,7.999683153902095,4.691193146656006,4.511490906918913,75.75,0.40339735189267806
2019,Eastern Illinois,2.9983352114587807,9.936123606799281,2.170572613893606,3.5866424483208,56.0,0.44642857142857145
2019,Ohio State,10.03132881078872,5.222127418310019,6.488334983656962,2.5437231201165535,76.35714285714286,0.3787894359193831
2019,Maryland,6.0212923515796035,7.541820495972296,5.301206689828796,4.370700860916293,63.916666666666664,0.4459056542372772
2019,Penn State,8.419721647916377,7.286034272265697,5.3429140505670585,2.2694981356884445,68.07692307692308,0.41773952534500813
2019,Miami (OH),7.575301547896354,7.23243804815962,3.249598339960859,3.9468394456585933,62.142857142857146,0.38571961958505124
2019,Middle Tennessee,7.380476564524209,8.369318824224395,4.809079079163677,5.3374850731914405,64.25,0.4704227392798561
2019,Howard,3.6039061033926094,11.876618408675307,-0.07760161912118843,5.632863677376342,57.0,0.3333333333333333
2019,Syracuse,7.5256070467665195,8.776152932996785,3.6529208607361388,4.681308734071113,75.75,0.44678579829803794
2019,Temple,6.880450470448707,6.07725957489692,3.4827179317926626,3.552676003132773,73.15384615384616,0.49530453628216226
2019,Western Michigan,6.64535578817218,7.888826909151869,4.89891422724528,4.991361972721464,70.46153846153847,0.44962592129088363
2019,Arizona State,8.15881447013079,7.163532189814405,3.7277168903845066,3.792563186180604,64.76923076923077,0.4583888271801895
2019,Army,7.621870207450723,6.006531541134725,4.388236907236612,4.666039594110215,66.84615384615384,0.14923336747586166
2019,South Dakota State,7.691802443867204,6.403910508098664,6.038130390882048,2.949656222334387,60.0,0.43333333333333335
2019,Fresno State,7.196810404687529,8.688447062372033,4.461650119761109,4.781082325112614,63.833333333333336,0.4884014644788242
2019,South Alabama,7.056602115573027,8.220102911159335,3.1732601171296646,4.000492322591303,65.91666666666667,0.35618853738836814
2019,Colorado,7.3669074406745585,7.720846790730865,4.2121375877646665,4.538194551611008,70.58333333333333,0.48139936243725767
2019,Stanford,7.585611082816409,7.842488768298444,3.782273162336216,4.404124660334904,65.83333333333333,0.5602659154040756
2019,Massachusetts,4.717962357323816,10.33172277734281,2.9181298150164263,7.063372576575991,68.41666666666667,0.47563024262265685
2019,Florida Atlantic,7.739710292316289,7.26070817296136,4.1006771393361765,3.667590145437329,75.21428571428571,0.47609551339937795
2019,Cincinnati,6.956720046944496,6.276115336162313,4.768193545466077,3.4707496712727495,70.92857142857143,0.3799613372881264
2019,Idaho,5.564077241630795,6.775024098004028,2.651990426938103,5.38141140899851,64.0,0.47047047047047047
2019,Buffalo,5.749705743908843,7.7274161076858165,4.616255116937103,2.9191274012978994,72.07692307692308,0.2932904465868705
2019,Pittsburgh,6.499390505921479,6.039182408960571,3.4149733375457902,2.8774602222563717,73.38461538461539,0.537277388835414
2019,Nevada,5.982797503514015,8.672230463123977,2.9272243611259054,4.216150549247382,72.38461538461539,0.526802566472361
2019,Liberty,7.312134135590892,7.98648527291823,3.4184551290248866,4.7222615909665295,68.23076923076923,0.5085978180057744
2019,Central Michigan,7.515971878180813,8.677542811481597,4.1723982781183455,3.648598721274228,71.14285714285714,0.4768698635239988
2019,Wake Forest,8.062673057308844,7.790838708808807,3.993569885739263,4.275987755970002,81.15384615384616,0.4378775586068132
2019,Boise State,7.604136960771084,6.779488306354449,4.231858451850438,3.6566791188891727,70.21428571428571,0.4738587367528401
2019,East Carolina,8.053861903463435,9.294614550444086,3.2996259595455224,5.547197520032508,75.0,0.4963968667789864
2019,Virginia,7.936216278986938,8.082427845019948,3.9383359102822237,4.045907712382241,68.71428571428571,0.5404799624969764
2019,Virginia Tech,9.162248260200446,6.601740238875227,4.079001070614722,3.8976424667091547,67.84615384615384,0.35526953999267125
2019,William & Mary,6.342114776317269,6.810375251286098,2.0470800553588826,6.482365014189339,55.5,0.35763888888888884
2019,Richmond,4.937275182221718,10.008614539343792,4.699181543722027,6.2146840600978575,70.0,0.37142857142857144
2019,North Carolina A&T,5.588709586218267,9.874551789440138,4.818725002144517,5.0349883131937805,54.0,0.46296296296296297
2019,South Florida,6.231530414069824,5.875382537041958,4.140008893605138,4.1796674935257885,64.41666666666667,0.42183957821325935
2019,Eastern Kentucky,2.5637503771744585,8.237186813966034,2.10216590359898,7.645085070168942,59.0,0.2711864406779661
2019,Ohio,8.330973402452294,8.216647802107342,5.061177876676878,4.838781848994547,66.23076923076923,0.3919758246676386
2019,Old Dominion,5.760531037304669,8.801858012451705,2.199448520687955,4.134230767380715,67.5,0.45947748669455485
2019,The Citadel,7.1459213927954295,9.656657782303567,3.962699932485659,5.1916476768645206,75.0,0.05333333333333334
2019,Bethune-Cookman,4.054891971751649,9.832500533713805,3.424046820775771,7.519012142637035,48.0,0.4791666666666667
2019,Furman,8.068650560825343,7.677834473238418,4.154663859436291,4.843549449620745,62.5,0.3319608852290273
2019,Charlotte,8.837411125715096,8.658580458047249,4.233903394435094,5.223927843039629,65.23076923076923,0.3767700820012824
2019,UCF,9.50118863495549,6.605161529962901,5.100362120488581,3.9136895189016845,78.15384615384616,0.44792973128629016
2019,Elon,4.424551012291008,9.388871462535437,2.6365014991854734,5.317574325456064,54.0,0.35185185185185186
2019,Delaware,5.672742644290906,8.46064096835001,2.7241097975079747,5.213564279682597,62.0,0.5
2019,Holy Cross,3.994459708079898,7.2392777606022705,1.6837533651551488,4.529441246846902,61.5,0.5201226012793176
2019,Rhode Island,6.69120338447016,7.602879804422179,2.4744446686922297,6.072435294504324,64.0,0.704029304029304
2019,Wofford,14.523208949819766,9.465349866673467,4.321613894553968,9.348347617609958,55.0,0.18181818181818182
2019,Alabama State,5.623554828958261,7.7216887767513045,3.9621320800849285,6.334484486771563,72.0,0.525
2019,Florida International,6.781991401844691,6.780769229928173,3.6411916362919743,5.001896263070893,67.38461538461539,0.44518206555584644
2019,Mercer,4.366259455824503,8.828023909069756,1.8617693630484695,8.66209956460105,71.0,0.5070422535211268
2019,Sacramento State,4.96871364690342,9.276522986190386,1.2400493946801299,3.156753490412386,65.5,0.6959140292867265
2019,Washington State,7.982010382490959,7.763600472668238,3.9325669662921885,4.818947608502234,70.76923076923077,0.7718870561861346
2019,Utah,10.201379681183184,5.777081889639152,4.715789549759542,3.0334493157315707,65.14285714285714,0.35106055187306523
2019,USC,9.094292487610264,6.470280383725088,4.004060504806866,4.389823048411433,69.61538461538461,0.5673944563400898
2019,Hawai'i,7.660669659026939,7.941497460694922,4.670084456364534,5.670903727573216,70.33333333333333,0.6010448160170422
2019,Northern Arizona,7.290837242640329,10.430624198960833,1.907969703042797,9.521809881677115,75.0,0.64
2019,Washington,8.108308608238756,6.045709079996166,4.0317662479743905,3.7816554368730104,67.07692307692308,0.4716242809242627
2019,UC Davis,5.272067178778855,8.979004634137123,3.595709090649137,5.24338428604296,68.0,0.5588235294117647
2019,North Texas,6.893073543390958,7.374513597308827,3.3950443206790695,5.148675286415608,70.83333333333333,0.5327628072233787
2019,Air Force,13.572854698347829,8.429120813801914,4.7400119334711395,3.11501236639134,67.76923076923077,0.14467156207021525
2019,Montana,7.122678873003231,6.090561003633262,1.2010378051413317,5.882896355326896,64.0,0.671875
2019,Cal Poly,11.030750064424867,10.835969978747057,3.644555661156562,7.846791380319685,68.0,0.14705882352941177
2019,San Diego State,6.105869311836742,7.007122348235627,2.906295906434543,2.954006690547124,71.76923076923077,0.4239622817275267
2019,Idaho State,5.111188194829811,7.810489713200438,3.7451630205182034,5.201147043939693,51.5,0.4486742424242424
2019,Northern Colorado,5.847165421456004,8.978494927219334,2.6640803194577796,6.868233303390928,77.5,0.373109243697479
2019,Eastern Washington,7.349030272507919,9.0512302065546,2.586932303002057,4.866074282089926,65.0,0.5384615384615384
2019,VMI,6.37003167700078,8.375466794092045,1.7760546921196942,7.355261237018008,62.5,0.6174729799279465
2019,Marshall,7.058647869989786,7.6177630056052985,4.410960878794602,4.19953899601875,68.23076923076923,0.3998060621655751
2019,Norfolk State,4.142382605243119,6.582544928253971,2.1614450304234407,6.314529549662188,50.0,0.48966515088879703
2019,Alcorn State,3.3630275291106093,9.54817801396155,2.9099224421287406,3.9379793299178347,67.0,0.47761194029850745
2019,Houston Christian,6.994824419377706,14.774725368030994,1.244387692946853,6.156769925844628,71.0,0.5211267605633803
2019,Incarnate Word,4.839668249788915,8.947827484259877,-0.3512776453601676,6.176888564108111,64.0,0.6446540880503144
2019,Central Arkansas,8.769855167266652,8.68534630582987,2.9790826965342143,5.134006035367607,67.0,0.5986842105263157
2019,Grambling,4.806600618020074,7.766484430021471,4.708153368520717,5.688762933808633,81.0,0.45921683949852965
2019,Tennessee State,7.115256565444472,12.43730716758595,3.833502531292571,7.822861740384131,75.0,0.44
2019,New Hampshire,6.741939946919715,7.451510533441407,4.432425067609429,6.438836082815356,66.0,0.5757575757575758
2019,Wagner,3.5593160822134258,9.283734562971436,1.819856760782398,4.355805179998939,54.0,0.5660511363636364
2019,Morgan State,5.108014665309944,10.747904141886877,0.9706139077616056,5.631727997850191,50.0,0.3541666666666667
2019,Navy,12.538737064028451,7.470076965512618,6.059636650196634,3.2715214301809397,67.46153846153847,0.11425143585621922
2019,New Mexico,6.636723174127543,11.091295618830237,4.79434962972271,4.513493280468741,69.33333333333333,0.3975446248095096
2019,Hampton,10.858545503318078,18.92443753408372,2.524727677749866,7.444136663633039,63.0,0.4126984126984127
2019,Maine,8.70390593955939,9.456016839006173,2.767946137716072,6.4235438914764895,73.0,0.601072840203275
2019,Southern Illinois,7.866503965495967,10.009031102681368,3.3531717228765734,4.478501618020335,75.5,0.40176366843033506
2019,Colgate,3.775234511833048,34.74538349085015,3.4506671773565847,5.945873203714752,50.0,0.36
2019,Sam Houston,3.740904924863557,9.249157633879191,2.99538401979307,3.8975008618016913,95.0,0.631578947368421
2019,Weber State,2.9439603620164485,6.475793603456928,2.719358429310108,4.594160881139102,50.0,0.5382152861144458
2019,Southern Utah,6.14293675539562,8.306359602058148,-0.4021152746661316,7.459788480566919,80.0,0.525
2019,Western Illinois,3.941498147810125,12.535624549544373,1.7821185523435048,5.7862062945039465,65.0,0.5692307692307692
2019,Stony Brook,3.7780423132399052,9.782050131920496,3.5617788981340515,8.018935902368636,73.0,0.5753424657534246
2019,Florida A&M,3.465222108801532,7.403734061094476,0.4751738917666092,5.13404229777261,61.0,0.5901639344262295
2019,Bucknell,5.979630143006828,11.724251210659176,1.4569568133478776,5.952208122309383,68.0,0.6176470588235294
2019,Gardner-Webb,3.564950158241594,5.810298903666945,1.6707223469002843,7.476915655252218,54.5,0.36521592442645073
2019,Prairie View A&M,4.603361312112623,4.675243715796361,1.6768341375438496,5.035473641715982,72.0,0.5277777777777778
2019,Southern,6.248048512586463,12.069998026249522,4.558662886277977,3.296231942020359,58.0,0.3275862068965517
2019,South Carolina State,8.346930855679847,8.627679285398953,2.1365083454489304,5.52393226960268,87.0,0.4827586206896552
2019,Missouri State,5.828943716071244,9.964801722461875,2.5095535152401713,4.68315799762968,51.0,0.5490196078431373
2019,UAlbany,5.854204267724171,7.7245100796000665,2.6400399563400097,5.2023195763316155,51.0,0.5686274509803921
2019,Robert Morris,10.132718333582947,8.69759701657469,4.605350484155393,5.630817926133384,54.0,0.16666666666666666
2019,Illinois State,5.69412101855769,9.891860592373341,0.7721187362372615,3.3859708885046644,60.0,0.5333333333333333
2019,Monmouth,4.391380787670455,15.612855618553485,2.520168677475878,2.0032308403025927,81.0,0.5185185185185185
2019,Fordham,5.969646220310058,11.07521554682884,2.563200423244071,3.8477961560669343,72.0,0.4861111111111111
2019,Kennesaw State,7.398714970591503,7.879331427066005,2.9225690585779738,3.918950344854709,87.0,0.2413793103448276
2019,Tennessee Tech,6.545674006785504,8.81887617611789,2.33285087422757,5.6950028715765715,70.0,0.4857142857142857
2019,Central Connecticut,9.21677731108765,6.857686816169446,2.8793102860758646,3.9302143314611837,57.0,0.38596491228070173
2019,Campbell,3.0750924802140247,10.107464629136128,0.6981344987133327,6.955309439007993,58.0,0.3275862068965517
2019,Jackson State,4.150769197024877,7.084664308872288,4.864456535685171,7.795736275994031,56.0,0.4642857142857143
2019,Texas Southern,4.381824427848131,10.597851747051193,2.306099667518717,8.835900115234754,68.0,0.6029411764705882
2020,Houston Christian,8.529626689762091,10.382816795192703,1.6211951293508557,5.791783371439027,82.33333333333333,0.6917829457364341
2020,North Texas,7.815480673763249,8.4219893764046,4.484787380604694,6.858912555180922,77.9,0.4315344968681279
2020,South Alabama,8.214219951040654,9.081320694140212,2.9019290052733506,4.537830339440536,69.9090909090909,0.45291105173078244
2020,Southern Miss,7.5727547937303825,8.345309125611942,3.653567929153632,4.869385155588359,63.9,0.423245480760676
2020,Chattanooga,5.045987967391605,7.210608842177881,3.3569725484851203,4.340077868650747,65.0,0.35384615384615387
2020,Western Kentucky,5.69293594028672,6.494012591038573,3.5005570668627715,4.029427274809623,63.166666666666664,0.48541409538477875
2020,Louisiana Tech,5.540231610988302,8.033345328995194,2.525840316334761,4.829986348745168,70.1,0.5165218978668829
2020,Texas State,7.0385502182467015,7.2633962374247325,4.120956993713695,4.88583586449835,64.66666666666667,0.5232727134987979
2020,UTSA,6.698054690378906,8.279177300883171,4.473598920625099,4.253520256944875,72.16666666666667,0.4283408752069409
2020,SMU,8.267273298097788,8.106564819309611,4.1457005061838865,4.4322257050514,75.2,0.4994573152062024
2020,Liberty,8.208885238941166,7.646701273145873,4.939331986170064,4.623989306028868,71.63636363636364,0.38940944331084126
2020,Florida International,4.58275662005468,7.355094592196193,4.218799304863738,5.475474748349934,60.6,0.4180149701171133
2020,UAB,7.865787402279281,6.206021582910183,4.86128984814673,4.420608850188838,67.77777777777777,0.40224539212092064
2020,Middle Tennessee,6.8948833244861145,7.426045085537374,3.382893065015503,5.508571964579141,70.44444444444444,0.49259337824621496
2020,Charlotte,7.841555809801233,8.455693695973673,3.350994777018418,5.984984006908852,69.33333333333333,0.4319963838156897
2020,Florida Atlantic,5.436381004279409,7.350426254059992,4.069911116682449,4.335300920689287,65.77777777777777,0.39149214698209955
2020,UTEP,6.697041042937464,9.067337226698225,2.4801784481202285,4.38833916901851,67.25,0.44730629470424765
2020,Marshall,7.664659318571926,7.195389144310016,3.9529824023420965,2.9711800006173705,66.8,0.4238318692006054
2020,Rice,8.564908906734729,8.062569079898594,2.0068456165400996,3.9619741722088877,69.4,0.3753316545352058
2020,Tulane,6.123970498370067,8.086408119540176,4.9725166508274325,3.4596115276124646,69.0,0.3793031082708498
2020,Army,10.355879301957474,6.99580024382152,4.475523240336313,3.739442129545564,66.0,0.09681906450359774
2020,Navy,8.405636038519328,9.236169024825827,3.7700921636824356,4.597199448090055,60.7,0.19961674623521336
2020,UL Monroe,5.749434942878384,9.000388591050706,2.967813761321522,5.121517095489178,63.2,0.6043373539616008
2020,Western Carolina,5.191469774253712,11.728755381747959,3.524621046953552,5.128296044434194,63.5,0.38160518444666003
2020,North Alabama,6.735389126106944,5.228236999080284,1.5339206971949544,6.349605739872494,58.666666666666664,0.5426901529842706
2020,BYU,11.153619909252685,6.556180574767861,5.239623930042362,3.7323455549298576,66.58333333333333,0.47488821800017633
2020,Cincinnati,7.835281845220107,5.727084383976271,5.756923961076929,3.085812739123246,67.6,0.43731024038422295
2020,South Florida,6.1422498699270935,7.678145914668387,3.9457903558733642,4.985791842813708,72.11111111111111,0.47818194367807376
2020,East Carolina,6.6563487969245685,7.435395159763806,4.222496238861632,5.080640308351914,72.66666666666667,0.4426629361463261
2020,Temple,5.284390797307283,11.329387739469166,3.3172962711222653,4.890022137174803,74.71428571428571,0.44822934421227617
2020,Tulsa,7.344052723568516,5.847805845325908,4.136516095473926,3.7543460227095116,73.44444444444444,0.4577910436308337
2020,Memphis,7.244724477180378,7.841767538861376,3.6182372749841236,3.898138769647589,74.18181818181819,0.5177322328751006
2020,Houston,7.28837084220278,7.564439416801577,4.012578722353633,3.810767766966965,73.625,0.5025605797392954
2020,UCF,8.889161558353482,8.738308654875494,4.7918403046573514,4.1975116299990844,85.2,0.477563109841835
2020,Stephen F. Austin,5.573788490204633,7.683734022822919,2.407310189464761,6.142166390177825,59.75,0.5082954267411082
2020,Austin Peay,5.899322845550639,10.557472234226767,3.590604631974151,5.256150868312388,65.0,0.5621345029239766
2020,Georgia State,7.2577963134204,7.4607635022727905,4.181538353585319,3.698887406444611,74.8,0.4066029871253682
2020,Arkansas State,9.057297669952037,9.447953030568378,3.284513233060051,4.012258573611102,77.0909090909091,0.5479380355786341
2020,Air Force,8.579103758381502,6.156118229800172,6.121967868179625,3.720428730018112,62.166666666666664,0.17713031177032468
2020,Georgia Southern,7.71903053605839,8.706470455525295,5.041259322400819,3.794719850951427,62.53846153846154,0.21852406820540615
2020,Campbell,8.10047820633605,9.557210916582907,3.7277748657458942,5.4833841128826855,66.0,0.40905356354539657
2020,Louisiana,7.174181327555977,6.1667669314265545,5.534221645866157,4.130135386682951,67.0,0.4179771131263241
2020,Coastal Carolina,9.52364042886149,6.254429518670986,4.869030009123861,4.289270136202158,67.0,0.35704322838095087
2020,Troy,6.742884240702465,6.970344849617674,2.8200592369441555,3.9985755718779625,71.27272727272727,0.5879011134572781
2020,App State,7.2307654452354955,6.2676990806821715,5.456925304485169,4.209241133713778,70.41666666666667,0.35465938171149186
2020,Miami,8.054202515679032,6.555901918821646,4.463105870082789,3.8121328980357703,72.72727272727273,0.47805766046280146
2020,Wake Forest,8.096057413749847,7.026502563015791,3.9465516779862986,4.2780920395113675,76.44444444444444,0.44387345541518175
2020,Clemson,8.893881055435712,7.396538800796772,4.748195217602756,2.8541036674781926,75.0,0.5415203412627719
2020,Georgia Tech,6.892283939078441,7.491605190023212,4.710796645339378,4.270578189870113,69.0,0.40929575251741374
2020,Florida State,6.624469091234792,8.083219968823498,5.358937180968677,4.999988356660392,71.55555555555556,0.4493879126061352
2020,Louisville,8.554932157921659,8.18539826633283,5.405873916885565,4.712562477267826,66.81818181818181,0.4299772325514901
2020,Syracuse,5.697067455987934,7.191806208162165,3.2796597467090574,4.41524471010301,59.45454545454545,0.5098449257123343
2020,North Carolina,9.768665489451081,7.87088236903791,5.404786435016413,3.988800427697685,70.75,0.42189963038781014
2020,Virginia Tech,9.329648454634436,7.213229885288711,5.946042282402911,4.967325545318915,65.9090909090909,0.3452215827369136
2020,NC State,7.848094560142976,7.211203121746755,3.258861179320679,3.738714995805564,69.5,0.4817853754472634
2020,Duke,6.165022658479688,7.977485632023516,3.6789960274440308,4.6894605319898615,75.27272727272727,0.47036178176891136
2020,Boston College,8.201436678049795,7.75090223842009,3.0562069644207543,4.2387649510765595,68.27272727272727,0.5154676874140016
2020,Pittsburgh,6.590366906154225,6.980097961417977,3.1172903592166468,2.4313966019660627,74.0,0.5265306844870656
2020,Virginia,7.39407978090424,8.871427395435393,4.290238684727955,3.415814108108998,74.5,0.5003779435820774
2020,Notre Dame,7.789476818165973,6.6821582231449455,5.202580862339007,3.704343818878088,72.33333333333333,0.41517330939812963
2020,Kansas,5.411161134395663,7.310682742916729,3.004114850837611,5.627172042664778,70.77777777777777,0.44284424618375506
2020,Baylor,6.539667493833472,7.039728917456135,2.8503091328251657,4.071064810833932,69.77777777777777,0.5260778919381836
2020,TCU,7.738287938226568,7.878593959821812,5.392395340631308,3.9458084685673898,68.2,0.395056000485378
2020,Iowa State,8.636484368565148,7.230548622198437,5.422398469345256,2.9381807968889064,68.83333333333333,0.45007522379584186
2020,Texas,8.79860532147546,6.859619814447008,5.716800394059307,3.53406347090635,71.3,0.4820541833869755
2020,Texas Tech,6.7608197116104565,6.817918611494785,4.79736564943123,4.350058155141675,73.2,0.5386217087744753
2020,Oklahoma,9.908016556148004,7.241883243168189,4.96615804460937,3.222566759788627,71.0,0.4632393317759055
2020,Kansas State,7.726440463503477,7.605140459892247,4.3863965760614025,4.732559570658957,60.0,0.4135271365661112
2020,West Virginia,7.21923008429479,6.592697157569958,3.3786930479389325,3.2679917281501742,75.9,0.5299744810167021
2020,Oklahoma State,8.273998603859773,6.799689124205629,4.265993932567822,3.9917126442921034,76.81818181818181,0.4025179557849663
2020,Eastern Kentucky,7.510716286023417,10.108643263182978,3.1084069884882894,6.369412261725813,58.0,0.43424964093657104
2020,Missouri State,3.9116040786758606,11.218411230784174,3.399966866177674,2.8523744015821366,46.0,0.5
2020,Missouri,7.227164520188415,7.338404001894332,3.9962375075393752,4.648704362258238,71.3,0.5156919877808988
2020,Alabama,11.159298843080261,6.255114639735835,5.373188595504359,3.198709234011967,69.23076923076923,0.4727173255876863
2020,Ole Miss,10.426765226656338,8.213752737905352,4.626729816621881,5.5530474117504305,79.6,0.4211175954464803
2020,Florida,9.464782830902896,7.188737399732337,4.336105835096721,4.47739680180932,70.0,0.5664179643188162
2020,Arkansas,8.64959272842535,6.068617994540351,4.300633445041125,4.819354972753168,67.7,0.4176729218589072
2020,Georgia,8.626113114156595,6.6959327765292596,4.67531463669164,2.2696466370109625,68.3,0.4462968087326106
2020,Auburn,7.101469581006588,7.304616349987728,4.83457702553692,4.045795379127719,68.54545454545455,0.4799914838136545
2020,Kentucky,5.326511830893423,6.907234661909888,5.018764685993842,4.278417044267375,61.72727272727273,0.3554254215018608
2020,Mississippi State,5.92805746208951,6.720114501674852,2.0730903188112446,3.3994340973791766,69.0909090909091,0.7273507698991584
2020,LSU,7.658043024100404,9.16373016675568,3.1723500793692274,4.723912532125991,78.3,0.5429998072282549
2020,South Carolina,6.264628810000948,8.816590542461835,4.662875635271734,4.816486120063794,66.0,0.44488105087083313
2020,Tennessee,7.280390515449677,8.071349546325237,3.7380492839356023,3.265039498219083,66.0,0.4385678269644834
2020,Texas A&M,7.386875105061984,7.02327575230805,5.605533620722833,3.2583245820930054,67.5,0.44469546133370474
2020,Vanderbilt,6.002984475945983,8.79778933930074,3.003132102225447,5.479722553743041,70.0,0.47252977925385253
2020,The Citadel,6.637264936268861,5.8672202462822485,3.2672483834942185,5.067484571554356,62.0,0.20002568053415512
2020,Jacksonville State,7.09120526281759,8.651449601621769,2.9196374088256425,3.402700020525025,66.5,0.44278252611585944
2020,Central Arkansas,5.238907906087574,7.332937501098826,3.4450545195928206,4.952984506971505,77.0,0.6306399039286327
2020,Abilene Christian,7.002775554763905,9.052683046774478,3.2232118911077214,4.996644728471112,65.66666666666667,0.5309193957692289
2020,Mercer,5.126264496058317,18.12891859106956,4.166731822194679,4.426758526403537,56.0,0.42857142857142855
2020,Ohio State,10.306656068449549,7.706612601497957,6.6262948608862065,3.266025772859722,71.125,0.3977486937251995
2020,Nebraska,7.070232102598085,7.827878627428723,4.946953715597079,3.8065219961218206,70.25,0.40217549298269084
2020,Minnesota,8.05058269942564,7.674103775061259,4.6845275525641075,6.356129304418362,68.85714285714286,0.37968064824797354
2020,Michigan,7.760626952662158,7.856952840032041,4.442973758171084,4.67203059017791,64.16666666666667,0.5532111837344394
2020,Indiana,6.9873037890164005,6.551020983052446,2.9454802857708016,3.577158400456348,70.625,0.512117573426021
2020,Penn State,7.913661208513294,7.014588422189369,3.840553010951455,3.4807992429622683,78.66666666666667,0.4326466268710898
2020,Purdue,7.7480488359015665,9.318451389374497,2.6588144211636435,3.31798607329255,68.5,0.6351812505305152
2020,Iowa,6.859959154029697,6.6842398604917985,4.8340854390615995,3.2921051878084624,68.0,0.4505393548541513
2020,Illinois,6.72582330192414,9.562945480358344,5.117715906564943,5.363628589250684,64.875,0.37796891313069825
2020,Wisconsin,7.254834970389865,6.9855742640767735,3.7133838564553896,3.42754227638538,70.71428571428571,0.4062665630475326
2020,Northwestern,6.467271656305487,5.20813606641497,3.8774792308921473,3.8134812133036604,74.88888888888889,0.4214048756647061
2020,Maryland,9.20589185864472,7.7752944467092675,4.6335146107455945,5.2452888342061055,61.0,0.5210059612518629
2020,Rutgers,5.729073103674559,7.794057701733477,4.030869369974654,4.6176199982349955,72.44444444444444,0.47376316426905013
2020,Michigan State,7.702902747316566,7.474005668718142,3.193140908914232,3.8961374670881783,68.71428571428571,0.5072149789381805
2020,San José State,8.527221051382748,7.572781613053326,4.359248144339157,2.989882090650447,65.5,0.543667607419735
2020,Hawai'i,6.552490584467187,6.8948026149290245,4.253184967119304,5.1202279798366375,71.0,0.49193338365728834
2020,Fresno State,8.122782369411262,8.530695655006992,3.0684159470919394,4.961200287069487,77.16666666666667,0.5296837892530214
2020,UNLV,6.218509592784488,8.804438354048495,3.9738074548836457,6.426119549236572,69.83333333333333,0.46594124057104763
2020,San Diego State,5.609046298754127,5.559544488047845,4.094680817666596,3.0579796568650854,70.375,0.3621507481286942
2020,Boise State,8.467118203394643,7.097378944284325,3.5444531453480694,3.2058334244723405,64.42857142857143,0.48834433560204465
2020,Utah State,5.421964381306052,8.802557514356147,4.782358089696941,5.091086649913298,60.166666666666664,0.4719707791382759
2020,Nevada,8.142436360662732,7.88663355713495,4.055449440023809,4.044494983635866,67.88888888888889,0.5791535496591109
2020,Wyoming,6.121862490471578,6.989687868033166,4.62387842317341,3.5411631921930415,68.16666666666667,0.3289307308561717
2020,Colorado State,7.422127222766358,8.447961929818192,3.717202768960017,2.7958564464713844,68.25,0.4316234827264239
2020,New Mexico,6.878560173745044,9.692485568373376,4.709069987525767,4.098261440182202,72.0,0.4248461266960544
2020,Washington State,7.293734249361847,8.621892673661677,4.482761854336333,3.9576182506997375,65.5,0.5793920010337921
2020,Oregon State,6.405619536884517,7.620008828304949,5.140393468549012,5.179559392259104,70.14285714285714,0.46991695917771803
2020,Stanford,8.545812769733693,9.036230340077998,3.781091723989087,5.119446105899428,69.0,0.5239618079818066
2020,Oregon,8.827503265936658,7.145750308651214,4.847916329215407,3.8673740285243916,61.0,0.45040765394026266
2020,Arizona State,10.234610124262714,7.329332540065665,5.9022231586964775,4.053640158843344,63.0,0.338399633733761
2020,USC,7.4033282860939,6.617223439316224,2.658863985647434,3.191491794834384,74.5,0.5889584804195033
2020,Colorado,7.040611857587598,7.107312934388109,4.532258941850778,4.660473374585406,75.66666666666667,0.39530686477375604
2020,UCLA,7.901899524641715,7.354287564228848,4.706681708434658,3.420723786213487,74.14285714285714,0.38986438355772857
2020,Arizona,6.442572576007299,8.705243433754536,4.479701679351905,5.6078311575677215,74.4,0.5068617886178861
2020,Washington,7.898783780815167,6.77371256197441,3.26238230409158,3.740468585582666,66.75,0.420863988757104
2020,Utah,7.2605957683065325,7.286964117223997,4.761194238526601,3.7099533710187047,69.2,0.45037450005191937
2020,California,5.3768600682897585,7.408461372685657,2.951536240732656,3.7975946557406726,71.75,0.48646326174568993
2020,Buffalo,7.8417263764631,6.5359237669419405,6.142985030910521,3.9669239466783557,65.28571428571429,0.3347111238861742
2020,Ball State,8.241067253990071,6.872691835760009,4.210171283630117,3.4908532895662647,77.125,0.40577552335709943
2020,Eastern Michigan,7.885857406215256,6.839057974984833,3.1652824499542924,4.834872592583253,69.66666666666667,0.47758449019827887
2020,Kent State,10.369458152837751,7.763439751284752,4.673279055649494,5.443553561068667,81.25,0.3876888238573021
2020,Western Michigan,11.043014865930408,7.161434351268237,4.995319758047246,4.348815357569847,65.16666666666667,0.40325421120161203
2020,Akron,5.759079393627417,8.613688840222324,3.222672589426232,5.160987187730727,59.833333333333336,0.4101041745778588
2020,Bowling Green,5.436115179158217,5.951032849400439,4.249568002987853,5.847034517796031,62.8,0.3986448011644106
2020,Toledo,8.779967980895249,6.533879265761172,3.6455299751731522,3.5741176692424568,77.0,0.4734542874979752
2020,Northern Illinois,6.347431502968422,7.843647198962752,3.495104752679308,4.2459992757688,73.66666666666667,0.5032549012926236
2020,Central Michigan,7.280665154404855,9.116991706642908,4.832199558411568,2.976108978793914,72.0,0.39567748417789583
2020,Ohio,6.959946271084461,7.345454236880741,4.642280439497384,4.8240512329703185,57.0,0.3191351943076081
2020,Miami (OH),8.055654642472309,9.193831590072458,3.664341614428715,2.5845762513626154,61.666666666666664,0.46285759443654184
2020,Massachusetts,4.890280567636773,8.014175431271191,2.572789791416057,6.053950086178494,54.25,0.4600835398005209
2021,Miami,7.692851648659662,6.533028386281614,3.339852287774956,3.7433115459188637,73.25,0.5237835701125179
2021,Alabama,10.168020669319965,6.202014238405425,4.348747181134805,2.1705082308269974,74.6,0.508336575929456
2021,Arkansas,9.5157301544584,6.920387064483051,5.262751882217373,3.7102575678644842,69.38461538461539,0.34743893685700566
2021,Rice,6.640215511569139,7.988034728407395,3.3628445831273712,4.587774437948365,68.33333333333333,0.41262633328934495
2021,Akron,7.076674445803312,8.875445780887492,2.8169805643487167,6.448856625561643,65.33333333333333,0.44660219242699983
2021,Auburn,7.732867293864249,6.867632939282762,4.8320802013861215,3.3683937609486594,69.07692307692308,0.502034243549595
2021,Florida Atlantic,8.657492639665156,7.278636476540612,3.7401882437937544,4.244069686314483,69.58333333333333,0.45674312062111566
2021,Florida,8.028406216066717,5.9589593918664345,5.528936133809695,4.06185853434296,70.07692307692308,0.45825113798662276
2021,Clemson,5.845552832396665,6.031073160934601,4.694290495937997,2.398383798306542,69.38461538461539,0.45794238099685747
2021,Georgia,10.134654524302617,4.709685594886396,5.722750171281978,1.930723513266983,63.46666666666667,0.42536812664614687
2021,UL Monroe,6.6498041017549925,8.712932065611954,3.2831715910883896,4.533350218940381,71.16666666666667,0.41144407080078044
2021,Kentucky,8.219322878846201,7.431431491321872,5.273113982822517,3.796813687316013,66.3076923076923,0.4235013837608755
2021,UCLA,9.166924382811883,7.454960200098797,5.057756968660764,3.6028244715374207,71.08333333333333,0.38769288992439943
2021,LSU,8.532687677641393,7.363118758892845,3.70267626162524,3.4346790832686027,68.3076923076923,0.49312702762424565
2021,Mississippi State,7.424222468903655,6.997295513313331,3.043330077042213,3.277440198776617,74.92307692307692,0.722556443216633
2021,Louisiana Tech,7.223362663774708,7.904324819150013,3.542339295033877,4.841112697219013,68.91666666666667,0.49811478812196136
2021,Missouri,6.725070814849435,7.87210874875034,5.067385193766807,4.441416420510165,70.6923076923077,0.4942119847748984
2021,Central Michigan,7.701834275287784,8.317473902820574,3.74480882022764,3.3314777707895433,74.46153846153847,0.4603862813528839
2021,Eastern Illinois,3.9479204325697492,5.987568135989157,1.3252175352927944,5.801304264455946,44.0,0.5
2021,South Carolina,8.498940006444341,7.1718840783254105,3.7413635751452228,4.15954465866626,63.61538461538461,0.4364848981073613
2021,Bowling Green,6.244787336723541,7.079051881968589,2.782653018547011,4.224209529523022,64.75,0.5245867429559882
2021,Tennessee,10.162651442345915,6.9003275759228,5.15114199753477,3.6131306569518133,73.23076923076923,0.39745043498911214
2021,New Mexico State,6.225354234036323,9.81292521726457,3.256817383399131,5.773696200306879,74.0,0.5791632878973939
2021,UTEP,8.674030185907258,7.1647783119205535,3.5330387785573594,4.29266302931717,65.15384615384616,0.43051678626380513
2021,Jacksonville State,4.615983602200738,8.671408263529113,4.401887011133448,4.055518801926558,63.5,0.5867532467532468
2021,UAB,9.592114388937517,7.3714830239729485,4.8131518129609505,3.16845322991366,61.46153846153846,0.36091176157144844
2021,Long Island University,5.619409559604421,12.280300651596997,1.2826063988574623,7.702660064027022,57.333333333333336,0.42091971203489087
2021,Florida International,7.92262681955224,9.503260854002244,2.841733327137064,5.890233267936129,62.5,0.5003707863579595
2021,Duke,6.236143481047918,10.091294098975657,3.747662488538588,5.161773840962034,77.83333333333333,0.43846583348797247
2021,Charlotte,7.47183198882157,10.954629019609465,3.601000019729696,5.557714472582486,68.66666666666667,0.4768254132672682
2021,Texas A&M,6.9851258751630185,5.573353138942636,5.219550437841862,3.413149949907938,65.66666666666667,0.4710790766250707
2021,Kent State,7.975739274378108,8.534593767412543,4.545767917463489,4.750849062504038,75.14285714285714,0.385308943610958
2021,East Tennessee State,5.75958125285469,7.108033323116507,3.777721523802298,3.409814831810535,59.0,0.3728813559322034
2021,Vanderbilt,5.901813478820571,7.968162180249259,3.4806563310260707,5.157929088827754,69.25,0.4887460425001798
2021,Louisville,8.74753963827469,8.369855962172803,5.661499891826012,3.7568782625042156,66.76923076923077,0.41620320934708166
2021,Ole Miss,9.11946153731063,6.360060681132618,5.134075787236537,4.107290440451134,78.23076923076923,0.42677635196692953
2021,Mercer,10.677698142212845,6.065526046566691,3.261778377711839,4.455672391184738,54.0,0.3333333333333333
2021,Texas,7.883067263367519,6.578335778096513,5.476788692778932,4.505209295591678,66.91666666666667,0.4319353895222085
2021,Alabama State,5.170338908059263,9.086860274760298,2.331250280100793,8.639651648830075,58.0,0.5
2021,South Florida,7.397700252247753,8.942070521164876,3.7361633876756444,5.483260085960147,70.08333333333333,0.4272917498628524
2021,McNeese,4.755213647136451,4.022026380414157,1.863092375038933,3.8945263716353162,62.0,0.3225806451612903
2021,Austin Peay,7.104641001757244,6.0465288009341025,3.76527362132695,6.829063498018624,82.0,0.5365853658536586
2021,NC State,8.291840129628048,6.08115905402552,3.918995296484938,3.4822437632335372,67.91666666666667,0.539694100179014
2021,East Carolina,8.32209809746294,7.595175787699257,3.819584560651213,4.691938714012865,74.91666666666667,0.47113485238214287
2021,Pittsburgh,7.905587510383893,7.607877143606237,3.6227527205902237,2.132692466880643,76.35714285714286,0.5089754177724308
2021,Colorado,6.718119085078634,7.604538115679147,3.211224947274759,4.479143287954616,58.916666666666664,0.3852470778868786
2021,Colorado State,7.950627619866947,7.6329440518625615,3.9880585331958867,3.8117043173772536,75.91666666666667,0.4328881176970764
2021,Georgia Southern,6.313923980786993,9.07342307323644,3.7839690776324186,4.459113570995247,67.58333333333333,0.34173711736471096
2021,Penn State,7.383394211440097,5.5896008551374665,3.8314795711894956,3.1705814720807455,71.0,0.5293441750588332
2021,Chattanooga,4.954611389244234,6.6697219806463774,6.413797005667689,2.6522763199964645,63.0,0.5555555555555556
2021,Tulane,7.5833556092764285,7.376158023645981,4.258138258783268,3.5532155749295478,68.58333333333333,0.45042401881490224
2021,Memphis,9.01728078918417,6.6644846962252515,3.739854912054083,4.317985910793802,71.75,0.5056501507463971
2021,Southeast Missouri State,4.923623515937737,12.298246905440255,7.796974633294205,5.8664911600698035,51.0,0.29411764705882354
2021,Tennessee Tech,4.671273139984911,4.201935265477457,1.7368880887073428,3.2852788173761818,64.0,0.5625
2021,New Mexico,4.95774477862987,8.649143711962124,3.0902701562769654,3.9096085586152807,60.416666666666664,0.3489230094632068
2021,Stanford,7.619861138856401,7.656814896640074,3.3835938385292703,5.476919496672881,58.083333333333336,0.5302445461199742
2021,Southern Miss,6.284981076833849,8.17891102569978,2.954978856139176,4.8071710724137935,62.666666666666664,0.37244593631922257
2021,Georgia State,6.398750626499209,8.985222551336147,4.576942604360935,3.512258179768901,69.0,0.34619271654499084
2021,Boston College,6.79594644072096,7.344039391943948,4.0242373906446,4.061941162813545,64.91666666666667,0.3828139935322048
2021,Troy,6.352682881639723,8.09353501503785,2.977025225249935,3.6342244993594193,65.41666666666667,0.5293457541201876
2021,UConn,4.849338066226453,10.986344175764694,3.2793153527023957,4.645305741314128,65.33333333333333,0.5187454006165925
2021,North Texas,6.749384501169389,7.92439138952616,4.357132629034442,4.156473676966657,79.46153846153847,0.377677183083322
2021,Arkansas-Pine Bluff,5.737336495463877,7.803313602512239,3.3971079961344275,5.988015284074968,59.0,0.3728813559322034
2021,Liberty,8.638771967563995,8.233001876223607,4.426417248571033,3.4266892161250757,68.38461538461539,0.4287141993639566
2021,Samford,9.445055000283551,13.242750182768361,3.596178541145611,5.8311630670132075,85.0,0.6235294117647059
2021,Charleston Southern,5.511864078230305,6.4062108417929435,3.5713967014138106,5.266472833087772,84.0,0.5770588235294117
2021,Tennessee State,6.842744171691746,10.936524016114573,1.8439144432742753,8.239809022318179,61.0,0.4426229508196721
2021,South Alabama,7.645002788603022,7.29074502871503,2.371268592856735,4.317889454153327,70.5,0.47974947813936963
2021,Prairie View A&M,2.613313092109182,9.505290722619643,4.202739751064689,5.2673121459755,54.0,0.2222222222222222
2021,Florida State,8.09990591865382,7.466647494512979,4.7388200946565044,3.138871832809299,65.5,0.4269258103029101
2021,Georgia Tech,6.776611562899832,10.148537855469138,4.679590138425502,4.438675502702491,65.5,0.43088445005935655
2021,Western Kentucky,8.180100559861923,7.48954564612616,3.825326195055598,3.916777902159382,74.71428571428571,0.6656209444749247
2021,UTSA,8.092718925353545,8.35217018808189,4.859338455508056,3.3383409967462883,71.57142857142857,0.4496327738955947
2021,Middle Tennessee,5.76278356056003,6.561980288190049,3.1734324311287025,4.2389404478861525,70.76923076923077,0.5021989015100823
2021,Monmouth,5.411241783565333,11.220628214275834,2.252402594303539,3.765300744214025,80.0,0.525
2021,Navy,8.272656195804663,7.423569647692112,3.91974926294168,3.9369174225083845,66.16666666666667,0.12078308106911323
2021,Marshall,7.6005977314198425,6.411617248116351,4.272657583688262,4.554453849307586,72.3076923076923,0.521941815123083
2021,Northwestern State,5.648932030958321,7.745607466970016,5.34238170498792,6.66640933282568,75.0,0.3466666666666667
2021,Bethune-Cookman,8.215241512770366,8.179828215449582,3.1742894957053154,6.132192495834955,56.0,0.6263502454991816
2021,Illinois,6.1822818925692005,6.628399208365742,4.474431500200526,3.5324598235848943,65.83333333333333,0.4151792182877853
2021,UT Martin,4.577010138129247,12.594905519309414,6.172955133933382,4.6822522908161925,77.0,0.5584415584415584
2021,Gardner-Webb,2.6465299300314147,7.347347117900457,2.851366744951811,6.526013286327632,63.5,0.5312655086848636
2021,Texas State,5.244850323389114,7.84017140026733,3.7763370557038045,4.960977224795471,69.16666666666667,0.45921867389400606
2021,SE Louisiana,8.01132591100744,9.20214835719752,3.1435474673189336,5.2073530496842935,86.0,0.686046511627907
2021,North Carolina Central,4.435785982157004,7.675566941148856,1.7050974328300836,5.479348576095248,60.0,0.5333333333333333
2021,Virginia Tech,7.3583456541055385,7.965290139445196,4.684781524755714,4.567059297221215,65.15384615384616,0.3721702742143274
2021,SMU,7.8438905808472414,8.324167592402913,4.220009764017825,3.6312926502783025,74.16666666666667,0.5232468033872727
2021,Hampton,5.4065698942510005,8.435572529420618,2.834588553007055,7.257038767588739,56.0,0.2857142857142857
2021,Old Dominion,6.421977142388097,7.313954201511124,3.475188208323398,3.9414971747920364,70.3076923076923,0.4633382061769397
2021,Houston,8.358268600238631,7.189824205570887,3.7497044443566887,3.6988186780584216,69.57142857142857,0.4721960292874733
2021,Grambling,3.316879662860905,7.768496537589991,1.6321919857445821,5.5525315994354525,52.5,0.4016212232866617
2021,Boise State,8.269044197193528,7.414243004724703,3.2809142688180084,3.940129916075471,72.5,0.472703026000535
2021,Lamar,1.7445723910961908,9.46404896311325,3.3452900289341914,2.954717996594518,49.0,0.2653061224489796
2021,Army,13.62177189815484,8.766810262353859,4.597393682638866,3.7760371746231556,66.76923076923077,0.13127009414397578
2021,Texas Tech,8.655142267957373,7.9887398103045095,4.625031589879755,3.5441806198618186,63.38461538461539,0.46887415936883464
2021,Fordham,6.01149937680577,6.44396823864076,3.2392209007650914,4.948630733155317,58.0,0.603448275862069
2021,Air Force,11.627277007624373,6.791485296219004,4.854532614548961,3.6681745307061937,73.33333333333333,0.13126115210463826
2021,App State,8.133965616698196,7.196674616745575,4.479528498573558,4.034141894436446,70.0,0.42373173071585823
2021,Buffalo,7.026435096320185,9.234240082856447,3.688039431788851,5.131164349376209,75.5,0.4032535787206919
2021,Texas Southern,7.803945006350787,11.973729806349581,3.8947276898628718,7.964729277844651,66.5,0.43094048159927306
2021,Indiana,6.1439284967691306,6.828267371455003,3.722607137293435,3.9750284442794652,68.16666666666667,0.466288475809264
2021,UNLV,7.34281684736215,8.084646576905572,3.2980178203541373,3.953936360868066,62.09090909090909,0.4575825103699169
2021,Michigan State,8.671217302812462,7.084258229478371,4.956076218345005,3.2413945992192246,67.61538461538461,0.45496160910064515
2021,Wake Forest,8.020382639764739,7.337021435711182,4.3206903820495155,4.379405602595545,77.42857142857143,0.4804068991492517
2021,Colgate,4.68170789117723,12.250715180723631,2.9893328916942004,5.136668380366515,54.0,0.35185185185185186
2021,Northern Illinois,6.250294682616319,8.369088521916911,5.0042171705413026,5.748421351327035,71.71428571428571,0.3420444074713714
2021,Syracuse,5.480964608131845,7.745689293754179,5.26763624584382,3.410434033897397,64.83333333333333,0.3695543493567541
2021,Ohio,6.844363026487197,8.1009262984843,4.676501119681141,5.12848441498873,62.25,0.4146607303444188
2021,Massachusetts,4.42320849490961,9.411959019901627,4.086416544153572,6.009176113669201,62.25,0.4461318698431356
2021,William & Mary,5.010229409618847,10.059910780452906,0.964532497415937,6.449592949094558,53.0,0.3018867924528302
2021,Virginia,8.041345143775725,8.115989061956443,4.084977508759163,5.635149486031672,74.41666666666667,0.6158146641898518
2021,Notre Dame,8.407422313944696,6.3708254735535075,4.137535080293724,3.3745657138895484,69.3076923076923,0.4911028778825902
2021,South Carolina State,5.863081953358065,9.738997172445647,2.968480787868047,5.090768912208192,67.5,0.5388790429774036
2021,North Carolina A&T,0.13335384068763956,9.807771256273503,3.233143494040668,4.2805126745890005,69.0,0.30434782608695654
2021,Kennesaw State,2.9560339445232824,11.776135952095107,3.0776173530785433,3.7914450420425156,63.0,0.31746031746031744
2021,Eastern Kentucky,3.558057634749489,9.72209120758593,4.212587033946951,2.6112663435114607,56.0,0.6071428571428571
2021,North Carolina,8.66214294834921,8.341527364094823,5.1380572379349,4.405816459384953,68.84615384615384,0.42773141337579645
2021,Rutgers,5.830758908279266,9.227516881097502,3.8778857785494703,3.651581197262537,68.76923076923077,0.443351135450138
2021,Norfolk State,7.157551713787821,10.500084852407701,3.456962249569682,4.737714676743055,65.0,0.37142857142857144
2021,UCF,6.6601670257508,6.302379184478829,5.046252793715507,4.135114773525934,66.61538461538461,0.45103696320695275
2021,Northwestern,6.106313042238014,7.595969769406168,4.1843905579249165,5.058850896444568,68.08333333333333,0.4462566465055049
2021,Furman,6.435608735103048,6.978530559053189,3.461461763696614,7.2061115504816105,53.0,0.39622641509433965
2021,Western Michigan,9.256387840163992,7.972529381351961,4.394331260926849,4.824626500257963,73.6923076923077,0.3820077000130893
2021,UAlbany,5.634542120508467,16.063146335374455,0.8751570094326802,5.63988766987248,54.0,0.4074074074074074
2021,Temple,5.853972187707381,6.817597342494044,3.307058507256302,5.224843602457082,60.333333333333336,0.5004123338555809
2021,West Virginia,6.855771127820751,6.979819892398407,3.3596341704986177,3.4493623685274346,69.15384615384616,0.5003410349946816
2021,Kansas,6.675287821603734,8.999687077136668,4.319096230584742,5.6493746684741835,62.75,0.421836558590665
2021,Central Connecticut,5.582103399807648,16.47680335456657,1.436668422943817,7.9205934979865145,63.0,0.5873015873015873
2021,New Hampshire,2.4808224472780935,13.365547525896673,5.368501576320529,5.602143641725904,53.0,0.4528301886792453
2021,Richmond,2.9378020009374297,7.461467618819575,3.9378400509054314,2.6267845121173314,59.0,0.3898305084745763
2021,BYU,8.563241928533817,7.286337690172861,4.866960638475458,4.487026486359387,66.84615384615384,0.45079114847954094
2021,Wofford,8.503779736199942,6.4748033153703695,4.2999066420541405,6.765914337514649,55.0,0.18181818181818182
2021,Toledo,7.778988585942074,6.7331917674681625,4.791914520372492,4.011031294985222,66.3076923076923,0.4469760930774355
2021,Purdue,8.599502216531333,6.782236453696923,3.247494425664669,3.801595289333321,74.46153846153847,0.5960030760530856
2021,Wisconsin,7.9686093618549885,6.536836724736412,5.052560481863799,1.900120195957433,66.6923076923077,0.34673638966630027
2021,Cincinnati,8.967294435678232,5.679580313925214,5.28808630632488,3.7414366440775084,61.714285714285715,0.4622572830653687
2021,USC,7.80610301208086,9.1083246935016,4.311617950048826,4.231692972986905,75.08333333333333,0.5556838705037753
2021,Nebraska,10.302089074502353,6.487707910888836,4.764018651167469,3.7987435035702006,69.33333333333333,0.4159377221098827
2021,Maryland,8.649981204765655,8.300610080802308,4.586197015383434,3.7033196398141772,71.38461538461539,0.531077579616711
2021,Minnesota,9.002389937956325,6.505885502526434,4.545037852286352,3.349328036936493,66.0,0.29681131679347855
2021,Iowa,6.913571522175547,6.2330718257610895,3.8494081891917418,2.905024781182978,65.07142857142857,0.44383944824424787
2021,Idaho,4.740566070454352,8.121053426486533,3.0424808903691822,4.710567611752327,60.5,0.5280054644808744
2021,Michigan,9.101342733123879,5.849387664267679,5.528333053718078,3.3141926433722984,69.28571428571429,0.4013966613984284
2021,Ohio State,10.977350895186124,6.574498882164837,5.835231442922151,3.3739121385525914,70.53846153846153,0.5313300363105611
2021,Iowa State,8.096637019496422,6.806312050274544,5.696849708041463,3.2565756196347135,65.92307692307692,0.5178135219934143
2021,Washington,7.221197073333244,5.058883537647978,2.808250888879234,4.370365330390324,64.91666666666667,0.5232690842105167
2021,Youngstown State,4.803645244870379,10.5331771523315,4.606134386393353,6.39118892693701,77.0,0.4155844155844156
2021,Miami (OH),7.974097206406863,6.906307136091491,3.5253402213177063,4.078649271071623,67.61538461538461,0.48093800752560933
2021,Oklahoma,8.71895955305909,7.758078225128581,5.357724594177422,3.160131347158435,65.46153846153847,0.4707139286967482
2021,Indiana State,3.971142513203203,5.685875416820199,0.4717350244840599,4.54785351695903,57.0,0.6140350877192983
2021,Oregon,8.06111229587455,6.783746218846207,5.414810139250302,3.601039318195844,67.5,0.43924985021271556
2021,Tulsa,8.471059639105919,6.361933988848768,4.15240781785402,3.9835812608464276,73.76923076923077,0.4296164685553076
2021,Ball State,5.892761160781973,7.611876082207535,3.1318305230680767,4.368665001300154,68.0,0.4965023632113366
2021,Villanova,8.57020077889375,14.127596688103607,3.179919140183902,2.7273914292541517,60.0,0.5666666666666667
2021,Oregon State,8.641567221097207,7.395020882877079,5.145250325915528,4.2513293976827455,66.76923076923077,0.40210237966737317
2021,Delaware,2.3310612374920323,13.210235323932569,5.1369364169165,4.600174920427682,59.0,0.423728813559322
2021,Eastern Michigan,7.404415732047377,8.54944399969803,2.775100534927143,5.210562386643324,70.0,0.49995821377509486
2021,Fresno State,7.671766653886106,7.623363298353928,4.107521368656492,3.928638488138503,73.3076923076923,0.5376140552234268
2021,Holy Cross,3.4465884441400823,7.002196691330637,3.926407454068219,3.1121893754178838,71.0,0.28169014084507044
2021,Wyoming,7.254381755121004,7.4121145402261766,4.887509972261318,4.957540298347828,64.61538461538461,0.3573380733636148
2021,Yale,0.1336254811771198,8.977044252306246,3.4950349050486107,3.9873580663760486,81.0,0.6666666666666666
2021,Howard,1.9011919571979052,9.858191108143018,3.7104179492936247,4.235423753956272,51.0,0.6078431372549019
2021,Campbell,5.048497719070126,9.84943014846909,3.6932260930198613,4.98329753229197,61.0,0.5245901639344263
2021,Louisiana,7.125380949750619,6.55619417476207,4.352159771487329,4.113951765659872,69.28571428571429,0.4178622808318194
2021,Coastal Carolina,9.499514397428284,7.949402047007476,4.952644672518589,3.9421462178603197,63.92307692307692,0.39032170495370155
2021,Rhode Island,6.554920371110211,11.177879283633935,2.765215452276496,3.010123834776242,56.0,0.35714285714285715
2021,Maine,5.700100855506761,9.929192724329482,2.556375767646892,5.403982427469719,59.0,0.4498847926267281
2021,Northern Iowa,7.493030619609592,7.114346900151974,2.5169192661163873,2.4286487923995734,60.0,0.5666666666666667
2021,South Dakota,2.950081037018135,7.137218601520693,2.3889666622818,1.7953709497800894,63.0,0.3492063492063492
2021,Kansas State,8.602400718642956,7.502121966041195,4.930463323276948,3.283394419179633,57.46153846153846,0.41447270412025605
2021,Missouri State,6.811249379103026,7.964243302309587,4.793744036461414,1.6406877319777633,83.0,0.5542168674698795
2021,Oklahoma State,7.4648720856469675,5.789502603320883,4.404181834874016,1.997597658527916,76.21428571428571,0.41869849203265497
2021,Duquesne,4.847614899803174,8.554330505446744,1.7031924667490619,4.36814659383821,60.0,0.36153133683235567
2021,TCU,9.330548964605443,9.361011645748222,5.2215378326722925,5.433900114040114,65.25,0.3923777981434678
2021,Baylor,7.610552377896124,6.806920396763646,5.19133201126305,2.819001415935389,66.92857142857143,0.38920299035586586
2021,Southern Illinois,6.31644029072938,7.162858735515129,3.2592174401210636,3.426550162137822,68.0,0.4117647058823529
2021,Western Carolina,3.1913292914328504,7.99581694819866,2.90863981538379,6.047161699103606,63.0,0.5714285714285714
2021,California,7.253557300810708,6.430376544214302,4.233921909506036,3.7952914204372163,65.33333333333333,0.48634682716994093
2021,Stephen F. Austin,5.333403657169934,6.808688265521814,1.5997740429122325,6.270722250795997,88.0,0.6704545454545454
2021,Nevada,7.858927950910955,6.696222538347714,2.8627638330767815,4.750557782761293,69.92307692307692,0.6245990553645085
2021,UC Davis,9.83596665538239,6.332837102632501,2.059993396069842,7.212427433023335,82.0,0.43902439024390244
2021,Nicholls,8.734859146645082,8.212921634939722,3.7792256343102872,4.539069721334149,68.0,0.5241935483870968
2021,Abilene Christian,5.124555378279695,8.853874200471672,4.744421341542234,4.376657674768707,64.0,0.5625
2021,Morgan State,6.4883211694636165,8.565128590937045,1.890853115371699,5.853595953401586,62.0,0.46774193548387094
2021,Murray State,6.126494935244126,9.132393001727841,2.4381397681146835,3.442065454937912,63.5,0.4492051664182812
2021,Arkansas State,7.149198477797164,8.357832497245068,2.2600656670744264,6.785485499841339,72.83333333333333,0.5969310191832665
2021,Florida A&M,3.662242526523271,6.506953805151258,3.1656107306911476,5.616288179131677,78.0,0.6282051282051282
2021,Wagner,4.179292119087536,11.388105156905869,0.48318734093042437,5.3374387513567845,53.5,0.22894736842105262
2021,Western Illinois,8.490548374364165,8.350496379858573,2.6774179047221653,6.31388329571884,67.0,0.6417910447761194
2021,Saint Francis,5.307179366061725,8.673448926370671,1.9913591520682865,5.0749645422040555,64.0,0.46875
2021,Illinois State,1.157233561512694,6.1851650417853765,0.38392965720335614,4.234179651079576,45.0,0.4222222222222222
2021,VMI,3.1330965586786688,10.316771816416843,3.202078802960644,7.475135269130339,73.0,0.4931506849315068
2021,Robert Morris,0.9180469556498592,8.59411252020563,3.983572908642578,5.511062329826466,38.0,0.21052631578947367
2021,Bryant,3.4153616017976107,13.333417270683222,-1.4073844422386284,7.126789534225681,56.0,0.44642857142857145
2021,San José State,6.205440224046583,7.261443205132179,3.7098665587582,3.756122019865645,62.833333333333336,0.5247111222644748
2021,Central Arkansas,6.27690295748802,8.794735600570453,-0.5131623482744936,6.805488913888253,62.0,0.6774193548387096
2021,Southern,4.622056445473969,10.517555073904347,3.436428498268792,5.32608980993449,49.0,0.42857142857142855
2021,Elon,6.618923275247144,11.129277545483259,2.5947774663852203,4.5312088618044175,63.0,0.5714285714285714
2021,Jackson State,5.02878691586727,5.334964681364917,1.1675813985590562,3.10898458873658,59.0,0.711864406779661
2021,Alcorn State,8.322572487223809,6.183241913080311,0.8902430473162282,7.20407199816726,64.0,0.515625
2021,Incarnate Word,7.728198226725764,9.027838581257765,2.508690440719564,4.434961381385291,71.0,0.6619718309859155
2021,Hawai'i,7.2464026169946525,7.6994223350123,3.8049004855107404,4.262823294308875,68.6923076923077,0.5137408347069914
2021,Weber State,7.930358534273948,8.74768049050751,2.7027636083039965,4.5373940426673585,63.0,0.5238095238095238
2021,Utah,8.05890067778664,6.233177625086162,5.665668030754515,3.3165136046648738,67.57142857142857,0.42041954111920965
2021,Arizona State,8.165361896517464,6.626248870637454,4.929554566248697,3.40193516422817,62.15384615384615,0.3864458001224182
2021,Southern Utah,5.323235409296699,12.857560406406602,3.885067837979804,5.576457890889042,59.5,0.5219298245614035
2021,Northern Colorado,5.718398618711494,7.890302735589903,0.7312137262210583,6.668419797772158,60.0,0.7
2021,Montana,7.222920045806668,5.467429168479416,3.4810869766532146,3.725030600851046,57.0,0.40350877192982454
2021,Utah State,8.570595371338552,8.125951729886337,3.475017646020007,4.290603796580542,76.28571428571429,0.4721183915600748
2021,Washington State,7.688628120927683,6.278126079053332,3.822570265816078,4.131512453356799,65.76923076923077,0.5293685625771757
2021,Arizona,6.771363762805009,8.53567478268359,3.8581916852194436,4.34763928057132,72.5,0.5146834989090738
2021,Portland State,8.10942694867661,11.061562513082327,3.2837942288716055,5.545919482525633,75.5,0.6422428922428922
2021,San Diego State,6.269736858679736,6.262805495411231,4.183502943644405,2.984923355288353,66.57142857142857,0.3820272807478364
2021,Sacramento State,8.690956969080844,8.974489848748494,2.999497531852976,7.333410806260867,77.0,0.7142857142857143
2021,Stony Brook,6.612118721668901,8.474809386031598,4.094619662547393,3.275966283873042,62.0,0.3709677419354839
2021,Northern Arizona,3.7773450339007217,7.290754498230505,3.05704660890545,4.2093518642790295,65.0,0.3076923076923077
2021,Idaho State,6.347649814787828,9.29373168512119,2.407601114977161,6.379053281541546,63.0,0.43232987604351125
2021,Bucknell,3.0967046356578836,8.359484260025429,2.3171202850613053,6.513890487991364,52.0,0.6153846153846154
2021,Eastern Washington,9.122357000499203,6.361456669309004,3.1097056972476804,5.429241861039583,73.0,0.5342465753424658
2021,South Dakota State,7.972735051605329,6.545373934634231,7.508531433531413,3.2935496071446093,62.0,0.45161290322580644
2021,Houston Christian,3.0440246543730316,8.951266835954737,0.04481358748257258,4.399734412388441,69.0,0.6811594202898551
2021,Montana State,7.114189946622176,7.824754676130083,3.2824055972642805,2.7770290153929924,59.0,0.4915254237288136
2021,North Dakota,7.634398239517105,9.966190900780774,2.6322323186664094,6.421452559911826,70.0,0.6571428571428571
2021,Cal Poly,5.999108564251085,16.30366387620705,1.8070098541608095,5.234348715304875,72.0,0.5138888888888888
2021,Towson,7.281540200351745,7.841173972073203,1.99051180102999,5.988318834384544,56.0,0.6428571428571429
2021,Lafayette,9.152890291981837,5.922901924628936,2.329126933285351,4.832773685488316,53.0,0.5471698113207547
2021,The Citadel,2.011200265581777,12.45907162537403,4.277920120024348,7.278038256336479,61.0,0.09836065573770492
2022,Hawai'i,5.7140879815332015,8.352041805891961,4.577149177861737,5.506657495640848,68.92307692307692,0.5425864285676011
2022,Vanderbilt,7.360706719624727,7.470757387876642,4.64381890791299,4.475777472990862,65.91666666666667,0.4382529317048682
2022,Utah State,6.751988679569449,7.2182668002045824,4.116921809064888,4.511985777008421,72.84615384615384,0.41822205558481423
2022,Alabama,9.673796488990114,4.737389990204715,5.966731829339988,2.5062643688984982,68.92307692307692,0.4821906060470766
2022,Cincinnati,7.467687300836504,6.299609535412196,4.000706960661064,3.0449857246281145,64.84615384615384,0.49308328537767554
2022,Arkansas,9.674372561174387,7.580208268374671,5.738994986360049,3.496051731182241,74.0,0.37002908146578795
2022,Mercer,8.941474934338677,6.714400886833264,4.5676971400815125,3.5326821649741578,67.9090909090909,0.453276911507917
2022,Auburn,7.811176912495416,5.555593009203176,5.9069837196877275,3.2829109038711377,66.33333333333333,0.38498918497432694
2022,Utah,8.507483201450961,6.54535271389489,5.431471228033632,3.046233599309956,71.85714285714286,0.44289630898355253
2022,Florida,8.816883217821983,6.588769425825343,5.800778364677074,3.5788555349099704,64.46153846153847,0.4334596861809091
2022,Oregon,9.302260462595232,6.062024098078348,5.532398905906908,3.5811307070296534,72.3076923076923,0.4598502877913602
2022,Georgia,9.884882477071264,5.26867945363784,6.109682691875753,2.1174585287649705,69.93333333333334,0.4670095278028443
2022,Miami (OH),6.64204277919898,7.371973641572937,3.6197830692407766,4.120949378547528,63.07692307692308,0.4091148541092694
2022,Kentucky,8.644864762285803,5.7731839243339715,3.9365039521196854,3.2337386021498915,62.46153846153846,0.4303792857981976
2022,Ole Miss,9.1604678084883,5.929871916989892,5.827786930559262,3.565030965015497,76.92307692307692,0.392297545493894
2022,Troy,8.872047982301874,5.638341361734492,3.3975249042975113,3.0580491623502786,64.14285714285714,0.44050130820412264
2022,Memphis,8.318199345989393,6.258555026710703,3.8389088606576403,3.1620989039303424,72.92307692307692,0.48195175016604114
2022,Mississippi State,7.559714717547139,5.309388789808358,4.17089140673381,2.880645751295395,71.53846153846153,0.6888005756016562
2022,Georgia State,8.144891196971912,6.549790849796683,4.419194455560516,3.5736818055247017,72.91666666666667,0.33730405131972047
2022,South Carolina,8.786065878222992,5.4962626193352175,4.035987494648056,4.305926207256699,63.76923076923077,0.5041305809983017
2022,Ball State,5.292473795442361,6.399535093228178,4.371129881657271,3.9578636437514336,74.83333333333333,0.5335769317117564
2022,Tennessee,11.082529556288888,6.398002008446344,5.826280566917822,2.536292951957894,72.6923076923077,0.4441150186138334
2022,Sam Houston,4.3602765403715935,7.072895495680528,3.7001646681006184,3.447622883819496,70.33333333333333,0.484757603641276
2022,Texas A&M,7.714177322614598,5.121984006117841,5.122225112803356,4.0096449380514665,63.166666666666664,0.5074678062775065
2022,Elon,8.687110604716157,6.365536031362175,3.843753629230772,3.7626810470351812,65.66666666666667,0.41435929882269873
2022,Florida State,9.75945430942344,5.713117682920399,5.991574684406436,3.7253722803503533,69.53846153846153,0.4370008632339537
2022,LSU,8.65725122109169,5.609922612909634,5.564027384184072,2.801998447914879,71.28571428571429,0.4807747133983328
2022,Texas,8.365611332131737,5.301076836901725,5.472519709421224,2.855190858540168,67.3076923076923,0.4658421302491578
2022,San José State,7.676832985335522,8.094939324937032,3.157243196757465,3.2255342019532383,64.41666666666667,0.5556674376406047
2022,Samford,7.141509382485199,6.956455211496892,3.408824055764168,3.720140159008355,72.66666666666667,0.5255803606019106
2022,Southern,7.864169034724229,7.600688196113545,4.3970074629909295,3.9942301482235636,63.9,0.37512266810679556
2022,Central Arkansas,8.326377712000351,7.10725860680144,3.9675700784156236,4.14460155684252,65.72727272727273,0.4696871641493718
2022,Arizona,9.259506693772279,6.899684647231656,5.21272112374687,4.930781736233462,67.58333333333333,0.5607485736032809
2022,Missouri,7.85558629336165,5.7817979815766485,4.480221907120059,2.876247522565495,68.0,0.4434672629992274
2022,Kansas State,8.456192763930199,6.218939018480035,5.831806710109645,3.4905060227980695,68.35714285714286,0.4011451199177535
2022,Pittsburgh,8.272122603416507,6.060703688542479,5.087462337165836,2.6328635795636552,70.38461538461539,0.4252013927215546
2022,App State,8.56225306330296,6.882585250011449,5.222337189818393,3.7249770871448367,69.33333333333333,0.43411027018190446
2022,Wake Forest,9.41051184274733,7.185994798842016,3.5958630884851996,3.463473201424535,75.07692307692308,0.4857281609465816
2022,UL Monroe,7.6471490165479254,8.092028792683834,3.898583865697001,4.680514446611917,62.416666666666664,0.44145014814028444
2022,Missouri State,7.3977806563124595,7.720550962388967,3.956679536606096,4.079772043966153,63.36363636363637,0.49840344029176153
2022,Penn State,8.713019078455327,5.25918531068037,5.405965776920299,2.6457113687951903,70.07692307692308,0.4640482618803018
2022,South Florida,7.712364119744577,8.221538900634235,5.41373873761724,5.519691393616468,64.0,0.4272702283030263
2022,Youngstown State,7.459301119573795,8.663627714713932,5.195519626511927,3.8169419519208208,64.18181818181819,0.4061006957280764
2022,Georgia Tech,6.817347904324443,6.182527052626568,4.25443170808669,3.6942273961607586,67.25,0.47151393560023164
2022,Abilene Christian,6.3955881209754954,8.177746039750012,3.668946342327993,3.725123660332569,71.63636363636364,0.5307381671718832
2022,Akron,6.674409697542528,8.303957902483184,2.9155244099260305,4.345266117737145,73.18181818181819,0.566951593402347
2022,Miami,7.375565599418877,8.3960405179564,3.9530963344061383,3.5978178761044286,68.91666666666667,0.48842947352163774
2022,Northern Illinois,6.899283555982838,8.977273070386948,4.73303929603312,4.108693070991662,67.16666666666667,0.4032678642958371
2022,Kent State,7.872743286368291,8.416730618510202,4.691590315793147,3.9759286282483277,72.16666666666667,0.4007215848375751
2022,New Mexico,5.321599632120212,8.653519043890718,3.401298629671377,3.511634694434308,57.833333333333336,0.37056755599499674
2022,Tulsa,8.211924314606822,6.676942885569267,3.780520789440818,4.215360721886193,70.33333333333333,0.4936478165048546
2022,Bowling Green,7.210829668581072,7.579355058686238,3.1173188311205426,4.29995531909246,65.76923076923077,0.5163014255814133
2022,Eastern Washington,7.07064957056082,8.232766164986655,3.5899805890287015,5.940242072419131,69.63636363636364,0.5065248916446312
2022,South Carolina State,6.596970924431254,7.4177825585154835,2.384418850508,5.3928307882636215,61.7,0.4569580614378502
2022,BYU,8.089458557638858,7.202013041048065,5.068939098675622,3.723994942003761,63.84615384615385,0.4674605822942191
2022,UT Martin,6.935665075803766,9.710660862926604,4.845887072937872,3.6930104210471275,67.0909090909091,0.5289441259450929
2022,Liberty,7.296468688200379,6.946781236243453,4.604807864575023,3.5867178042505063,68.23076923076923,0.44813169122195
2022,Austin Peay,6.687811134355368,6.01301124482084,3.9654055543919613,3.3689115419523175,73.72727272727273,0.4469467991568117
2022,East Tennessee State,5.875310446138423,7.595600969968549,4.86255142009921,4.568682362392437,64.6,0.45206207909432744
2022,New Mexico State,6.654943927769306,7.531921840765445,4.377102890434956,4.050975458775907,58.38461538461539,0.4011037029389192
2022,Massachusetts,5.104970281118873,8.607597989884354,3.396276495719824,4.997482117490606,66.33333333333333,0.34620179814601476
2022,Louisville,8.193886015820246,6.509913989036781,5.653305573703425,3.2311121491356265,68.23076923076923,0.4157025632264318
2022,Clemson,7.501590183054277,5.692930378406481,4.86836873582087,2.821424446543524,73.28571428571429,0.46956063009374066
2022,Northern Arizona,5.933677055250155,7.297168716020389,2.3686642480468887,4.596473150686236,73.81818181818181,0.5576807748803788
2022,Arizona State,8.074984218454178,6.540423951999205,4.067947343980223,4.796141059901461,65.66666666666667,0.5094923771774864
2022,Colorado,6.2294364260267585,6.659878426580046,3.690110804349375,4.9910116178150545,62.25,0.47695533421674213
2022,TCU,9.180310049143193,6.723758398004069,5.647480739210421,3.360891961008553,68.0,0.44870113381997684
2022,San Diego State,6.394888624406203,6.338872364256965,3.9106311530563573,2.9925499631441848,62.46153846153846,0.42156031367901375
2022,UC Davis,8.868945223057015,7.018588459298379,4.985785680161405,4.394006985611294,72.0909090909091,0.49613140226367564
2022,California,7.588128218746609,6.354066002650928,3.298398546937539,3.5714813438127018,65.33333333333333,0.5960356788548258
2022,Boise State,7.057753775727838,6.495489309491533,5.170144718036042,3.1310754947548296,66.71428571428571,0.4166694125562563
2022,Oregon State,8.42697924043973,5.588375049752609,4.907499340273921,3.084339977545361,65.07692307692308,0.3804290254648878
2022,Colgate,4.936963116804807,8.25775432040995,4.164744560961321,4.629778540077756,64.0,0.4318700772997165
2022,Stanford,7.599399982149245,6.292799405205635,3.654935666530895,5.349629838840847,68.66666666666667,0.5412642877250736
2022,UCLA,8.915858818982246,6.4821147166941255,6.043314150035188,3.5313840488364474,71.76923076923077,0.44980799715990194
2022,Washington,9.16919866876819,7.000019580984856,4.592605979913811,2.9588649388593606,75.15384615384616,0.5888360230632963
2022,Washington State,7.1796318692773635,6.212886166000238,3.719126309229738,3.744105707733996,66.46153846153847,0.5767031319665489
2022,Idaho,9.198651033724792,7.519607994523702,3.984492989599364,4.2933690949470025,67.75,0.4196907586733818
2022,Oklahoma State,7.3308866594688595,6.295931845345395,3.7960634550578662,3.8865730601595305,76.92307692307692,0.5192718422252495
2022,UNLV,7.0033587517438995,7.420670501780684,3.9913347774923285,3.7807388491879883,63.666666666666664,0.47407525412099777
2022,Air Force,11.076447307255737,7.344059216913217,5.479922204969612,3.1413714873917744,68.38461538461539,0.10445510988329722
2022,Fresno State,7.81119669296028,6.683993008803789,3.9856208680142857,3.976131775397147,66.92857142857143,0.5016292083643725
2022,USC,10.026046435942941,7.385885449778775,5.075641489431675,4.4927946232223,70.5,0.5176431793790761
2022,Alabama State,8.034878346535216,7.421111171363768,2.533604869882073,4.018971697657983,60.18181818181818,0.4012375420205181
2022,Southern Utah,6.546671125011373,9.143008852641213,3.729633231730924,4.261808726347492,66.9090909090909,0.5143026202762374
2022,Portland State,6.856526489892422,8.943120602409415,3.918624571268577,5.526409539834518,69.18181818181819,0.40905750720281947
2022,Wisconsin,8.634614975657156,6.659034853672291,4.972454459953538,2.8478617951830363,63.61538461538461,0.3953220707527435
2022,North Dakota State,7.849329914425368,6.21543737875187,6.37600739949984,4.273730444637716,60.06666666666667,0.28217542964739256
2022,Eastern Michigan,7.230138976507584,7.535836553392523,3.321813353068312,4.63091714613318,68.92307692307692,0.4360486375759394
2022,Notre Dame,8.494862123058207,5.912963744162794,4.862821826176587,3.672325398045027,66.84615384615384,0.3898877887282802
2022,Minnesota,9.003462130453562,5.975064338500487,4.860914965020426,3.621588520269637,66.38461538461539,0.3321127062482655
2022,Montana State,8.665962151312527,7.372066909955256,5.89154860769876,4.635026868982146,68.92307692307692,0.3198498041249789
2022,South Alabama,7.882541134267056,6.6376321947067405,3.750071238611454,3.3372336515338317,73.15384615384616,0.4709749380301194
2022,Michigan State,8.025618113566123,7.19253806644879,4.103284205599163,3.8272650315245795,64.41666666666667,0.54094566976032
2022,Colorado State,7.3567594880726075,6.085654749163097,2.957660921187245,3.826514009609578,58.916666666666664,0.45696900420761466
2022,Tennessee Tech,5.9354290932118445,8.256099423867832,4.25015402282251,4.864132254133849,65.77777777777777,0.4655724450549732
2022,Kansas,9.229605899614794,7.204844991007529,5.744127881124336,3.7041517131141797,62.84615384615385,0.44744290825201255
2022,Murray State,5.51199910811309,8.004677475302541,3.267282143538493,5.699908360323728,64.63636363636364,0.4349587620042843
2022,Texas Tech,7.507931268591053,7.311852573278687,4.375928054562481,3.527778000528525,84.23076923076923,0.5155782720716047
2022,South Dakota,6.563094945828504,6.949991088659862,3.8960343525775416,4.272345313457247,57.54545454545455,0.4242723603356222
2022,Southeast Missouri State,7.127317610811354,7.6001054869806675,5.324861818238462,3.8366441382508056,69.41666666666667,0.4669192454267637
2022,Iowa State,7.1567345275321825,6.238590152432924,3.831917238076278,2.3316628754118964,72.75,0.5484563399702128
2022,Baylor,8.057178864868815,7.1486449487484425,4.877084847452187,3.052724846184808,71.3076923076923,0.4297576306444173
2022,Houston,8.282150920662874,6.9854830311210545,5.027925646151885,3.7440155733444347,69.38461538461539,0.5540905731125176
2022,Iowa,6.902023778137599,4.659855714172993,3.6515969779125936,2.3624081153461076,59.38461538461539,0.4522914177076304
2022,West Virginia,6.909723882241416,7.911173465107519,5.111848743643713,3.411770958546509,72.66666666666667,0.4905512622809854
2022,Oklahoma,8.28541608656997,6.502540252031642,5.514482593434242,3.6606000790270485,75.92307692307692,0.4106616184421133
2022,Tarleton State,7.7490591779341065,9.091571782978603,3.778273311643481,4.680513982387476,71.54545454545455,0.4369002997965952
2022,Ohio,8.550553720481147,8.223521085122645,4.048989942872355,3.9782394856826295,68.35714285714286,0.486034758645674
2022,Nebraska,8.524217143123664,6.487510882113298,3.843214430901806,4.1948786764115065,63.333333333333336,0.4489760556357365
2022,Texas State,5.886479554684293,7.3363552417397715,3.300353230290199,3.6585801185652986,68.75,0.5354385922032358
2022,NC State,6.597826142016938,6.0251374296574145,3.676681705702337,2.9927582115918026,70.23076923076923,0.5146527930668829
2022,Towson,5.910438976107846,7.346916035855495,3.8930563712847133,4.629916979349007,65.6,0.42488131406993246
2022,Tulane,8.964323507311844,5.42161375348355,5.278024270790026,3.4102388710180667,66.78571428571429,0.4050359168078638
2022,Arkansas-Pine Bluff,5.2982066989173955,8.877247308602694,3.438376454362225,6.375543073286101,67.3,0.4671733798358527
2022,SMU,8.797553752047863,6.665643563774747,4.371502226225049,4.742068772302341,77.3076923076923,0.5099603774225223
2022,Duke,8.186198023775548,6.984459070260522,5.21291802465712,3.628695170133648,67.92307692307692,0.447900248936102
2022,Ohio State,10.662722002160372,6.659215110787722,6.034113764690925,3.218602216641913,67.38461538461539,0.4695740160865473
2022,Marshall,6.429341097402055,6.1356549195105465,4.5982194139396135,2.7589863275196107,74.07692307692308,0.38045947287063175
2022,North Carolina,9.16354367411738,7.45545566591785,4.846450598921095,4.1406843467041545,73.85714285714286,0.5051063659168683
2022,Syracuse,8.943229458844694,6.006968657442804,4.54339852106162,3.499584015465003,62.53846153846154,0.45178595248648534
2022,Navy,7.943421224534941,8.463192638635883,4.315926551496625,2.462292723875557,69.5,0.15077937005251943
2022,Boston College,7.526375843543387,7.033400196669375,2.508370967046058,4.062548730853615,66.91666666666667,0.5422849689915802
2022,Army,6.73832881404935,6.694431064511857,5.459800036959199,4.981182010172561,62.583333333333336,0.13717535696124875
2022,Coastal Carolina,9.017612913845223,9.98625372821757,4.39386275977906,3.8240033442039234,67.23076923076923,0.412992291748303
2022,Villanova,8.556311864326254,6.518036510892496,4.352052229825686,4.971673013602971,59.3,0.3888256278873814
2022,UConn,5.762697400702038,7.11733706323632,4.830582256198761,4.3503153789089595,61.61538461538461,0.3455175269903744
2022,Central Connecticut,5.511271657445558,8.15797036998276,3.292347233523508,4.67434512037994,65.63636363636364,0.4537069644886759
2022,Michigan,9.333126799163539,5.567147072202912,6.062202496021965,2.925792131327456,69.28571428571429,0.3811575603016113
2022,Southern Miss,8.140368967508726,7.458354791665226,3.764534075244521,3.5738208826811637,63.23076923076923,0.42476348630611
2022,Old Dominion,7.4069454600269795,8.176775986243372,3.8741527142662093,4.0297000342201335,60.583333333333336,0.5721543873819838
2022,Gardner-Webb,7.456758188077453,7.425821870429742,3.818474492790017,3.9731743631418914,73.61538461538461,0.4696673731699299
2022,Virginia Tech,6.550869021281054,6.8007241004766605,3.5259815132997248,3.6420608250640356,66.72727272727273,0.4774399387241083
2022,Wyoming,5.501994401470669,6.373633662075262,5.026114873671821,4.206458943024779,60.23076923076923,0.38677887386495524
2022,Illinois,7.939148146099707,4.852845383023336,4.585629778816242,3.1323466484267075,72.15384615384616,0.41899874145265703
2022,Northwestern,6.89049980423098,5.987398670445369,3.8956214840038013,4.3645963725640975,73.83333333333333,0.4700446357916075
2022,Indiana,6.399710787209803,7.23183040176374,3.741379113142983,3.7794584318869355,73.16666666666667,0.5334097909273123
2022,South Dakota State,8.390638160680778,6.529419325236832,4.743795093701398,2.19718542153334,62.38461538461539,0.39346080409237144
2022,North Dakota,7.663399156136717,8.733765131156057,4.682826518404494,5.133738425226291,65.25,0.47935396470184677
2022,Purdue,8.091370292658855,7.159842111555394,4.302616657137714,3.870305312539031,74.85714285714286,0.5521001159601733
2022,Illinois State,5.7679120997063755,7.121407957498852,3.41407578667818,3.6410676082042586,63.36363636363637,0.4490994727817817
2022,Maryland,7.954420290829205,5.595377329351717,4.300454859707032,3.3997118973599814,70.38461538461539,0.4866517990417043
2022,Buffalo,6.640927072956138,7.605445778276109,3.4115151193959075,5.253587537603272,77.58333333333333,0.4519754510577596
2022,Rutgers,6.258838321317579,6.096695521444338,3.581468010109088,3.8771138121516757,63.666666666666664,0.43916199714296994
2022,Virginia,7.0188321979291715,6.081378232767869,4.003386786590234,3.3520047443980587,67.1,0.5142835636586424
2022,Western Illinois,5.3644566763612,7.850706302330375,3.0399635177706403,4.584977698249218,62.09090909090909,0.5241383615793681
2022,Georgia Southern,7.159877127054937,7.557130207210583,5.039547684065967,5.461050833196017,75.53846153846153,0.623602591794927
2022,Indiana State,5.750879641303077,7.2642615087908995,3.923905363716887,3.8346367584128678,62.111111111111114,0.45222550303110864
2022,Arkansas State,7.206091085602619,8.073181749926588,2.919235267415998,4.167541330034407,64.75,0.5165233655687772
2022,Wagner,5.016037699716536,9.268993197647195,1.728402845307957,6.185114819745337,62.0,0.4788349442847849
2022,Nevada,5.973507150037782,9.157909275278866,3.857970980498569,3.881379220666295,68.75,0.48346949465715444
2022,Southern Illinois,7.998499696120237,7.467040347363703,3.1548462927760736,2.6710950653263015,71.36363636363636,0.4696155972402915
2022,Toledo,7.090662525929319,5.942554686046544,4.261061914738361,3.8973007783219984,72.78571428571429,0.42602422137163704
2022,Temple,6.7097829544336784,6.618116064011921,3.2957033832367895,4.619036412328698,66.83333333333333,0.5955017358926801
2022,Central Michigan,6.73046742340231,7.581088128570724,4.236069438534231,3.9384424995427523,69.41666666666667,0.45267744462509035
2022,Lamar,5.278816251852664,8.172024732867074,3.5467871281212626,5.666869981155303,70.54545454545455,0.41478547651398967
2022,Duquesne,5.567557237799509,8.094517128869688,2.4478487968018046,4.663538346477718,68.0,0.47306962975141403
2022,Florida A&M,6.864579775037439,6.648682937111922,2.2392058874064955,3.8995172139716034,68.81818181818181,0.5404604540239384
2022,VMI,6.023999037842511,8.526136122202423,2.0872903244977734,5.028895172401089,63.111111111111114,0.5284636144568038
2022,East Carolina,8.02884894203204,8.435165001777824,5.5287996861583775,3.04005084201804,69.76923076923077,0.5329565800025989
2022,Bethune-Cookman,6.86881319830197,9.171872787546999,4.313328299612024,5.495831958848386,64.72727272727273,0.5061992906044182
2022,Richmond,7.070058174748588,6.95481651800603,3.6525655077637844,3.649582442930661,75.58333333333333,0.5298129253578895
2022,Furman,6.775587871087948,6.873003892266217,4.9163604828609335,3.7460663355136297,70.92307692307692,0.4025965139538656
2022,Western Carolina,7.751856207665275,8.209259355831453,4.908799615089933,4.739711874398128,72.81818181818181,0.49782668989887396
2022,Charleston Southern,5.201621118650081,8.740668824659965,3.2831065499311465,3.881842239379755,69.2,0.5505540225776822
2022,Maine,5.895592189729416,9.986801638728545,4.079691392137484,4.692517180574371,67.18181818181819,0.49861005980885265
2022,North Carolina A&T,6.43618815659658,7.004636056369639,4.568058698297826,3.5351218488428064,64.63636363636364,0.4367889794069521
2022,Wofford,6.811552807447333,9.0481824392222,2.8899711463294597,4.989566922360971,62.18181818181818,0.4812039968505083
2022,Western Michigan,5.97083967191465,8.068627068632386,3.695468637037439,4.245671129932267,66.66666666666667,0.41532907986574613
2022,Rhode Island,8.052953021909055,6.688534073945883,4.937030047101371,3.9427354165572437,63.36363636363637,0.4719594475401005
2022,UCF,7.888420583645491,5.8271134550257475,5.3111979112431555,4.106832588389288,76.14285714285714,0.42643883708415575
2022,James Madison,8.42839652233446,7.344542492286234,4.5251465927535115,2.158333680788449,73.27272727272727,0.40066195754395023
2022,Louisiana,6.577696108232169,6.586349772955955,4.189799798391636,4.0060898871471124,69.07692307692308,0.49617593094585316
2022,Chattanooga,8.218134402118837,7.830500425449915,3.9563929840257273,3.1617166915480728,67.18181818181819,0.4314242220742315
2022,Kennesaw State,7.7581063295478225,9.60700210935044,3.8351549430464655,4.1599366886084965,75.36363636363636,0.23426554109164466
2022,The Citadel,7.14601531022008,8.428192690134884,4.048604043512762,5.3124999081229625,67.18181818181819,0.1886872490856155
2022,Stephen F. Austin,6.8793771510128146,8.220888631469386,3.9809859855321332,5.424161889748484,70.54545454545455,0.47222748661860814
2022,Jacksonville State,8.374345012801195,6.338504836471774,4.8557969597062725,4.051623780893449,65.45454545454545,0.31797123350891243
2022,Davidson,10.537004339945023,8.1504036849958,4.6797712068952295,5.3558933280600804,71.33333333333333,0.16146065093187126
2022,Nicholls,5.68398597982211,8.955942173139718,3.558775342375407,4.55053398687134,71.81818181818181,0.48887794322219036
2022,North Alabama,7.245587391294635,8.768250489010418,4.214196465744607,6.011985461212562,66.45454545454545,0.42042988646208956
2022,SE Louisiana,7.654900108978541,8.241082167377165,4.215910688574219,4.347966991288001,72.0,0.4454617839972318
2022,Eastern Kentucky,8.50104928660878,7.339530411873381,3.9785918970612086,5.504987309423266,68.33333333333333,0.5567580546080835
2022,Cal Poly,7.222526354157439,9.47692045512695,2.4929342774311856,5.840043197979392,71.54545454545455,0.5874525140103973
2022,San Diego,5.89580756730127,8.927265429718751,3.2442628345048488,4.210053871026375,61.77777777777778,0.5439641919391895
2022,Sacramento State,7.356932952692237,5.898450282509789,5.14748206970024,4.14711943055733,78.08333333333333,0.4097091242832989
2022,Idaho State,6.213746925944506,7.620333778384087,3.378231818392315,5.035358024491868,67.27272727272727,0.4580112313332879
2022,Montana,6.7168022190119965,6.453400500031658,3.562679441429601,3.591800557448528,69.83333333333333,0.4462485938750112
2022,Tennessee State,5.759097635075332,6.856285385490157,2.8049933293708693,4.663144369483056,66.81818181818181,0.43439166998864637
2022,Weber State,7.297143959907352,5.441104124934868,4.124317958863556,3.708489159269814,74.08333333333333,0.3910446783841491
2022,Northern Colorado,5.927392853341937,9.056750779573765,2.675053525204112,5.193764273664387,69.9090909090909,0.5368247308946686
2022,Drake,5.077849935307992,7.518550791270499,3.04559363686812,4.514385069913495,68.0,0.49414629260937665
2022,Northwestern State,5.5889411841818095,8.648637857117928,3.2787774359525867,5.67608061411155,78.36363636363636,0.5832294386997308
2022,McNeese,5.752442848295969,8.373108398043733,4.40931812826127,4.903403287983504,61.63636363636363,0.3791178524301841
2022,Morehead State,4.18442563278098,8.691847168400683,3.2325620855561694,6.420899251305224,72.63636363636364,0.5292991800223024
2022,Stony Brook,5.909679726151101,7.992360371102396,2.6282506713929608,3.6398449490073075,62.09090909090909,0.4317296426452831
2022,Norfolk State,6.351964635407393,9.350942239371891,3.8103055428721215,5.563664442866813,59.09090909090909,0.4438179772857826
2022,Houston Christian,4.8453420671764595,8.122194617912472,1.8277022527883935,4.815433883216606,70.18181818181819,0.5749047261233841
2022,Brown,5.589537103200852,8.580710806780072,3.3763212975445236,5.700575700004348,79.7,0.5256251837613425
2022,Bryant,7.0569808782307035,9.214042678705963,3.089944066817731,4.026101704368594,71.27272727272727,0.5749312636204813
2022,Harvard,7.626718571878195,7.724510897468164,4.3266742089803305,2.8683026416091786,66.4,0.4652597506989224
2022,Cornell,5.962033677373368,9.018131060531829,4.0295696261465945,4.151812507193192,68.0,0.42132951803379826
2022,Pennsylvania,6.081511262113481,7.47164046167889,3.2930584487032144,3.1965917008632116,70.3,0.5687881743648776
2022,Yale,7.445964494886988,7.176325262391545,5.546141209530308,3.6476327752678763,67.5,0.3622060958318879
2022,Columbia,6.690005625561592,7.8715175570707245,3.7217531754980953,3.5729292137889104,69.6,0.4586202298453895
2022,Dartmouth,6.055802305161356,7.2105947613294745,4.2516538510284105,4.378171998287302,60.0,0.45072881127776687
2022,Marist,4.808381371328344,8.068132632915312,2.1816134788843087,4.978334190884841,63.2,0.591220595274485
2022,Georgetown,6.190800864709675,9.206189973121816,2.5995288364439344,5.082992285293204,70.0,0.601509388460563
2022,Princeton,7.557176353008958,6.6604626590365825,3.202671829566051,3.3482940365360663,67.0,0.5263556059200887
2022,Northern Iowa,9.529694585346233,8.204526660788288,4.812003678394527,4.026793811244247,64.81818181818181,0.4698796212407094
2022,Incarnate Word,10.338148729557089,6.53760854247532,5.3133074671080385,4.118930663361577,73.78571428571429,0.48053147226151893
2022,Lehigh,6.1892972601260485,9.371361007044959,3.0187041470332088,4.033421579826164,66.0909090909091,0.5301981182059478
2022,Delaware,7.5419529185613365,5.776513119560426,4.056856581097709,3.404619735056054,72.66666666666667,0.5273292618202062
2022,Lafayette,4.7302661332108675,6.96896089300393,2.378324047766267,3.4255072846958714,60.45454545454545,0.43852865757305093
2022,Alcorn State,6.041777866414825,7.985877368115442,3.4353288040077676,3.177124596054872,68.0909090909091,0.3596511835413484
2022,Howard,6.757441398181599,7.3518403382444895,3.9974521681587785,5.697474013821952,66.0909090909091,0.43006262543327856
2022,Campbell,7.259461355606231,8.136370508127827,3.843594284965793,4.363659340384692,72.0909090909091,0.4770447638434084
2022,Saint Francis,7.848821839746058,6.974002603156966,4.28329291253297,4.987197825767449,65.66666666666667,0.43123025460656145
2022,Eastern Illinois,4.6849244937395795,8.635185356753091,3.0933579428226015,4.2158177282406095,63.54545454545455,0.39231805612431503
2022,Holy Cross,8.627541319680411,6.9097826593050975,5.543620761866285,4.138858875434717,66.0,0.33600444027127835
2022,Robert Morris,3.8953586064706185,7.796443814559598,1.9724562959410867,5.335337543060074,62.63636363636363,0.5311255558542016
2022,Bucknell,4.289454398680059,6.822362207429165,3.373180189650801,4.516159834243595,64.2,0.461451248578508
2022,Long Island University,6.902850612184489,9.582447248854558,3.232018022138677,5.176074197642511,64.8,0.4503331776601227
2022,Fordham,9.538350305489224,9.094062315425473,5.1740180585303905,5.229068435914686,78.33333333333333,0.5363877370846242
2022,New Hampshire,7.149817645718238,7.446596321476073,3.313848346440168,4.341289762172776,66.53846153846153,0.48984401639335295
2022,Valparaiso,7.165071039831936,10.430004465449437,3.012896478161298,5.116897124701835,64.08333333333333,0.45337365239999067
2022,Sacred Heart,6.576175798673694,7.662002040158621,3.5422874813715666,5.51313030554927,73.0909090909091,0.4337089726998881
2022,Presbyterian,6.645012939935834,9.830922426634206,1.7902544652796197,6.36127848743771,64.1,0.47034292057935323
2022,Mississippi Valley State,4.984401735340773,9.15553306916114,3.774467184112354,4.820549189156977,63.09090909090909,0.4012866122650278
2022,Alabama A&M,7.25421056535938,7.255400083463985,3.6090472399550717,4.499631931727668,71.54545454545455,0.45375453628137846
2022,UVA Wise,5.317473061620035,4.347487684859381,-0.10894067114037043,8.8157462208576,78.0,0.5128205128205128
2022,Prairie View A&M,6.259160430800261,6.762957658873015,4.444413242892912,4.879158860638124,66.0,0.31061829010970415
2022,Western New Mexico,2.9773990108557813,7.484273191309127,0.5620657225943606,4.4703115517202,55.0,0.8
2022,Utah Tech,7.065059595519304,9.172815731244835,3.9279217162539126,4.343424035392161,70.0,0.5988987648284888
2022,Lindenwood,7.262335949023667,8.901110350946936,3.5634514560393526,6.933275712466613,74.5,0.5025847322609325
2022,Mississippi College,4.791293808788371,4.736616555659761,4.107258590376767,10.15098591281991,64.0,0.171875
2022,Grambling,5.337611311866548,7.093855751380279,3.8952327105257147,4.8914714176821805,60.9,0.4303303611984813
2022,Morgan State,4.580656424393336,7.097293557754915,3.344560695754848,3.8712310925532565,59.7,0.39809666988443987
2022,Virginia Lynchburg,4.585686197625335,10.137733407715308,0.5884808775590379,6.249711099634356,60.5,0.5070123902381968
2022,North Carolina Central,8.22960969948286,7.746025732541454,4.868770330912598,5.032960215559497,65.58333333333333,0.4170472252633401
2022,Delaware State,6.007005830355933,8.483759360770936,2.3387587195154897,4.5300466343438135,59.54545454545455,0.3536728113292756
2022,Hampton,7.515058046190895,7.869442237049583,3.64926411738381,4.6560755303128785,56.09090909090909,0.4563111541883355
2022,Winston-Salem State,1.862757077034908,8.678584011170436,3.0609212765176173,5.24600115339085,42.0,0.23809523809523808
2022,Dayton,5.047001829968946,10.114170785545351,3.409423269855235,4.325072129787825,65.9090909090909,0.3126248496641822
2022,Butler,6.835778816389725,8.239176144093227,3.9590937812984213,4.7321814363775365,68.0,0.4431867903051099
2022,East Texas A&M,6.253693665310582,6.802743444435505,2.9866432442338966,4.440720811159229,66.7,0.4569195169548713
2022,Chadron State,2.9958338514943703,7.843201181926172,2.739712686368099,4.9064990049931145,76.0,0.4342105263157895
2022,Warner,4.868533873475965,14.022147607029424,-0.5807755812081937,7.156651263951643,57.0,0.3508771929824561
2022,St. Thomas (MN),6.719620434047051,7.190234760817995,4.044623906227463,4.171116010933637,66.18181818181819,0.34749888319386524
2022,Eastern New Mexico,0.03160489248736176,7.91613165006294,1.2509524302857944,4.3540135090319225,65.0,0.5076923076923077
2022,Lincoln (CA),4.352132682182481,10.23201040387806,1.595293079511047,5.121130353457508,65.2,0.3154583222664676
2022,North Greenville,3.8006638943644577,13.083014923655314,4.988520732729652,5.56676423454119,58.0,0.5689655172413793
2022,William & Mary,9.879556125588566,6.881356126316212,5.849845061911297,4.76613578649494,62.92307692307692,0.29885384159839706
2022,Monmouth,8.341127143785217,8.630164100093975,5.613009662640409,4.773125659367771,66.36363636363636,0.3966473051347472
2022,St. Thomas University (Fl),6.6878519151535425,8.503277438054251,5.152708664080348,3.627134724294506,65.0,0.5846153846153846
2022,Taylor,3.4641677046272266,5.9712408247819395,2.2419342533059368,6.0576971931845005,60.0,0.26666666666666666
2022,Barton,3.4108053527890796,2.999489482722047,3.7153865238440344,5.669606640539378,60.0,0.4
2022,St. Andrews,4.3274720194557466,6.508580391812955,2.3787852166544923,8.572731640539377,61.0,0.4426229508196721
2022,Stetson,6.250016415187288,7.976391887966022,2.3718491508866855,4.5494372971297485,64.75,0.6151080673221978
2022,Missouri S&T,2.4040445389980656,6.522782835968725,2.7313735888444595,4.2675212590259175,60.0,0.3333333333333333
2022,Kentucky Christian,6.563409100032284,11.753795878252802,-0.16780784171441554,6.85488118756664,75.0,0.6133333333333333
2022,Louisiana Christian,8.492979803447337,10.165310312053979,2.242872197450737,5.658763130721892,69.0,0.391304347826087
2022,Merrimack,6.352031770457342,8.519090820639432,3.268578233006941,4.365841041149385,61.54545454545455,0.3685951123671647
2022,Jackson State,7.122454444627337,5.631139245419189,4.352964297246046,3.3172376853438093,72.08333333333333,0.5453889670209365
2022,Texas Southern,6.574127336794521,6.954061414537659,3.8512540591075535,5.111888105610496,66.54545454545455,0.3690628258221128
2022,Miles,3.5092319599756294,10.498981504846933,2.849654655821456,5.152928702292426,76.0,0.42105263157894735
2022,UAlbany,7.697131974580986,7.20847998588973,3.8122722970213974,5.263588715336865,66.54545454545455,0.5172800972355609
2022,Tuskegee,4.2571664850244035,8.780856334705092,0.5163392624388337,6.259492634206488,63.0,0.49206349206349204
2022,Lane College,10.79958549126485,8.981679667218934,2.562221676191484,5.988078512341871,58.0,0.4051724137931034
2022,Albany State,6.962181086426342,8.55528069625686,4.465654593981122,5.948965116964924,61.0,0.39344262295081966
2022,Delta State,6.3629214757586,8.250333356050849,3.711035194829809,3.930760534135946,69.0,0.4492753623188406
2022,Mars Hill,4.628286140838203,8.889291030244074,0.5695302299506737,2.2665450241666205,69.0,0.7101449275362319
2022,Lincoln (PA),4.38919473327375,8.356394199853195,2.56126018375841,6.731275816105269,52.0,0.5192307692307693
2022,Morehouse,3.7706898458531324,8.784375726724416,2.233261140750858,4.9921365251947964,57.0,0.47368421052631576
2022,Charlotte,8.45355450043715,9.52037519064263,3.422027704668116,5.276266203098769,66.66666666666667,0.5337399029925599
2022,Florida Atlantic,6.976147288494392,6.696743807731809,4.164129206448546,4.546179260954196,72.5,0.4367070496105254
2022,North Texas,8.951203179897743,7.493624863709618,4.652955953349329,4.6960349756972475,69.0,0.44777121059911046
2022,UTEP,7.537873518043013,8.14931729827812,3.8559889499519353,4.020054737799063,70.25,0.44257736085162946
2022,Western Kentucky,8.255736132228146,6.647523490164728,4.929862456111641,3.8875139937840544,74.0,0.5967485793363548
2022,Florida International,5.204442845843562,7.508207510362194,3.3154129904419256,4.771875705795389,68.66666666666667,0.5616745017097702
2022,UAB,8.296072071584549,6.05040256843561,5.376227676594474,4.577523839459575,65.3076923076923,0.37455879198535497
2022,Louisiana Tech,7.446992834277925,6.861558626941999,3.4034748298993285,5.961948538085487,69.5,0.5211996380621192
2022,Middle Tennessee,7.2112335311802855,7.530444015671235,2.955981680307462,3.464279046636155,74.07692307692308,0.5268961281539808
2022,Rice,7.446954951130398,7.314241964404319,3.5776488157901563,5.299721221307578,66.38461538461539,0.46669617760368287
2022,UTSA,8.956805088854018,7.227837912217249,4.256785128764631,3.6982886210775106,74.71428571428571,0.4810805596588395
2022,Michigan Tech,2.1722934558444407,5.787423503694533,3.1325768609398565,4.482703523954789,61.0,0.45901639344262296
2022,McKendree,4.937627924372716,8.492224899236351,1.5282302074485923,10.597858895885262,83.0,0.5421686746987951
2022,Western Oregon,5.687420259337962,5.471844373685736,0.47809520042015885,3.6413517010699024,58.0,0.5862068965517241
2022,North American,0.4363111161661204,14.275043048412572,0.8801623394156057,7.6443321862335285,54.0,0.4286225402504472
2022,La Verne,1.1034128986798026,10.997297391005375,0.6536837094926682,6.341347837426942,59.0,0.6101694915254238
2022,Limestone,7.402063198821736,6.970103465013452,3.5186902941375022,7.552112097491312,59.0,0.6101694915254238
2022,William Jewell,4.609850146594939,12.175916655508754,2.6182886869807556,7.46712296514933,81.0,0.4444444444444444
2022,Keiser University,3.426516813261605,10.490481220073317,-0.24576360060094382,5.895001753028118,79.0,0.569620253164557
2022,Assumption,2.8839414592571098,7.054916811553996,3.442243690815784,4.468747726698631,65.0,0.49230769230769234
2022,Stonehill,5.400569831531029,9.753712416231018,4.335667799578897,5.342695325506473,67.11111111111111,0.41604524321462727
2022,Edward Waters,4.102958441616833,9.41960270153755,2.9608020448472225,5.031731647138004,41.0,0.4146341463414634
2022,Kentucky State,-0.09436116561635588,12.21199283483216,2.886256702250513,4.453385817405484,47.0,0.14893617021276595
2022,Post,2.07354244826419,18.72669435921174,0.8036085016690502,7.668737866134784,70.0,0.4714285714285714
2022,Southern Connecticut State,6.0021129189265245,10.270219323932679,2.479521366751654,6.773020584368325,53.0,0.5660377358490566
2022,Bloomsburg,1.5537289284506706,7.865222497739877,2.326131024191573,4.695019917416834,67.0,0.19402985074626866
2022,Indiana Wesleyan,3.875683229259584,7.788185566394149,0.23002659503232858,6.136794557549544,64.0,0.625
2022,Faulkner University,5.068233634929162,11.488656192361468,0.8849103210969628,4.215464419452092,62.0,0.5
2022,Southwest Baptist,6.436366797249266,3.483699217630509,1.2098810017143657,5.400808380826794,63.0,0.4444444444444444
2022,Ferris State,7.325286246104844,7.325286246104844,4.133415995388472,4.133415995388472,60.0,0.3
2022,Colorado School of Mines,7.325286246104844,7.325286246104844,4.133415995388472,4.133415995388472,53.0,0.6415094339622641
2022,North Central College,7.325286246104844,7.325286246104844,4.133415995388472,4.133415995388472,49.0,0.20408163265306123
2022,Mount Union,7.325286246104844,7.325286246104844,4.133415995388472,4.133415995388472,72.0,0.5138888888888888
2023,Jacksonville State,6.369120239773293,6.966179921101567,4.412062591811073,2.8678382622751144,76.6923076923077,0.3553812128196382
2023,UTEP,8.351024880546886,6.25633848796869,3.5806379495476386,5.29189499469813,64.75,0.4244603047801599
2023,Florida International,7.074580842932019,7.8562616888300445,2.5141990781456514,4.662692442460288,63.583333333333336,0.49678688537534055
2023,Louisiana Tech,7.735523602990118,6.483302801714598,3.4762387871151996,5.493617039048284,66.91666666666667,0.5210817119918564
2023,Hawai'i,6.657264456304064,8.184305040562785,2.9584294306484145,4.328687397521761,66.23076923076923,0.6255086132130925
2023,Vanderbilt,7.047601630043869,6.7183228509084385,3.6385747905293595,4.6556929697711045,61.666666666666664,0.5339053139089566
2023,Nebraska,7.1586913912617165,5.995171888042386,4.784925339943095,2.802045476931474,61.583333333333336,0.3570196683837991
2023,Minnesota,6.8969249829676205,6.923628478517393,4.550118193308358,4.325219748790813,62.84615384615385,0.3809966467855274
2023,Alabama,10.302079751331371,5.013287294106691,4.953468253394472,3.063632632288828,63.285714285714285,0.3676039564693757
2023,Middle Tennessee,7.843481793678063,6.673778164694479,3.7764318961796106,3.8742084394555896,68.5,0.5336339440704178
2023,Western Carolina,8.5653388322281,8.812285220174921,5.326936667788032,4.560430186947053,67.9090909090909,0.523149956763897
2023,Arkansas,7.430394328011132,6.6388925945298425,3.669134051137848,3.7224733690286027,66.25,0.4041004005320256
2023,Auburn,7.0850563913778535,6.501935968815145,4.940579042946799,3.8355615050760883,63.84615384615385,0.3787302798564731
2023,Massachusetts,7.133521260093769,8.900983793822537,4.465859785325221,5.2910484843119185,61.5,0.4687579236803578
2023,Sam Houston,6.009542019528232,6.703964358249479,2.8238712278501636,4.333267832172592,68.0,0.5441773544227514
2023,BYU,6.788545187966146,6.22917445659601,3.7448681779435784,4.125631815269547,63.0,0.5213873029093014
2023,Maine,6.191859723229315,8.72580704288592,2.6531218895257798,4.784488553256554,64.18181818181819,0.5875109331674623
2023,UT Martin,6.128111419397151,7.496201734795478,5.546796630386989,3.2164085792328265,71.45454545454545,0.4636769360030785
2023,Georgia,10.247924194696415,5.022023127007807,5.683234043928772,2.935764275764221,68.35714285714286,0.47557153044198647
2023,Illinois,8.549370831608153,6.81642032000624,4.371428068060598,3.63214296225019,67.5,0.5096780695862311
2023,Toledo,8.27153074443459,6.670090800194311,5.350925065668007,3.768100283017404,64.35714285714286,0.42056839357982573
2023,Indiana,7.9610471275257835,7.05854589456104,4.030523990176831,3.9462391561650825,66.66666666666667,0.4553688790714216
2023,Ohio State,9.670559857445955,4.571197710270496,4.881053730541621,2.914559795025907,63.92307692307692,0.4819673854376682
2023,Utah State,7.774426414382649,7.570520966394743,4.737425368099464,4.85868545148811,71.6923076923077,0.46961774420982993
2023,Iowa,5.296101876235396,4.877883155056564,3.7284646685073235,2.705151264661309,59.57142857142857,0.42041146495405507
2023,East Tennessee State,5.402609367997129,8.166651896794361,3.790167200979172,3.8285524093295975,56.4,0.3505577820629915
2023,Ball State,5.146534353839574,6.893691541307152,4.244423511155049,3.471265232807267,64.66666666666667,0.39509719273235283
2023,Kentucky,8.101357071637766,6.848867802513671,5.384913270950315,2.7798948565565897,54.92307692307692,0.5236072656010984
2023,Liberty,9.387078551984166,6.873027314119557,5.908410832424834,4.189327186581875,69.5,0.31637049374780296
2023,Bowling Green,6.976392360287087,7.132630133184781,4.264418297158095,3.8852630486568196,60.38461538461539,0.4534052236383725
2023,Towson,6.528038208459415,8.598500014094947,4.6832610170532805,4.835558053373211,60.18181818181818,0.4846305087497664
2023,Maryland,8.652895820812606,6.435558231953043,4.031857006370442,3.1941321950999066,66.07692307692308,0.555349698679601
2023,East Carolina,5.651269724085863,7.360241778176313,3.6996579211845617,3.0817170058670076,64.5,0.5003062462565894
2023,Michigan,9.766206883718668,5.334365285710444,5.238616434279816,2.818808472877793,61.6,0.38589835747482676
2023,Michigan State,7.369079041381916,7.24880016523127,3.6100597709126867,3.9056342078815036,62.666666666666664,0.5022330881501885
2023,Central Michigan,7.0440112962944745,8.594127784112281,4.44861958039891,4.595318485515679,65.08333333333333,0.414446266990718
2023,SE Louisiana,7.222742979968563,8.94518557870524,3.5260587353992703,4.276873551018552,64.27272727272727,0.49248549562429017
2023,Mississippi State,6.511098707109679,6.409874381424228,4.717413580050884,3.4422642588045633,62.416666666666664,0.4581096244651874
2023,South Dakota,9.506876963300337,6.412958918977045,4.361654965162784,3.6787609305881883,54.36363636363637,0.40990663371124253
2023,Missouri,9.75441992322539,5.33419132169217,4.983679859714568,3.0228462153611897,67.15384615384616,0.43073982425821683
2023,New Mexico State,8.173347787597345,8.117630359076957,5.287258319197117,4.446253786461568,61.266666666666666,0.4243276887095149
2023,Western Illinois,5.6092511999954,9.939156557993655,1.5949732476353966,6.549858825104095,62.72727272727273,0.4964005080914312
2023,North Carolina,9.193938260258053,6.790817433561935,5.466330254509217,3.7036000259659065,73.6923076923077,0.48042762583242854
2023,South Carolina,9.145354491046968,6.506216194220651,3.6516165999567494,3.112172826407525,65.08333333333333,0.53079413511637
2023,Mercer,7.464784644044382,7.164602441303348,3.3499270616176475,3.787745463366225,63.54545454545455,0.37197857359557535
2023,Ole Miss,10.119253208017698,6.232073922384552,4.8089378793868764,3.550234154872546,71.53846153846153,0.42377235921034884
2023,Penn State,7.7371516388471955,5.8739576300515495,5.134223346062583,1.6540529211840154,71.3076923076923,0.44313441974008144
2023,West Virginia,8.17918168323093,6.807471928199758,5.682380676106648,3.745717564603187,69.0,0.36764923639443015
2023,Fresno State,6.646783320071971,6.525238487590236,3.4725274273786577,3.8523170621383733,68.0,0.5861618590692518
2023,Purdue,7.715411656760124,7.755274262627356,4.966090008106229,3.6188312703945797,71.16666666666667,0.46132706424297254
2023,Northwestern,8.0646223667109,6.763300194138792,3.3445189270619724,3.7812130471836953,65.15384615384616,0.45283265471163425
2023,Rutgers,6.844200461681689,5.998473378946276,4.803997794566744,3.862461416430063,62.38461538461539,0.3673842902755116
2023,SMU,8.62853156304425,5.397230428463382,4.227508734544501,3.2306418314664094,72.92857142857143,0.4543821196777
2023,New Mexico,7.646877152158949,9.746341122748994,5.094075787672098,4.901026985171755,66.08333333333333,0.4427288678340971
2023,Texas A&M,8.594851078597028,6.234209245174096,4.198429972148328,2.5928991919086744,67.84615384615384,0.47963471477682873
2023,NC State,7.397255791915071,6.362413332994953,4.568011148314328,3.524404777197652,65.92307692307692,0.44115476986129526
2023,UConn,6.211105517194203,8.158519851633496,4.110272277517991,3.7394866814391428,64.58333333333333,0.49316763015597087
2023,Army,6.746970040103634,6.557103677031985,4.2979909770145275,4.396586320440862,61.416666666666664,0.22167871450932078
2023,UL Monroe,5.910913108928916,7.9222349063281925,4.24506660197966,3.977271079130965,63.333333333333336,0.4487141496714462
2023,Utah,7.274178097613917,5.738871679456732,4.557554431369813,2.87170913254626,68.46153846153847,0.36621583590424467
2023,Florida,8.890405204122748,7.026109703787601,4.543162111536929,4.038085912644417,67.58333333333333,0.47718187967293796
2023,Incarnate Word,8.106849678738424,6.481048065400205,3.4763271615146243,4.563920379839947,69.3,0.5342358765543924
2023,Alabama A&M,6.200161645675941,9.3309043712011,3.4676739038790942,4.9107030166042716,70.0,0.4758104838929923
2023,Virginia,8.517683124381687,6.390792466541337,3.5527414284001217,4.201352216002458,70.83333333333333,0.46675755500955884
2023,Tennessee,8.595953794595696,6.10340415149423,6.1759329950861845,2.8998657296674284,69.23076923076923,0.46102830014974777
2023,Wisconsin,6.939256515892467,5.889800927167264,4.840926447191455,3.648098705755138,71.0,0.5073761112453469
2023,Buffalo,5.7977154383839204,7.126289037280119,3.811307998074433,4.88653867184795,69.08333333333333,0.47071374652845216
2023,South Florida,7.971241620082102,7.850435661798361,4.2804662897511525,3.9875542892474085,79.0,0.43621709386148577
2023,Western Kentucky,7.459594492738033,6.910541732328029,4.000221941364954,4.749138770428614,68.92307692307692,0.598816300063607
2023,Florida State,8.237846331792591,5.1021805018096,4.820015961978831,3.492591806244975,64.0,0.4833495637557939
2023,LSU,11.845282543003728,6.915407666082205,6.661233767121422,4.098773143942879,64.6923076923077,0.49051641698770404
2023,Texas,9.180318822219405,5.984431296270186,5.319430956283483,2.2681507603975715,71.57142857142857,0.4714175901404423
2023,Kent State,6.699809942130142,8.732223249878649,2.768164105870038,4.652418013500026,62.25,0.4054856121734472
2023,Delaware State,6.064745733287714,11.377545084047002,3.046937711569639,7.1567578211230725,54.1,0.45825577175857013
2023,California,7.223512364842416,6.552292155539472,4.734145504091276,3.167592615982855,71.61538461538461,0.46826508220260443
2023,Coastal Carolina,8.97045576816522,6.096936543030649,4.752826920277964,4.398676201857315,67.3076923076923,0.4732982851788777
2023,Colorado,8.17742289420169,6.883939284034432,2.7412226424483617,4.234645584874213,69.33333333333333,0.5729071783481033
2023,North Texas,7.830880824814037,8.039721435259148,4.943697230045202,5.813511135352985,76.0,0.5081678281387524
2023,McNeese,6.381393214384143,7.551260235101668,4.077195331678644,5.849554654328817,59.3,0.4810658658850925
2023,Georgia State,7.626375904532533,7.673567095396611,4.866134600384907,3.964524000612582,67.6923076923077,0.4159221595856234
2023,Indiana State,5.63470677869852,7.746605168665753,3.472263563935977,4.849751799388824,59.45454545454545,0.4020540250700673
2023,Iowa State,9.283315395109014,6.00974122453906,4.415441084255009,3.448926563145825,58.69230769230769,0.49224349212556323
2023,Kansas,10.24867810426227,6.453105569482814,5.449526554746419,3.6737566450097177,62.30769230769231,0.3826500182739703
2023,Eastern Kentucky,7.119722335266417,8.90508985769078,4.840353984610007,4.118814905541506,69.5,0.5354602356728322
2023,Northwestern State,4.536017843347508,7.700393096542136,1.8587279755309467,5.765962755370144,73.5,0.47623166358083685
2023,Grambling,5.913743836998045,7.524579805146676,4.181637358022044,4.475666327071553,65.0,0.47674787957805687
2023,Charlotte,5.891156441531865,7.093745281416378,4.011882736163115,4.378518156221683,66.0,0.4139725262760155
2023,Miami,8.401891652055097,6.823506292486296,5.2930225752033175,2.908078605179246,67.38461538461539,0.49850537543244017
2023,UNLV,8.712134744886159,8.218318479439889,4.316508096971499,3.960864741504387,67.28571428571429,0.4303567430683888
2023,Richmond,6.296559866295289,8.834814111179297,3.029504830659059,3.825604712115005,60.18181818181818,0.45802768023849866
2023,Eastern Michigan,5.192608907609431,7.989104909798884,3.306764603428616,4.840292203251294,60.46153846153846,0.4584477868541226
2023,Arizona,9.377379889064796,6.250650174826384,4.935275824799803,3.4789024190419418,66.3076923076923,0.5384724684463342
2023,Youngstown State,8.487695234110515,7.457133786139928,4.57850913689688,3.876071258616405,66.27272727272727,0.43415703135119477
2023,Delaware,6.945492306068122,6.185221450185099,4.309108351542306,4.310339294461716,67.72727272727273,0.4893008856729057
2023,Temple,6.379734528121794,8.82257668243159,3.0464136841886478,4.537311119841253,69.91666666666667,0.6034861596474025
2023,Air Force,13.542020132536486,6.678375669086425,5.094675366377812,3.142601245454754,62.76923076923077,0.12937994996912683
2023,Furman,5.895181216046151,7.986845636301109,3.906197516726725,3.281011436405365,67.45454545454545,0.44752622939820713
2023,Austin Peay,8.61858614074514,6.860595142091898,4.0249100729919896,3.8346562395274337,66.63636363636364,0.46641789324463867
2023,Tulane,8.636750283739701,6.313777779264863,4.151963009853889,3.120849935506558,63.92857142857143,0.409679353375863
2023,Virginia Tech,8.145807366842654,6.1980136114168305,5.404965798103542,3.7903609639065414,65.76923076923077,0.42873509969965007
2023,Wake Forest,8.505008192122785,7.586070629626152,3.578086912490809,3.7247558242333625,65.75,0.4104684496685876
2023,Washington State,8.807383734302213,6.7071205491797175,3.1624958566320873,4.0604782949801015,71.0,0.5995838204466437
2023,Houston Christian,6.350526071873103,8.346025119186615,3.4165857028870867,4.082923531706832,66.8,0.4620225105364666
2023,Samford,6.218476827679085,7.669050886121463,3.961684086645504,5.212977284793546,74.4,0.5524191003098515
2023,Duke,7.6322736653150525,6.051034322587294,5.501476901024487,3.65535514657752,61.92307692307692,0.4390148055554156
2023,Western Michigan,6.59180837695262,8.526028252541119,3.9752832235389586,4.217733377453739,72.66666666666667,0.46125811914896414
2023,Akron,5.429307046591274,7.647632366469125,2.7644838979315343,4.41894135403255,64.25,0.5555272336155254
2023,Louisville,9.283964732589977,6.183372211143679,4.862062914463265,2.648395024512822,67.21428571428571,0.42588440916687137
2023,Washington,9.681383805300596,5.378293787519075,4.66271954760417,4.111669432296713,65.73333333333333,0.5865744381735459
2023,Murray State,6.894740734423249,7.2253653780980525,3.7277507518065973,5.549805436910745,59.36363636363637,0.4576736943793923
2023,Kansas State,8.05975397426407,6.572290653764141,5.466501919846639,4.254600278168541,73.76923076923077,0.442227340528405
2023,Northern Illinois,6.741151682186222,7.099998732114193,5.082311735395523,4.197747827015595,64.07692307692308,0.4395976334333733
2023,Georgia Tech,8.02460236607826,6.847365068627519,5.772615369642703,4.866310981755773,67.0,0.4366669312118721
2023,Syracuse,6.815530766798094,6.816067825691153,4.202117863293596,3.415317077919572,65.0,0.3754799970338723
2023,Georgia Southern,7.128448408558255,7.322075652790042,4.204094649387935,4.36097341212667,73.38461538461539,0.60096886124627
2023,UAB,8.220033393590082,6.874200936398869,4.504357928186068,4.886723369321054,71.08333333333333,0.49983420308702425
2023,Houston,7.4296164339942194,7.345287987595735,4.161756570773787,3.6078621264928956,63.833333333333336,0.529174779047561
2023,Florida Atlantic,6.6412502696215165,7.174181632093361,3.832622463604194,3.6306752181701714,65.08333333333333,0.5264009405721148
2023,Memphis,8.467966330929459,7.57419308574895,4.499109319193105,4.313469336017091,70.0,0.527374970250722
2023,Colorado State,7.314687685106385,6.521848266636209,2.961298396150205,4.239064132273064,69.41666666666667,0.602241968333803
2023,UTSA,7.267008401472154,6.572641253177502,4.489864198366169,3.441938857460408,74.0,0.46596474271783106
2023,Troy,8.365400044839054,6.114003030413668,4.06966417751959,2.6055551271202195,67.21428571428571,0.4837242219515589
2023,Louisiana,7.87848448109982,7.665880624819256,4.8894296077808175,3.785473640913333,64.3076923076923,0.4379389349424789
2023,Wagner,4.382466724806444,9.06873436785536,3.20489297283644,4.527736788310532,61.2,0.4311732071683071
2023,Boston College,7.308532726968026,7.6072565281047595,5.124737086246431,4.649894852074441,69.84615384615384,0.4005416439321957
2023,Howard,5.632189193388817,6.8750420135928865,3.595373217734782,5.523275541555112,64.45454545454545,0.4351932187521416
2023,Rice,7.6043104407446656,7.266161057528205,3.876873364759023,3.962790073720666,62.92307692307692,0.5277473176703568
2023,Holy Cross,8.637383168799166,8.910113865467869,6.247866961479996,4.7899268697922475,64.72727272727273,0.3492259527511977
2023,James Madison,8.901218023643876,6.470866643571274,3.895863719179595,2.103474861268799,67.23076923076923,0.4944606161580158
2023,Old Dominion,7.343193999207674,6.656347076572469,4.3046601131732665,3.1529472590631107,64.23076923076923,0.42891466985413185
2023,Merrimack,4.477716193707873,9.053222532927785,3.172273472054504,4.571376362995147,62.2,0.2847938731266512
2023,Chattanooga,8.718680465920183,8.225068521889202,3.5930638668982153,5.09318621363845,67.27272727272727,0.4319747364251294
2023,Southern Miss,6.444382373024918,8.43120350466495,4.4006762806261515,4.702040336180484,70.91666666666667,0.427198736929415
2023,Abilene Christian,5.972579502097491,7.919485848178916,4.161047703469966,5.137219203850896,60.45454545454545,0.46908745965444754
2023,Sacred Heart,4.106932189418695,6.347939046011755,3.4956535925101644,5.620645073247733,66.9090909090909,0.3893388982262525
2023,Clemson,6.766337721432085,5.100092514984364,4.754821315942907,3.1814550000433446,76.76923076923077,0.47367938834475154
2023,Navy,7.039142203125631,8.85524261683811,4.155061851949221,3.495830700018186,62.25,0.2628751784962007
2023,Notre Dame,9.69599061506323,4.926013687031561,5.695428760771557,3.0892568993684915,62.15384615384615,0.4340497271468831
2023,San José State,7.837423920625941,5.939103103947451,5.433600140554175,4.043740044074948,61.92307692307692,0.46857580227788875
2023,USC,10.357636891938428,6.805137307002986,5.45533876138855,4.3669098715499555,63.30769230769231,0.5632272310120885
2023,Arizona State,6.428167197321879,6.428603784194841,3.9968303881300993,3.6030128850901075,67.83333333333333,0.5366249581089364
2023,Southern Utah,7.522267298737751,7.436577352588478,3.7672629592744284,3.4895632845843347,66.27272727272727,0.4801007699926736
2023,Stanford,7.2443245088916655,7.150476848386106,3.8327016714063387,3.9160678164214224,70.08333333333333,0.5065443825824981
2023,Northern Arizona,7.766220280439385,7.853507097298015,3.756891577680028,3.848196884387976,62.0,0.4422649363393694
2023,Portland State,7.533269526451563,8.796153821789867,4.50788283103403,5.435003178014617,64.18181818181819,0.3439867350026811
2023,Oregon,9.995351822926898,5.048783408535653,6.095509410067536,3.4374736837101767,67.92857142857143,0.5402203105074241
2023,TCU,8.324696135491815,6.647833784200967,4.951475730329633,3.5481943039015467,75.75,0.5526221643406403
2023,UCLA,7.840607287925453,5.589491085022994,4.9666437370319425,2.2446931173230054,72.07692307692308,0.4357910588138401
2023,Nevada,5.826916404602346,8.03368306471718,3.1478607777579186,5.363589740987,65.66666666666667,0.4388265344019248
2023,Boise State,9.031322522612854,6.859822219434799,5.360370069167109,3.546193767656987,66.57142857142857,0.39202645976142214
2023,Oklahoma State,7.247754091535597,7.919955987596644,5.215574501614102,3.710640930744796,72.78571428571429,0.5613894294544444
2023,Baylor,7.757372502403496,7.721611802243189,3.5666201608631884,4.179998383369416,71.25,0.5131065369683101
2023,UC Davis,6.0053083770667195,6.9865049995435475,4.601337966071197,3.479580499688903,63.63636363636363,0.49560474562893314
2023,Oregon State,9.253166203573288,6.4632529576431335,5.074202988214013,2.8836110561630113,63.46153846153846,0.46767261409527994
2023,San Diego State,6.579147712260995,8.201304326956723,4.139228237637127,4.916262842861489,64.41666666666667,0.4112874725643055
2023,Texas Tech,6.957468550648026,5.607965953857412,4.911815218871075,3.373268812669039,72.6923076923077,0.4949218703114121
2023,Tulsa,7.7174828494366885,8.714358304816853,4.118168769252123,4.640374953496092,71.75,0.3861146427912308
2023,Idaho,9.069274383317047,6.4859834475755695,3.76407026858915,4.1611824580060075,67.18181818181819,0.4360965487739701
2023,Sacramento State,7.796677677179287,7.62597597358643,4.354204880839076,4.404218031964079,68.63636363636364,0.4688183812892674
2023,North Carolina Central,7.329648223069315,8.19687078109773,4.059336796402636,6.231907113463109,60.2,0.4545064000751181
2023,Weber State,6.236681825596096,7.407961883410129,3.5110715895722135,3.316514665472689,63.0,0.45579583814877933
2023,Northern Colorado,5.1962589218394095,7.810760269519753,3.1370597048367186,5.494849494877343,61.18181818181818,0.47822328602076264
2023,Tennessee State,4.858384995915005,7.35002598457739,3.6230114967960043,4.8725776645142265,65.6,0.4262786889895227
2023,Pittsburgh,8.028184531247646,7.077296581713775,3.629705119061441,2.605920689605378,59.666666666666664,0.502358974184034
2023,Kennesaw State,5.2602775993326745,8.582459961023389,4.331783071230796,4.595827717650279,58.75,0.3143740250531316
2023,Elon,7.74265674674987,5.874407751076188,3.2865149400463283,4.333274767910566,59.81818181818182,0.4173151122347312
2023,Miami (OH),7.574260387036962,6.90686571705291,3.947312080940821,3.32070607499485,56.92857142857143,0.3684310731732176
2023,Wofford,5.070774542277899,7.117158100341655,3.321359499633142,4.702020110459568,56.45454545454545,0.4090008258336544
2023,Colgate,6.176699082062785,9.23986235765667,3.4180607377384717,4.382753877857126,68.63636363636364,0.4629041994993242
2023,Charleston Southern,5.285852588664882,8.626977590672917,3.0167959306581325,4.62241023178394,56.3,0.42900970512863096
2023,Lafayette,7.542388065125209,7.501382097505387,4.672095675428728,3.0805407906549864,63.27272727272727,0.3598114678664425
2023,South Carolina State,4.950967631220983,9.679006739755241,4.443441769833092,4.098577786471832,58.18181818181818,0.3380708498779584
2023,App State,8.710533591381603,6.4400027692761705,4.969261921701276,4.714434360632063,71.78571428571429,0.4676145219902855
2023,Cincinnati,7.315185878154284,7.720361612296805,5.399769296541007,4.662414715258493,73.08333333333333,0.4114300902281563
2023,Bethune-Cookman,4.345668260062572,7.9418714849538645,2.7730644589289226,5.097714042419847,65.2,0.4182625275404702
2023,VMI,5.8336455541019,7.695860209771223,2.7200114310171353,4.768718915032988,62.09090909090909,0.4518975337448673
2023,Marshall,7.4977639705084735,6.594292236756697,4.209069313107502,4.1309639755955665,67.46153846153847,0.48646812284667695
2023,William & Mary,6.384889743659585,7.235618971252612,4.5594928590514705,4.640244384697718,59.81818181818182,0.3574616705098058
2023,Campbell,7.503597110338737,8.22775323891847,3.271236101755654,4.563387860166492,64.45454545454545,0.4644692165799928
2023,North Alabama,5.828575272517461,9.275045480054507,4.26745044653525,4.331187217961084,75.18181818181819,0.48454525072889787
2023,Missouri State,8.838123888218403,7.40083648022248,3.6920833377842737,4.520764567548734,62.09090909090909,0.548986233696994
2023,UCF,9.573057225951747,6.103744592546509,5.697912403677829,3.917217379261535,68.84615384615384,0.4090010830947982
2023,Texas State,8.33353592015014,7.727143717207715,4.601439679837211,3.9590333243537468,73.6923076923077,0.44311182634249763
2023,Northern Iowa,8.713101775625766,7.469484055757081,3.268128101118022,3.003104209757352,64.27272727272727,0.48561165458148065
2023,Southeast Missouri State,6.5839897503896,8.633322289343162,3.555561375802483,4.589708406292124,67.45454545454545,0.4999521794345363
2023,Oklahoma,9.666305234794878,5.743028864787945,4.8607816527035075,3.1830883204651306,74.92307692307692,0.46734285439431955
2023,Arkansas State,8.031127961994633,7.679051560779299,4.004250680480968,4.2707548461897495,63.76923076923077,0.44946991727260444
2023,Central Arkansas,5.822893203476128,7.057547683283901,4.694807056832252,2.8035914150355157,64.9090909090909,0.5074426627995303
2023,Wyoming,7.469381728313976,5.686906496515849,4.393777516761578,3.7201884893368993,59.38461538461539,0.3924548885029639
2023,Nicholls,6.8292584410127315,7.129435625815738,3.652315020703657,4.007800670065611,67.7,0.4339949858371299
2023,Duquesne,8.444874501804515,8.532369060146396,3.5113424671412643,4.88346553949227,60.2,0.41061924129332283
2023,Long Island University,5.727875024123243,7.767815025685449,4.494689671367328,4.554439835818664,55.5,0.36756882702723603
2023,Ohio,6.904640091346566,7.2142152725230835,3.685957166470263,3.134601315467437,66.76923076923077,0.4349095710825541
2023,South Alabama,7.879587555377783,7.7335798678185155,4.835640930999643,3.067705526125184,69.0,0.4722057425657399
2023,Tarleton State,8.248991728090589,6.236987029351669,5.08364034787799,4.222957789020315,66.0,0.4120815997037607
2023,Villanova,10.513077576906628,6.169746803211627,5.238631198561697,3.826787742753159,61.45454545454545,0.36051509960042893
2023,Arkansas-Pine Bluff,3.8405102972461873,9.870791611879191,2.8269584474959655,5.849620161899403,65.33333333333333,0.44344708756377116
2023,North Carolina A&T,5.168043388536884,7.10147699786604,3.783700965247448,5.613991812054393,51.90909090909091,0.3365107591589153
2023,Norfolk State,6.71361136712341,10.071197884234666,3.1095650378655995,5.432516940543023,64.8,0.3535366436564818
2023,Gardner-Webb,5.434969209157744,7.12029723783578,4.028552984675871,3.473736727789776,72.1,0.4509036940047527
2023,Monmouth,7.403507588800613,8.288820399227593,5.347784785474156,4.4981114646796945,63.0,0.4559860667760272
2023,Florida A&M,7.097358421205444,7.071333484255051,3.259163576404627,3.1868723647550015,62.9,0.48811138478495614
2023,Prairie View A&M,8.339447013295286,9.362240232198523,3.424135295424936,4.775705797552676,61.90909090909091,0.345841693511396
2023,Texas Southern,6.230716844877262,7.980669287689764,4.869118005686604,4.688333422148872,63.18181818181818,0.42439065128469977
2023,Rhode Island,7.957873451483615,8.015949894061523,3.4538598857733516,4.999385656822504,74.9090909090909,0.48747606626095547
2023,The Citadel,4.921131935275242,9.499820931260514,3.152216663358398,5.294330796319521,59.63636363636363,0.39070664376858183
2023,Bucknell,6.874983800360282,8.173705535662496,2.765280209367072,5.057752288659181,71.72727272727273,0.5084825969607546
2023,UAlbany,7.488724196566505,6.996198057293696,3.371248573023301,2.982980230226964,65.07692307692308,0.4859471163607608
2023,Alcorn State,6.354180503729322,8.347921761353751,3.5573519141840886,4.561707264451524,60.36363636363637,0.4702047080922243
2023,Stephen F. Austin,6.077962258859116,8.20829643063232,3.996316438781169,5.425462096926605,75.0,0.5565949710843201
2023,Lamar,7.666018338510312,7.358009057955051,3.165913059588632,5.703550362010903,61.90909090909091,0.3848632011971213
2023,Stony Brook,6.214792617387011,9.31625656983151,3.4681012644114277,4.9292574341227136,60.1,0.5256832826052071
2023,Jackson State,6.054279371794098,7.651307147167815,3.913681976288621,5.294016644564964,69.8,0.48301254236719354
2023,East Texas A&M,6.0060053585248205,7.886323617140292,2.8949471010908914,4.303444752476535,63.5,0.4842154704868646
2023,Saint Francis,6.381130681646941,9.510757768257431,4.047310055934494,4.53970943969026,60.0,0.43035239947280346
2023,New Hampshire,7.065266913639872,8.773370156468381,3.654865249304748,4.057852149617988,71.0,0.587887815204675
2023,Southern Illinois,7.383338687046545,6.058434566052065,3.040513764472714,2.5582159191620146,62.54545454545455,0.4866274162451474
2023,Morgan State,4.667044633996405,7.15050807909256,2.5868990020212355,3.8411046085887044,62.4,0.41864566373263956
2023,Eastern Illinois,6.194846980172572,8.048415191236806,2.881412962558994,4.1088968633289635,66.81818181818181,0.5222425100882107
2023,Fordham,7.3811140855093305,8.236837831939916,3.860283756445474,4.273221350770643,70.54545454545455,0.48997791438271804
2023,Central Connecticut,5.1138344035843755,11.121341758708663,3.289007060621717,5.162703605530121,56.7,0.40501391811482057
2023,Robert Morris,5.803947694856915,10.73259106450379,2.820500485961223,5.156549900412266,64.0,0.5025292637290701
2023,Idaho State,6.522590730821127,7.3139936151966,2.079143382317692,5.604040312724952,71.45454545454545,0.6901321342626369
2023,Bryant,6.721599370435549,7.3801746865185525,3.6779587921546057,4.960653664769274,66.18181818181819,0.5426296613893509
2023,Eastern Washington,6.743701284945269,8.11083240276561,3.6949033566247675,6.216052994720338,68.0909090909091,0.5142174279401425
2023,Tennessee Tech,4.2457888070950425,8.92284884441741,3.1947172120638765,3.43829263303995,70.27272727272727,0.46283634213835984
2023,Cal Poly,6.234924413193275,8.378148198706388,2.187345633090559,5.38135745134913,64.5,0.5891538814165929
2023,North Dakota,7.864618420472388,7.583188414234721,4.596603126581817,4.194555459430375,56.72727272727273,0.4605748674049774
2023,Utah Tech,6.327673005654557,8.837997938926371,4.378255269679582,5.24020512428871,67.0909090909091,0.6217160954370246
2023,Hampton,5.812344375130508,10.36843406619579,4.9441090323813,4.997801022035166,63.54545454545455,0.3643948653841702
2023,Harvard,8.02199991034157,7.187797322078044,4.6609697382019535,3.435871853167378,65.77777777777777,0.3766788818860536
2023,Virginia Lynchburg,2.452613617847064,12.959349873343575,0.050128399928031205,6.575039074282489,51.333333333333336,0.4486986424670978
2023,Yale,7.717569432746323,7.11501263108341,4.159938539276739,3.7414101964114463,66.1,0.3938571818704536
2023,Mississippi Valley State,5.722992352005435,9.041974377537379,1.9395238505417534,6.206789637279837,60.75,0.45183077788977466
2023,Stonehill,4.252787778723479,9.883032348576931,3.382884171272286,4.977410390663307,65.44444444444444,0.4438083685489047
2023,Brown,6.642531750927219,7.425420507730307,3.3257444390858124,5.503907203538086,77.7,0.5974100207943119
2023,Georgetown,6.556060391623557,7.59118585634052,3.687809307226111,4.826277819400823,70.0909090909091,0.5050842706586253
2023,Post,7.652155562467182,12.968821520028946,1.7593637985849888,6.835761895022358,58.0,0.4482758620689655
2023,Pennsylvania,6.937999169703376,6.46300537084857,4.360855765073677,3.3620964534261026,68.9,0.5905475964610704
2023,Cornell,7.158199838978005,8.19711622444808,3.4685846766637893,5.3963767020513895,70.3,0.5306230307315968
2023,Lehigh,5.037423389690832,7.985773807578878,3.8660613780149506,4.554246723009622,61.18181818181818,0.5544872121153509
2023,Marist,5.9500865010872905,8.651272209802508,2.449295377876103,5.3255930602532775,66.27272727272727,0.5195890461656094
2023,Columbia,4.831892856532304,7.339526361826844,3.7819072723247396,3.291322627765596,65.1,0.45841253329967024
2023,Princeton,6.901152198691868,6.270466513251449,3.1597499363853685,2.992001213640351,66.1,0.5372291748338658
2023,Dartmouth,5.629828302478448,6.680999479521594,4.447142347038311,3.4418138107010434,67.4,0.4096371407168233
2023,Dayton,5.201954572636921,7.660969931887484,3.4395553971925352,4.896831049792304,66.7,0.4345078283884046
2023,Illinois State,6.250304023078237,6.830887580921333,5.322248113979047,3.7539279393821463,66.18181818181819,0.5095540919212134
2023,Lindenwood,6.290543229903397,9.660869226848398,2.983487331956824,5.009839177712477,64.33333333333333,0.4714363401376429
2023,South Dakota State,10.705313417846385,5.3413689281029555,6.634135672797169,2.736091211501441,58.083333333333336,0.39762051117191016
2023,Alabama State,6.597743292213956,6.912402767755578,2.511728299900731,3.774277274222098,56.4,0.41314061807977653
2023,Southern,7.403437418307195,8.196274767689687,3.096563631911757,4.269052216400754,59.0,0.44155116950467127
2023,Tuskegee,4.634835039225921,11.232766914344849,4.960983957365161,6.433558820232861,53.0,0.37735849056603776
2023,Lincoln (CA),4.29792649890423,7.488005290186824,2.185703352005532,6.4229176861618535,61.57142857142857,0.4577859061364701
2023,Florida Memorial University,7.577546797588816,9.527793106162287,4.3113227565042935,5.113452595145908,79.0,0.35443037974683544
2023,Texas College,1.6674901563830784,10.796314644886657,4.003936752877527,9.282563617221822,55.0,0.5636363636363636
2023,North Dakota State,9.137068704801772,6.904017428153264,5.665472511992522,4.071780840522746,62.916666666666664,0.3690304282874453
2023,Morehead State,7.6809778715921695,8.848004702253107,2.2710807275232545,5.538774177402488,61.2,0.5314963797057335
2023,Montana State,8.462560770888105,6.339019937965751,7.117943832080436,3.9706698664643785,59.0,0.3482418714622865
2023,Montana,7.4808627463993815,6.261040295820256,3.9819483829995117,3.17037979823648,68.75,0.3932380096649947
2023,San Diego,7.307327467991091,6.859340685995986,2.408685807073758,4.8270169540772985,63.2,0.45609669088855387
2023,Butler,5.673362021641409,7.989125397229094,4.344961620869378,4.863965995990801,65.5,0.41875707017722197
2023,Stetson,7.6173750665951925,7.527065012283859,2.1517081703029834,7.0239550759701075,64.72727272727273,0.49676611609922416
2023,North American,0.32823586784144493,9.863029711814569,-1.454877219988846,6.906194033728844,50.5,0.4468210361067504
2023,Arkansas Baptist,1.9965138856250304,12.524762438336836,1.7084739389806753,7.558243642619695,69.0,0.2318840579710145
2023,Presbyterian,6.349876085856011,7.297767362282749,2.7969014101894865,4.997403553439063,60.45454545454545,0.4861838181093725
2023,Drake,6.5835950193652195,6.413949778551052,2.72753330322979,4.889629421019788,64.45454545454545,0.5419000512299089
2023,Davidson,7.988099907154037,9.835486443019544,4.892863497245513,5.321118380018249,68.4,0.26563163349689883
2023,St. Andrews,-26.986464418937953,13.599923491407939,2.1227190445516753,7.960239764659052,38.0,0.02631578947368421
2023,Valparaiso,6.395882780154013,7.870516153044842,2.5027077300233693,3.896011793861394,58.9,0.474152363063142
2023,St. Thomas (MN),6.69017880323071,7.260442760571845,4.013800107995496,4.091325182879878,55.55555555555556,0.33941196532640233
2023,Indiana Wesleyan,5.0155002286483334,6.543157621062135,2.5428683668928147,3.350825146632049,59.0,0.559322033898305
2023,Taylor,7.879470829812956,12.185928361960741,3.3153643755698488,6.736464043584105,64.5,0.32539682539682535
2023,Northwestern (IA),7.674016414059923,8.823211410642571,4.582983361508222,5.037181507919678,63.0,0.5555555555555556
2023,St. Thomas University (Fl),8.392181936866773,5.982658406193592,4.035396240053049,6.157133161868449,78.0,0.47435897435897434
2023,Webber International,5.583945128629965,9.275827286649001,1.7305181912725613,6.363951343686631,57.0,0.3684210526315789
2023,Colorado School of Mines,7.320804657853285,7.320804657853284,4.137446081003889,4.137446081003889,39.0,0.5641025641025641
2023,Harding,7.320804657853284,7.320804657853285,4.137446081003889,4.137446081003889,47.0,0.0425531914893617
2023,North Central College,7.320804657853285,7.320804657853285,4.137446081003889,4.137446081003889,58.0,0.29310344827586204
2023,SUNY Cortland,7.320804657853285,7.320804657853285,4.137446081003889,4.137446081003889,67.0,0.5074626865671642
2024,Alabama,9.97110059990393,5.325457557863884,5.512533746597923,3.2059434203835218,64.6923076923077,0.4228792278597426
2024,Western Kentucky,8.311442886363595,7.970465320161709,3.4706430657460694,4.873484567644918,64.64285714285714,0.5187100456437407
2024,Arkansas,9.429532289190814,6.695186209061088,5.41704665272802,3.252158233726862,69.6923076923077,0.4596209085731701
2024,Arkansas-Pine Bluff,7.100409295803864,9.034785386837354,2.4403849983658827,6.242002201505245,57.5,0.49154381600401703
2024,Auburn,9.329243000216438,6.814221556432282,5.580914480444903,2.4672386520639953,64.16666666666667,0.4851338145911048
2024,Alabama A&M,6.736131823160366,8.848668844084656,3.574295278123183,6.182809112581862,73.58333333333333,0.4795928560547169
2024,Miami,9.788678849003563,6.117130604569933,5.938508250635712,3.4844351442970174,70.6923076923077,0.5317827073702399
2024,Florida,10.063317484587847,5.735779742313894,5.679893752110827,3.04704222512522,61.46153846153846,0.4288908660984009
2024,Clemson,8.009875540550002,5.836176068950631,5.785561868320729,4.078888209334773,71.35714285714286,0.5311951556246233
2024,Georgia,8.746670694307165,5.0682471513716125,5.153563993333864,2.6449164776827914,66.85714285714286,0.5447216969319448
2024,Kentucky,7.852566277554878,6.972109217955734,4.985802243286762,3.357029387173809,62.666666666666664,0.4180129322815378
2024,Southern Miss,6.660657224604775,8.422973082965633,3.0269483567430178,5.617761593880201,60.666666666666664,0.4492938736436037
2024,Furman,6.7384611054053805,8.181100061405097,2.475692628846818,4.855870071673936,66.81818181818181,0.483745774432279
2024,Ole Miss,11.067383609712843,6.208857385034483,5.049747498032944,2.0011696285881553,71.76923076923077,0.4644616991751581
2024,Mississippi State,9.094085225765543,7.30348328453542,4.981792319149622,4.574498150099459,65.33333333333333,0.4738073277854129
2024,Eastern Kentucky,5.443661226775403,7.076631104405927,4.269887484758777,4.548723264256842,63.46153846153846,0.39282259410858444
2024,Missouri,8.012011656814368,6.1888891569106494,4.736057073668723,3.445739420216455,70.61538461538461,0.43682276125078645
2024,Murray State,5.486338827063327,8.835670538952057,4.01011113040787,5.522890345386611,62.333333333333336,0.41547882830503413
2024,Temple,6.067833041189517,7.146898588933101,3.0239351720670076,4.655872070464007,66.41666666666667,0.5148887662109584
2024,Oklahoma,7.399449397629196,5.910938430337544,4.71017927576141,2.619876965976464,68.53846153846153,0.41343485348261794
2024,South Carolina,9.319592291232784,5.865576760455208,5.059219350607658,2.654764361112823,68.38461538461539,0.38329345172169316
2024,Old Dominion,7.325355321008959,7.415303327591033,5.3230197976579925,3.910015052699476,67.25,0.4050326410920189
2024,Chattanooga,7.785069632715058,6.663459308091046,3.090172432904097,4.541837813255749,64.0,0.43209429639433533
2024,Tennessee,8.521270546243306,5.176183170027591,5.560486984657151,2.5980874347550076,73.38461538461539,0.39036447114418404
2024,Colorado State,7.749020473421205,6.6686960647981754,4.656489571781866,4.583164980043309,65.53846153846153,0.4435187996230192
2024,Texas,9.454566532087876,4.52313669862775,5.136787924311278,2.4222900259135525,70.0625,0.48490975355106425
2024,Notre Dame,8.129472193657325,4.8649384054088305,6.517402904660575,3.002698835412174,63.0,0.4415984632620358
2024,Texas A&M,8.693219348652072,5.897880821470744,5.475842602978161,2.9067142814313716,67.92307692307692,0.4068140153633797
2024,Virginia Tech,8.19288758756485,6.53436774089873,5.104646329689043,3.537400582343118,63.53846153846154,0.41484274405016497
2024,Vanderbilt,8.617062718080962,7.102050043854669,4.585747659586998,3.5965054889820087,59.38461538461539,0.39472789390307556
2024,LSU,8.650696222144754,6.086430786968446,5.1218314507939,3.3727911544788984,69.46153846153847,0.5912952142343296
2024,USC,8.45599957451299,6.221884742540997,6.0482588709920755,3.833250407386436,68.61538461538461,0.5957921867418561
2024,South Florida,6.614920452337736,7.499401425091962,4.114968533117143,3.871917095679533,71.92307692307692,0.47831765966201395
2024,Oklahoma State,7.490957353849834,7.766800382477487,4.520441785781104,4.710933030592858,66.91666666666667,0.5610755035863647
2024,California,7.383932980433861,5.908572785849287,4.14059371924322,3.0159786978314367,69.38461538461539,0.5124951459702188
2024,Samford,6.704280697777631,8.257679407762454,3.5968108799049854,3.0790706067025724,71.0,0.5104282083716205
2024,Tennessee Tech,5.402701681416889,7.495413625517031,4.538497350458514,3.2909502107801143,61.083333333333336,0.42913744613068516
2024,Nicholls,6.178178580086397,7.261058144729394,3.207993299138833,3.312936564331427,71.08333333333333,0.44579806230481894
2024,Middle Tennessee,7.609575579293317,9.213507877000596,3.3404373861627588,5.068464439970627,63.5,0.5629391591889005
2024,Arizona State,9.29987233132963,5.837430175589955,5.0880170180383315,2.8322319562210687,68.85714285714286,0.3930825782768144
2024,Buffalo,6.736881571855987,7.599006764125334,3.941242438696814,4.025817887096197,67.15384615384616,0.3970286084004139
2024,Houston,7.578870084124126,6.649128007160033,4.343231206796683,3.050940379955039,58.833333333333336,0.39375430379569526
2024,NC State,8.693562799999214,6.981115884004661,4.796408494425803,4.646835182177849,62.38461538461539,0.4784892113026584
2024,Michigan,6.755550080751929,5.1892777225025615,4.996222562758279,2.428211105538436,60.92307692307692,0.3886131274197214
2024,McNeese,7.0198732044250916,6.5757089682838155,4.580701202938751,5.2420230588877095,62.583333333333336,0.4022005703892923
2024,Alcorn State,4.978365284396287,7.403110524847343,4.219633533867981,5.317171574552616,65.45454545454545,0.38709645642784724
2024,Wisconsin,7.321321334063293,5.811734534256338,4.830592130815206,3.8742224885517813,65.33333333333333,0.47148670095677797
2024,UAB,7.3647097961817956,7.703741874154447,3.9157350617316506,4.428767004267974,69.66666666666667,0.5326569806531164
2024,New Mexico,7.083754118712199,8.375801997977517,6.654485534402941,5.339715398803327,70.33333333333333,0.4600472767198285
2024,Wake Forest,7.536096169630869,6.70485643154133,4.08216814511166,4.152406429967868,70.0,0.47732922392840077
2024,Toledo,7.193469864680536,6.519703941942266,3.4284198802773407,3.636526229059103,68.3076923076923,0.5076055168631342
2024,Boston College,8.508552584799144,6.56926593121593,4.562667576036154,3.076931744141232,65.61538461538461,0.3876239145806547
2024,Tulane,9.694463285178726,5.5613714656527105,4.969154692340297,3.7623355532718015,63.57142857142857,0.3751404350411399
2024,Kent State,6.081045882614962,8.884126543024864,2.8067524758000197,6.025384303447969,56.833333333333336,0.4233763834974385
2024,UTSA,7.23139877957327,8.299517111663297,4.521897562142366,2.8584111541015678,76.84615384615384,0.5076758228927214
2024,Georgia State,7.210668546857274,7.478520607445304,4.246006782326625,4.9401023307658525,67.41666666666667,0.5532909969694327
2024,Ohio,8.095458237730098,6.7541518373363045,5.061888444169098,3.1002500328209535,65.42857142857143,0.37388510672883885
2024,UCLA,8.617284311674444,6.635010713566488,3.7246750603686194,2.9375825741474575,61.166666666666664,0.5405420343516769
2024,Georgia Southern,7.273828613796708,7.284993416273153,3.954473227610952,4.39914259294246,68.0,0.5051745911031656
2024,Akron,6.768502444637387,8.397718985875036,3.4800094914810153,4.456287321900026,63.5,0.5506130845285868
2024,UL Monroe,7.601678023927247,6.227179218162942,4.649571888105414,4.496614513025616,58.333333333333336,0.34950057771575427
2024,Bowling Green,7.464216609231206,6.737160578860901,4.05761877737032,4.461182028005723,64.6923076923077,0.4957645694267768
2024,South Alabama,7.908516377727453,7.179752343619716,5.370016434004805,3.952747288064679,64.23076923076923,0.4637855175776489
2024,UCF,8.8366101178355,6.24245764926484,6.292399296293571,3.04921706967,68.83333333333333,0.3756702411260869
2024,Massachusetts,7.009459959614998,7.548946595282801,4.454310066357787,5.191265845690026,67.41666666666667,0.4026012700319106
2024,Ball State,6.928872950260053,8.920747233055462,3.1008227309896186,5.1554620712071335,67.41666666666667,0.5474521911200468
2024,Maine,7.480341062826606,7.922178622391499,3.432999380364944,4.614849205545515,59.583333333333336,0.47497986418639004
2024,New Mexico State,5.544783187111129,8.15101897746929,4.25297958274224,5.177946994210333,67.91666666666667,0.3907987864304597
2024,Mercer,7.824748774743411,7.24816664886959,3.9803649187214805,2.7425567218426985,64.78571428571429,0.39407288568457527
2024,Louisiana Tech,6.911840057638137,6.000594472574302,2.6789662542701365,3.6513871370429904,68.84615384615384,0.46745549156277566
2024,Wofford,6.616551032018376,7.0595657658903646,3.429647873640018,4.304385210672302,58.5,0.4989368265925917
2024,UTEP,6.698710027858344,7.861660580272221,3.209518080087872,4.299475163926382,66.83333333333333,0.4545899544839839
2024,Florida State,7.130730814235779,6.859314599149002,3.5314612155206455,3.905107862958784,61.0,0.48791940634505604
2024,Georgia Tech,8.236021612544501,6.628376661141264,5.232049908002846,3.6507160947246025,69.3076923076923,0.45210021311719967
2024,Louisville,8.993464506819317,6.687870842893454,6.458243527881711,3.069048554098023,65.3076923076923,0.5000952174830346
2024,North Carolina,8.220361976574994,7.573182562260337,5.182936850346279,3.5905950097794874,68.15384615384616,0.4380789037593296
2024,Minnesota,8.194509092718148,5.469987228444266,4.132924823401799,2.610727038367511,62.53846153846154,0.5037360375043309
2024,Indiana,9.957227416328859,5.000946719586333,4.861988063840334,2.574002247352692,65.0,0.4299103651642526
2024,Florida International,8.086022809912663,6.062449987916168,3.5506097874111475,4.730011195021178,60.75,0.4564383433902662
2024,Iowa,7.7691966273073385,5.717661215464345,5.74304625549439,3.4480464303153733,58.38461538461539,0.3465030602294604
2024,Illinois State,6.636924218607097,7.72192513372731,3.78173911173349,4.5657605561757935,68.21428571428571,0.47046440150097313
2024,Maryland,7.867292270752362,7.003326235126418,4.2055737827064394,3.2998320752352153,71.91666666666667,0.5677909369890122
2024,UConn,6.859294484089388,6.479685741095415,4.996392351894498,4.0006349981329254,69.6923076923077,0.43977900326247443
2024,Fresno State,7.911845274346154,5.677105094087069,3.164730549835077,3.6564438297353585,62.38461538461539,0.5386305212791744
2024,Michigan State,8.266340239542382,6.542042952027793,4.141559332731152,3.1987545294285895,61.916666666666664,0.4757931377358107
2024,Florida Atlantic,6.922053966687888,8.003185089781732,4.948414503811027,4.436809435933316,67.16666666666667,0.4369492679664417
2024,Nebraska,7.691497110625101,6.922921593442869,4.435243272344932,2.9926378736312222,67.61538461538461,0.4955921117352575
2024,Ohio State,10.578392754307513,5.06584406366836,5.728957777617834,1.9401588999117823,61.6875,0.45874980595248266
2024,Oregon,9.744124244359233,5.5415862679213825,5.296759886602869,3.437222368859533,68.21428571428571,0.4772070327534695
2024,Idaho,8.827019348292742,6.970438150906227,4.384549107436696,3.16330993662589,58.57142857142857,0.4386925058332796
2024,Penn State,9.218554902484165,5.503653217045647,5.816884218500881,2.590199634286568,65.6875,0.4133116744262999
2024,West Virginia,8.086334069466545,8.717349032913454,5.305936340599213,3.2066163639631333,68.6923076923077,0.4169146908381214
2024,Rutgers,7.745799281006015,6.694187897056334,5.032827919750223,4.948769502378308,69.92307692307692,0.43385948060862844
2024,Howard,5.488770956862397,7.692041396180208,3.332471693795693,5.031084374653923,65.83333333333333,0.44374908772813143
2024,Hawai'i,6.314864412228626,6.8561553399796145,3.291945917249615,3.891834471509828,67.91666666666667,0.5868066714987449
2024,Weber State,5.938447555607918,7.511256764987579,4.4528677162829124,4.828946281374315,70.58333333333333,0.44083587510779915
2024,Washington,9.121859578199873,5.118834626409628,4.61447766460099,3.9480896510516916,64.38461538461539,0.49362165908601346
2024,Western Michigan,7.565955445523091,8.494477750998168,4.5632918952993915,5.187130670394047,61.69230769230769,0.401862656774992
2024,Illinois,8.49351362966305,6.238975213098998,5.0387444633378955,3.993774183522675,61.61538461538461,0.4380519710144328
2024,Kansas,9.387057948379619,6.749147860460983,6.215593562366471,3.699368239403633,63.25,0.4054404912893221
2024,Western Illinois,8.372183674944656,10.576890719595614,3.429699748948019,6.491944032276322,69.16666666666667,0.5232077211508152
2024,Iowa State,8.295485565898217,5.555017866551786,4.797773856647263,4.1773483545405,70.28571428571429,0.48258928194231343
2024,Rhode Island,7.246299108302976,6.485472488434383,4.438179143097866,3.9356221338576383,59.785714285714285,0.4596961781845835
2024,Colorado,9.288890960853477,6.036458768297201,2.8954632626567998,2.8212087541762876,62.61538461538461,0.5964980657388945
2024,Boise State,7.600185601388373,7.168279478715855,6.103512386209312,3.36005124443621,68.71428571428571,0.43033414208522375
2024,Utah State,6.961589294889799,8.072968416087516,5.408474592914707,4.925110062727813,73.25,0.518864690511271
2024,Eastern Michigan,6.8583014963010385,9.044695758861602,3.4534340771697454,4.888058556184425,73.91666666666667,0.4646645208504043
2024,South Dakota,10.053170771536651,7.271978938388377,5.507862857099812,2.8158954123907765,57.142857142857146,0.40592339288514284
2024,Central Michigan,6.3576976236001945,7.142937186775579,4.564545275036807,4.907835176297144,62.416666666666664,0.39405633567347637
2024,Troy,7.878811652966145,8.134964903633795,3.7790154703524794,3.802981975359836,64.33333333333333,0.43966590794966237
2024,Virginia,7.471353963913452,7.469249417304209,4.235387281522102,3.373002840711154,69.33333333333333,0.48314872816726057
2024,Arkansas State,6.707235047248877,8.412850826837392,4.062539025079806,5.22754543883056,71.23076923076923,0.4739366910772486
2024,Prairie View A&M,7.123501959117946,7.78674436093364,2.3786891226822964,5.483691229899016,63.45454545454545,0.4412507988629894
2024,Nevada,7.782118025521385,6.20239494281473,4.77336835259774,4.805608192198128,63.53846153846154,0.440647186230476
2024,Northern Iowa,7.075108136731294,9.067639927510145,4.411169529268012,5.229766830632381,56.916666666666664,0.47494207389388476
2024,Oregon State,6.672436257263789,8.14300381129265,4.509547283604722,4.999915586988867,70.33333333333333,0.4335194523494856
2024,Washington State,8.766535368281684,7.333887972368858,4.310465622988406,4.992373297701264,66.6923076923077,0.45747310656543255
2024,Charlotte,7.997606072553161,7.6627823038175,3.8993567586677074,4.699505396093213,61.666666666666664,0.48001328225786427
2024,Villanova,5.840521247476061,6.616829850695951,3.99618092617143,4.645233999315494,59.57142857142857,0.42260435794934353
2024,Northwestern,6.885372069041121,6.672053796687879,3.952660892986868,3.5609029681863036,62.0,0.5178353484780348
2024,Marshall,7.397522996814714,6.536689521199292,5.075216457022732,4.188892988184309,64.46153846153847,0.3957754906963621
2024,Purdue,7.2883087125346515,8.1062970285729,4.45565377339421,4.559853162761752,56.25,0.48047986963117156
2024,Bryant,6.435800774315019,9.439577317527762,3.618538835457722,5.456921645435448,61.333333333333336,0.5786823619155375
2024,Delaware,6.870266779618553,7.658145317025106,4.342753547607646,3.573785162478694,72.0,0.4990621718257903
2024,Youngstown State,6.27930678363089,8.779501525556219,4.692027683988241,7.393451974912,68.41666666666667,0.38113265388261325
2024,North Carolina A&T,6.164752110107776,8.873459925867243,3.1800848667899566,5.408153708553495,62.416666666666664,0.4686259214388487
2024,New Hampshire,6.022084874495871,7.187395850993619,2.6326944096079776,4.188841822369624,60.46153846153846,0.5218329108824417
2024,Monmouth,9.296594982193112,8.132370408078396,4.350606187465655,4.533824651035603,67.66666666666667,0.5377456193808052
2024,Eastern Washington,8.2713930585028,8.752903315517989,4.887385345260726,5.054274009892829,70.41666666666667,0.3935138084724037
2024,Elon,7.851845279322135,7.467131489204242,3.426823914615877,4.071849117721876,61.25,0.4367921356687541
2024,Duke,7.281565669146788,5.622424007579648,3.5770588514136272,3.4299989187781637,65.15384615384616,0.5496294628593594
2024,UAlbany,6.030466569083906,7.423046147351879,3.3972024292575385,5.141443742751823,62.75,0.5183646331776958
2024,Long Island University,6.989766507340142,8.387406749747036,5.1887007909786425,3.9348404344789945,58.45454545454545,0.38438202411470246
2024,Campbell,8.003127169678352,7.9386810883826335,3.8590280326857944,4.979146883417404,60.75,0.44610489275913306
2024,Liberty,7.326268315666828,7.835820449636928,5.212349162620746,4.251072097972242,68.83333333333333,0.34926834510848415
2024,Holy Cross,8.172846718899025,7.333781675099957,3.5407351108850045,4.339574417855578,59.5,0.41046419146753704
2024,Richmond,7.404931530557779,8.22369938091387,4.715803382103564,3.685403763026799,64.61538461538461,0.3718550738476736
2024,Stony Brook,6.9776548317306,8.266425526944692,3.2338244834493994,5.079101541003971,75.66666666666667,0.4193062290999198
2024,Towson,6.986258935559427,7.886514380955961,4.855491977168322,3.843325596133005,62.583333333333336,0.4745007024314161
2024,Cincinnati,7.827300196925108,6.9325666112934385,6.104842900590728,3.9622955543156126,68.25,0.4768808367388493
2024,William & Mary,7.1962489981329325,7.292411065603542,5.012268002758385,5.124774431110493,65.66666666666667,0.3504998593361541
2024,VMI,4.305438239983279,8.589570600273744,3.124782063551473,4.736639457235223,57.75,0.4488814973375062
2024,Western Carolina,7.6269550785710765,7.8908126482325285,4.09221868529398,5.543417610298884,76.08333333333333,0.542330903486984
2024,North Carolina Central,7.540035118082451,6.428663532644372,4.907699776092733,4.739418391057445,57.45454545454545,0.4191530754815335
2024,Lafayette,6.282193042131666,7.661481122340489,3.657910680048437,4.747498628598977,68.25,0.4423280650797339
2024,Montana State,8.501012252451147,5.928875536865934,6.2920449802175415,4.044757953514533,64.5625,0.3199200572312625
2024,Stonehill,5.529390532940649,11.002173459017088,2.960041648284955,5.3535008459575675,56.72727272727273,0.3815648003247157
2024,Morgan State,6.413636483297339,8.534619544597986,3.4839479929779387,4.735621615643127,62.25,0.374900814989746
2024,Colgate,5.848696796650533,9.373911823382857,4.164451952232196,4.411632920765712,61.083333333333336,0.5223192413451988
2024,Coastal Carolina,7.61068067502363,7.53336161265026,4.654889792303548,4.38955359143355,64.53846153846153,0.43346769464316587
2024,Franklin Pierce,3.430696240627758,7.830741148582677,1.5276187279939744,4.240506993799167,87.0,0.5747126436781609
2024,Hampton,5.948111622037238,8.171701682294183,4.172013778956916,3.9266564922937897,71.41666666666667,0.3681496779606271
2024,Virginia Union,8.780737878284208,9.115622397577521,4.902934314913027,3.756077243210769,45.0,0.35555555555555557
2024,Winston-Salem State,3.1352575095633997,6.277236550912268,4.218352677584718,5.936124782265399,58.0,0.46551724137931033
2024,Norfolk State,6.395452923209606,8.043440597846564,3.8544641053618647,4.511413203861483,55.583333333333336,0.33789024349379737
2024,Charleston Southern,5.591223486031165,8.512738507688452,3.420213224223161,4.630674596601263,56.25,0.41641040672352725
2024,Fordham,5.880155841191716,7.990636968476781,3.103054878182592,5.0045899429934675,65.25,0.4198423778931461
2024,Pennsylvania,7.179527744155844,7.915727842145875,4.786397845962008,4.7896024361739284,62.7,0.44865472390286565
2024,East Tennessee State,6.838033390295155,6.6486078356197815,4.62781663224846,3.712411793953827,68.66666666666667,0.40640969952087896
2024,Merrimack,6.7360928488922385,7.079034851837303,4.366699992337229,4.257881643902641,58.0,0.3215560287284482
2024,Delaware State,6.297034641848882,9.171000448866597,4.1565481483252675,5.77781753411175,58.25,0.4468862256905735
2024,North Dakota State,9.406330896817753,6.870716325999397,5.007450623859855,3.55469183344744,65.0625,0.3760367736249627
2024,Sacred Heart,4.436814404649014,6.843695467860538,4.441293791757833,5.9259051410379335,59.45454545454545,0.3617693140052873
2024,South Carolina State,8.662217934569252,7.63302083264382,3.7054076105031584,3.684249242225863,64.81818181818181,0.4699521982101736
2024,Cornell,6.569705797296875,8.368088809327029,4.641677458093296,4.5376840000015815,68.0,0.551909129604588
2024,Brown,6.200519795801958,8.716916177512296,3.244136170346009,4.5300907103908195,75.5,0.5058787343805229
2024,Northern Illinois,6.577314917545366,6.033691166683843,4.516572527442895,3.647649372751214,71.3076923076923,0.39090878656875905
2024,Miami (OH),8.43561275588021,5.978107793237046,4.322704056245909,3.7464012166549074,57.5,0.488604280997342
2024,Stanford,7.157363732025558,7.925017034989125,4.243862507114616,3.6392961780855484,67.08333333333333,0.45464925660900635
2024,Navy,9.641356792808606,6.75956634884894,5.7385510409832,3.8732735740692164,59.15384615384615,0.232477836134003
2024,Rice,6.208307807704048,6.149289414055236,4.65615912828507,3.693848647179387,64.58333333333333,0.6175975580432104
2024,Central Connecticut,5.859751963331283,8.253316845252526,3.41386061257236,3.7287524629425843,65.61538461538461,0.42468071391757634
2024,Army,9.703474746274434,6.404879898467511,5.792390627027781,3.5583993002230256,63.142857142857146,0.1378956695124737
2024,North Texas,7.514267665719853,8.022669652093741,5.592056694722198,4.171059216380338,72.53846153846153,0.5916818241614659
2024,Austin Peay,6.253643582790491,7.270106730373354,3.6864550443359803,4.4870778086956005,65.0,0.4499759081217558
2024,West Georgia,6.764423069644864,8.693032053406627,3.8490933923455106,3.4996639501033724,61.81818181818182,0.4911327827088471
2024,Central Arkansas,7.135805711625502,7.393217971873772,5.194754955773758,3.923371301873462,58.75,0.48301025803586367
2024,Utah Tech,6.118048754360637,8.006945836784292,3.4978525742602256,5.5300794793326595,61.333333333333336,0.5421612223304567
2024,Abilene Christian,7.537665941668459,7.783022997103502,5.24466543837134,4.263501652343602,70.71428571428571,0.5612677094292299
2024,Lindenwood,7.8190357743695555,7.536361266003433,4.505462843048368,5.585858253468366,62.333333333333336,0.40051834882562426
2024,Southern Illinois,6.744224552867482,8.046658265985513,3.9767255569105764,4.23824960590438,67.5,0.5131922730582673
2024,UNLV,7.962546123468555,6.16879820332307,5.701944851875797,3.2033311754820666,65.71428571428571,0.3400863090353852
2024,Southern Utah,7.246921396707332,8.770411955540073,4.916319472515419,4.1150499716922555,64.16666666666667,0.381289892063243
2024,UC Davis,8.510927439475726,6.885535883169226,3.781843583743727,3.47000300613237,69.21428571428571,0.5292086607554988
2024,Northern Arizona,7.424326955112861,6.904481995113916,4.173841283362766,4.440451345062344,62.92307692307692,0.419511517884065
2024,Tarleton State,8.830717600078977,6.944594875529226,4.803881566645932,3.9870132979641477,64.28571428571429,0.38724370886409615
2024,Morehead State,7.719278260923255,7.470837635016097,1.5825537779677885,5.054277453914341,54.75,0.43155644475812877
2024,Idaho State,6.100977975425738,8.692012002003128,4.27885238967284,5.41602461493758,70.5,0.6132191646819652
2024,North Alabama,7.495416343470251,7.553484428456944,4.020209305576874,4.449897844424622,63.75,0.4592841407136978
2024,Lamar,6.615161971935777,7.727896940521203,4.116818854800839,4.310158102139792,63.583333333333336,0.4035670505012743
2024,Robert Morris,7.534944337834041,7.349976023486643,3.7017530705796013,4.641145969643417,58.5,0.4841024031031909
2024,Shorter,3.968483934793756,10.839390762395832,3.0755192222559224,5.751565920206328,64.0,0.3125
2024,Portland State,7.9099423914921365,9.674444204726417,4.764724314820966,6.271521519599189,65.18181818181819,0.3725079662422208
2024,The Citadel,7.543277903875302,8.244110206268292,4.041158848356393,5.089534887352794,63.75,0.32793398013056363
2024,UT Martin,7.126799042997376,6.645843738820053,4.200668752988581,3.672927510854444,60.214285714285715,0.4328622524707804
2024,Southeast Missouri State,5.771814359583711,7.469052836273715,2.659750710240679,3.755823810505637,74.92307692307692,0.6499692602736874
2024,Tennessee State,6.64622178219255,6.8773009660560245,2.891994414637268,4.868487326560271,61.30769230769231,0.5176571472797215
2024,Eastern Illinois,7.034812232545632,9.052908989160299,2.361554758097475,4.808021300877763,64.25,0.5471430620910055
2024,Gardner-Webb,6.780096505133799,8.481026947266976,3.2348931443186437,4.374732465285287,69.16666666666667,0.47796017474684166
2024,Northwestern State,6.0015909064799,10.527397522197557,1.6244054025653651,6.4004116583009845,54.416666666666664,0.4370426244251692
2024,Incarnate Word,7.417673562689393,7.410251550529277,4.485421722882983,3.9778693184827567,70.42857142857143,0.5334593235111648
2024,East Texas A&M,5.445061277723087,8.168679132368522,2.019362257175395,4.93921099729617,65.33333333333333,0.5511254896331579
2024,Houston Christian,6.197085710381228,7.278618658504519,3.5830975012002657,5.137285850307174,63.833333333333336,0.42401211689012225
2024,SE Louisiana,5.094323729746784,7.2689082635002675,3.861326249087154,4.637410454324179,68.75,0.4496115666844831
2024,Northern Colorado,5.049194790437103,8.67141346287157,3.43113598247738,5.4591829369145985,62.833333333333336,0.41282647018918595
2024,Cal Poly,6.708991666427395,9.380723250702864,2.820443184573837,4.281027544389537,57.45454545454545,0.5579532045924366
2024,Montana,6.26011417262131,7.096501860306781,4.787690136548581,3.8030823098901863,66.28571428571429,0.4805776869894535
2024,Sacramento State,6.214386875344576,8.010012649278202,4.120188856970969,4.285977602700389,69.75,0.551945580067308
2024,App State,8.311735999015987,8.087510071942251,4.651301967323747,4.693744473260548,70.54545454545455,0.5003815578639009
2024,UVA Wise,3.886827129949397,9.076824479607629,1.5637465388142187,6.536456713770511,59.0,0.4576271186440678
2024,Presbyterian,7.574106569264285,8.36132090991292,3.4763708364191044,4.7462248886253,63.5,0.44109655643715023
2024,Bethune-Cookman,5.86528190444972,9.088594421058394,2.351941339729667,6.311234959542111,59.75,0.4291816007562294
2024,Princeton,6.110357052941591,7.509526988282927,3.3036734692526166,4.431756768818124,61.6,0.45519936519284226
2024,Missouri State,9.154625209242797,7.749270899437971,3.393868674142962,4.654717058084641,61.0,0.517559586473194
2024,Indiana State,5.570073288988342,9.247448558148625,3.041507074238312,4.9589062184437465,62.75,0.35701606004917913
2024,North Dakota,6.73906224052542,7.516635001198732,4.211637537984109,4.482488120132042,65.41666666666667,0.39116422586218297
2024,Dayton,5.696753769448898,6.334130957376494,2.388103113723535,4.590692751516124,67.45454545454545,0.4326390638552999
2024,South Dakota State,7.81686515206128,6.239542939202541,6.1375958621336375,2.7565358202758623,63.8,0.3976798927744943
2024,Butler,8.111694008761038,8.441877449698406,4.124273314594226,5.472827327569218,61.583333333333336,0.3703253112662889
2024,Mississippi Valley State,6.279552185590802,9.604466369563182,1.6728441138601486,6.609584177778772,64.75,0.46733524345899546
2024,San Diego,7.243096062576857,6.747823489055238,3.4929792529436257,5.234521868543516,57.72727272727273,0.4702784626071559
2024,Augustana (SD),5.2121552905245165,4.686354718966111,2.568906207545391,4.460081742509048,57.0,0.631578947368421
2024,BYU,8.457980663272597,5.450560570357097,5.153764910393865,3.215296115263799,63.92307692307692,0.45639716645428013
2024,Valparaiso,5.517877407146832,8.031210199267404,1.9925073678568639,5.647675906543438,51.81818181818182,0.38089866858912563
2024,Duquesne,7.1017488851364625,9.129980710821306,4.589881578569628,4.499849419696823,61.81818181818182,0.47834949104463315
2024,Pittsburgh,7.102555925693884,6.999922602405183,4.591154839825801,2.5864556082224084,70.76923076923077,0.5425733099196993
2024,Kentucky State,3.3798939838861575,10.64340060986967,0.017426878529448908,7.2025180164218625,53.0,0.6037735849056604
2024,Florida A&M,7.4056828446443035,8.400776696790187,4.0675321420954065,5.226995396511646,62.0,0.5068342760606459
2024,Jackson State,7.933847715451859,6.758036026767033,4.168010887550677,4.24671515226075,63.0,0.35705620524370635
2024,Alabama State,6.226146927572803,7.223756803359787,3.5071082037496804,3.657360332742865,55.333333333333336,0.31469939912273964
2024,Southern,6.373519992798474,7.136078790357944,3.0884812808827444,4.710016980503735,67.92307692307692,0.44634468019511936
2024,Grambling,5.099998025390193,9.2406592586376,2.5587413026321695,4.830828467144761,60.0,0.4424247677884672
2024,TCU,8.783032645130627,5.379224673822922,4.217812404117965,3.236838878053523,67.6923076923077,0.5537446062252211
2024,SMU,9.587109796471708,5.8596104707860155,4.944097021559966,2.517249879085671,69.5,0.447559355987223
2024,Syracuse,8.888736403629325,6.775761464694805,3.7313942360822523,4.371145543770506,76.3076923076923,0.6012527116268923
2024,Jacksonville State,8.38495042970918,7.5530723628888845,5.05524477917155,4.499123828551253,68.5,0.3284619707315293
2024,San Diego State,6.652291767735875,11.807917768334674,3.3942755064274546,4.520483620167643,66.58333333333333,0.46903581524462207
2024,Memphis,7.1484333479952795,7.3244701204166045,5.200396928244615,3.4137447720799465,71.0,0.5177316121887847
2024,James Madison,7.256143971352959,6.10950880234458,4.452817022250153,3.406302182389546,69.23076923076923,0.419821350343414
2024,San José State,7.72637270074412,6.547846508537794,3.565906722202168,3.477776750096746,66.92307692307692,0.627982484457456
2024,Louisiana,8.492147606873027,6.207877617612689,4.726592763464006,4.394697530200666,63.357142857142854,0.4629245443615943
2024,Miles,5.859993705382297,8.399683173969496,2.3284950358810605,5.297793723937501,63.0,0.5396825396825397
2024,Tuskegee,4.771688665371121,16.19072832922044,3.67142076867564,4.920560841651421,66.0,0.47308488612836436
2024,Arkansas Baptist,2.193934886483048,14.787152364436498,1.233323804804356,12.656928619745523,46.0,0.4782608695652174
2024,Texas Southern,5.092698592902373,7.486302768227987,2.9883130964613214,5.90959624558053,58.09090909090909,0.3569654034161499
2024,Clark Atlanta,6.00016242045244,13.387049406665437,0.4564928910173056,5.770931628383426,80.0,0.625
2024,Lane College,2.1333691888190804,11.867375060216048,2.412453654337009,7.035140251088743,56.0,0.4107142857142857
2024,Utah,7.315855330478178,5.318190231238156,4.133792149268121,3.4079897379771933,63.416666666666664,0.46709533662822017
2024,Arizona,7.5633914825264945,7.485178758351052,4.470757615785566,4.1874048942582025,63.833333333333336,0.5660764468744465
2024,Wyoming,6.226559121813396,7.016251956130147,3.5639652321471105,5.026850963106828,67.08333333333333,0.4321773258579229
2024,Baylor,8.988744395633892,6.234780700850933,5.231862203807343,3.6341967753271374,69.38461538461539,0.4531514791005377
2024,Kansas State,7.843388154895427,6.218801622093336,6.604453028931685,2.844324639633736,64.0,0.45830127326940606
2024,Texas Tech,7.660296395847429,7.637173915939163,4.988919351150188,3.9075791158231783,77.3076923076923,0.5302281999450813
2024,Sam Houston,6.363119723467187,5.954994855226843,4.002945528732408,3.7580280882689974,69.38461538461539,0.39046713485232615
2024,Air Force,12.247926849276661,7.4301941736991965,3.773987141891352,3.7198440611912407,67.16666666666667,0.1711995934944305
2024,Texas State,8.136941719267144,6.770467202883973,5.112276146164247,3.666208016008609,73.38461538461539,0.4482951348259011
2024,Tulsa,6.139957127965648,10.851783872503312,3.7657580498840715,4.971420122825586,73.91666666666667,0.4920055866342579
2024,Davidson,9.01684266725636,9.309894726522112,4.304108547152224,5.995078285346574,72.18181818181819,0.19150109361484355
2024,Marist,4.768523749605344,9.86931574338521,3.12324296080409,5.377293640230477,62.63636363636363,0.5816377799919588
2024,Drake,6.13796107938935,6.529611532594256,3.422941649049105,3.886395347446111,62.0,0.5849088749766224
2024,St. Thomas (MN),5.920905737643977,7.421647774375691,3.5119876670243495,4.50467948997153,57.72727272727273,0.43567721488488825
2024,Stetson,4.9190376855302596,10.4516700588684,2.3159815225190625,5.942081280843778,69.9,0.6355974552351648
2024,Kennesaw State,5.791229221102327,7.865402285047794,3.122195383079727,4.918249131960313,62.166666666666664,0.3951429074431574
2024,East Carolina,7.820509182244906,7.418018316624451,4.691260231918486,3.5089667735064602,69.15384615384616,0.4811912366604462
2024,Harvard,8.458606923148405,7.678568259376306,3.5715405322781733,4.0879646514504415,68.0,0.455065104393939
2024,Dartmouth,7.360114478664864,6.972785367810376,4.48919533917592,3.4722838091861035,63.5,0.4253416339390658
2024,Yale,7.368166007345155,7.607181476260339,4.990359802252056,4.4231530864064625,68.6,0.44844802553924945
2024,Saint Francis,5.033147314755304,6.748520772529366,2.7042831270480017,3.500773026474596,58.4,0.41795725748830553
2024,Wagner,6.171942364250467,8.436743729529384,3.328649615603021,4.3587134487424075,60.583333333333336,0.45330965833189646
2024,Lehigh,7.280863642721544,6.567469810241305,5.067076779077109,3.821900230512118,59.69230769230769,0.3201764110092827
2024,Bucknell,7.183307289901845,8.85260270449018,3.2127915896925345,5.145968645625314,69.5,0.4983853619573402
2024,Stephen F. Austin,7.56143533301487,7.382840805586629,3.6381459035141206,3.9465104595660723,66.91666666666667,0.47710569153230903
2024,Georgetown,5.530202108451868,7.731469251159596,3.525344636063609,4.922046085914635,65.54545454545455,0.4946789544735171
2024,Columbia,7.257708784493397,6.9758249291324175,4.556848707528183,4.306633282710509,63.2,0.4427633949905365
2024,Virginia Lynchburg,3.3656620808178004,10.96799746333969,-0.5350540050863332,7.260076263283801,45.833333333333336,0.5157142857142857
2024,Lincoln (PA),2.120089818309727,12.679806092136513,3.674501473855611,4.443454900694747,49.0,0.24489795918367346
2024,Virginia State,8.048826109355893,10.95507353744858,3.2531527072896624,6.188053917201174,54.0,0.37037037037037035
2024,Savannah State,1.3456899895129588,10.233254969710648,2.045139478382016,5.099384868172287,37.0,0.43243243243243246
2024,Northern State,4.7218883723504765,3.803543697844974,5.045489181585202,5.635842083151009,53.0,0.24528301886792453
2024,Mercyhurst,6.081831912458443,10.579982716957735,2.4851636386389777,5.622267258640821,63.72727272727273,0.5620712365464591
2024,West Virginia Wesleyan,2.015951759899688,6.700004626558561,0.8077225834235913,5.76944142206708,56.0,0.7142857142857143
2024,Edinboro,6.181146585451456,5.083524287736081,2.017005233517446,4.517008249927499,68.0,0.39705882352941174
2024,Saint Anselm,4.4078889807481065,8.287482130708668,0.30412644952981305,2.7328739600690835,47.0,0.40425531914893614
2024,McKendree,1.7850275449223076,9.513313248541152,3.1786299447425765,8.210924588772436,78.0,0.5128205128205128
2024,North Greenville,3.9479623484660076,5.457851475636371,2.442697369546239,5.5761302886025526,62.0,0.3387096774193548
2024,Louisiana Christian,4.96734979705397,17.49669336797269,1.658945817089474,5.54711914791652,95.0,0.3368421052631579
2024,Western Oregon,4.593753007945627,9.07415372141486,2.689033580654912,4.055626910470409,65.0,0.40618285987109093
2024,Lincoln (CA),4.270629473419877,12.35885565600571,1.572281625908986,7.83026017020734,50.666666666666664,0.5262059369202227
2024,Upper Iowa,3.1998333474176226,10.269989401746257,3.7398094450286443,5.445532459733222,73.0,0.4246575342465753
2024,Hanover,2.335069079427548,6.819989401746256,1.1262563314755307,7.9683576104653495,52.0,0.5
2024,Catawba,3.90145422785535,7.9886316342644434,3.8426704626613057,7.005993787898021,61.0,0.5409836065573771
2024,Point University,2.2627595891607117,1.9765104221432317,4.045051415042258,6.9692290820156675,60.0,0.65
2024,Ave Maria University,5.032424638892248,12.08427655100427,1.1785880231576815,5.8502201724903795,50.5,0.4545990566037736
2024,Erskine,4.351991603836842,12.385567142360241,2.234603870064651,5.448523126509664,68.0,0.5735294117647058
2024,Indiana Wesleyan,4.433228522959685,7.703707895216533,3.7310683360622585,8.310036724563007,38.0,0.5789473684210527
2024,Sioux Falls,6.740556457994834,5.829281510212753,3.690158796388117,2.060387613173179,84.0,0.34523809523809523
2024,Black Hills State,4.667759523128933,4.76578944672069,2.5184416246709453,4.113959041744607,63.0,0.5714285714285714
2024,Morehouse,6.5954231988536,8.237153288710312,-2.6952593837365226,4.530865811474578,49.0,0.6326530612244898
2024,Central State,4.026486308037344,4.134281583971772,3.7868867780472613,6.397068583786396,60.0,0.5166666666666667
2024,Kentucky Christian,4.824140266981626,8.256202766237783,1.1647603412656522,6.037633410487295,46.0,0.4782608695652174
2024,Central Washington,4.532117534162991,7.845804746384051,3.7183570491832922,2.998091095684394,60.0,0.4
2024,Warner,1.4143426531432075,10.205949403108136,1.8522049524484614,4.576734784301138,55.0,0.38181818181818183
2024,Roosevelt,8.026811410660219,7.094464197737542,0.8390228815168039,6.513569104714395,56.0,0.6071428571428571
2024,Wheeling,3.783331151586376,9.827846307714953,2.930385646480296,6.209226451805671,63.0,0.5238095238095238
2024,North American,2.0954628938627047,25.215657792950665,0.01466973914008246,9.317456491473289,41.0,0.5365853658536586
2024,Buffalo State,-0.06748469922947509,10.741258871382186,1.9494332655279152,9.730861067190286,54.0,0.48148148148148145
2024,Georgetown College Kentucky,6.546858269600444,8.301771650593652,-0.0883932272906569,8.02310625171598,62.0,0.5645161290322581
2024,Frostburg State,3.9011762694314935,11.127986560169372,4.1110874008662615,6.758333594662815,65.0,0.4153846153846154
2025,Florida State,10.710606355290025,6.448345362496593,5.97539594953463,3.2557610661771323,70.33333333333333,0.39743625589682924
2025,Alabama,8.867804385261584,5.612392042498047,4.3978011309287615,3.1208909456660483,65.86666666666666,0.5373327294452223
2025,Arkansas,9.36684847768176,7.359247264178379,6.563173497960538,3.9299010232646405,65.33333333333333,0.48515461087847483
2025,Alabama A&M,6.286839741912779,9.671261801827782,2.9866970066193983,5.33595849940546,64.58333333333333,0.5017924896100723
2025,Auburn,7.3305371915221045,6.582823855780563,5.532229117829865,1.9630990728334676,67.91666666666667,0.4438398631850767
2025,Baylor,7.883339929399163,6.4747436150469815,4.828039612631984,4.133659342406625,76.58333333333333,0.5552987187540327
2025,Florida,7.9157604570188225,6.504814733686406,5.260672519027902,3.1733816728619164,63.166666666666664,0.4885181387279398
2025,Long Island University,5.512519795622293,6.678096350389752,3.5234319373512974,4.134915200976972,60.166666666666664,0.37045897804963346
2025,Georgia,8.08983788591586,5.3940503709900876,5.179749838326019,2.1188857479744017,70.92857142857143,0.420271575281328
2025,Marshall,7.669223521976178,8.679242783295958,4.968884717617798,3.455337180659233,69.33333333333333,0.4093836892149126
2025,Kentucky,7.7043823880540545,7.294675891687856,4.674873468240912,2.6285695622749152,66.5,0.4593495901747486
2025,Toledo,8.197294097694328,6.091374842433532,4.990428103588106,2.7609220904425795,66.92307692307692,0.458793600136031
2025,Clemson,8.065332749108352,5.98682516539111,4.219168769760038,3.2960704904792713,68.0,0.5331038426989558
2025,LSU,7.842164341596698,5.450801863976531,4.30034573808428,2.761010472013412,62.69230769230769,0.5442415863106793
2025,Ole Miss,9.852807575549926,5.326124190861039,5.719763471594205,3.6900243708297387,73.0,0.4786958010794579
2025,Georgia State,6.47055031317979,8.029145109038396,4.165736254764275,4.404556852630948,70.08333333333333,0.5604774782214272
2025,Mississippi State,9.27374781881692,6.5944171552630975,4.53804577828493,3.8982740847276753,72.3076923076923,0.41227690809555195
2025,Southern Miss,7.858902837674166,7.188992915186879,3.5108301594914644,3.907195407968071,71.0,0.48684434926589315
2025,Missouri,6.8666241107509185,5.038948551980246,6.018057944498238,2.377872781262664,70.53846153846153,0.3917248119359158
2025,Central Arkansas,7.272850342042389,8.903595165039157,3.879060752025339,4.141555574188098,66.66666666666667,0.4564808498484343
2025,Oklahoma,8.164030211818813,5.048382834065146,4.384884588176856,1.8735412816734192,66.46153846153847,0.4989518717190393
2025,Illinois State,7.23126174857278,6.880542264138215,4.440871697109203,3.4909432275417065,69.58823529411765,0.45556882803480453
2025,Syracuse,6.612580972803692,7.014834092740291,4.038488633441711,5.043615615156029,70.16666666666667,0.4781569229243067
2025,Tennessee,9.369827135596024,6.524634108024012,5.271395708026603,3.5699851810893555,71.38461538461539,0.4636293841674666
2025,Texas,8.535168237067712,5.789156227032885,4.835061112548891,2.21822593588437,64.84615384615384,0.5023333248040399
2025,Ohio State,10.111293793987269,4.341016544825342,5.238188433522262,2.4581074316759937,62.785714285714285,0.4643348126593046
2025,Texas A&M,9.360951636602225,5.026176208379273,5.759223398793866,3.41730804062769,69.46153846153847,0.45318011597527363
2025,UTSA,7.406899793620244,7.051105443265374,5.300599480922272,3.920054815148355,68.53846153846153,0.49936963703008785
2025,Charleston Southern,6.4688931822926605,7.7749422428799555,3.41379596877437,4.7211119322803095,57.833333333333336,0.4562083788396931
2025,Vanderbilt,10.094179630054324,6.785168549951369,6.510403228740557,3.0379917176992004,61.69230769230769,0.4987174866692067
2025,Virginia Tech,7.301748416795509,7.05222678683484,5.849635635419772,3.2540867591788287,63.5,0.4164441857147536
2025,South Carolina,9.249737358606751,6.2045223817458615,3.9780476147754786,3.047486998740449,62.5,0.4569941877017751
2025,UL Monroe,6.601967119302924,7.821984593899985,4.438638849755498,4.150656035830054,60.833333333333336,0.4119512530999052
2025,Arkansas State,6.53531130777281,7.8859081688956545,3.2940933230204124,4.595101285492891,73.53846153846153,0.5305780912535314
2025,Ball State,6.054056458290372,7.962892682526683,3.5351213355632396,4.520131830550214,60.833333333333336,0.3764204942824294
2025,South Florida,9.597137881674845,6.236750222605712,5.7980960089871765,3.0175503780867867,69.92307692307692,0.4492709136062195
2025,Austin Peay,8.86120192573354,6.790608785511107,4.565229619850136,4.3413430456950435,67.0,0.4337112442085527
2025,Louisiana Tech,7.038354518749646,6.807538306128316,4.3739372447969735,4.389106946763296,65.15384615384616,0.37074960759913
2025,Arizona State,7.345814747381029,5.981588956875769,5.559924928212748,3.049761710134646,71.07692307692308,0.4673001765032403
2025,Kansas,8.742930129981534,7.434791382474611,5.274178433093829,3.797686816976124,64.25,0.4529725843395794
2025,Michigan,8.03089877799317,5.389255577268465,6.3625706358139755,2.942526731228208,64.38461538461539,0.4076210893338148
2025,South Carolina State,7.619125919679438,7.288299685744294,3.35340299758894,4.550309125652323,72.0,0.47736116773827353
2025,East Tennessee State,6.6673134862602526,7.627622604628862,4.148161496115372,4.245788140355548,73.75,0.4217179330762042
2025,San José State,7.520060821883548,7.746647473871884,4.85858083428329,3.8931718531534787,66.66666666666667,0.6023634851375496
2025,Utah State,8.361286683167258,6.518576116866167,4.763292185802157,4.664515836764735,65.23076923076923,0.4769467795075703
2025,Wisconsin,7.266028488068805,6.396369156491247,4.393492207269152,2.634197125007224,57.75,0.3896142533306071
2025,South Alabama,7.294205887812229,7.639396049292874,4.689770853677776,4.531401799017615,70.08333333333333,0.3665206821726403
2025,Eastern Michigan,7.0329325799284135,7.9506323464643485,4.607531615868013,5.454294569976249,66.08333333333333,0.5146934870134964
2025,Alcorn State,5.139178483016727,7.918494676595235,3.8355424693615006,4.677943813302637,64.5,0.43870965568030745
2025,Louisiana,5.917622796630216,7.9911677596481745,4.730582987378543,4.473925788265469,65.92307692307692,0.4003726940652038
2025,Temple,7.2800568766722895,7.567658157864934,4.496397730949798,4.82683752481529,62.166666666666664,0.4694998542638853
2025,UTEP,6.004927809780202,7.21503788015396,3.563227806332741,4.294095272087721,65.41666666666667,0.5206757771505335
2025,Notre Dame,10.159717264396768,4.831253578529733,6.600756363073233,2.2952236350779756,61.666666666666664,0.4327291100007144
2025,Memphis,7.192182727480925,7.448502953742014,5.3330865894332256,3.182782308671435,67.92307692307692,0.46425073462597044
2025,Miami,9.230190492823255,4.721502683827189,5.178270569960413,1.884858009933904,66.25,0.47133674425310623
2025,SE Louisiana,7.798460315546331,6.72260041195725,4.384882485597207,4.302847334349898,62.69230769230769,0.4191175519073029
2025,Tulane,8.542736601438206,7.427135324913446,4.681083222405993,2.854699932274742,67.07142857142857,0.45517621997104285
2025,Northern Illinois,5.485053035768225,6.845158543770455,4.500092458344763,4.438217385964661,61.75,0.33819744225423737
2025,UAB,7.759109103348837,9.554147358442703,4.208325190998068,4.009154620638459,69.41666666666667,0.5264962595464869
2025,Massachusetts,5.319916522444292,9.994329911763815,2.9032599698457005,4.860824963445386,63.916666666666664,0.535811559027906
2025,Sam Houston,5.437386773880774,9.687950011239334,4.090785411504683,5.426704030930701,63.25,0.5093897528854187
2025,Kent State,8.339428492898593,7.281677280647017,3.316564361617267,4.454100445782207,57.333333333333336,0.4276461307308794
2025,Washington State,7.3753893840526255,5.856976318952514,4.039563223936257,3.2418661261481088,64.84615384615384,0.48185676463027577
2025,The Citadel,8.674788755046846,8.805732414251837,4.060800748670183,4.865992603554971,58.333333333333336,0.21999239495908862
2025,Tennessee Tech,6.517316028466454,7.091415635405712,4.5947723520232335,3.1237451265995473,63.15384615384615,0.4676985572778821
2025,New Mexico State,6.2968959585304916,7.473738282336118,2.309218833521261,4.368151667824437,69.0,0.5702623485933999
2025,Eastern Illinois,5.840892207345166,8.689470051090426,3.025790163166772,4.858802737928963,63.416666666666664,0.3925778736252428
2025,Mercer,7.692790626840839,8.553977456632586,4.905781698667695,3.767929771339628,71.75,0.5289414505259789
2025,Charlotte,6.7800962436347305,7.383646583245042,2.9321415509225752,4.358643198932735,61.833333333333336,0.5147150149470111
2025,Western Kentucky,6.797433471822407,7.018486553263019,4.127773410514161,5.0487752836568855,69.84615384615384,0.5447053885520876
2025,Coastal Carolina,5.801934906041059,7.186597935621241,4.298613402100704,4.752047193140196,66.92307692307692,0.4590984098605798
2025,Samford,5.569456820617616,8.44217627493224,1.9279374564387857,4.856482301478009,74.66666666666667,0.5461092646601242
2025,Georgia Tech,9.25187141302974,6.9094059715861995,6.0011842514865,4.334468240911129,65.84615384615384,0.4577108603674453
2025,Louisville,7.534079643698702,5.411206363719696,6.027126214811801,3.1914359667752854,64.46153846153847,0.49204534934444283
2025,Buffalo,6.3175872991947015,6.970191049408722,3.450228343583167,4.061288785535757,68.66666666666667,0.4961757670662202
2025,Minnesota,7.054059278888691,6.725942605750365,3.5653220466145545,3.407727894055021,59.53846153846154,0.5191248348870106
2025,Ohio,7.21260735494255,7.780531140045268,5.15576154758924,4.479760788728052,66.46153846153847,0.3620501948257743
2025,Rutgers,9.768251616564788,7.923334192063141,4.237572464588917,6.274415772537199,70.25,0.44362701157538115
2025,Western Illinois,5.855818864380794,9.095658530969247,3.099859652029315,5.712714968515631,66.75,0.5431131790051034
2025,Illinois,9.30740443870211,5.600173938228769,4.171397531514581,3.2874332600617047,63.76923076923077,0.44839114277644637
2025,Nebraska,8.67844962985365,6.5306404666089986,4.63290690864132,4.371521167800851,63.30769230769231,0.4530388118860278
2025,Cincinnati,8.637182069638346,7.020691423654632,6.051444749763298,3.673399270729298,58.76923076923077,0.4759811350156078
2025,Maryland,7.1835454021296465,6.701491502588386,4.357058885014168,3.9504126163646265,66.25,0.615283560699989
2025,Florida Atlantic,7.103042729895523,7.768241948188777,3.7887980539227684,4.060738516133027,77.91666666666667,0.615146453917534
2025,USC,10.27423741424017,6.087914090163873,5.652563311306499,3.551168624222759,64.84615384615384,0.4952997188099849
2025,Missouri State,8.125481551795584,7.320468183566536,3.550243344252764,4.604317665504849,65.07692307692308,0.5149418536820558
2025,UAlbany,5.733787854074275,7.541098375688119,2.5611956981993322,4.026653648006862,62.75,0.5092916501395913
2025,Iowa,7.256896010276555,4.752465394443273,5.018825663836423,2.9049353006935017,60.76923076923077,0.3599354591422936
2025,UCLA,7.21924473539795,6.446730583508526,4.8995761972780025,4.311034106290312,61.333333333333336,0.4946620983741499
2025,Utah,8.59213084917503,5.536585103613624,6.442181125010608,4.029902263320736,72.76923076923077,0.39066481323194935
2025,Purdue,7.696892933452851,8.380102912864063,4.608051070355977,3.827146110190433,65.0,0.5158564757314971
2025,Western Michigan,6.5388887944674305,6.31426919624893,4.471821962465962,3.555233627170321,66.0,0.3327330735710427
2025,Michigan State,8.17489098438648,6.932547967059278,4.279982939585211,3.607389933381502,63.833333333333336,0.4948841693501295
2025,Northwestern,6.996458115947204,6.468858964110067,4.905344268997406,3.6968518509740447,63.61538461538461,0.46018287362714116
2025,Montana State,9.06481739948276,5.535045957950975,5.622736656253736,3.7267837086325173,63.125,0.37406892613168435
2025,Oregon,9.983264977219127,4.418153021624244,6.4355335775061,2.6639748374777605,65.8,0.44315487133422
2025,Colorado State,7.315742940946246,9.315415924515044,3.375082100140229,4.7565610878171425,63.083333333333336,0.5258428301332918
2025,Washington,9.874122684297403,5.2214805138772595,4.841574067118218,2.682071194554795,63.92307692307692,0.44640663905783023
2025,Indiana,10.879443821928728,5.165054734116911,6.073168590684957,2.308584212228164,66.0,0.38702987072758244
2025,Old Dominion,8.445150940465435,6.070160043928675,6.093396654194141,3.051871031511411,67.84615384615384,0.3800182228654198
2025,Nevada,6.463985547866447,7.84356322784791,4.356497585620456,3.87273152969702,60.25,0.42678645989857605
2025,Penn State,8.694479704351613,5.97527186893959,5.2325750512199285,3.4106233125488297,62.61538461538461,0.41230517149792395
2025,New Mexico,7.92613982331821,6.770697562131779,3.995484614101691,3.1388803823556546,62.61538461538461,0.4262135439328096
2025,Akron,6.366080054154991,7.8141029301718,3.7736127452076342,4.506045688783787,69.5,0.4790830060737213
2025,Florida International,6.427709374552402,7.669889306165954,4.457180417017559,4.47135788972933,70.3076923076923,0.46631384036950657
2025,Kennesaw State,8.55758986269859,8.056481104616006,4.193736194821222,4.600234056246471,68.78571428571429,0.43626607957674185
2025,Northwestern State,5.271517206221671,9.829447303487862,2.8502730555645353,6.562862491604858,55.333333333333336,0.401930859829775
2025,Georgia Southern,7.672256880474081,7.78441090970469,4.513835164886293,5.224104393285864,68.61538461538461,0.48532072689962036
2025,Grambling,5.661346740041992,7.865645540328522,2.7768243737554807,4.145192634125568,63.333333333333336,0.4250862110747435
2025,Boston College,8.187982708026334,7.602627687442195,4.00490489971608,4.903917450655009,69.16666666666667,0.5487248489311903
2025,Miami (OH),7.443762376675266,6.905316995134124,4.054860795853012,3.5133911797120656,61.42857142857143,0.4356654401274656
2025,Southern Illinois,7.8127703171357,7.192669285949246,5.874672872248076,4.783187689197328,65.33333333333333,0.4647250709971223
2025,Middle Tennessee,6.0463809298833455,8.774842647823347,3.8812637936480097,4.1620478691153995,67.75,0.6151801476382874
2025,UC Davis,9.303150274672161,7.201140597146745,4.999980310253838,4.865995814582375,66.15384615384616,0.45808974003173025
2025,Iowa State,8.612040080635396,6.3488386594451285,4.959566098740846,3.7792698552609045,68.66666666666667,0.41746394852930285
2025,UNLV,8.55696968193265,8.060814120992562,5.291357878002077,4.978540890217962,65.57142857142857,0.4560083138273382
2025,Oklahoma State,6.53448187282924,8.078448836492546,4.071357921487297,3.4492739838566564,64.0,0.47236595594758013
2025,Duke,8.774700860816036,7.958533502609293,4.792145170214137,3.8884446399664085,68.57142857142857,0.526878742970642
2025,Houston Christian,5.028062138533041,7.503747759840347,2.7452204264558837,4.958186086104727,62.75,0.45947333413466046
2025,Norfolk State,6.912781327087241,8.869408893965115,3.5493611736676716,4.783026333049832,61.166666666666664,0.49430530461187466
2025,Youngstown State,8.25069232055448,7.792460463452645,5.8696345383591835,4.266189626934997,66.38461538461539,0.48096926505730153
2025,Villanova,7.757547126695566,6.983621290487348,4.617566964221272,3.9710321888208187,64.06666666666666,0.43657409627665866
2025,Indiana State,6.963685512962729,7.594798893287717,4.298185917697941,4.997854591781086,59.833333333333336,0.4500629501599483
2025,Towson,7.24560119123307,7.022588735818469,3.298286894182574,4.794170338380855,59.083333333333336,0.5085607052480772
2025,Central Michigan,9.705528183653275,7.2294696573845645,4.024934935753037,4.208616543293082,60.84615384615385,0.3169701879819889
2025,California,7.5355156236453045,6.448062709961279,3.0587763015431966,4.562632330677199,68.46153846153847,0.5661799802141518
2025,Oregon State,6.8626702428382345,7.58409389887701,3.9803321502966953,4.275385078261014,69.83333333333333,0.5103267228667997
2025,Fresno State,6.528977542061662,5.7049645139957015,4.392542220869952,3.928773815597737,65.76923076923077,0.43792324607255834
2025,Texas Tech,8.506661487173762,4.98645318260754,5.270242801584513,1.604891221936025,73.85714285714286,0.4729431456225915
2025,Houston,8.17214263175246,6.981053170794636,4.9389227552123325,3.3986205443853006,70.92307692307692,0.4107669690312382
2025,App State,6.436638606051789,7.593229992991312,3.8525767646624405,3.8531984734006928,70.61538461538461,0.5523860904957052
2025,Lafayette,7.019203870589109,7.3123729344282005,5.498299995514825,4.962718042711101,66.75,0.44544631010968266
2025,Wake Forest,7.713108721194823,5.546857029985568,4.932254183376167,2.8496629503479594,66.07692307692308,0.4733007215671934
2025,SMU,9.036185285025327,6.459779111097581,4.703319468661055,3.1679248688703896,66.15384615384616,0.534513316833783
2025,Tulsa,6.4433306913332515,7.411353812827187,4.6311553149176765,3.9785547647592527,74.5,0.4570475310266475
2025,Idaho,6.736685497342919,7.921542154020926,4.537763631910561,4.509549890685601,64.58333333333333,0.4453197433532543
2025,San Diego State,7.656254238923396,5.173978121730087,4.74346981215214,3.6645482631833,64.07692307692308,0.3453178558797737
2025,North Texas,10.107150722493092,5.830334709048549,5.566693627190583,4.489668224942242,70.71428571428571,0.47726070011658933
2025,Virginia,7.5536022075351505,6.22157822602441,5.106542771470154,2.8714964715128457,74.07142857142857,0.4770247197161009
2025,James Madison,8.21271612486249,6.286901315900471,5.842537131500815,1.997822963475895,70.21428571428571,0.3870092443077162
2025,North Carolina,7.244654461207407,6.108071665042318,3.9480467272709245,3.3815467734927616,58.416666666666664,0.5040379515436528
2025,NC State,8.442968209809916,6.641733317745078,5.599224717414236,3.5705942734635086,64.3076923076923,0.4980956745617458
2025,East Carolina,8.520601255480948,6.525418755836071,4.283185315684832,3.194835391258258,76.84615384615384,0.43830686907155036
2025,Colorado,7.849338910616904,6.9590990448368615,4.236145001480549,4.547562613249643,65.0,0.4556970655340565
2025,Hawai'i,7.2192664249734,7.901465146098861,3.3870171835813903,4.1625416172135115,69.61538461538461,0.5905075101045608
2025,Stanford,7.567715204154607,6.866870712262995,3.303608383555663,3.3064143114355056,64.91666666666667,0.4980636641138783
2025,Elon,7.431221589452687,7.688069087476312,3.2826772208245214,4.130155353882226,64.66666666666667,0.39145361477362944
2025,Fordham,6.066366590529484,8.276739771126042,2.339799386930622,3.7891350174753278,67.66666666666667,0.5254774022615308
2025,Eastern Kentucky,5.447019296540262,7.237210617934562,3.6730886064361545,4.105038828155014,57.0,0.41047043442109166
2025,Pittsburgh,8.473245423939256,6.272451895750685,4.039659812244128,2.194246584568143,68.76923076923077,0.5214467218766676
2025,Duquesne,6.608577100995178,7.158291337321138,4.746525666357647,5.32232775780206,62.333333333333336,0.42332381121151413
2025,East Texas A&M,7.380624935119596,8.76617648549181,3.0792482355937394,4.648051260718002,69.25,0.49759526188368647
2025,TCU,9.180343217474604,6.799416380452363,4.414570413508049,3.027451525084079,68.6923076923077,0.5143359781188046
2025,BYU,8.622835238585388,5.759434739652498,5.120854575151122,2.9879090488403324,66.5,0.4362025796792924
2025,Texas Southern,6.009043220029991,8.791723043332128,3.793710555831285,5.698593428102714,63.5,0.422765550717395
2025,Colgate,7.458136230122835,8.646169092039552,3.8076306610033623,4.852458281977337,68.58333333333333,0.5373214565152344
2025,Campbell,6.119974298824631,8.328186690556967,3.014906434155973,4.81299930627864,70.0,0.4862789942233676
2025,UConn,7.481420619224258,7.3580076689338085,5.046140166654899,4.7749404990343844,65.61538461538461,0.5203570610160296
2025,Furman,6.42802892601598,7.920508548103833,2.9633103674544437,5.283857032988565,66.91666666666667,0.5305243814226013
2025,Delaware,6.862943680726802,8.329436122862896,3.463899011135006,4.275443482550472,73.0,0.5695197407585729
2025,Wofford,5.984052760401167,7.020108464910059,3.1054394975762527,3.3586581191065004,55.583333333333336,0.4832651363291652
2025,William & Mary,7.3422493338884225,7.700243205515412,3.685777762868179,5.408982291631202,65.58333333333333,0.4305542987258459
2025,Western Carolina,7.744397781028063,9.65629266945664,3.6097739787663734,5.089758726034166,77.41666666666667,0.5380331660954562
2025,Gardner-Webb,7.151594623212667,8.901947289308893,3.988278414987422,4.9070289829186375,70.0,0.4214091802622313
2025,Troy,6.878155142382907,7.369562766906651,2.7908491276804517,3.945458914675425,66.07142857142857,0.46669490285241505
2025,West Virginia,7.76235665181137,7.609508671123161,4.017830255287923,2.975411930723467,70.83333333333333,0.38987690012178894
2025,Richmond,6.497163410925584,6.127060835508137,3.944754355495648,4.389222253859619,62.75,0.4196246862000737
2025,UCF,7.096460184876945,6.194637143342941,5.284808476778682,3.5166249675284837,65.83333333333333,0.5093076508197257
2025,Bethune-Cookman,7.504145228346189,8.516767846927623,3.89651214053065,5.641156816767158,66.27272727272727,0.4412011964966889
2025,Bowling Green,7.016777786389134,8.17752385669091,3.917317655392504,3.824806175416208,63.166666666666664,0.3724351874816154
2025,Kansas State,8.021791400785185,6.308737161207691,5.60945431643959,3.454091175665722,61.666666666666664,0.46236575862600704
2025,Jacksonville State,6.740335289965619,7.714302603824897,4.997806349620315,4.028353908482054,69.64285714285714,0.3342833452950343
2025,Arizona,8.154993769031044,5.286510130187507,4.738894964459529,3.3552525889144067,69.76923076923077,0.488021036921575
2025,Northern Arizona,8.16109677829136,7.4898668435941484,3.785872202053078,5.345079372788441,68.0,0.48246174115739326
2025,Portland State,6.42188520792492,8.278760182612103,3.1932250663361263,6.465179265340325,64.25,0.485680760808008
2025,Stephen F. Austin,7.173427411785805,6.618994393704445,3.6634949848927483,3.2969320336476153,69.28571428571429,0.4566399469818796
2025,South Dakota,8.789102538679296,7.277429877457336,5.191538802808709,4.060834545445595,61.142857142857146,0.39453888253150887
2025,Wagner,4.489989426437725,7.8533042532114585,3.2231847491356387,5.285617892601631,61.833333333333336,0.33540838090569275
2025,North Dakota,6.518465405991962,6.461899346225535,4.578858951033107,2.5984480387514566,69.71428571428571,0.4176484308396276
2025,UT Martin,6.283247912614754,9.611766848724717,3.654151133612904,4.370713250160162,65.5,0.40170133811853365
2025,Arkansas-Pine Bluff,5.610419311337906,9.007606193545795,3.158573338075821,6.298968601606362,64.9090909090909,0.46677961985848965
2025,Robert Morris,5.745517000413396,7.770065035249867,2.8078495613066115,5.970778104319024,56.75,0.4523813021234206
2025,Weber State,5.900421031224514,7.494899139318889,3.9456660375066512,4.620810443245886,64.33333333333333,0.44301155984694796
2025,Army,8.423144539572336,5.94847569143845,4.485653895195678,4.089096256962346,67.15384615384616,0.14602327121774497
2025,Rice,5.533756346998487,8.282644223849822,4.217993738715306,3.8729491014702706,67.0,0.2576407521430461
2025,North Carolina A&T,6.912711129426359,9.69474070454191,2.263082412740897,6.413034185173109,62.666666666666664,0.39897724492681413
2025,Cal Poly,7.304481564981599,7.419018378536985,3.6387536770224487,4.358292468161568,66.75,0.5121706062808858
2025,Texas State,9.173195356147216,7.5960919544056145,5.384507054689431,4.1395636645407725,70.6923076923077,0.39292791442551867
2025,Abilene Christian,7.5033033543319965,7.51372523244694,4.9236942425604395,3.7554264132885793,67.71428571428571,0.46845018306357616
2025,Wyoming,5.615793941959931,5.777182637517573,3.7804686985401825,4.076746750050409,64.41666666666667,0.4940575868688728
2025,Boise State,7.766568256946913,5.313508291650565,4.822733105157844,4.212054907661499,73.0,0.4597837871792687
2025,Navy,9.113006536466347,7.557720220995323,5.951795378509173,3.353244037432928,63.38461538461539,0.22563029424620476
2025,Central Connecticut,6.682870091890118,7.929135900936876,3.4687551086048196,5.145127783739446,68.38461538461539,0.5140954407096189
2025,Air Force,11.278446266098902,9.17220087710197,4.611774555630739,5.019952260038288,68.08333333333333,0.20100652527286492
2025,Delaware State,6.763809442276474,8.68137188084939,5.146156190478177,4.378532730665644,67.41666666666667,0.3339392971515048
2025,Maine,6.005221673682297,7.216155684372417,3.9726028937752402,4.418898882931314,63.416666666666664,0.46469516223964863
2025,Liberty,7.473408756437053,6.9465057398616805,4.74168785212051,4.4853053173903925,68.0,0.38440697863992573
2025,Bryant,5.7533215373707876,8.707814876533595,3.308712301622219,4.571116660712742,65.16666666666667,0.5002474381988056
2025,North Alabama,6.062416028194079,9.748994921019412,3.536203527662511,5.419857310744419,73.5,0.4164040087368867
2025,Merrimack,5.340325152781468,8.587463672848017,4.023097275652495,5.6621563435644795,67.75,0.4173963209834957
2025,Murray State,6.623223926695416,9.394058674442753,3.9016019135134528,5.173726009516645,66.16666666666667,0.48516072987936765
2025,Stony Brook,6.406839798682301,7.589670761079662,3.0693204968891004,4.171784220372888,75.83333333333333,0.46912633601070447
2025,Bucknell,7.746022391470748,9.680884748271724,3.062626317766726,5.752828655270924,64.0,0.4389207584680827
2025,Eastern Washington,5.746567187865389,7.551031131402936,3.160486751637352,4.816050906609017,70.33333333333333,0.5269834828914254
2025,Northern Colorado,6.662986319987202,7.036910550339868,3.0576705903814205,4.87819781917467,66.33333333333333,0.4978635146884946
2025,Sacramento State,8.214445466410938,7.611450960191898,4.945416000111153,4.149136833249273,65.75,0.2820692989361679
2025,Idaho State,7.351229254450097,7.560407508508916,4.528222019214803,4.557989471635149,69.16666666666667,0.5880837255234183
2025,Northern Iowa,6.91040258135179,7.612550405167714,3.8296049060974067,4.546585568917913,61.416666666666664,0.4674325865131361
2025,Southern,5.784685494981892,8.25449428211044,3.572730951223239,4.917273465400588,60.083333333333336,0.417404475718057
2025,McNeese,6.284262735473068,8.296423673884776,4.068329838265524,5.716729271624609,66.91666666666667,0.40723227751295005
2025,Saint Francis,5.255284222793013,7.060748673235193,2.1936644591438648,5.474225818962668,59.45454545454545,0.5081505270303465
2025,Southeast Missouri State,5.973294249871734,8.876900013437863,2.08041220809049,4.850414667420991,70.58333333333333,0.5511441857445365
2025,Morgan State,5.430708153208455,8.320134653279744,3.614557242554244,4.64984388352316,64.54545454545455,0.39271163509737295
2025,Nicholls,6.034708198511176,7.314970873517161,3.62164903874111,4.921878364505156,63.166666666666664,0.4367301973505695
2025,Lindenwood,7.017044541646349,8.272620121021207,3.504921095139318,5.216766205911585,63.0,0.4469054730197955
2025,North Carolina Central,7.272629740180221,8.907932153033075,3.7800187702175236,4.271950903243894,67.41666666666667,0.4845790777079744
2025,Jackson State,7.998420267765,7.740057173458574,4.963312726243479,3.998751278211364,67.58333333333333,0.3497163403597457
2025,Alabama State,9.683559925867128,6.856430091942741,5.402337120298399,5.503240167761299,57.18181818181818,0.3974534926287191
2025,Tarleton State,9.49405781317198,7.03448145223737,4.457560484748661,4.65329418172247,68.85714285714286,0.4032362485809933
2025,Chattanooga,6.643009014995605,8.252328869038793,4.221431162543852,5.229063527601814,65.0,0.38178238444105905
2025,VMI,5.356738064109987,10.227880565490427,2.2765138132522815,5.891058336428362,61.333333333333336,0.5010939896890269
2025,Lamar,6.245240764851132,6.615312605967273,3.2703656468655695,3.993748628638123,62.666666666666664,0.4110619763108571
2025,Florida A&M,6.411732262110053,8.154855035433462,3.3138116804447937,5.359739897499944,63.72727272727273,0.4931002756050825
2025,Howard,5.050656557266313,8.787326639144426,2.3544008232236395,4.955607077511885,62.09090909090909,0.4430386986053327
2025,Monmouth,8.66620458826638,8.274565766269712,4.414633206600276,4.664430631887391,70.83333333333333,0.49505354148968744
2025,Prairie View A&M,7.809117083661403,7.008812375250099,4.107550832032315,4.297920797913842,64.42857142857143,0.44263041894031774
2025,Incarnate Word,6.725081695334171,7.769875834476004,3.16283900440671,3.7647761281333554,75.16666666666667,0.4757778788309251
2025,Holy Cross,5.511101526378977,7.646476307534186,3.511642696321321,4.265568875450803,61.166666666666664,0.43954983893621846
2025,New Hampshire,7.229950247682283,7.773410499858013,3.868574875972006,5.317814796912151,63.30769230769231,0.45275746978453746
2025,Rhode Island,9.27422265319071,7.006955228566421,4.041364944270283,4.402260406324305,64.07142857142857,0.4980103730649373
2025,Bentley,3.8801444630340454,9.310564415848976,0.7094542414081255,5.871307127943497,58.0,0.5689655172413793
2025,Brown,7.477668259322293,7.0394547217892125,2.6912811668665566,4.606535590911852,69.9,0.533437498712866
2025,Montana,8.885728113715052,7.754300837145605,4.173219733130825,3.8287669180858663,69.0,0.4797361120814968
2025,San Diego,6.528211082416874,8.687737694180784,3.682995043485867,3.3705325020790156,65.41666666666667,0.4259038160708557
2025,Western Oregon,6.418294531062221,10.75613583395129,2.058159270731536,4.124421953971469,69.0,0.5797101449275363
2025,Southern Utah,7.534706544180387,7.692492501600361,4.976397985173616,5.0848346856992785,66.81818181818181,0.4067136420131248
2025,Lincoln (CA),4.587879497847223,10.783614841003162,-0.5824021132863855,8.65195074765263,52.4,0.5755161420500403
2025,St. Thomas (MN),7.970277129001334,9.359926509095848,3.66873859443434,3.8601231650104215,61.75,0.4371184423752405
2025,Utah Tech,5.034991292132033,6.8076241229135634,3.471604279108347,4.6219565079950335,65.58333333333333,0.5134532036035724
2025,Central Washington,4.959239337771147,8.68136496746014,5.309987154001062,8.740973373295411,64.0,0.3125
2025,Sacred Heart,7.362844681852562,7.401161166666608,4.430107984707642,6.248132088600726,65.66666666666667,0.32896272069815596
2025,South Dakota State,8.045847160477928,6.074179336276499,3.654034119215821,3.0941086667672066,69.71428571428571,0.41296154007608565
2025,Mercyhurst,6.748126802140406,7.660111777112429,3.487208934377149,5.117090989252221,63.083333333333336,0.5454804121632749
2025,Chadron State,7.189891186519468,8.835020090292176,2.608592003701213,5.443069198382997,64.0,0.515625
2025,Hampton,5.678481012526035,7.5930702100849565,3.515393837239204,6.455710588393089,61.666666666666664,0.3782705022843675
2025,Davidson,5.745211068568557,10.003412145391785,3.033076620318725,6.654512597648157,63.333333333333336,0.47149283382514806
2025,Butler,5.6161059232213395,8.711267451397031,3.9911809619591625,5.2404227568316895,66.9090909090909,0.38823076000017803
2025,Tennessee State,4.880265830574401,7.3844810133728105,2.02681591529417,5.072458548974365,58.416666666666664,0.4921332054194767
2025,Dayton,7.2159978285204565,8.810893626484477,2.94655052912106,4.2740272073602394,62.54545454545455,0.4331600599551196
2025,Elizabeth City State,6.082581881782751,4.529740841164021,2.43228004999143,7.838194623235035,66.0,0.45454545454545453
2025,Stonehill,6.092769912496823,7.361761675741246,2.325211836501779,5.156937242557636,57.75,0.4624690476363307
2025,North Dakota State,11.175499892910672,5.349082809834773,5.201527498951956,3.1771668033933733,61.61538461538461,0.3400664276547522
2025,Cumberland (TN),2.7580912758853584,10.777338431779281,2.848449027860452,9.175502504406793,55.0,0.2909090909090909
2025,Valparaiso,5.490676840300193,8.766142994289906,2.907316824899785,5.593872080143722,57.75,0.42011196360952646
2025,West Georgia,5.765865068110117,7.997529872035409,3.8660183058006337,3.546500590960221,68.0909090909091,0.44532628991984546
2025,Morehead State,6.252046095196146,7.441551234941745,2.7765085319352067,6.051624025055514,59.75,0.4564750660899763
2025,Dartmouth,7.9117827173399675,7.15132732860476,4.331355615586789,3.842844892969878,64.7,0.42508679442732983
2025,Northeastern State,4.712729460845759,10.244356389805105,-0.1652479727931473,6.650013527387335,67.0,0.7611940298507462
2025,Mississippi Valley State,5.501785552744902,8.944705924140651,2.026937614297814,4.7062277692084,63.09090909090909,0.47181911463719434
2025,Lane College,1.322954154855505,7.7125413651489305,1.2044502211820505,5.97328993040936,55.0,0.36363636363636365
2025,Cornell,6.048119513078529,6.369428860870878,3.7955504553842916,4.716436865252291,72.0,0.4938838859021617
2025,Bowie State,2.631257959934012,6.050039723112948,7.276291968406952,5.682634265142949,74.0,0.6216216216216216
2025,Southern Connecticut State,7.842208040449309,15.757182580255805,1.3191491112640947,15.79103534915379,77.0,0.35064935064935066
2025,Morehouse,2.897934297467267,10.334726693636604,1.0592857318756932,5.746810504786996,61.0,0.4918032786885246
2025,Miles,5.983807390224225,8.015607580463389,0.7259974159988409,4.546957605336543,65.5,0.530367231638418
2025,Tuskegee,5.550513716232997,11.888973435834162,2.4757337689943624,3.322148665217885,51.0,0.5
2025,Edward Waters,3.156262763834932,8.76456493841295,1.017422482380347,5.714864915241544,70.0,0.5714285714285714
2025,Kentucky State,6.900582166419836,9.958749552272971,4.078210787610055,7.6137640286406665,64.0,0.46875
2025,Georgetown,5.956993048998328,7.856877459652573,3.34715227928614,4.75882029985847,68.33333333333333,0.42319118932896016
2025,Virginia Lynchburg,4.180005276153164,10.423927737123348,0.8649562372300741,7.41274300259023,60.0,0.497286160841148
2025,Virginia State,5.8497897607680445,7.205701937701036,3.589252813714965,6.9691460595200105,74.0,0.581081081081081
2025,Fayetteville State,3.4692401798017034,10.714660560184523,4.150139749026279,3.5735735695992905,53.0,0.32075471698113206
2025,UT Rio Grande Valley,7.644988012760578,7.355826058084445,4.75792475454504,4.408472224741792,60.25,0.46573272940976645
2025,Savannah State,4.424115802031433,8.579571218563089,0.6989596050489393,2.7097193130300354,71.0,0.5352112676056338
2025,McKendree,4.3547460213915254,9.558643749746249,2.6607341124925528,4.1549849442385325,79.0,0.5063291139240507
2025,Arkansas Baptist,2.267873195201202,8.5082075037003,1.173124872287883,8.678712969599932,53.0,0.5094339622641509
2025,Louisiana Christian,3.547928124895809,11.657993305870704,0.022061216698276098,7.500674903209841,60.0,0.4666666666666667
2025,Sul Ross State,1.8077186111023587,15.596347726581651,0.6115864477118196,6.671336937912871,41.0,0.26366366366366367
2025,Langston,3.5039946610291484,10.359727048211493,0.2287395284035325,9.225298382841398,59.5,0.5821898227558604
2025,Texas Wesleyan,7.374580579061883,7.397383837079308,0.8956220614128714,6.201804061173974,77.0,0.5194805194805194
2025,Stetson,4.1988942921908325,9.982556022767413,3.332990609470993,5.558571812235457,66.58333333333333,0.3874646432246737
2025,Drake,6.128683527438414,7.364807341471745,4.872144420755419,4.4568635132326,61.63636363636363,0.34326774518924474
2025,Thomas More,3.549913313916371,6.793340986367964,2.355745110741056,4.08460591890208,57.5,0.5340012143290831
2025,Harvard,8.688519156070392,7.252442915346514,4.47986032272076,3.848245246266055,67.63636363636364,0.4718947365006336
2025,Princeton,6.9382814736662315,7.153558160918675,3.5939937820737287,4.172933675859747,67.5,0.4760718184540648
2025,Pennsylvania,7.722725122603292,7.149734421666378,4.272811906575217,4.508906252132647,65.1,0.4901092794354428
2025,Presbyterian,6.625975885829224,6.760072883669353,4.29549043317063,3.967374992466947,64.58333333333333,0.4288904419770471
2025,Valdosta State,2.928257186069354,3.3259523521801437,-0.25122602762962376,7.270409851554709,60.0,0.5333333333333333
2025,Ferrum,1.5054809928111101,8.754899046448877,0.8255835833907992,7.72237053386441,60.0,0.35
2025,Marist,5.783884640276784,7.972881932610943,2.9265510661711747,4.241136199507485,64.66666666666667,0.4632879318562166
2025,Greensboro,3.2152232304042005,10.115501099756898,-1.4364414540331636,7.405886465434294,73.0,0.6301369863013698
2025,Upper Iowa,6.654319463430309,14.160685849055321,0.9203993590837689,3.4594758658635882,47.0,0.6382978723404256
2025,Allen,8.030490191819116,11.1907531388793,1.261032480621016,7.872908835045251,74.0,0.5135135135135135
2025,Kentucky Christian,9.232244577784028,14.283920840742654,3.098334067922603,7.94109065322707,48.0,0.5625
2025,Erskine,7.925491058425019,13.317155925730429,3.192647191860564,3.74109460397969,46.0,0.391304347826087
2025,BLUEFIELD,3.627872010805971,13.11715592573043,2.8620020305702414,6.315884519946077,59.0,0.4745762711864407
2025,Northern Michigan,4.98092650109662,10.715193085026181,2.8554571174348147,2.3487283608473204,73.0,0.2602739726027397
2025,Webber International,1.1522447818963113,10.741049495686504,2.3394046552367556,4.135418907343543,53.0,0.3584905660377358
2025,Warner,2.7437234786381666,21.591129240503093,0.9956546552367556,5.156349139901682,74.0,0.5675675675675675
2025,Adrian,5.8261111035797715,9.612759471636803,1.5361105733439118,4.324200641249787,63.0,0.38095238095238093
2025,Lehigh,8.813699164981859,6.968915693593994,5.461902227376153,2.5819893350462135,61.69230769230769,0.35243059193790915
2025,New Haven,6.477493169541214,8.501010560237,3.069694471021799,5.347088880471409,61.7,0.5552354875707886
2025,Yale,8.478071689252031,6.884834313450614,4.465170423705644,3.6751806898592503,68.08333333333333,0.3934919419692992
2025,Columbia,6.356081382536304,8.183412200265403,3.4313138474247724,4.285675182965362,66.4,0.491699342930931
2025,American International,5.707954373932969,12.520335718583748,1.2739629625090885,4.292652458853136,57.0,0.3508771929824561
2025,Lincoln (PA),5.930039800660005,11.449822296590368,-0.09687674451831685,5.097112625496994,60.0,0.6
2025,West Liberty,6.062494133537157,10.896366567632104,0.32866362512935243,7.506110378494063,66.0,0.5303030303030303
2025,Saint Anselm,3.0746019869590784,10.85616892187317,1.2382254622181867,5.8711718542322,54.0,0.6296296296296297
2025,Albany State,5.687954419860888,11.030601792773663,3.4529218567042266,3.3797164369092174,57.0,0.543859649122807
2025,Truman State,5.750832367895191,10.087673536853565,5.637405058911238,3.9773140338948156,51.0,0.6078431372549019
2025,Hanover,2.814107802138367,9.18394682877903,0.7207383922445714,4.06623929303284,56.0,0.4642857142857143
2025,Saginaw Valley State,4.490002000305756,8.681794933546103,4.560592618714416,7.144374840997191,72.0,0.5277777777777778
2025,Central State,3.16352642296384,7.944437203669583,0.09611125048657243,4.3591985145396315,55.0,0.41818181818181815
2025,Pace,7.725936664552579,6.358265521781397,-1.6209930590349442,6.938068534690885,52.0,0.5576923076923077
2025,Western Connecticut State,3.810576162985182,16.510439434824875,-0.4688191459914659,9.911041507663858,46.0,0.4782608695652174
