season,team,portal_in_ct,portal_out_ct,portal_net_ct,portal_in_wt,portal_out_wt,portal_net_wt,portal_in_blue,portal_out_blue,portal_net_blue
2015,Abilene Christian,0,0,0,0.0,0.0,0.0,0,0,0
2015,Adams,0,0,0,0.0,0.0,0.0,0,0,0
2015,Adams State,0,0,0,0.0,0.0,0.0,0,0,0
2015,Air Force,0,0,0,0.0,0.0,0.0,0,0,0
2015,Akron,0,0,0,0.0,0.0,0.0,0,0,0
2015,Alabama,0,0,0,0.0,0.0,0.0,0,0,0
2015,Alabama A&M,0,0,0,0.0,0.0,0.0,0,0,0
2015,Alabama State,0,0,0,0.0,0.0,0.0,0,0,0
2015,Albany,0,0,0,0.0,0.0,0.0,0,0,0
2015,Albany State,0,0,0,0.0,0.0,0.0,0,0,0
2015,Alcorn State,0,0,0,0.0,0.0,0.0,0,0,0
2015,Allen University,0,0,0,0.0,0.0,0.0,0,0,0
2015,American International,0,0,0,0.0,0.0,0.0,0,0,0
2015,American River C.C.,0,0,0,0.0,0.0,0.0,0,0,0
2015,Anderson,0,0,0,0.0,0.0,0.0,0,0,0
2015,Angelo State,0,0,0,0.0,0.0,0.0,0,0,0
2015,Anna Maria College,0,0,0,0.0,0.0,0.0,0,0,0
2015,App State,0,0,0,0.0,0.0,0.0,0,0,0
2015,Arizona,0,0,0,0.0,0.0,0.0,0,0,0
2015,Arizona State,0,0,0,0.0,0.0,0.0,0,0,0
2015,Arkansas,0,0,0,0.0,0.0,0.0,0,0,0
2015,Arkansas Monticello,0,0,0,0.0,0.0,0.0,0,0,0
2015,Arkansas State,0,0,0,0.0,0.0,0.0,0,0,0
2015,Arkansas Tech,0,0,0,0.0,0.0,0.0,0,0,0
2015,Arkansas-Pine Bluff,0,0,0,0.0,0.0,0.0,0,0,0
2015,Army,0,0,0,0.0,0.0,0.0,0,0,0
2015,Ashland,0,0,0,0.0,0.0,0.0,0,0,0
2015,Ashland University,0,0,0,0.0,0.0,0.0,0,0,0
2015,Assumption,0,0,0,0.0,0.0,0.0,0,0,0
2015,Auburn,0,0,0,0.0,0.0,0.0,0,0,0
2015,Augustana,0,0,0,0.0,0.0,0.0,0,0,0
2015,Aurora University,0,0,0,0.0,0.0,0.0,0,0,0
2015,Austin Peay,0,0,0,0.0,0.0,0.0,0,0,0
2015,Averett University,0,0,0,0.0,0.0,0.0,0,0,0
2015,Azusa Pacific,0,0,0,0.0,0.0,0.0,0,0,0
2015,BYU,0,0,0,0.0,0.0,0.0,0,0,0
2015,Ball State,0,0,0,0.0,0.0,0.0,0,0,0
2015,Barton,0,0,0,0.0,0.0,0.0,0,0,0
2015,Barton C.C.,0,0,0,0.0,0.0,0.0,0,0,0
2015,Baylor,0,0,0,0.0,0.0,0.0,0,0,0
2015,Bemidji State,0,0,0,0.0,0.0,0.0,0,0,0
2015,Benedict,0,0,0,0.0,0.0,0.0,0,0,0
2015,Benedict College,0,0,0,0.0,0.0,0.0,0,0,0
2015,Bethel,0,0,0,0.0,0.0,0.0,0,0,0
2015,Bethune-Cookman,0,0,0,0.0,0.0,0.0,0,0,0
2015,Black Hills State,0,0,0,0.0,0.0,0.0,0,0,0
2015,Blinn College,0,0,0,0.0,0.0,0.0,0,0,0
2015,Boise State,0,0,0,0.0,0.0,0.0,0,0,0
2015,Boston College,0,0,0,0.0,0.0,0.0,0,0,0
2015,Bowie State,0,0,0,0.0,0.0,0.0,0,0,0
2015,Bowling Green,0,0,0,0.0,0.0,0.0,0,0,0
2015,British Columbia,0,0,0,0.0,0.0,0.0,0,0,0
2015,Brown,0,0,0,0.0,0.0,0.0,0,0,0
2015,Bryant,0,0,0,0.0,0.0,0.0,0,0,0
2015,Bucknell,0,0,0,0.0,0.0,0.0,0,0,0
2015,Buffalo,0,0,0,0.0,0.0,0.0,0,0,0
2015,Butler,0,0,0,0.0,0.0,0.0,0,0,0
2015,Butler C.C.,0,0,0,0.0,0.0,0.0,0,0,0
2015,Butler County (KS),0,0,0,0.0,0.0,0.0,0,0,0
2015,CSU-Pueblo,0,0,0,0.0,0.0,0.0,0,0,0
2015,Cal Lutheran,0,0,0,0.0,0.0,0.0,0,0,0
2015,Cal Poly,0,0,0,0.0,0.0,0.0,0,0,0
2015,California,0,0,0,0.0,0.0,0.0,0,0,0
2015,California (PA),0,0,0,0.0,0.0,0.0,0,0,0
2015,"California, Pa.",0,0,0,0.0,0.0,0.0,0,0,0
2015,Campbell,0,0,0,0.0,0.0,0.0,0,0,0
2015,Campbellsville,0,0,0,0.0,0.0,0.0,0,0,0
2015,Carroll College,0,0,0,0.0,0.0,0.0,0,0,0
2015,Carson Newman,0,0,0,0.0,0.0,0.0,0,0,0
2015,Catawba,0,0,0,0.0,0.0,0.0,0,0,0
2015,Central Arkansas,0,0,0,0.0,0.0,0.0,0,0,0
2015,Central Connecticut,0,0,0,0.0,0.0,0.0,0,0,0
2015,Central Michigan,0,0,0,0.0,0.0,0.0,0,0,0
2015,Central Missouri,0,0,0,0.0,0.0,0.0,0,0,0
2015,Central Missouri State,0,0,0,0.0,0.0,0.0,0,0,0
2015,Central Oklahoma,0,0,0,0.0,0.0,0.0,0,0,0
2015,Central State,0,0,0,0.0,0.0,0.0,0,0,0
2015,Central Washington,0,0,0,0.0,0.0,0.0,0,0,0
2015,Cerritos College,0,0,0,0.0,0.0,0.0,0,0,0
2015,Chadron State,0,0,0,0.0,0.0,0.0,0,0,0
2015,Charleston Southern,0,0,0,0.0,0.0,0.0,0,0,0
2015,Charlotte,0,0,0,0.0,0.0,0.0,0,0,0
2015,Chattanooga,0,0,0,0.0,0.0,0.0,0,0,0
2015,Chowan,0,0,0,0.0,0.0,0.0,0,0,0
2015,Christopher Newport,0,0,0,0.0,0.0,0.0,0,0,0
2015,Cincinnati,0,0,0,0.0,0.0,0.0,0,0,0
2015,Cisco College,0,0,0,0.0,0.0,0.0,0,0,0
2015,City College of San Francisco,0,0,0,0.0,0.0,0.0,0,0,0
2015,Clarion,0,0,0,0.0,0.0,0.0,0,0,0
2015,Clark Atlanta,0,0,0,0.0,0.0,0.0,0,0,0
2015,Clemson,0,0,0,0.0,0.0,0.0,0,0,0
2015,Coastal Carolina,0,0,0,0.0,0.0,0.0,0,0,0
2015,Coffeyville C.C.,0,0,0,0.0,0.0,0.0,0,0,0
2015,Colgate,0,0,0,0.0,0.0,0.0,0,0,0
2015,College of Charleston,0,0,0,0.0,0.0,0.0,0,0,0
2015,College of Idaho,0,0,0,0.0,0.0,0.0,0,0,0
2015,College of San Mateo,0,0,0,0.0,0.0,0.0,0,0,0
2015,College of the Canyons,0,0,0,0.0,0.0,0.0,0,0,0
2015,College of the Sequoias,0,0,0,0.0,0.0,0.0,0,0,0
2015,Colorado,0,0,0,0.0,0.0,0.0,0,0,0
2015,Colorado Mesa,0,0,0,0.0,0.0,0.0,0,0,0
2015,Colorado School of Mines,0,0,0,0.0,0.0,0.0,0,0,0
2015,Colorado State,0,0,0,0.0,0.0,0.0,0,0,0
2015,Columbia,0,0,0,0.0,0.0,0.0,0,0,0
2015,Concord,0,0,0,0.0,0.0,0.0,0,0,0
2015,Concordia St. Paul,0,0,0,0.0,0.0,0.0,0,0,0
2015,Concordia University,0,0,0,0.0,0.0,0.0,0,0,0
2015,"Concordia University, St. Paul",0,0,0,0.0,0.0,0.0,0,0,0
2015,Copiah-Lincoln C.C.,0,0,0,0.0,0.0,0.0,0,0,0
2015,Cornell,0,0,0,0.0,0.0,0.0,0,0,0
2015,Dartmouth,0,0,0,0.0,0.0,0.0,0,0,0
2015,Davenport,0,0,0,0.0,0.0,0.0,0,0,0
2015,Davidson,0,0,0,0.0,0.0,0.0,0,0,0
2015,Dayton,0,0,0,0.0,0.0,0.0,0,0,0
2015,De Anza College,0,0,0,0.0,0.0,0.0,0,0,0
2015,Defiance College,0,0,0,0.0,0.0,0.0,0,0,0
2015,Delaware,0,0,0,0.0,0.0,0.0,0,0,0
2015,Delaware State,0,0,0,0.0,0.0,0.0,0,0,0
2015,Delta State,0,0,0,0.0,0.0,0.0,0,0,0
2015,Des Moines,0,0,0,0.0,0.0,0.0,0,0,0
2015,Drake,0,0,0,0.0,0.0,0.0,0,0,0
2015,Duke,0,0,0,0.0,0.0,0.0,0,0,0
2015,Duquesne,0,0,0,0.0,0.0,0.0,0,0,0
2015,East Carolina,0,0,0,0.0,0.0,0.0,0,0,0
2015,East Central,0,0,0,0.0,0.0,0.0,0,0,0
2015,East Central C.C.,0,0,0,0.0,0.0,0.0,0,0,0
2015,East Mississippi C.C.,0,0,0,0.0,0.0,0.0,0,0,0
2015,East Tennessee State,0,0,0,0.0,0.0,0.0,0,0,0
2015,East Texas A&M,0,0,0,0.0,0.0,0.0,0,0,0
2015,Eastern Illinois,0,0,0,0.0,0.0,0.0,0,0,0
2015,Eastern Kentucky,0,0,0,0.0,0.0,0.0,0,0,0
2015,Eastern Michigan,0,0,0,0.0,0.0,0.0,0,0,0
2015,Eastern New Mexico,0,0,0,0.0,0.0,0.0,0,0,0
2015,Eastern Washington,0,0,0,0.0,0.0,0.0,0,0,0
2015,Edinboro University,0,0,0,0.0,0.0,0.0,0,0,0
2015,Edward Waters,0,0,0,0.0,0.0,0.0,0,0,0
2015,El Camino College,0,0,0,0.0,0.0,0.0,0,0,0
2015,Elizabeth City State,0,0,0,0.0,0.0,0.0,0,0,0
2015,Elon,0,0,0,0.0,0.0,0.0,0,0,0
2015,Emory & Henry,0,0,0,0.0,0.0,0.0,0,0,0
2015,Emporia State,0,0,0,0.0,0.0,0.0,0,0,0
2015,Erskine,0,0,0,0.0,0.0,0.0,0,0,0
2015,Erskine College,0,0,0,0.0,0.0,0.0,0,0,0
2015,Exeter,0,0,0,0.0,0.0,0.0,0,0,0
2015,Fairmont State,0,0,0,0.0,0.0,0.0,0,0,0
2015,Faulkner University,0,0,0,0.0,0.0,0.0,0,0,0
2015,Fayetteville State,0,0,0,0.0,0.0,0.0,0,0,0
2015,Ferris State,0,0,0,0.0,0.0,0.0,0,0,0
2015,Ferrum College,0,0,0,0.0,0.0,0.0,0,0,0
2015,Findlay,0,0,0,0.0,0.0,0.0,0,0,0
2015,Florida,0,0,0,0.0,0.0,0.0,0,0,0
2015,Florida A&M,0,0,0,0.0,0.0,0.0,0,0,0
2015,Florida Atlantic,0,0,0,0.0,0.0,0.0,0,0,0
2015,Florida International,0,0,0,0.0,0.0,0.0,0,0,0
2015,Florida Memorial University,0,0,0,0.0,0.0,0.0,0,0,0
2015,Florida State,0,0,0,0.0,0.0,0.0,0,0,0
2015,Fordham,0,0,0,0.0,0.0,0.0,0,0,0
2015,Fort Hays,0,0,0,0.0,0.0,0.0,0,0,0
2015,Fort Valley State,0,0,0,0.0,0.0,0.0,0,0,0
2015,Franklin College,0,0,0,0.0,0.0,0.0,0,0,0
2015,Franklin Pierce,0,0,0,0.0,0.0,0.0,0,0,0
2015,Fresno State,0,0,0,0.0,0.0,0.0,0,0,0
2015,Frostburg State,0,0,0,0.0,0.0,0.0,0,0,0
2015,Furman,0,0,0,0.0,0.0,0.0,0,0,0
2015,Gannon,0,0,0,0.0,0.0,0.0,0,0,0
2015,Garden City C.C. ,0,0,0,0.0,0.0,0.0,0,0,0
2015,Gardner-Webb,0,0,0,0.0,0.0,0.0,0,0,0
2015,George Fox,0,0,0,0.0,0.0,0.0,0,0,0
2015,Georgetown,0,0,0,0.0,0.0,0.0,0,0,0
2015,Georgia,0,0,0,0.0,0.0,0.0,0,0,0
2015,Georgia Military,0,0,0,0.0,0.0,0.0,0,0,0
2015,Georgia Military College Prep,0,0,0,0.0,0.0,0.0,0,0,0
2015,Georgia Southern,0,0,0,0.0,0.0,0.0,0,0,0
2015,Georgia State,0,0,0,0.0,0.0,0.0,0,0,0
2015,Georgia Tech,0,0,0,0.0,0.0,0.0,0,0,0
2015,Glenville State ,0,0,0,0.0,0.0,0.0,0,0,0
2015,Grambling,0,0,0,0.0,0.0,0.0,0,0,0
2015,Grand Valley State,0,0,0,0.0,0.0,0.0,0,0,0
2015,Hampton,0,0,0,0.0,0.0,0.0,0,0,0
2015,Harding,0,0,0,0.0,0.0,0.0,0,0,0
2015,Harvard,0,0,0,0.0,0.0,0.0,0,0,0
2015,Hawai'i,0,0,0,0.0,0.0,0.0,0,0,0
2015,Heidelberg,0,0,0,0.0,0.0,0.0,0,0,0
2015,Henderson State,0,0,0,0.0,0.0,0.0,0,0,0
2015,Highland C.C.,0,0,0,0.0,0.0,0.0,0,0,0
2015,Hillsdale College,0,0,0,0.0,0.0,0.0,0,0,0
2015,Hinds C.C.,0,0,0,0.0,0.0,0.0,0,0,0
2015,Holmes C.C.,0,0,0,0.0,0.0,0.0,0,0,0
2015,Holy Cross,0,0,0,0.0,0.0,0.0,0,0,0
2015,Hope ,0,0,0,0.0,0.0,0.0,0,0,0
2015,Houston,0,0,0,0.0,0.0,0.0,0,0,0
2015,Houston Christian,0,0,0,0.0,0.0,0.0,0,0,0
2015,Howard,0,0,0,0.0,0.0,0.0,0,0,0
2015,Howard Payne,0,0,0,0.0,0.0,0.0,0,0,0
2015,Hutchinson C.C.,0,0,0,0.0,0.0,0.0,0,0,0
2015,IU Pennsylvania,0,0,0,0.0,0.0,0.0,0,0,0
2015,Idaho,0,0,0,0.0,0.0,0.0,0,0,0
2015,Idaho State,0,0,0,0.0,0.0,0.0,0,0,0
2015,Illinois,0,0,0,0.0,0.0,0.0,0,0,0
2015,Illinois State,0,0,0,0.0,0.0,0.0,0,0,0
2015,Incarnate Word,0,0,0,0.0,0.0,0.0,0,0,0
2015,Independence C.C.,0,0,0,0.0,0.0,0.0,0,0,0
2015,Indiana,0,0,0,0.0,0.0,0.0,0,0,0
2015,Indiana State,0,0,0,0.0,0.0,0.0,0,0,0
2015,Indiana Wesleyan,0,0,0,0.0,0.0,0.0,0,0,0
2015,Indianapolis,0,0,0,0.0,0.0,0.0,0,0,0
2015,Iowa,0,0,0,0.0,0.0,0.0,0,0,0
2015,Iowa Central C.C.,0,0,0,0.0,0.0,0.0,0,0,0
2015,Iowa State,0,0,0,0.0,0.0,0.0,0,0,0
2015,Iowa Western C.C.,0,0,0,0.0,0.0,0.0,0,0,0
2015,Itawamba C.C.,0,0,0,0.0,0.0,0.0,0,0,0
2015,Jackson State,0,0,0,0.0,0.0,0.0,0,0,0
2015,Jacksonville State,0,0,0,0.0,0.0,0.0,0,0,0
2015,James Madison,0,0,0,0.0,0.0,0.0,0,0,0
2015,Johns Hopkins,0,0,0,0.0,0.0,0.0,0,0,0
2015,Johnson C. Smith,0,0,0,0.0,0.0,0.0,0,0,0
2015,Johnson C. Smith University,0,0,0,0.0,0.0,0.0,0,0,0
2015,Kansas,0,0,0,0.0,0.0,0.0,0,0,0
2015,Kansas State,0,0,0,0.0,0.0,0.0,0,0,0
2015,Keiser (Fl),0,0,0,0.0,0.0,0.0,0,0,0
2015,Kennesaw State,0,0,0,0.0,0.0,0.0,0,0,0
2015,Kent State,0,0,0,0.0,0.0,0.0,0,0,0
2015,Kentucky,0,0,0,0.0,0.0,0.0,0,0,0
2015,Kentucky Christian,0,0,0,0.0,0.0,0.0,0,0,0
2015,Kentucky State,0,0,0,0.0,0.0,0.0,0,0,0
2015,Kentucky Wesleyan,0,0,0,0.0,0.0,0.0,0,0,0
2015,Kilgore College,0,0,0,0.0,0.0,0.0,0,0,0
2015,Kilgore J.C.,0,0,0,0.0,0.0,0.0,0,0,0
2015,King's College,0,0,0,0.0,0.0,0.0,0,0,0
2015,LIU Post,0,0,0,0.0,0.0,0.0,0,0,0
2015,LSU,0,0,0,0.0,0.0,0.0,0,0,0
2015,LaGrange,0,0,0,0.0,0.0,0.0,0,0,0
2015,Lackawanna College,0,0,0,0.0,0.0,0.0,0,0,0
2015,Lafayette,0,0,0,0.0,0.0,0.0,0,0,0
2015,Lake Erie,0,0,0,0.0,0.0,0.0,0,0,0
2015,Lake Erie College,0,0,0,0.0,0.0,0.0,0,0,0
2015,Lamar,0,0,0,0.0,0.0,0.0,0,0,0
2015,Lamar Christian School,0,0,0,0.0,0.0,0.0,0,0,0
2015,Lane College,0,0,0,0.0,0.0,0.0,0,0,0
2015,Laney College,0,0,0,0.0,0.0,0.0,0,0,0
2015,Laurier,0,0,0,0.0,0.0,0.0,0,0,0
2015,LeMoyne-Owen,0,0,0,0.0,0.0,0.0,0,0,0
2015,Lehigh,0,0,0,0.0,0.0,0.0,0,0,0
2015,Lenoir Rhyne,0,0,0,0.0,0.0,0.0,0,0,0
2015,Lenoir-Rhyne,0,0,0,0.0,0.0,0.0,0,0,0
2015,Liberty,0,0,0,0.0,0.0,0.0,0,0,0
2015,Limestone,0,0,0,0.0,0.0,0.0,0,0,0
2015,Limestone College,0,0,0,0.0,0.0,0.0,0,0,0
2015,Limestone University,0,0,0,0.0,0.0,0.0,0,0,0
2015,Lincoln (MO),0,0,0,0.0,0.0,0.0,0,0,0
2015,Lindenwood,0,0,0,0.0,0.0,0.0,0,0,0
2015,Lindenwood University,0,0,0,0.0,0.0,0.0,0,0,0
2015,Livingstone,0,0,0,0.0,0.0,0.0,0,0,0
2015,Livingstone College,0,0,0,0.0,0.0,0.0,0,0,0
2015,Lock Haven,0,0,0,0.0,0.0,0.0,0,0,0
2015,Long Beach City College,0,0,0,0.0,0.0,0.0,0,0,0
2015,Louisiana,0,0,0,0.0,0.0,0.0,0,0,0
2015,Louisiana Tech,0,0,0,0.0,0.0,0.0,0,0,0
2015,Louisville,0,0,0,0.0,0.0,0.0,0,0,0
2015,Maine,0,0,0,0.0,0.0,0.0,0,0,0
2015,Manitoba,0,0,0,0.0,0.0,0.0,0,0,0
2015,Marian,0,0,0,0.0,0.0,0.0,0,0,0
2015,Marian (IN),0,0,0,0.0,0.0,0.0,0,0,0
2015,Marist,0,0,0,0.0,0.0,0.0,0,0,0
2015,Mars Hill,0,0,0,0.0,0.0,0.0,0,0,0
2015,Marshall,0,0,0,0.0,0.0,0.0,0,0,0
2015,Mary Hardin Baylor,0,0,0,0.0,0.0,0.0,0,0,0
2015,Maryland,0,0,0,0.0,0.0,0.0,0,0,0
2015,Maryville College,0,0,0,0.0,0.0,0.0,0,0,0
2015,Massachusetts,0,0,0,0.0,0.0,0.0,0,0,0
2015,McKendree,0,0,0,0.0,0.0,0.0,0,0,0
2015,McMurry University,0,0,0,0.0,0.0,0.0,0,0,0
2015,McNeese,0,0,0,0.0,0.0,0.0,0,0,0
2015,Memphis,0,0,0,0.0,0.0,0.0,0,0,0
2015,Mercer,0,0,0,0.0,0.0,0.0,0,0,0
2015,Mercyhurst,0,0,0,0.0,0.0,0.0,0,0,0
2015,Mercyhurst College,0,0,0,0.0,0.0,0.0,0,0,0
2015,Merrimack,0,0,0,0.0,0.0,0.0,0,0,0
2015,Miami,0,0,0,0.0,0.0,0.0,0,0,0
2015,Miami (OH),0,0,0,0.0,0.0,0.0,0,0,0
2015,Michigan,0,0,0,0.0,0.0,0.0,0,0,0
2015,Michigan State,0,0,0,0.0,0.0,0.0,0,0,0
2015,MidAmerica Nazarene,0,0,0,0.0,0.0,0.0,0,0,0
2015,Middle Tennessee,0,0,0,0.0,0.0,0.0,0,0,0
2015,Midwestern State,0,0,0,0.0,0.0,0.0,0,0,0
2015,Miles,0,0,0,0.0,0.0,0.0,0,0,0
2015,Millersville,0,0,0,0.0,0.0,0.0,0,0,0
2015,Minnesota,0,0,0,0.0,0.0,0.0,0,0,0
2015,Minnesota Duluth,0,0,0,0.0,0.0,0.0,0,0,0
2015,Minnesota State,0,0,0,0.0,0.0,0.0,0,0,0
2015,Minot State,0,0,0,0.0,0.0,0.0,0,0,0
2015,Misericordia,0,0,0,0.0,0.0,0.0,0,0,0
2015,Mississippi College,0,0,0,0.0,0.0,0.0,0,0,0
2015,Mississippi Gulf Coast C.C.,0,0,0,0.0,0.0,0.0,0,0,0
2015,Mississippi State,0,0,0,0.0,0.0,0.0,0,0,0
2015,Mississippi Valley State,0,0,0,0.0,0.0,0.0,0,0,0
2015,Missouri,0,0,0,0.0,0.0,0.0,0,0,0
2015,Missouri S&T,0,0,0,0.0,0.0,0.0,0,0,0
2015,Missouri Southern State,0,0,0,0.0,0.0,0.0,0,0,0
2015,Missouri State,0,0,0,0.0,0.0,0.0,0,0,0
2015,Missouri Western State,0,0,0,0.0,0.0,0.0,0,0,0
2015,Monash University,0,0,0,0.0,0.0,0.0,0,0,0
2015,Monmouth,0,0,0,0.0,0.0,0.0,0,0,0
2015,Montana,0,0,0,0.0,0.0,0.0,0,0,0
2015,Montana State,0,0,0,0.0,0.0,0.0,0,0,0
2015,Montana Tech,0,0,0,0.0,0.0,0.0,0,0,0
2015,Montana Western,0,0,0,0.0,0.0,0.0,0,0,0
2015,Morehead State,0,0,0,0.0,0.0,0.0,0,0,0
2015,Morehouse,0,0,0,0.0,0.0,0.0,0,0,0
2015,Morgan State,0,0,0,0.0,0.0,0.0,0,0,0
2015,Mount St. Joseph,0,0,0,0.0,0.0,0.0,0,0,0
2015,Mount Union ,0,0,0,0.0,0.0,0.0,0,0,0
2015,Mt. San Antonio College,0,0,0,0.0,0.0,0.0,0,0,0
2015,Muhlenberg,0,0,0,0.0,0.0,0.0,0,0,0
2015,Murray State,0,0,0,0.0,0.0,0.0,0,0,0
2015,NC State,0,0,0,0.0,0.0,0.0,0,0,0
2015,Navarro College,0,0,0,0.0,0.0,0.0,0,0,0
2015,Navy,0,0,0,0.0,0.0,0.0,0,0,0
2015,Nebraska,0,0,0,0.0,0.0,0.0,0,0,0
2015,Nebraska Kearney,0,0,0,0.0,0.0,0.0,0,0,0
2015,Nebraska-Kearney,0,0,0,0.0,0.0,0.0,0,0,0
2015,Nevada,0,0,0,0.0,0.0,0.0,0,0,0
2015,New Hampshire,0,0,0,0.0,0.0,0.0,0,0,0
2015,New Haven,0,0,0,0.0,0.0,0.0,0,0,0
2015,New Mexico,0,0,0,0.0,0.0,0.0,0,0,0
2015,New Mexico Highlands,0,0,0,0.0,0.0,0.0,0,0,0
2015,New Mexico Military Institute,0,0,0,0.0,0.0,0.0,0,0,0
2015,New Mexico State,0,0,0,0.0,0.0,0.0,0,0,0
2015,Newberry,0,0,0,0.0,0.0,0.0,0,0,0
2015,Nicholls,0,0,0,0.0,0.0,0.0,0,0,0
2015,Norfolk State,0,0,0,0.0,0.0,0.0,0,0,0
2015,North Alabama,0,0,0,0.0,0.0,0.0,0,0,0
2015,North Carolina,0,0,0,0.0,0.0,0.0,0,0,0
2015,North Carolina A&T,0,0,0,0.0,0.0,0.0,0,0,0
2015,North Carolina Central,0,0,0,0.0,0.0,0.0,0,0,0
2015,North Central College,0,0,0,0.0,0.0,0.0,0,0,0
2015,North Dakota,0,0,0,0.0,0.0,0.0,0,0,0
2015,North Dakota State,0,0,0,0.0,0.0,0.0,0,0,0
2015,North Greenville,0,0,0,0.0,0.0,0.0,0,0,0
2015,North Texas,0,0,0,0.0,0.0,0.0,0,0,0
2015,Northeast Mississippi C.C.,0,0,0,0.0,0.0,0.0,0,0,0
2015,Northeastern Oklahoma A&M,0,0,0,0.0,0.0,0.0,0,0,0
2015,Northeastern State,0,0,0,0.0,0.0,0.0,0,0,0
2015,Northern Arizona,0,0,0,0.0,0.0,0.0,0,0,0
2015,Northern Colorado,0,0,0,0.0,0.0,0.0,0,0,0
2015,Northern Illinois,0,0,0,0.0,0.0,0.0,0,0,0
2015,Northern Iowa,0,0,0,0.0,0.0,0.0,0,0,0
2015,Northern Michigan,0,0,0,0.0,0.0,0.0,0,0,0
2015,Northern State,0,0,0,0.0,0.0,0.0,0,0,0
2015,Northwest Mississippi C.C.,0,0,0,0.0,0.0,0.0,0,0,0
2015,Northwest Missouri State,0,0,0,0.0,0.0,0.0,0,0,0
2015,Northwestern,0,0,0,0.0,0.0,0.0,0,0,0
2015,Northwestern State,0,0,0,0.0,0.0,0.0,0,0,0
2015,Northwood,0,0,0,0.0,0.0,0.0,0,0,0
2015,Notre Dame,0,0,0,0.0,0.0,0.0,0,0,0
2015,Notre Dame College,0,0,0,0.0,0.0,0.0,0,0,0
2015,Ohio,0,0,0,0.0,0.0,0.0,0,0,0
2015,Ohio Dominican,0,0,0,0.0,0.0,0.0,0,0,0
2015,Ohio State,0,0,0,0.0,0.0,0.0,0,0,0
2015,Oklahoma,0,0,0,0.0,0.0,0.0,0,0,0
2015,Oklahoma Baptist,0,0,0,0.0,0.0,0.0,0,0,0
2015,Oklahoma State,0,0,0,0.0,0.0,0.0,0,0,0
2015,Old Dominion,0,0,0,0.0,0.0,0.0,0,0,0
2015,Ole Miss,0,0,0,0.0,0.0,0.0,0,0,0
2015,Oregon,0,0,0,0.0,0.0,0.0,0,0,0
2015,Oregon State,0,0,0,0.0,0.0,0.0,0,0,0
2015,Ottawa,0,0,0,0.0,0.0,0.0,0,0,0
2015,Ouachita Baptist,0,0,0,0.0,0.0,0.0,0,0,0
2015,Ouachita Baptist University,0,0,0,0.0,0.0,0.0,0,0,0
2015,Pace,0,0,0,0.0,0.0,0.0,0,0,0
2015,Palomar College,0,0,0,0.0,0.0,0.0,0,0,0
2015,Penn State,0,0,0,0.0,0.0,0.0,0,0,0
2015,Pennsylvania,0,0,0,0.0,0.0,0.0,0,0,0
2015,Peru State,0,0,0,0.0,0.0,0.0,0,0,0
2015,Pikeville,0,0,0,0.0,0.0,0.0,0,0,0
2015,Pittsburg State,0,0,0,0.0,0.0,0.0,0,0,0
2015,Pittsburgh,0,0,0,0.0,0.0,0.0,0,0,0
2015,Portland State,0,0,0,0.0,0.0,0.0,0,0,0
2015,Prairie View A&M,0,0,0,0.0,0.0,0.0,0,0,0
2015,Presbyterian,0,0,0,0.0,0.0,0.0,0,0,0
2015,Princeton,0,0,0,0.0,0.0,0.0,0,0,0
2015,Professional,0,0,0,0.0,0.0,0.0,0,0,0
2015,Puget Sound,0,0,0,0.0,0.0,0.0,0,0,0
2015,Purdue,0,0,0,0.0,0.0,0.0,0,0,0
2015,Quincy,0,0,0,0.0,0.0,0.0,0,0,0
2015,Reinhardt,0,0,0,0.0,0.0,0.0,0,0,0
2015,Rhode Island,0,0,0,0.0,0.0,0.0,0,0,0
2015,Rice,0,0,0,0.0,0.0,0.0,0,0,0
2015,Richmond,0,0,0,0.0,0.0,0.0,0,0,0
2015,Riverside C.C.,0,0,0,0.0,0.0,0.0,0,0,0
2015,Roanoke,0,0,0,0.0,0.0,0.0,0,0,0
2015,Robert Morris,0,0,0,0.0,0.0,0.0,0,0,0
2015,Roosevelt,0,0,0,0.0,0.0,0.0,0,0,0
2015,Rutgers,0,0,0,0.0,0.0,0.0,0,0,0
2015,SE Louisiana,0,0,0,0.0,0.0,0.0,0,0,0
2015,SMU,0,0,0,0.0,0.0,0.0,0,0,0
2015,Sacramento State,0,0,0,0.0,0.0,0.0,0,0,0
2015,Sacred Heart,0,0,0,0.0,0.0,0.0,0,0,0
2015,Saddleback College,0,0,0,0.0,0.0,0.0,0,0,0
2015,Saginaw Valley State,0,0,0,0.0,0.0,0.0,0,0,0
2015,Saint Anselm,0,0,0,0.0,0.0,0.0,0,0,0
2015,Saint Francis,0,0,0,0.0,0.0,0.0,0,0,0
2015,Saint Francis (PA),0,0,0,0.0,0.0,0.0,0,0,0
2015,Salisbury University,0,0,0,0.0,0.0,0.0,0,0,0
2015,Sam Houston,0,0,0,0.0,0.0,0.0,0,0,0
2015,Samford,0,0,0,0.0,0.0,0.0,0,0,0
2015,San Diego,0,0,0,0.0,0.0,0.0,0,0,0
2015,San Diego State,0,0,0,0.0,0.0,0.0,0,0,0
2015,San José State,0,0,0,0.0,0.0,0.0,0,0,0
2015,Santa Rosa J.C.,0,0,0,0.0,0.0,0.0,0,0,0
2015,Savannah State,0,0,0,0.0,0.0,0.0,0,0,0
2015,Shaw,0,0,0,0.0,0.0,0.0,0,0,0
2015,Shepherd,0,0,0,0.0,0.0,0.0,0,0,0
2015,Shepherd University,0,0,0,0.0,0.0,0.0,0,0,0
2015,Shippensburg,0,0,0,0.0,0.0,0.0,0,0,0
2015,Shippensburg University,0,0,0,0.0,0.0,0.0,0,0,0
2015,Shorter,0,0,0,0.0,0.0,0.0,0,0,0
2015,Siena Heights,0,0,0,0.0,0.0,0.0,0,0,0
2015,Simon Fraser,0,0,0,0.0,0.0,0.0,0,0,0
2015,Simpson College,0,0,0,0.0,0.0,0.0,0,0,0
2015,Sioux Falls,0,0,0,0.0,0.0,0.0,0,0,0
2015,Slippery Rock,0,0,0,0.0,0.0,0.0,0,0,0
2015,Snow College,0,0,0,0.0,0.0,0.0,0,0,0
2015,South Alabama,0,0,0,0.0,0.0,0.0,0,0,0
2015,South Carolina,0,0,0,0.0,0.0,0.0,0,0,0
2015,South Carolina State,0,0,0,0.0,0.0,0.0,0,0,0
2015,South Dakota,0,0,0,0.0,0.0,0.0,0,0,0
2015,South Dakota Mines,0,0,0,0.0,0.0,0.0,0,0,0
2015,South Dakota State,0,0,0,0.0,0.0,0.0,0,0,0
2015,South Florida,0,0,0,0.0,0.0,0.0,0,0,0
2015,Southeast Missouri State,0,0,0,0.0,0.0,0.0,0,0,0
2015,Southeast Oklahoma State,0,0,0,0.0,0.0,0.0,0,0,0
2015,Southeastern,0,0,0,0.0,0.0,0.0,0,0,0
2015,Southeastern Louisiana,0,0,0,0.0,0.0,0.0,0,0,0
2015,Southern,0,0,0,0.0,0.0,0.0,0,0,0
2015,Southern Arkansas,0,0,0,0.0,0.0,0.0,0,0,0
2015,Southern Connecticut State,0,0,0,0.0,0.0,0.0,0,0,0
2015,Southern Illinois,0,0,0,0.0,0.0,0.0,0,0,0
2015,Southern Miss,0,0,0,0.0,0.0,0.0,0,0,0
2015,Southern Oregon,0,0,0,0.0,0.0,0.0,0,0,0
2015,Southern Utah,0,0,0,0.0,0.0,0.0,0,0,0
2015,Southwest Baptist,0,0,0,0.0,0.0,0.0,0,0,0
2015,Southwest Minnesota State,0,0,0,0.0,0.0,0.0,0,0,0
2015,Southwest Mississippi C.C.,0,0,0,0.0,0.0,0.0,0,0,0
2015,Southwestern (KS),0,0,0,0.0,0.0,0.0,0,0,0
2015,Southwestern Oklahoma State,0,0,0,0.0,0.0,0.0,0,0,0
2015,St. Thomas,0,0,0,0.0,0.0,0.0,0,0,0
2015,St. Thomas University,0,0,0,0.0,0.0,0.0,0,0,0
2015,St. Vincent,0,0,0,0.0,0.0,0.0,0,0,0
2015,Stanford,0,0,0,0.0,0.0,0.0,0,0,0
2015,Stephen F. Austin,0,0,0,0.0,0.0,0.0,0,0,0
2015,Stetson,0,0,0,0.0,0.0,0.0,0,0,0
2015,Stonehill,0,0,0,0.0,0.0,0.0,0,0,0
2015,Stony Brook,0,0,0,0.0,0.0,0.0,0,0,0
2015,Susquehanna,0,0,0,0.0,0.0,0.0,0,0,0
2015,Syracuse,0,0,0,0.0,0.0,0.0,0,0,0
2015,TCU,0,0,0,0.0,0.0,0.0,0,0,0
2015,Tarleton State,0,0,0,0.0,0.0,0.0,0,0,0
2015,Taylor,0,0,0,0.0,0.0,0.0,0,0,0
2015,Temple,0,0,0,0.0,0.0,0.0,0,0,0
2015,Tennessee,0,0,0,0.0,0.0,0.0,0,0,0
2015,Tennessee State,0,0,0,0.0,0.0,0.0,0,0,0
2015,Tennessee Tech,0,0,0,0.0,0.0,0.0,0,0,0
2015,Texas,0,0,0,0.0,0.0,0.0,0,0,0
2015,Texas A&M,0,0,0,0.0,0.0,0.0,0,0,0
2015,Texas A&M-Kingsville,0,0,0,0.0,0.0,0.0,0,0,0
2015,Texas Southern,0,0,0,0.0,0.0,0.0,0,0,0
2015,Texas State,0,0,0,0.0,0.0,0.0,0,0,0
2015,Texas Tech,0,0,0,0.0,0.0,0.0,0,0,0
2015,Texas-Permian Basin,0,0,0,0.0,0.0,0.0,0,0,0
2015,Texas-Rio Grande Valley,0,0,0,0.0,0.0,0.0,0,0,0
2015,The Citadel,0,0,0,0.0,0.0,0.0,0,0,0
2015,Thomas More,0,0,0,0.0,0.0,0.0,0,0,0
2015,Tiffin University,0,0,0,0.0,0.0,0.0,0,0,0
2015,Toledo,0,0,0,0.0,0.0,0.0,0,0,0
2015,Towson,0,0,0,0.0,0.0,0.0,0,0,0
2015,Trinity,0,0,0,0.0,0.0,0.0,0,0,0
2015,Trinity (Texas),0,0,0,0.0,0.0,0.0,0,0,0
2015,Trinity Valley C.C.,0,0,0,0.0,0.0,0.0,0,0,0
2015,Troy,0,0,0,0.0,0.0,0.0,0,0,0
2015,Truman State,0,0,0,0.0,0.0,0.0,0,0,0
2015,Tufts University,0,0,0,0.0,0.0,0.0,0,0,0
2015,Tulane,0,0,0,0.0,0.0,0.0,0,0,0
2015,Tulsa,0,0,0,0.0,0.0,0.0,0,0,0
2015,Tusculum,0,0,0,0.0,0.0,0.0,0,0,0
2015,Tuskegee,0,0,0,0.0,0.0,0.0,0,0,0
2015,Tyler J.C. ,0,0,0,0.0,0.0,0.0,0,0,0
2015,UAB,0,0,0,0.0,0.0,0.0,0,0,0
2015,UAlbany,0,0,0,0.0,0.0,0.0,0,0,0
2015,UC Davis,0,0,0,0.0,0.0,0.0,0,0,0
2015,UCF,0,0,0,0.0,0.0,0.0,0,0,0
2015,UCLA,0,0,0,0.0,0.0,0.0,0,0,0
2015,UConn,0,0,0,0.0,0.0,0.0,0,0,0
2015,UL Monroe,0,0,0,0.0,0.0,0.0,0,0,0
2015,UNC-Pembroke,0,0,0,0.0,0.0,0.0,0,0,0
2015,UNLV,0,0,0,0.0,0.0,0.0,0,0,0
2015,USC,0,0,0,0.0,0.0,0.0,0,0,0
2015,UT Martin,0,0,0,0.0,0.0,0.0,0,0,0
2015,UT-Rio Grande Valley,0,0,0,0.0,0.0,0.0,0,0,0
2015,UT-Rio Grande Valley (Do not use),0,0,0,0.0,0.0,0.0,0,0,0
2015,UTEP,0,0,0,0.0,0.0,0.0,0,0,0
2015,UTRGV,0,0,0,0.0,0.0,0.0,0,0,0
2015,UTSA,0,0,0,0.0,0.0,0.0,0,0,0
2015,UVA Wise,0,0,0,0.0,0.0,0.0,0,0,0
2015,University of Calgary,0,0,0,0.0,0.0,0.0,0,0,0
2015,University of Charleston,0,0,0,0.0,0.0,0.0,0,0,0
2015,University of Guelph,0,0,0,0.0,0.0,0.0,0,0,0
2015,University of Mary,0,0,0,0.0,0.0,0.0,0,0,0
2015,Upper Iowa,0,0,0,0.0,0.0,0.0,0,0,0
2015,Utah,0,0,0,0.0,0.0,0.0,0,0,0
2015,Utah State,0,0,0,0.0,0.0,0.0,0,0,0
2015,Utah Tech,0,0,0,0.0,0.0,0.0,0,0,0
2015,VMI,0,0,0,0.0,0.0,0.0,0,0,0
2015,Valdosta State,0,0,0,0.0,0.0,0.0,0,0,0
2015,Valparaiso,0,0,0,0.0,0.0,0.0,0,0,0
2015,Vanderbilt,0,0,0,0.0,0.0,0.0,0,0,0
2015,Villanova,0,0,0,0.0,0.0,0.0,0,0,0
2015,Virginia,0,0,0,0.0,0.0,0.0,0,0,0
2015,Virginia State,0,0,0,0.0,0.0,0.0,0,0,0
2015,Virginia Tech,0,0,0,0.0,0.0,0.0,0,0,0
2015,Virginia Union,0,0,0,0.0,0.0,0.0,0,0,0
2015,Wagner,0,0,0,0.0,0.0,0.0,0,0,0
2015,Wake Forest,0,0,0,0.0,0.0,0.0,0,0,0
2015,Walsh,0,0,0,0.0,0.0,0.0,0,0,0
2015,Warner University,0,0,0,0.0,0.0,0.0,0,0,0
2015,Washburn,0,0,0,0.0,0.0,0.0,0,0,0
2015,Washington,0,0,0,0.0,0.0,0.0,0,0,0
2015,Washington State,0,0,0,0.0,0.0,0.0,0,0,0
2015,Wayne State,0,0,0,0.0,0.0,0.0,0,0,0
2015,Wayne State College,0,0,0,0.0,0.0,0.0,0,0,0
2015,Weber State,0,0,0,0.0,0.0,0.0,0,0,0
2015,West Alabama,0,0,0,0.0,0.0,0.0,0,0,0
2015,West Chester,0,0,0,0.0,0.0,0.0,0,0,0
2015,West Florida,0,0,0,0.0,0.0,0.0,0,0,0
2015,West Georgia,0,0,0,0.0,0.0,0.0,0,0,0
2015,West Liberty,0,0,0,0.0,0.0,0.0,0,0,0
2015,West Texas,0,0,0,0.0,0.0,0.0,0,0,0
2015,West Virginia,0,0,0,0.0,0.0,0.0,0,0,0
2015,West Virginia State,0,0,0,0.0,0.0,0.0,0,0,0
2015,Western Carolina,0,0,0,0.0,0.0,0.0,0,0,0
2015,Western Colorado,0,0,0,0.0,0.0,0.0,0,0,0
2015,Western Connecticut State,0,0,0,0.0,0.0,0.0,0,0,0
2015,Western Illinois,0,0,0,0.0,0.0,0.0,0,0,0
2015,Western Kentucky,0,0,0,0.0,0.0,0.0,0,0,0
2015,Western Michigan,0,0,0,0.0,0.0,0.0,0,0,0
2015,Western New Mexico,0,0,0,0.0,0.0,0.0,0,0,0
2015,Western Oregon,0,0,0,0.0,0.0,0.0,0,0,0
2015,Wheeling,0,0,0,0.0,0.0,0.0,0,0,0
2015,William & Mary,0,0,0,0.0,0.0,0.0,0,0,0
2015,William Jewell College,0,0,0,0.0,0.0,0.0,0,0,0
2015,Wingate,0,0,0,0.0,0.0,0.0,0,0,0
2015,Winona State,0,0,0,0.0,0.0,0.0,0,0,0
2015,Winston-Salem State,0,0,0,0.0,0.0,0.0,0,0,0
2015,Wisconsin,0,0,0,0.0,0.0,0.0,0,0,0
2015,Wisconsin La Crosse,0,0,0,0.0,0.0,0.0,0,0,0
2015,Wisconsin-River Falls,0,0,0,0.0,0.0,0.0,0,0,0
2015,Wittenberg,0,0,0,0.0,0.0,0.0,0,0,0
2015,Wofford,0,0,0,0.0,0.0,0.0,0,0,0
2015,Wyoming,0,0,0,0.0,0.0,0.0,0,0,0
2015,Yale,0,0,0,0.0,0.0,0.0,0,0,0
2015,Youngstown State,0,0,0,0.0,0.0,0.0,0,0,0
2016,Abilene Christian,0,0,0,0.0,0.0,0.0,0,0,0
2016,Adams,0,0,0,0.0,0.0,0.0,0,0,0
2016,Adams State,0,0,0,0.0,0.0,0.0,0,0,0
2016,Air Force,0,0,0,0.0,0.0,0.0,0,0,0
2016,Akron,0,0,0,0.0,0.0,0.0,0,0,0
2016,Alabama,0,0,0,0.0,0.0,0.0,0,0,0
2016,Alabama A&M,0,0,0,0.0,0.0,0.0,0,0,0
2016,Alabama State,0,0,0,0.0,0.0,0.0,0,0,0
2016,Albany,0,0,0,0.0,0.0,0.0,0,0,0
2016,Albany State,0,0,0,0.0,0.0,0.0,0,0,0
2016,Alcorn State,0,0,0,0.0,0.0,0.0,0,0,0
2016,Allen University,0,0,0,0.0,0.0,0.0,0,0,0
2016,American International,0,0,0,0.0,0.0,0.0,0,0,0
2016,American River C.C.,0,0,0,0.0,0.0,0.0,0,0,0
2016,Anderson,0,0,0,0.0,0.0,0.0,0,0,0
2016,Angelo State,0,0,0,0.0,0.0,0.0,0,0,0
2016,Anna Maria College,0,0,0,0.0,0.0,0.0,0,0,0
2016,App State,0,0,0,0.0,0.0,0.0,0,0,0
2016,Arizona,0,0,0,0.0,0.0,0.0,0,0,0
2016,Arizona State,0,0,0,0.0,0.0,0.0,0,0,0
2016,Arkansas,0,0,0,0.0,0.0,0.0,0,0,0
2016,Arkansas Monticello,0,0,0,0.0,0.0,0.0,0,0,0
2016,Arkansas State,0,0,0,0.0,0.0,0.0,0,0,0
2016,Arkansas Tech,0,0,0,0.0,0.0,0.0,0,0,0
2016,Arkansas-Pine Bluff,0,0,0,0.0,0.0,0.0,0,0,0
2016,Army,0,0,0,0.0,0.0,0.0,0,0,0
2016,Ashland,0,0,0,0.0,0.0,0.0,0,0,0
2016,Ashland University,0,0,0,0.0,0.0,0.0,0,0,0
2016,Assumption,0,0,0,0.0,0.0,0.0,0,0,0
2016,Auburn,0,0,0,0.0,0.0,0.0,0,0,0
2016,Augustana,0,0,0,0.0,0.0,0.0,0,0,0
2016,Aurora University,0,0,0,0.0,0.0,0.0,0,0,0
2016,Austin Peay,0,0,0,0.0,0.0,0.0,0,0,0
2016,Averett University,0,0,0,0.0,0.0,0.0,0,0,0
2016,Azusa Pacific,0,0,0,0.0,0.0,0.0,0,0,0
2016,BYU,0,0,0,0.0,0.0,0.0,0,0,0
2016,Ball State,0,0,0,0.0,0.0,0.0,0,0,0
2016,Barton,0,0,0,0.0,0.0,0.0,0,0,0
2016,Barton C.C.,0,0,0,0.0,0.0,0.0,0,0,0
2016,Baylor,0,0,0,0.0,0.0,0.0,0,0,0
2016,Bemidji State,0,0,0,0.0,0.0,0.0,0,0,0
2016,Benedict,0,0,0,0.0,0.0,0.0,0,0,0
2016,Benedict College,0,0,0,0.0,0.0,0.0,0,0,0
2016,Bethel,0,0,0,0.0,0.0,0.0,0,0,0
2016,Bethune-Cookman,0,0,0,0.0,0.0,0.0,0,0,0
2016,Black Hills State,0,0,0,0.0,0.0,0.0,0,0,0
2016,Blinn College,0,0,0,0.0,0.0,0.0,0,0,0
2016,Boise State,0,0,0,0.0,0.0,0.0,0,0,0
2016,Boston College,0,0,0,0.0,0.0,0.0,0,0,0
2016,Bowie State,0,0,0,0.0,0.0,0.0,0,0,0
2016,Bowling Green,0,0,0,0.0,0.0,0.0,0,0,0
2016,British Columbia,0,0,0,0.0,0.0,0.0,0,0,0
2016,Brown,0,0,0,0.0,0.0,0.0,0,0,0
2016,Bryant,0,0,0,0.0,0.0,0.0,0,0,0
2016,Bucknell,0,0,0,0.0,0.0,0.0,0,0,0
2016,Buffalo,0,0,0,0.0,0.0,0.0,0,0,0
2016,Butler,0,0,0,0.0,0.0,0.0,0,0,0
2016,Butler C.C.,0,0,0,0.0,0.0,0.0,0,0,0
2016,Butler County (KS),0,0,0,0.0,0.0,0.0,0,0,0
2016,CSU-Pueblo,0,0,0,0.0,0.0,0.0,0,0,0
2016,Cal Lutheran,0,0,0,0.0,0.0,0.0,0,0,0
2016,Cal Poly,0,0,0,0.0,0.0,0.0,0,0,0
2016,California,0,0,0,0.0,0.0,0.0,0,0,0
2016,California (PA),0,0,0,0.0,0.0,0.0,0,0,0
2016,"California, Pa.",0,0,0,0.0,0.0,0.0,0,0,0
2016,Campbell,0,0,0,0.0,0.0,0.0,0,0,0
2016,Campbellsville,0,0,0,0.0,0.0,0.0,0,0,0
2016,Carroll College,0,0,0,0.0,0.0,0.0,0,0,0
2016,Carson Newman,0,0,0,0.0,0.0,0.0,0,0,0
2016,Catawba,0,0,0,0.0,0.0,0.0,0,0,0
2016,Central Arkansas,0,0,0,0.0,0.0,0.0,0,0,0
2016,Central Connecticut,0,0,0,0.0,0.0,0.0,0,0,0
2016,Central Michigan,0,0,0,0.0,0.0,0.0,0,0,0
2016,Central Missouri,0,0,0,0.0,0.0,0.0,0,0,0
2016,Central Missouri State,0,0,0,0.0,0.0,0.0,0,0,0
2016,Central Oklahoma,0,0,0,0.0,0.0,0.0,0,0,0
2016,Central State,0,0,0,0.0,0.0,0.0,0,0,0
2016,Central Washington,0,0,0,0.0,0.0,0.0,0,0,0
2016,Cerritos College,0,0,0,0.0,0.0,0.0,0,0,0
2016,Chadron State,0,0,0,0.0,0.0,0.0,0,0,0
2016,Charleston Southern,0,0,0,0.0,0.0,0.0,0,0,0
2016,Charlotte,0,0,0,0.0,0.0,0.0,0,0,0
2016,Chattanooga,0,0,0,0.0,0.0,0.0,0,0,0
2016,Chowan,0,0,0,0.0,0.0,0.0,0,0,0
2016,Christopher Newport,0,0,0,0.0,0.0,0.0,0,0,0
2016,Cincinnati,0,0,0,0.0,0.0,0.0,0,0,0
2016,Cisco College,0,0,0,0.0,0.0,0.0,0,0,0
2016,City College of San Francisco,0,0,0,0.0,0.0,0.0,0,0,0
2016,Clarion,0,0,0,0.0,0.0,0.0,0,0,0
2016,Clark Atlanta,0,0,0,0.0,0.0,0.0,0,0,0
2016,Clemson,0,0,0,0.0,0.0,0.0,0,0,0
2016,Coastal Carolina,0,0,0,0.0,0.0,0.0,0,0,0
2016,Coffeyville C.C.,0,0,0,0.0,0.0,0.0,0,0,0
2016,Colgate,0,0,0,0.0,0.0,0.0,0,0,0
2016,College of Charleston,0,0,0,0.0,0.0,0.0,0,0,0
2016,College of Idaho,0,0,0,0.0,0.0,0.0,0,0,0
2016,College of San Mateo,0,0,0,0.0,0.0,0.0,0,0,0
2016,College of the Canyons,0,0,0,0.0,0.0,0.0,0,0,0
2016,College of the Sequoias,0,0,0,0.0,0.0,0.0,0,0,0
2016,Colorado,0,0,0,0.0,0.0,0.0,0,0,0
2016,Colorado Mesa,0,0,0,0.0,0.0,0.0,0,0,0
2016,Colorado School of Mines,0,0,0,0.0,0.0,0.0,0,0,0
2016,Colorado State,0,0,0,0.0,0.0,0.0,0,0,0
2016,Columbia,0,0,0,0.0,0.0,0.0,0,0,0
2016,Concord,0,0,0,0.0,0.0,0.0,0,0,0
2016,Concordia St. Paul,0,0,0,0.0,0.0,0.0,0,0,0
2016,Concordia University,0,0,0,0.0,0.0,0.0,0,0,0
2016,"Concordia University, St. Paul",0,0,0,0.0,0.0,0.0,0,0,0
2016,Copiah-Lincoln C.C.,0,0,0,0.0,0.0,0.0,0,0,0
2016,Cornell,0,0,0,0.0,0.0,0.0,0,0,0
2016,Dartmouth,0,0,0,0.0,0.0,0.0,0,0,0
2016,Davenport,0,0,0,0.0,0.0,0.0,0,0,0
2016,Davidson,0,0,0,0.0,0.0,0.0,0,0,0
2016,Dayton,0,0,0,0.0,0.0,0.0,0,0,0
2016,De Anza College,0,0,0,0.0,0.0,0.0,0,0,0
2016,Defiance College,0,0,0,0.0,0.0,0.0,0,0,0
2016,Delaware,0,0,0,0.0,0.0,0.0,0,0,0
2016,Delaware State,0,0,0,0.0,0.0,0.0,0,0,0
2016,Delta State,0,0,0,0.0,0.0,0.0,0,0,0
2016,Des Moines,0,0,0,0.0,0.0,0.0,0,0,0
2016,Drake,0,0,0,0.0,0.0,0.0,0,0,0
2016,Duke,0,0,0,0.0,0.0,0.0,0,0,0
2016,Duquesne,0,0,0,0.0,0.0,0.0,0,0,0
2016,East Carolina,0,0,0,0.0,0.0,0.0,0,0,0
2016,East Central,0,0,0,0.0,0.0,0.0,0,0,0
2016,East Central C.C.,0,0,0,0.0,0.0,0.0,0,0,0
2016,East Mississippi C.C.,0,0,0,0.0,0.0,0.0,0,0,0
2016,East Tennessee State,0,0,0,0.0,0.0,0.0,0,0,0
2016,East Texas A&M,0,0,0,0.0,0.0,0.0,0,0,0
2016,Eastern Illinois,0,0,0,0.0,0.0,0.0,0,0,0
2016,Eastern Kentucky,0,0,0,0.0,0.0,0.0,0,0,0
2016,Eastern Michigan,0,0,0,0.0,0.0,0.0,0,0,0
2016,Eastern New Mexico,0,0,0,0.0,0.0,0.0,0,0,0
2016,Eastern Washington,0,0,0,0.0,0.0,0.0,0,0,0
2016,Edinboro University,0,0,0,0.0,0.0,0.0,0,0,0
2016,Edward Waters,0,0,0,0.0,0.0,0.0,0,0,0
2016,El Camino College,0,0,0,0.0,0.0,0.0,0,0,0
2016,Elizabeth City State,0,0,0,0.0,0.0,0.0,0,0,0
2016,Elon,0,0,0,0.0,0.0,0.0,0,0,0
2016,Emory & Henry,0,0,0,0.0,0.0,0.0,0,0,0
2016,Emporia State,0,0,0,0.0,0.0,0.0,0,0,0
2016,Erskine,0,0,0,0.0,0.0,0.0,0,0,0
2016,Erskine College,0,0,0,0.0,0.0,0.0,0,0,0
2016,Exeter,0,0,0,0.0,0.0,0.0,0,0,0
2016,Fairmont State,0,0,0,0.0,0.0,0.0,0,0,0
2016,Faulkner University,0,0,0,0.0,0.0,0.0,0,0,0
2016,Fayetteville State,0,0,0,0.0,0.0,0.0,0,0,0
2016,Ferris State,0,0,0,0.0,0.0,0.0,0,0,0
2016,Ferrum College,0,0,0,0.0,0.0,0.0,0,0,0
2016,Findlay,0,0,0,0.0,0.0,0.0,0,0,0
2016,Florida,0,0,0,0.0,0.0,0.0,0,0,0
2016,Florida A&M,0,0,0,0.0,0.0,0.0,0,0,0
2016,Florida Atlantic,0,0,0,0.0,0.0,0.0,0,0,0
2016,Florida International,0,0,0,0.0,0.0,0.0,0,0,0
2016,Florida Memorial University,0,0,0,0.0,0.0,0.0,0,0,0
2016,Florida State,0,0,0,0.0,0.0,0.0,0,0,0
2016,Fordham,0,0,0,0.0,0.0,0.0,0,0,0
2016,Fort Hays,0,0,0,0.0,0.0,0.0,0,0,0
2016,Fort Valley State,0,0,0,0.0,0.0,0.0,0,0,0
2016,Franklin College,0,0,0,0.0,0.0,0.0,0,0,0
2016,Franklin Pierce,0,0,0,0.0,0.0,0.0,0,0,0
2016,Fresno State,0,0,0,0.0,0.0,0.0,0,0,0
2016,Frostburg State,0,0,0,0.0,0.0,0.0,0,0,0
2016,Furman,0,0,0,0.0,0.0,0.0,0,0,0
2016,Gannon,0,0,0,0.0,0.0,0.0,0,0,0
2016,Garden City C.C. ,0,0,0,0.0,0.0,0.0,0,0,0
2016,Gardner-Webb,0,0,0,0.0,0.0,0.0,0,0,0
2016,George Fox,0,0,0,0.0,0.0,0.0,0,0,0
2016,Georgetown,0,0,0,0.0,0.0,0.0,0,0,0
2016,Georgia,0,0,0,0.0,0.0,0.0,0,0,0
2016,Georgia Military,0,0,0,0.0,0.0,0.0,0,0,0
2016,Georgia Military College Prep,0,0,0,0.0,0.0,0.0,0,0,0
2016,Georgia Southern,0,0,0,0.0,0.0,0.0,0,0,0
2016,Georgia State,0,0,0,0.0,0.0,0.0,0,0,0
2016,Georgia Tech,0,0,0,0.0,0.0,0.0,0,0,0
2016,Glenville State ,0,0,0,0.0,0.0,0.0,0,0,0
2016,Grambling,0,0,0,0.0,0.0,0.0,0,0,0
2016,Grand Valley State,0,0,0,0.0,0.0,0.0,0,0,0
2016,Hampton,0,0,0,0.0,0.0,0.0,0,0,0
2016,Harding,0,0,0,0.0,0.0,0.0,0,0,0
2016,Harvard,0,0,0,0.0,0.0,0.0,0,0,0
2016,Hawai'i,0,0,0,0.0,0.0,0.0,0,0,0
2016,Heidelberg,0,0,0,0.0,0.0,0.0,0,0,0
2016,Henderson State,0,0,0,0.0,0.0,0.0,0,0,0
2016,Highland C.C.,0,0,0,0.0,0.0,0.0,0,0,0
2016,Hillsdale College,0,0,0,0.0,0.0,0.0,0,0,0
2016,Hinds C.C.,0,0,0,0.0,0.0,0.0,0,0,0
2016,Holmes C.C.,0,0,0,0.0,0.0,0.0,0,0,0
2016,Holy Cross,0,0,0,0.0,0.0,0.0,0,0,0
2016,Hope ,0,0,0,0.0,0.0,0.0,0,0,0
2016,Houston,0,0,0,0.0,0.0,0.0,0,0,0
2016,Houston Christian,0,0,0,0.0,0.0,0.0,0,0,0
2016,Howard,0,0,0,0.0,0.0,0.0,0,0,0
2016,Howard Payne,0,0,0,0.0,0.0,0.0,0,0,0
2016,Hutchinson C.C.,0,0,0,0.0,0.0,0.0,0,0,0
2016,IU Pennsylvania,0,0,0,0.0,0.0,0.0,0,0,0
2016,Idaho,0,0,0,0.0,0.0,0.0,0,0,0
2016,Idaho State,0,0,0,0.0,0.0,0.0,0,0,0
2016,Illinois,0,0,0,0.0,0.0,0.0,0,0,0
2016,Illinois State,0,0,0,0.0,0.0,0.0,0,0,0
2016,Incarnate Word,0,0,0,0.0,0.0,0.0,0,0,0
2016,Independence C.C.,0,0,0,0.0,0.0,0.0,0,0,0
2016,Indiana,0,0,0,0.0,0.0,0.0,0,0,0
2016,Indiana State,0,0,0,0.0,0.0,0.0,0,0,0
2016,Indiana Wesleyan,0,0,0,0.0,0.0,0.0,0,0,0
2016,Indianapolis,0,0,0,0.0,0.0,0.0,0,0,0
2016,Iowa,0,0,0,0.0,0.0,0.0,0,0,0
2016,Iowa Central C.C.,0,0,0,0.0,0.0,0.0,0,0,0
2016,Iowa State,0,0,0,0.0,0.0,0.0,0,0,0
2016,Iowa Western C.C.,0,0,0,0.0,0.0,0.0,0,0,0
2016,Itawamba C.C.,0,0,0,0.0,0.0,0.0,0,0,0
2016,Jackson State,0,0,0,0.0,0.0,0.0,0,0,0
2016,Jacksonville State,0,0,0,0.0,0.0,0.0,0,0,0
2016,James Madison,0,0,0,0.0,0.0,0.0,0,0,0
2016,Johns Hopkins,0,0,0,0.0,0.0,0.0,0,0,0
2016,Johnson C. Smith,0,0,0,0.0,0.0,0.0,0,0,0
2016,Johnson C. Smith University,0,0,0,0.0,0.0,0.0,0,0,0
2016,Kansas,0,0,0,0.0,0.0,0.0,0,0,0
2016,Kansas State,0,0,0,0.0,0.0,0.0,0,0,0
2016,Keiser (Fl),0,0,0,0.0,0.0,0.0,0,0,0
2016,Kennesaw State,0,0,0,0.0,0.0,0.0,0,0,0
2016,Kent State,0,0,0,0.0,0.0,0.0,0,0,0
2016,Kentucky,0,0,0,0.0,0.0,0.0,0,0,0
2016,Kentucky Christian,0,0,0,0.0,0.0,0.0,0,0,0
2016,Kentucky State,0,0,0,0.0,0.0,0.0,0,0,0
2016,Kentucky Wesleyan,0,0,0,0.0,0.0,0.0,0,0,0
2016,Kilgore College,0,0,0,0.0,0.0,0.0,0,0,0
2016,Kilgore J.C.,0,0,0,0.0,0.0,0.0,0,0,0
2016,King's College,0,0,0,0.0,0.0,0.0,0,0,0
2016,LIU Post,0,0,0,0.0,0.0,0.0,0,0,0
2016,LSU,0,0,0,0.0,0.0,0.0,0,0,0
2016,LaGrange,0,0,0,0.0,0.0,0.0,0,0,0
2016,Lackawanna College,0,0,0,0.0,0.0,0.0,0,0,0
2016,Lafayette,0,0,0,0.0,0.0,0.0,0,0,0
2016,Lake Erie,0,0,0,0.0,0.0,0.0,0,0,0
2016,Lake Erie College,0,0,0,0.0,0.0,0.0,0,0,0
2016,Lamar,0,0,0,0.0,0.0,0.0,0,0,0
2016,Lamar Christian School,0,0,0,0.0,0.0,0.0,0,0,0
2016,Lane College,0,0,0,0.0,0.0,0.0,0,0,0
2016,Laney College,0,0,0,0.0,0.0,0.0,0,0,0
2016,Laurier,0,0,0,0.0,0.0,0.0,0,0,0
2016,LeMoyne-Owen,0,0,0,0.0,0.0,0.0,0,0,0
2016,Lehigh,0,0,0,0.0,0.0,0.0,0,0,0
2016,Lenoir Rhyne,0,0,0,0.0,0.0,0.0,0,0,0
2016,Lenoir-Rhyne,0,0,0,0.0,0.0,0.0,0,0,0
2016,Liberty,0,0,0,0.0,0.0,0.0,0,0,0
2016,Limestone,0,0,0,0.0,0.0,0.0,0,0,0
2016,Limestone College,0,0,0,0.0,0.0,0.0,0,0,0
2016,Limestone University,0,0,0,0.0,0.0,0.0,0,0,0
2016,Lincoln (MO),0,0,0,0.0,0.0,0.0,0,0,0
2016,Lindenwood,0,0,0,0.0,0.0,0.0,0,0,0
2016,Lindenwood University,0,0,0,0.0,0.0,0.0,0,0,0
2016,Livingstone,0,0,0,0.0,0.0,0.0,0,0,0
2016,Livingstone College,0,0,0,0.0,0.0,0.0,0,0,0
2016,Lock Haven,0,0,0,0.0,0.0,0.0,0,0,0
2016,Long Beach City College,0,0,0,0.0,0.0,0.0,0,0,0
2016,Louisiana,0,0,0,0.0,0.0,0.0,0,0,0
2016,Louisiana Tech,0,0,0,0.0,0.0,0.0,0,0,0
2016,Louisville,0,0,0,0.0,0.0,0.0,0,0,0
2016,Maine,0,0,0,0.0,0.0,0.0,0,0,0
2016,Manitoba,0,0,0,0.0,0.0,0.0,0,0,0
2016,Marian,0,0,0,0.0,0.0,0.0,0,0,0
2016,Marian (IN),0,0,0,0.0,0.0,0.0,0,0,0
2016,Marist,0,0,0,0.0,0.0,0.0,0,0,0
2016,Mars Hill,0,0,0,0.0,0.0,0.0,0,0,0
2016,Marshall,0,0,0,0.0,0.0,0.0,0,0,0
2016,Mary Hardin Baylor,0,0,0,0.0,0.0,0.0,0,0,0
2016,Maryland,0,0,0,0.0,0.0,0.0,0,0,0
2016,Maryville College,0,0,0,0.0,0.0,0.0,0,0,0
2016,Massachusetts,0,0,0,0.0,0.0,0.0,0,0,0
2016,McKendree,0,0,0,0.0,0.0,0.0,0,0,0
2016,McMurry University,0,0,0,0.0,0.0,0.0,0,0,0
2016,McNeese,0,0,0,0.0,0.0,0.0,0,0,0
2016,Memphis,0,0,0,0.0,0.0,0.0,0,0,0
2016,Mercer,0,0,0,0.0,0.0,0.0,0,0,0
2016,Mercyhurst,0,0,0,0.0,0.0,0.0,0,0,0
2016,Mercyhurst College,0,0,0,0.0,0.0,0.0,0,0,0
2016,Merrimack,0,0,0,0.0,0.0,0.0,0,0,0
2016,Miami,0,0,0,0.0,0.0,0.0,0,0,0
2016,Miami (OH),0,0,0,0.0,0.0,0.0,0,0,0
2016,Michigan,0,0,0,0.0,0.0,0.0,0,0,0
2016,Michigan State,0,0,0,0.0,0.0,0.0,0,0,0
2016,MidAmerica Nazarene,0,0,0,0.0,0.0,0.0,0,0,0
2016,Middle Tennessee,0,0,0,0.0,0.0,0.0,0,0,0
2016,Midwestern State,0,0,0,0.0,0.0,0.0,0,0,0
2016,Miles,0,0,0,0.0,0.0,0.0,0,0,0
2016,Millersville,0,0,0,0.0,0.0,0.0,0,0,0
2016,Minnesota,0,0,0,0.0,0.0,0.0,0,0,0
2016,Minnesota Duluth,0,0,0,0.0,0.0,0.0,0,0,0
2016,Minnesota State,0,0,0,0.0,0.0,0.0,0,0,0
2016,Minot State,0,0,0,0.0,0.0,0.0,0,0,0
2016,Misericordia,0,0,0,0.0,0.0,0.0,0,0,0
2016,Mississippi College,0,0,0,0.0,0.0,0.0,0,0,0
2016,Mississippi Gulf Coast C.C.,0,0,0,0.0,0.0,0.0,0,0,0
2016,Mississippi State,0,0,0,0.0,0.0,0.0,0,0,0
2016,Mississippi Valley State,0,0,0,0.0,0.0,0.0,0,0,0
2016,Missouri,0,0,0,0.0,0.0,0.0,0,0,0
2016,Missouri S&T,0,0,0,0.0,0.0,0.0,0,0,0
2016,Missouri Southern State,0,0,0,0.0,0.0,0.0,0,0,0
2016,Missouri State,0,0,0,0.0,0.0,0.0,0,0,0
2016,Missouri Western State,0,0,0,0.0,0.0,0.0,0,0,0
2016,Monash University,0,0,0,0.0,0.0,0.0,0,0,0
2016,Monmouth,0,0,0,0.0,0.0,0.0,0,0,0
2016,Montana,0,0,0,0.0,0.0,0.0,0,0,0
2016,Montana State,0,0,0,0.0,0.0,0.0,0,0,0
2016,Montana Tech,0,0,0,0.0,0.0,0.0,0,0,0
2016,Montana Western,0,0,0,0.0,0.0,0.0,0,0,0
2016,Morehead State,0,0,0,0.0,0.0,0.0,0,0,0
2016,Morehouse,0,0,0,0.0,0.0,0.0,0,0,0
2016,Morgan State,0,0,0,0.0,0.0,0.0,0,0,0
2016,Mount St. Joseph,0,0,0,0.0,0.0,0.0,0,0,0
2016,Mount Union ,0,0,0,0.0,0.0,0.0,0,0,0
2016,Mt. San Antonio College,0,0,0,0.0,0.0,0.0,0,0,0
2016,Muhlenberg,0,0,0,0.0,0.0,0.0,0,0,0
2016,Murray State,0,0,0,0.0,0.0,0.0,0,0,0
2016,NC State,0,0,0,0.0,0.0,0.0,0,0,0
2016,Navarro College,0,0,0,0.0,0.0,0.0,0,0,0
2016,Navy,0,0,0,0.0,0.0,0.0,0,0,0
2016,Nebraska,0,0,0,0.0,0.0,0.0,0,0,0
2016,Nebraska Kearney,0,0,0,0.0,0.0,0.0,0,0,0
2016,Nebraska-Kearney,0,0,0,0.0,0.0,0.0,0,0,0
2016,Nevada,0,0,0,0.0,0.0,0.0,0,0,0
2016,New Hampshire,0,0,0,0.0,0.0,0.0,0,0,0
2016,New Haven,0,0,0,0.0,0.0,0.0,0,0,0
2016,New Mexico,0,0,0,0.0,0.0,0.0,0,0,0
2016,New Mexico Highlands,0,0,0,0.0,0.0,0.0,0,0,0
2016,New Mexico Military Institute,0,0,0,0.0,0.0,0.0,0,0,0
2016,New Mexico State,0,0,0,0.0,0.0,0.0,0,0,0
2016,Newberry,0,0,0,0.0,0.0,0.0,0,0,0
2016,Nicholls,0,0,0,0.0,0.0,0.0,0,0,0
2016,Norfolk State,0,0,0,0.0,0.0,0.0,0,0,0
2016,North Alabama,0,0,0,0.0,0.0,0.0,0,0,0
2016,North Carolina,0,0,0,0.0,0.0,0.0,0,0,0
2016,North Carolina A&T,0,0,0,0.0,0.0,0.0,0,0,0
2016,North Carolina Central,0,0,0,0.0,0.0,0.0,0,0,0
2016,North Central College,0,0,0,0.0,0.0,0.0,0,0,0
2016,North Dakota,0,0,0,0.0,0.0,0.0,0,0,0
2016,North Dakota State,0,0,0,0.0,0.0,0.0,0,0,0
2016,North Greenville,0,0,0,0.0,0.0,0.0,0,0,0
2016,North Texas,0,0,0,0.0,0.0,0.0,0,0,0
2016,Northeast Mississippi C.C.,0,0,0,0.0,0.0,0.0,0,0,0
2016,Northeastern Oklahoma A&M,0,0,0,0.0,0.0,0.0,0,0,0
2016,Northeastern State,0,0,0,0.0,0.0,0.0,0,0,0
2016,Northern Arizona,0,0,0,0.0,0.0,0.0,0,0,0
2016,Northern Colorado,0,0,0,0.0,0.0,0.0,0,0,0
2016,Northern Illinois,0,0,0,0.0,0.0,0.0,0,0,0
2016,Northern Iowa,0,0,0,0.0,0.0,0.0,0,0,0
2016,Northern Michigan,0,0,0,0.0,0.0,0.0,0,0,0
2016,Northern State,0,0,0,0.0,0.0,0.0,0,0,0
2016,Northwest Mississippi C.C.,0,0,0,0.0,0.0,0.0,0,0,0
2016,Northwest Missouri State,0,0,0,0.0,0.0,0.0,0,0,0
2016,Northwestern,0,0,0,0.0,0.0,0.0,0,0,0
2016,Northwestern State,0,0,0,0.0,0.0,0.0,0,0,0
2016,Northwood,0,0,0,0.0,0.0,0.0,0,0,0
2016,Notre Dame,0,0,0,0.0,0.0,0.0,0,0,0
2016,Notre Dame College,0,0,0,0.0,0.0,0.0,0,0,0
2016,Ohio,0,0,0,0.0,0.0,0.0,0,0,0
2016,Ohio Dominican,0,0,0,0.0,0.0,0.0,0,0,0
2016,Ohio State,0,0,0,0.0,0.0,0.0,0,0,0
2016,Oklahoma,0,0,0,0.0,0.0,0.0,0,0,0
2016,Oklahoma Baptist,0,0,0,0.0,0.0,0.0,0,0,0
2016,Oklahoma State,0,0,0,0.0,0.0,0.0,0,0,0
2016,Old Dominion,0,0,0,0.0,0.0,0.0,0,0,0
2016,Ole Miss,0,0,0,0.0,0.0,0.0,0,0,0
2016,Oregon,0,0,0,0.0,0.0,0.0,0,0,0
2016,Oregon State,0,0,0,0.0,0.0,0.0,0,0,0
2016,Ottawa,0,0,0,0.0,0.0,0.0,0,0,0
2016,Ouachita Baptist,0,0,0,0.0,0.0,0.0,0,0,0
2016,Ouachita Baptist University,0,0,0,0.0,0.0,0.0,0,0,0
2016,Pace,0,0,0,0.0,0.0,0.0,0,0,0
2016,Palomar College,0,0,0,0.0,0.0,0.0,0,0,0
2016,Penn State,0,0,0,0.0,0.0,0.0,0,0,0
2016,Pennsylvania,0,0,0,0.0,0.0,0.0,0,0,0
2016,Peru State,0,0,0,0.0,0.0,0.0,0,0,0
2016,Pikeville,0,0,0,0.0,0.0,0.0,0,0,0
2016,Pittsburg State,0,0,0,0.0,0.0,0.0,0,0,0
2016,Pittsburgh,0,0,0,0.0,0.0,0.0,0,0,0
2016,Portland State,0,0,0,0.0,0.0,0.0,0,0,0
2016,Prairie View A&M,0,0,0,0.0,0.0,0.0,0,0,0
2016,Presbyterian,0,0,0,0.0,0.0,0.0,0,0,0
2016,Princeton,0,0,0,0.0,0.0,0.0,0,0,0
2016,Professional,0,0,0,0.0,0.0,0.0,0,0,0
2016,Puget Sound,0,0,0,0.0,0.0,0.0,0,0,0
2016,Purdue,0,0,0,0.0,0.0,0.0,0,0,0
2016,Quincy,0,0,0,0.0,0.0,0.0,0,0,0
2016,Reinhardt,0,0,0,0.0,0.0,0.0,0,0,0
2016,Rhode Island,0,0,0,0.0,0.0,0.0,0,0,0
2016,Rice,0,0,0,0.0,0.0,0.0,0,0,0
2016,Richmond,0,0,0,0.0,0.0,0.0,0,0,0
2016,Riverside C.C.,0,0,0,0.0,0.0,0.0,0,0,0
2016,Roanoke,0,0,0,0.0,0.0,0.0,0,0,0
2016,Robert Morris,0,0,0,0.0,0.0,0.0,0,0,0
2016,Roosevelt,0,0,0,0.0,0.0,0.0,0,0,0
2016,Rutgers,0,0,0,0.0,0.0,0.0,0,0,0
2016,SE Louisiana,0,0,0,0.0,0.0,0.0,0,0,0
2016,SMU,0,0,0,0.0,0.0,0.0,0,0,0
2016,Sacramento State,0,0,0,0.0,0.0,0.0,0,0,0
2016,Sacred Heart,0,0,0,0.0,0.0,0.0,0,0,0
2016,Saddleback College,0,0,0,0.0,0.0,0.0,0,0,0
2016,Saginaw Valley State,0,0,0,0.0,0.0,0.0,0,0,0
2016,Saint Anselm,0,0,0,0.0,0.0,0.0,0,0,0
2016,Saint Francis,0,0,0,0.0,0.0,0.0,0,0,0
2016,Saint Francis (PA),0,0,0,0.0,0.0,0.0,0,0,0
2016,Salisbury University,0,0,0,0.0,0.0,0.0,0,0,0
2016,Sam Houston,0,0,0,0.0,0.0,0.0,0,0,0
2016,Samford,0,0,0,0.0,0.0,0.0,0,0,0
2016,San Diego,0,0,0,0.0,0.0,0.0,0,0,0
2016,San Diego State,0,0,0,0.0,0.0,0.0,0,0,0
2016,San José State,0,0,0,0.0,0.0,0.0,0,0,0
2016,Santa Rosa J.C.,0,0,0,0.0,0.0,0.0,0,0,0
2016,Savannah State,0,0,0,0.0,0.0,0.0,0,0,0
2016,Shaw,0,0,0,0.0,0.0,0.0,0,0,0
2016,Shepherd,0,0,0,0.0,0.0,0.0,0,0,0
2016,Shepherd University,0,0,0,0.0,0.0,0.0,0,0,0
2016,Shippensburg,0,0,0,0.0,0.0,0.0,0,0,0
2016,Shippensburg University,0,0,0,0.0,0.0,0.0,0,0,0
2016,Shorter,0,0,0,0.0,0.0,0.0,0,0,0
2016,Siena Heights,0,0,0,0.0,0.0,0.0,0,0,0
2016,Simon Fraser,0,0,0,0.0,0.0,0.0,0,0,0
2016,Simpson College,0,0,0,0.0,0.0,0.0,0,0,0
2016,Sioux Falls,0,0,0,0.0,0.0,0.0,0,0,0
2016,Slippery Rock,0,0,0,0.0,0.0,0.0,0,0,0
2016,Snow College,0,0,0,0.0,0.0,0.0,0,0,0
2016,South Alabama,0,0,0,0.0,0.0,0.0,0,0,0
2016,South Carolina,0,0,0,0.0,0.0,0.0,0,0,0
2016,South Carolina State,0,0,0,0.0,0.0,0.0,0,0,0
2016,South Dakota,0,0,0,0.0,0.0,0.0,0,0,0
2016,South Dakota Mines,0,0,0,0.0,0.0,0.0,0,0,0
2016,South Dakota State,0,0,0,0.0,0.0,0.0,0,0,0
2016,South Florida,0,0,0,0.0,0.0,0.0,0,0,0
2016,Southeast Missouri State,0,0,0,0.0,0.0,0.0,0,0,0
2016,Southeast Oklahoma State,0,0,0,0.0,0.0,0.0,0,0,0
2016,Southeastern,0,0,0,0.0,0.0,0.0,0,0,0
2016,Southeastern Louisiana,0,0,0,0.0,0.0,0.0,0,0,0
2016,Southern,0,0,0,0.0,0.0,0.0,0,0,0
2016,Southern Arkansas,0,0,0,0.0,0.0,0.0,0,0,0
2016,Southern Connecticut State,0,0,0,0.0,0.0,0.0,0,0,0
2016,Southern Illinois,0,0,0,0.0,0.0,0.0,0,0,0
2016,Southern Miss,0,0,0,0.0,0.0,0.0,0,0,0
2016,Southern Oregon,0,0,0,0.0,0.0,0.0,0,0,0
2016,Southern Utah,0,0,0,0.0,0.0,0.0,0,0,0
2016,Southwest Baptist,0,0,0,0.0,0.0,0.0,0,0,0
2016,Southwest Minnesota State,0,0,0,0.0,0.0,0.0,0,0,0
2016,Southwest Mississippi C.C.,0,0,0,0.0,0.0,0.0,0,0,0
2016,Southwestern (KS),0,0,0,0.0,0.0,0.0,0,0,0
2016,Southwestern Oklahoma State,0,0,0,0.0,0.0,0.0,0,0,0
2016,St. Thomas,0,0,0,0.0,0.0,0.0,0,0,0
2016,St. Thomas University,0,0,0,0.0,0.0,0.0,0,0,0
2016,St. Vincent,0,0,0,0.0,0.0,0.0,0,0,0
2016,Stanford,0,0,0,0.0,0.0,0.0,0,0,0
2016,Stephen F. Austin,0,0,0,0.0,0.0,0.0,0,0,0
2016,Stetson,0,0,0,0.0,0.0,0.0,0,0,0
2016,Stonehill,0,0,0,0.0,0.0,0.0,0,0,0
2016,Stony Brook,0,0,0,0.0,0.0,0.0,0,0,0
2016,Susquehanna,0,0,0,0.0,0.0,0.0,0,0,0
2016,Syracuse,0,0,0,0.0,0.0,0.0,0,0,0
2016,TCU,0,0,0,0.0,0.0,0.0,0,0,0
2016,Tarleton State,0,0,0,0.0,0.0,0.0,0,0,0
2016,Taylor,0,0,0,0.0,0.0,0.0,0,0,0
2016,Temple,0,0,0,0.0,0.0,0.0,0,0,0
2016,Tennessee,0,0,0,0.0,0.0,0.0,0,0,0
2016,Tennessee State,0,0,0,0.0,0.0,0.0,0,0,0
2016,Tennessee Tech,0,0,0,0.0,0.0,0.0,0,0,0
2016,Texas,0,0,0,0.0,0.0,0.0,0,0,0
2016,Texas A&M,0,0,0,0.0,0.0,0.0,0,0,0
2016,Texas A&M-Kingsville,0,0,0,0.0,0.0,0.0,0,0,0
2016,Texas Southern,0,0,0,0.0,0.0,0.0,0,0,0
2016,Texas State,0,0,0,0.0,0.0,0.0,0,0,0
2016,Texas Tech,0,0,0,0.0,0.0,0.0,0,0,0
2016,Texas-Permian Basin,0,0,0,0.0,0.0,0.0,0,0,0
2016,Texas-Rio Grande Valley,0,0,0,0.0,0.0,0.0,0,0,0
2016,The Citadel,0,0,0,0.0,0.0,0.0,0,0,0
2016,Thomas More,0,0,0,0.0,0.0,0.0,0,0,0
2016,Tiffin University,0,0,0,0.0,0.0,0.0,0,0,0
2016,Toledo,0,0,0,0.0,0.0,0.0,0,0,0
2016,Towson,0,0,0,0.0,0.0,0.0,0,0,0
2016,Trinity,0,0,0,0.0,0.0,0.0,0,0,0
2016,Trinity (Texas),0,0,0,0.0,0.0,0.0,0,0,0
2016,Trinity Valley C.C.,0,0,0,0.0,0.0,0.0,0,0,0
2016,Troy,0,0,0,0.0,0.0,0.0,0,0,0
2016,Truman State,0,0,0,0.0,0.0,0.0,0,0,0
2016,Tufts University,0,0,0,0.0,0.0,0.0,0,0,0
2016,Tulane,0,0,0,0.0,0.0,0.0,0,0,0
2016,Tulsa,0,0,0,0.0,0.0,0.0,0,0,0
2016,Tusculum,0,0,0,0.0,0.0,0.0,0,0,0
2016,Tuskegee,0,0,0,0.0,0.0,0.0,0,0,0
2016,Tyler J.C. ,0,0,0,0.0,0.0,0.0,0,0,0
2016,UAB,0,0,0,0.0,0.0,0.0,0,0,0
2016,UAlbany,0,0,0,0.0,0.0,0.0,0,0,0
2016,UC Davis,0,0,0,0.0,0.0,0.0,0,0,0
2016,UCF,0,0,0,0.0,0.0,0.0,0,0,0
2016,UCLA,0,0,0,0.0,0.0,0.0,0,0,0
2016,UConn,0,0,0,0.0,0.0,0.0,0,0,0
2016,UL Monroe,0,0,0,0.0,0.0,0.0,0,0,0
2016,UNC-Pembroke,0,0,0,0.0,0.0,0.0,0,0,0
2016,UNLV,0,0,0,0.0,0.0,0.0,0,0,0
2016,USC,0,0,0,0.0,0.0,0.0,0,0,0
2016,UT Martin,0,0,0,0.0,0.0,0.0,0,0,0
2016,UT-Rio Grande Valley,0,0,0,0.0,0.0,0.0,0,0,0
2016,UT-Rio Grande Valley (Do not use),0,0,0,0.0,0.0,0.0,0,0,0
2016,UTEP,0,0,0,0.0,0.0,0.0,0,0,0
2016,UTRGV,0,0,0,0.0,0.0,0.0,0,0,0
2016,UTSA,0,0,0,0.0,0.0,0.0,0,0,0
2016,UVA Wise,0,0,0,0.0,0.0,0.0,0,0,0
2016,University of Calgary,0,0,0,0.0,0.0,0.0,0,0,0
2016,University of Charleston,0,0,0,0.0,0.0,0.0,0,0,0
2016,University of Guelph,0,0,0,0.0,0.0,0.0,0,0,0
2016,University of Mary,0,0,0,0.0,0.0,0.0,0,0,0
2016,Upper Iowa,0,0,0,0.0,0.0,0.0,0,0,0
2016,Utah,0,0,0,0.0,0.0,0.0,0,0,0
2016,Utah State,0,0,0,0.0,0.0,0.0,0,0,0
2016,Utah Tech,0,0,0,0.0,0.0,0.0,0,0,0
2016,VMI,0,0,0,0.0,0.0,0.0,0,0,0
2016,Valdosta State,0,0,0,0.0,0.0,0.0,0,0,0
2016,Valparaiso,0,0,0,0.0,0.0,0.0,0,0,0
2016,Vanderbilt,0,0,0,0.0,0.0,0.0,0,0,0
2016,Villanova,0,0,0,0.0,0.0,0.0,0,0,0
2016,Virginia,0,0,0,0.0,0.0,0.0,0,0,0
2016,Virginia State,0,0,0,0.0,0.0,0.0,0,0,0
2016,Virginia Tech,0,0,0,0.0,0.0,0.0,0,0,0
2016,Virginia Union,0,0,0,0.0,0.0,0.0,0,0,0
2016,Wagner,0,0,0,0.0,0.0,0.0,0,0,0
2016,Wake Forest,0,0,0,0.0,0.0,0.0,0,0,0
2016,Walsh,0,0,0,0.0,0.0,0.0,0,0,0
2016,Warner University,0,0,0,0.0,0.0,0.0,0,0,0
2016,Washburn,0,0,0,0.0,0.0,0.0,0,0,0
2016,Washington,0,0,0,0.0,0.0,0.0,0,0,0
2016,Washington State,0,0,0,0.0,0.0,0.0,0,0,0
2016,Wayne State,0,0,0,0.0,0.0,0.0,0,0,0
2016,Wayne State College,0,0,0,0.0,0.0,0.0,0,0,0
2016,Weber State,0,0,0,0.0,0.0,0.0,0,0,0
2016,West Alabama,0,0,0,0.0,0.0,0.0,0,0,0
2016,West Chester,0,0,0,0.0,0.0,0.0,0,0,0
2016,West Florida,0,0,0,0.0,0.0,0.0,0,0,0
2016,West Georgia,0,0,0,0.0,0.0,0.0,0,0,0
2016,West Liberty,0,0,0,0.0,0.0,0.0,0,0,0
2016,West Texas,0,0,0,0.0,0.0,0.0,0,0,0
2016,West Virginia,0,0,0,0.0,0.0,0.0,0,0,0
2016,West Virginia State,0,0,0,0.0,0.0,0.0,0,0,0
2016,Western Carolina,0,0,0,0.0,0.0,0.0,0,0,0
2016,Western Colorado,0,0,0,0.0,0.0,0.0,0,0,0
2016,Western Connecticut State,0,0,0,0.0,0.0,0.0,0,0,0
2016,Western Illinois,0,0,0,0.0,0.0,0.0,0,0,0
2016,Western Kentucky,0,0,0,0.0,0.0,0.0,0,0,0
2016,Western Michigan,0,0,0,0.0,0.0,0.0,0,0,0
2016,Western New Mexico,0,0,0,0.0,0.0,0.0,0,0,0
2016,Western Oregon,0,0,0,0.0,0.0,0.0,0,0,0
2016,Wheeling,0,0,0,0.0,0.0,0.0,0,0,0
2016,William & Mary,0,0,0,0.0,0.0,0.0,0,0,0
2016,William Jewell College,0,0,0,0.0,0.0,0.0,0,0,0
2016,Wingate,0,0,0,0.0,0.0,0.0,0,0,0
2016,Winona State,0,0,0,0.0,0.0,0.0,0,0,0
2016,Winston-Salem State,0,0,0,0.0,0.0,0.0,0,0,0
2016,Wisconsin,0,0,0,0.0,0.0,0.0,0,0,0
2016,Wisconsin La Crosse,0,0,0,0.0,0.0,0.0,0,0,0
2016,Wisconsin-River Falls,0,0,0,0.0,0.0,0.0,0,0,0
2016,Wittenberg,0,0,0,0.0,0.0,0.0,0,0,0
2016,Wofford,0,0,0,0.0,0.0,0.0,0,0,0
2016,Wyoming,0,0,0,0.0,0.0,0.0,0,0,0
2016,Yale,0,0,0,0.0,0.0,0.0,0,0,0
2016,Youngstown State,0,0,0,0.0,0.0,0.0,0,0,0
2017,Abilene Christian,0,0,0,0.0,0.0,0.0,0,0,0
2017,Adams,0,0,0,0.0,0.0,0.0,0,0,0
2017,Adams State,0,0,0,0.0,0.0,0.0,0,0,0
2017,Air Force,0,0,0,0.0,0.0,0.0,0,0,0
2017,Akron,0,0,0,0.0,0.0,0.0,0,0,0
2017,Alabama,0,0,0,0.0,0.0,0.0,0,0,0
2017,Alabama A&M,0,0,0,0.0,0.0,0.0,0,0,0
2017,Alabama State,0,0,0,0.0,0.0,0.0,0,0,0
2017,Albany,0,0,0,0.0,0.0,0.0,0,0,0
2017,Albany State,0,0,0,0.0,0.0,0.0,0,0,0
2017,Alcorn State,0,0,0,0.0,0.0,0.0,0,0,0
2017,Allen University,0,0,0,0.0,0.0,0.0,0,0,0
2017,American International,0,0,0,0.0,0.0,0.0,0,0,0
2017,American River C.C.,0,0,0,0.0,0.0,0.0,0,0,0
2017,Anderson,0,0,0,0.0,0.0,0.0,0,0,0
2017,Angelo State,0,0,0,0.0,0.0,0.0,0,0,0
2017,Anna Maria College,0,0,0,0.0,0.0,0.0,0,0,0
2017,App State,0,0,0,0.0,0.0,0.0,0,0,0
2017,Arizona,0,0,0,0.0,0.0,0.0,0,0,0
2017,Arizona State,0,0,0,0.0,0.0,0.0,0,0,0
2017,Arkansas,0,0,0,0.0,0.0,0.0,0,0,0
2017,Arkansas Monticello,0,0,0,0.0,0.0,0.0,0,0,0
2017,Arkansas State,0,0,0,0.0,0.0,0.0,0,0,0
2017,Arkansas Tech,0,0,0,0.0,0.0,0.0,0,0,0
2017,Arkansas-Pine Bluff,0,0,0,0.0,0.0,0.0,0,0,0
2017,Army,0,0,0,0.0,0.0,0.0,0,0,0
2017,Ashland,0,0,0,0.0,0.0,0.0,0,0,0
2017,Ashland University,0,0,0,0.0,0.0,0.0,0,0,0
2017,Assumption,0,0,0,0.0,0.0,0.0,0,0,0
2017,Auburn,0,0,0,0.0,0.0,0.0,0,0,0
2017,Augustana,0,0,0,0.0,0.0,0.0,0,0,0
2017,Aurora University,0,0,0,0.0,0.0,0.0,0,0,0
2017,Austin Peay,0,0,0,0.0,0.0,0.0,0,0,0
2017,Averett University,0,0,0,0.0,0.0,0.0,0,0,0
2017,Azusa Pacific,0,0,0,0.0,0.0,0.0,0,0,0
2017,BYU,0,0,0,0.0,0.0,0.0,0,0,0
2017,Ball State,0,0,0,0.0,0.0,0.0,0,0,0
2017,Barton,0,0,0,0.0,0.0,0.0,0,0,0
2017,Barton C.C.,0,0,0,0.0,0.0,0.0,0,0,0
2017,Baylor,0,0,0,0.0,0.0,0.0,0,0,0
2017,Bemidji State,0,0,0,0.0,0.0,0.0,0,0,0
2017,Benedict,0,0,0,0.0,0.0,0.0,0,0,0
2017,Benedict College,0,0,0,0.0,0.0,0.0,0,0,0
2017,Bethel,0,0,0,0.0,0.0,0.0,0,0,0
2017,Bethune-Cookman,0,0,0,0.0,0.0,0.0,0,0,0
2017,Black Hills State,0,0,0,0.0,0.0,0.0,0,0,0
2017,Blinn College,0,0,0,0.0,0.0,0.0,0,0,0
2017,Boise State,0,0,0,0.0,0.0,0.0,0,0,0
2017,Boston College,0,0,0,0.0,0.0,0.0,0,0,0
2017,Bowie State,0,0,0,0.0,0.0,0.0,0,0,0
2017,Bowling Green,0,0,0,0.0,0.0,0.0,0,0,0
2017,British Columbia,0,0,0,0.0,0.0,0.0,0,0,0
2017,Brown,0,0,0,0.0,0.0,0.0,0,0,0
2017,Bryant,0,0,0,0.0,0.0,0.0,0,0,0
2017,Bucknell,0,0,0,0.0,0.0,0.0,0,0,0
2017,Buffalo,0,0,0,0.0,0.0,0.0,0,0,0
2017,Butler,0,0,0,0.0,0.0,0.0,0,0,0
2017,Butler C.C.,0,0,0,0.0,0.0,0.0,0,0,0
2017,Butler County (KS),0,0,0,0.0,0.0,0.0,0,0,0
2017,CSU-Pueblo,0,0,0,0.0,0.0,0.0,0,0,0
2017,Cal Lutheran,0,0,0,0.0,0.0,0.0,0,0,0
2017,Cal Poly,0,0,0,0.0,0.0,0.0,0,0,0
2017,California,0,0,0,0.0,0.0,0.0,0,0,0
2017,California (PA),0,0,0,0.0,0.0,0.0,0,0,0
2017,"California, Pa.",0,0,0,0.0,0.0,0.0,0,0,0
2017,Campbell,0,0,0,0.0,0.0,0.0,0,0,0
2017,Campbellsville,0,0,0,0.0,0.0,0.0,0,0,0
2017,Carroll College,0,0,0,0.0,0.0,0.0,0,0,0
2017,Carson Newman,0,0,0,0.0,0.0,0.0,0,0,0
2017,Catawba,0,0,0,0.0,0.0,0.0,0,0,0
2017,Central Arkansas,0,0,0,0.0,0.0,0.0,0,0,0
2017,Central Connecticut,0,0,0,0.0,0.0,0.0,0,0,0
2017,Central Michigan,0,0,0,0.0,0.0,0.0,0,0,0
2017,Central Missouri,0,0,0,0.0,0.0,0.0,0,0,0
2017,Central Missouri State,0,0,0,0.0,0.0,0.0,0,0,0
2017,Central Oklahoma,0,0,0,0.0,0.0,0.0,0,0,0
2017,Central State,0,0,0,0.0,0.0,0.0,0,0,0
2017,Central Washington,0,0,0,0.0,0.0,0.0,0,0,0
2017,Cerritos College,0,0,0,0.0,0.0,0.0,0,0,0
2017,Chadron State,0,0,0,0.0,0.0,0.0,0,0,0
2017,Charleston Southern,0,0,0,0.0,0.0,0.0,0,0,0
2017,Charlotte,0,0,0,0.0,0.0,0.0,0,0,0
2017,Chattanooga,0,0,0,0.0,0.0,0.0,0,0,0
2017,Chowan,0,0,0,0.0,0.0,0.0,0,0,0
2017,Christopher Newport,0,0,0,0.0,0.0,0.0,0,0,0
2017,Cincinnati,0,0,0,0.0,0.0,0.0,0,0,0
2017,Cisco College,0,0,0,0.0,0.0,0.0,0,0,0
2017,City College of San Francisco,0,0,0,0.0,0.0,0.0,0,0,0
2017,Clarion,0,0,0,0.0,0.0,0.0,0,0,0
2017,Clark Atlanta,0,0,0,0.0,0.0,0.0,0,0,0
2017,Clemson,0,0,0,0.0,0.0,0.0,0,0,0
2017,Coastal Carolina,0,0,0,0.0,0.0,0.0,0,0,0
2017,Coffeyville C.C.,0,0,0,0.0,0.0,0.0,0,0,0
2017,Colgate,0,0,0,0.0,0.0,0.0,0,0,0
2017,College of Charleston,0,0,0,0.0,0.0,0.0,0,0,0
2017,College of Idaho,0,0,0,0.0,0.0,0.0,0,0,0
2017,College of San Mateo,0,0,0,0.0,0.0,0.0,0,0,0
2017,College of the Canyons,0,0,0,0.0,0.0,0.0,0,0,0
2017,College of the Sequoias,0,0,0,0.0,0.0,0.0,0,0,0
2017,Colorado,0,0,0,0.0,0.0,0.0,0,0,0
2017,Colorado Mesa,0,0,0,0.0,0.0,0.0,0,0,0
2017,Colorado School of Mines,0,0,0,0.0,0.0,0.0,0,0,0
2017,Colorado State,0,0,0,0.0,0.0,0.0,0,0,0
2017,Columbia,0,0,0,0.0,0.0,0.0,0,0,0
2017,Concord,0,0,0,0.0,0.0,0.0,0,0,0
2017,Concordia St. Paul,0,0,0,0.0,0.0,0.0,0,0,0
2017,Concordia University,0,0,0,0.0,0.0,0.0,0,0,0
2017,"Concordia University, St. Paul",0,0,0,0.0,0.0,0.0,0,0,0
2017,Copiah-Lincoln C.C.,0,0,0,0.0,0.0,0.0,0,0,0
2017,Cornell,0,0,0,0.0,0.0,0.0,0,0,0
2017,Dartmouth,0,0,0,0.0,0.0,0.0,0,0,0
2017,Davenport,0,0,0,0.0,0.0,0.0,0,0,0
2017,Davidson,0,0,0,0.0,0.0,0.0,0,0,0
2017,Dayton,0,0,0,0.0,0.0,0.0,0,0,0
2017,De Anza College,0,0,0,0.0,0.0,0.0,0,0,0
2017,Defiance College,0,0,0,0.0,0.0,0.0,0,0,0
2017,Delaware,0,0,0,0.0,0.0,0.0,0,0,0
2017,Delaware State,0,0,0,0.0,0.0,0.0,0,0,0
2017,Delta State,0,0,0,0.0,0.0,0.0,0,0,0
2017,Des Moines,0,0,0,0.0,0.0,0.0,0,0,0
2017,Drake,0,0,0,0.0,0.0,0.0,0,0,0
2017,Duke,0,0,0,0.0,0.0,0.0,0,0,0
2017,Duquesne,0,0,0,0.0,0.0,0.0,0,0,0
2017,East Carolina,0,0,0,0.0,0.0,0.0,0,0,0
2017,East Central,0,0,0,0.0,0.0,0.0,0,0,0
2017,East Central C.C.,0,0,0,0.0,0.0,0.0,0,0,0
2017,East Mississippi C.C.,0,0,0,0.0,0.0,0.0,0,0,0
2017,East Tennessee State,0,0,0,0.0,0.0,0.0,0,0,0
2017,East Texas A&M,0,0,0,0.0,0.0,0.0,0,0,0
2017,Eastern Illinois,0,0,0,0.0,0.0,0.0,0,0,0
2017,Eastern Kentucky,0,0,0,0.0,0.0,0.0,0,0,0
2017,Eastern Michigan,0,0,0,0.0,0.0,0.0,0,0,0
2017,Eastern New Mexico,0,0,0,0.0,0.0,0.0,0,0,0
2017,Eastern Washington,0,0,0,0.0,0.0,0.0,0,0,0
2017,Edinboro University,0,0,0,0.0,0.0,0.0,0,0,0
2017,Edward Waters,0,0,0,0.0,0.0,0.0,0,0,0
2017,El Camino College,0,0,0,0.0,0.0,0.0,0,0,0
2017,Elizabeth City State,0,0,0,0.0,0.0,0.0,0,0,0
2017,Elon,0,0,0,0.0,0.0,0.0,0,0,0
2017,Emory & Henry,0,0,0,0.0,0.0,0.0,0,0,0
2017,Emporia State,0,0,0,0.0,0.0,0.0,0,0,0
2017,Erskine,0,0,0,0.0,0.0,0.0,0,0,0
2017,Erskine College,0,0,0,0.0,0.0,0.0,0,0,0
2017,Exeter,0,0,0,0.0,0.0,0.0,0,0,0
2017,Fairmont State,0,0,0,0.0,0.0,0.0,0,0,0
2017,Faulkner University,0,0,0,0.0,0.0,0.0,0,0,0
2017,Fayetteville State,0,0,0,0.0,0.0,0.0,0,0,0
2017,Ferris State,0,0,0,0.0,0.0,0.0,0,0,0
2017,Ferrum College,0,0,0,0.0,0.0,0.0,0,0,0
2017,Findlay,0,0,0,0.0,0.0,0.0,0,0,0
2017,Florida,0,0,0,0.0,0.0,0.0,0,0,0
2017,Florida A&M,0,0,0,0.0,0.0,0.0,0,0,0
2017,Florida Atlantic,0,0,0,0.0,0.0,0.0,0,0,0
2017,Florida International,0,0,0,0.0,0.0,0.0,0,0,0
2017,Florida Memorial University,0,0,0,0.0,0.0,0.0,0,0,0
2017,Florida State,0,0,0,0.0,0.0,0.0,0,0,0
2017,Fordham,0,0,0,0.0,0.0,0.0,0,0,0
2017,Fort Hays,0,0,0,0.0,0.0,0.0,0,0,0
2017,Fort Valley State,0,0,0,0.0,0.0,0.0,0,0,0
2017,Franklin College,0,0,0,0.0,0.0,0.0,0,0,0
2017,Franklin Pierce,0,0,0,0.0,0.0,0.0,0,0,0
2017,Fresno State,0,0,0,0.0,0.0,0.0,0,0,0
2017,Frostburg State,0,0,0,0.0,0.0,0.0,0,0,0
2017,Furman,0,0,0,0.0,0.0,0.0,0,0,0
2017,Gannon,0,0,0,0.0,0.0,0.0,0,0,0
2017,Garden City C.C. ,0,0,0,0.0,0.0,0.0,0,0,0
2017,Gardner-Webb,0,0,0,0.0,0.0,0.0,0,0,0
2017,George Fox,0,0,0,0.0,0.0,0.0,0,0,0
2017,Georgetown,0,0,0,0.0,0.0,0.0,0,0,0
2017,Georgia,0,0,0,0.0,0.0,0.0,0,0,0
2017,Georgia Military,0,0,0,0.0,0.0,0.0,0,0,0
2017,Georgia Military College Prep,0,0,0,0.0,0.0,0.0,0,0,0
2017,Georgia Southern,0,0,0,0.0,0.0,0.0,0,0,0
2017,Georgia State,0,0,0,0.0,0.0,0.0,0,0,0
2017,Georgia Tech,0,0,0,0.0,0.0,0.0,0,0,0
2017,Glenville State ,0,0,0,0.0,0.0,0.0,0,0,0
2017,Grambling,0,0,0,0.0,0.0,0.0,0,0,0
2017,Grand Valley State,0,0,0,0.0,0.0,0.0,0,0,0
2017,Hampton,0,0,0,0.0,0.0,0.0,0,0,0
2017,Harding,0,0,0,0.0,0.0,0.0,0,0,0
2017,Harvard,0,0,0,0.0,0.0,0.0,0,0,0
2017,Hawai'i,0,0,0,0.0,0.0,0.0,0,0,0
2017,Heidelberg,0,0,0,0.0,0.0,0.0,0,0,0
2017,Henderson State,0,0,0,0.0,0.0,0.0,0,0,0
2017,Highland C.C.,0,0,0,0.0,0.0,0.0,0,0,0
2017,Hillsdale College,0,0,0,0.0,0.0,0.0,0,0,0
2017,Hinds C.C.,0,0,0,0.0,0.0,0.0,0,0,0
2017,Holmes C.C.,0,0,0,0.0,0.0,0.0,0,0,0
2017,Holy Cross,0,0,0,0.0,0.0,0.0,0,0,0
2017,Hope ,0,0,0,0.0,0.0,0.0,0,0,0
2017,Houston,0,0,0,0.0,0.0,0.0,0,0,0
2017,Houston Christian,0,0,0,0.0,0.0,0.0,0,0,0
2017,Howard,0,0,0,0.0,0.0,0.0,0,0,0
2017,Howard Payne,0,0,0,0.0,0.0,0.0,0,0,0
2017,Hutchinson C.C.,0,0,0,0.0,0.0,0.0,0,0,0
2017,IU Pennsylvania,0,0,0,0.0,0.0,0.0,0,0,0
2017,Idaho,0,0,0,0.0,0.0,0.0,0,0,0
2017,Idaho State,0,0,0,0.0,0.0,0.0,0,0,0
2017,Illinois,0,0,0,0.0,0.0,0.0,0,0,0
2017,Illinois State,0,0,0,0.0,0.0,0.0,0,0,0
2017,Incarnate Word,0,0,0,0.0,0.0,0.0,0,0,0
2017,Independence C.C.,0,0,0,0.0,0.0,0.0,0,0,0
2017,Indiana,0,0,0,0.0,0.0,0.0,0,0,0
2017,Indiana State,0,0,0,0.0,0.0,0.0,0,0,0
2017,Indiana Wesleyan,0,0,0,0.0,0.0,0.0,0,0,0
2017,Indianapolis,0,0,0,0.0,0.0,0.0,0,0,0
2017,Iowa,0,0,0,0.0,0.0,0.0,0,0,0
2017,Iowa Central C.C.,0,0,0,0.0,0.0,0.0,0,0,0
2017,Iowa State,0,0,0,0.0,0.0,0.0,0,0,0
2017,Iowa Western C.C.,0,0,0,0.0,0.0,0.0,0,0,0
2017,Itawamba C.C.,0,0,0,0.0,0.0,0.0,0,0,0
2017,Jackson State,0,0,0,0.0,0.0,0.0,0,0,0
2017,Jacksonville State,0,0,0,0.0,0.0,0.0,0,0,0
2017,James Madison,0,0,0,0.0,0.0,0.0,0,0,0
2017,Johns Hopkins,0,0,0,0.0,0.0,0.0,0,0,0
2017,Johnson C. Smith,0,0,0,0.0,0.0,0.0,0,0,0
2017,Johnson C. Smith University,0,0,0,0.0,0.0,0.0,0,0,0
2017,Kansas,0,0,0,0.0,0.0,0.0,0,0,0
2017,Kansas State,0,0,0,0.0,0.0,0.0,0,0,0
2017,Keiser (Fl),0,0,0,0.0,0.0,0.0,0,0,0
2017,Kennesaw State,0,0,0,0.0,0.0,0.0,0,0,0
2017,Kent State,0,0,0,0.0,0.0,0.0,0,0,0
2017,Kentucky,0,0,0,0.0,0.0,0.0,0,0,0
2017,Kentucky Christian,0,0,0,0.0,0.0,0.0,0,0,0
2017,Kentucky State,0,0,0,0.0,0.0,0.0,0,0,0
2017,Kentucky Wesleyan,0,0,0,0.0,0.0,0.0,0,0,0
2017,Kilgore College,0,0,0,0.0,0.0,0.0,0,0,0
2017,Kilgore J.C.,0,0,0,0.0,0.0,0.0,0,0,0
2017,King's College,0,0,0,0.0,0.0,0.0,0,0,0
2017,LIU Post,0,0,0,0.0,0.0,0.0,0,0,0
2017,LSU,0,0,0,0.0,0.0,0.0,0,0,0
2017,LaGrange,0,0,0,0.0,0.0,0.0,0,0,0
2017,Lackawanna College,0,0,0,0.0,0.0,0.0,0,0,0
2017,Lafayette,0,0,0,0.0,0.0,0.0,0,0,0
2017,Lake Erie,0,0,0,0.0,0.0,0.0,0,0,0
2017,Lake Erie College,0,0,0,0.0,0.0,0.0,0,0,0
2017,Lamar,0,0,0,0.0,0.0,0.0,0,0,0
2017,Lamar Christian School,0,0,0,0.0,0.0,0.0,0,0,0
2017,Lane College,0,0,0,0.0,0.0,0.0,0,0,0
2017,Laney College,0,0,0,0.0,0.0,0.0,0,0,0
2017,Laurier,0,0,0,0.0,0.0,0.0,0,0,0
2017,LeMoyne-Owen,0,0,0,0.0,0.0,0.0,0,0,0
2017,Lehigh,0,0,0,0.0,0.0,0.0,0,0,0
2017,Lenoir Rhyne,0,0,0,0.0,0.0,0.0,0,0,0
2017,Lenoir-Rhyne,0,0,0,0.0,0.0,0.0,0,0,0
2017,Liberty,0,0,0,0.0,0.0,0.0,0,0,0
2017,Limestone,0,0,0,0.0,0.0,0.0,0,0,0
2017,Limestone College,0,0,0,0.0,0.0,0.0,0,0,0
2017,Limestone University,0,0,0,0.0,0.0,0.0,0,0,0
2017,Lincoln (MO),0,0,0,0.0,0.0,0.0,0,0,0
2017,Lindenwood,0,0,0,0.0,0.0,0.0,0,0,0
2017,Lindenwood University,0,0,0,0.0,0.0,0.0,0,0,0
2017,Livingstone,0,0,0,0.0,0.0,0.0,0,0,0
2017,Livingstone College,0,0,0,0.0,0.0,0.0,0,0,0
2017,Lock Haven,0,0,0,0.0,0.0,0.0,0,0,0
2017,Long Beach City College,0,0,0,0.0,0.0,0.0,0,0,0
2017,Louisiana,0,0,0,0.0,0.0,0.0,0,0,0
2017,Louisiana Tech,0,0,0,0.0,0.0,0.0,0,0,0
2017,Louisville,0,0,0,0.0,0.0,0.0,0,0,0
2017,Maine,0,0,0,0.0,0.0,0.0,0,0,0
2017,Manitoba,0,0,0,0.0,0.0,0.0,0,0,0
2017,Marian,0,0,0,0.0,0.0,0.0,0,0,0
2017,Marian (IN),0,0,0,0.0,0.0,0.0,0,0,0
2017,Marist,0,0,0,0.0,0.0,0.0,0,0,0
2017,Mars Hill,0,0,0,0.0,0.0,0.0,0,0,0
2017,Marshall,0,0,0,0.0,0.0,0.0,0,0,0
2017,Mary Hardin Baylor,0,0,0,0.0,0.0,0.0,0,0,0
2017,Maryland,0,0,0,0.0,0.0,0.0,0,0,0
2017,Maryville College,0,0,0,0.0,0.0,0.0,0,0,0
2017,Massachusetts,0,0,0,0.0,0.0,0.0,0,0,0
2017,McKendree,0,0,0,0.0,0.0,0.0,0,0,0
2017,McMurry University,0,0,0,0.0,0.0,0.0,0,0,0
2017,McNeese,0,0,0,0.0,0.0,0.0,0,0,0
2017,Memphis,0,0,0,0.0,0.0,0.0,0,0,0
2017,Mercer,0,0,0,0.0,0.0,0.0,0,0,0
2017,Mercyhurst,0,0,0,0.0,0.0,0.0,0,0,0
2017,Mercyhurst College,0,0,0,0.0,0.0,0.0,0,0,0
2017,Merrimack,0,0,0,0.0,0.0,0.0,0,0,0
2017,Miami,0,0,0,0.0,0.0,0.0,0,0,0
2017,Miami (OH),0,0,0,0.0,0.0,0.0,0,0,0
2017,Michigan,0,0,0,0.0,0.0,0.0,0,0,0
2017,Michigan State,0,0,0,0.0,0.0,0.0,0,0,0
2017,MidAmerica Nazarene,0,0,0,0.0,0.0,0.0,0,0,0
2017,Middle Tennessee,0,0,0,0.0,0.0,0.0,0,0,0
2017,Midwestern State,0,0,0,0.0,0.0,0.0,0,0,0
2017,Miles,0,0,0,0.0,0.0,0.0,0,0,0
2017,Millersville,0,0,0,0.0,0.0,0.0,0,0,0
2017,Minnesota,0,0,0,0.0,0.0,0.0,0,0,0
2017,Minnesota Duluth,0,0,0,0.0,0.0,0.0,0,0,0
2017,Minnesota State,0,0,0,0.0,0.0,0.0,0,0,0
2017,Minot State,0,0,0,0.0,0.0,0.0,0,0,0
2017,Misericordia,0,0,0,0.0,0.0,0.0,0,0,0
2017,Mississippi College,0,0,0,0.0,0.0,0.0,0,0,0
2017,Mississippi Gulf Coast C.C.,0,0,0,0.0,0.0,0.0,0,0,0
2017,Mississippi State,0,0,0,0.0,0.0,0.0,0,0,0
2017,Mississippi Valley State,0,0,0,0.0,0.0,0.0,0,0,0
2017,Missouri,0,0,0,0.0,0.0,0.0,0,0,0
2017,Missouri S&T,0,0,0,0.0,0.0,0.0,0,0,0
2017,Missouri Southern State,0,0,0,0.0,0.0,0.0,0,0,0
2017,Missouri State,0,0,0,0.0,0.0,0.0,0,0,0
2017,Missouri Western State,0,0,0,0.0,0.0,0.0,0,0,0
2017,Monash University,0,0,0,0.0,0.0,0.0,0,0,0
2017,Monmouth,0,0,0,0.0,0.0,0.0,0,0,0
2017,Montana,0,0,0,0.0,0.0,0.0,0,0,0
2017,Montana State,0,0,0,0.0,0.0,0.0,0,0,0
2017,Montana Tech,0,0,0,0.0,0.0,0.0,0,0,0
2017,Montana Western,0,0,0,0.0,0.0,0.0,0,0,0
2017,Morehead State,0,0,0,0.0,0.0,0.0,0,0,0
2017,Morehouse,0,0,0,0.0,0.0,0.0,0,0,0
2017,Morgan State,0,0,0,0.0,0.0,0.0,0,0,0
2017,Mount St. Joseph,0,0,0,0.0,0.0,0.0,0,0,0
2017,Mount Union ,0,0,0,0.0,0.0,0.0,0,0,0
2017,Mt. San Antonio College,0,0,0,0.0,0.0,0.0,0,0,0
2017,Muhlenberg,0,0,0,0.0,0.0,0.0,0,0,0
2017,Murray State,0,0,0,0.0,0.0,0.0,0,0,0
2017,NC State,0,0,0,0.0,0.0,0.0,0,0,0
2017,Navarro College,0,0,0,0.0,0.0,0.0,0,0,0
2017,Navy,0,0,0,0.0,0.0,0.0,0,0,0
2017,Nebraska,0,0,0,0.0,0.0,0.0,0,0,0
2017,Nebraska Kearney,0,0,0,0.0,0.0,0.0,0,0,0
2017,Nebraska-Kearney,0,0,0,0.0,0.0,0.0,0,0,0
2017,Nevada,0,0,0,0.0,0.0,0.0,0,0,0
2017,New Hampshire,0,0,0,0.0,0.0,0.0,0,0,0
2017,New Haven,0,0,0,0.0,0.0,0.0,0,0,0
2017,New Mexico,0,0,0,0.0,0.0,0.0,0,0,0
2017,New Mexico Highlands,0,0,0,0.0,0.0,0.0,0,0,0
2017,New Mexico Military Institute,0,0,0,0.0,0.0,0.0,0,0,0
2017,New Mexico State,0,0,0,0.0,0.0,0.0,0,0,0
2017,Newberry,0,0,0,0.0,0.0,0.0,0,0,0
2017,Nicholls,0,0,0,0.0,0.0,0.0,0,0,0
2017,Norfolk State,0,0,0,0.0,0.0,0.0,0,0,0
2017,North Alabama,0,0,0,0.0,0.0,0.0,0,0,0
2017,North Carolina,0,0,0,0.0,0.0,0.0,0,0,0
2017,North Carolina A&T,0,0,0,0.0,0.0,0.0,0,0,0
2017,North Carolina Central,0,0,0,0.0,0.0,0.0,0,0,0
2017,North Central College,0,0,0,0.0,0.0,0.0,0,0,0
2017,North Dakota,0,0,0,0.0,0.0,0.0,0,0,0
2017,North Dakota State,0,0,0,0.0,0.0,0.0,0,0,0
2017,North Greenville,0,0,0,0.0,0.0,0.0,0,0,0
2017,North Texas,0,0,0,0.0,0.0,0.0,0,0,0
2017,Northeast Mississippi C.C.,0,0,0,0.0,0.0,0.0,0,0,0
2017,Northeastern Oklahoma A&M,0,0,0,0.0,0.0,0.0,0,0,0
2017,Northeastern State,0,0,0,0.0,0.0,0.0,0,0,0
2017,Northern Arizona,0,0,0,0.0,0.0,0.0,0,0,0
2017,Northern Colorado,0,0,0,0.0,0.0,0.0,0,0,0
2017,Northern Illinois,0,0,0,0.0,0.0,0.0,0,0,0
2017,Northern Iowa,0,0,0,0.0,0.0,0.0,0,0,0
2017,Northern Michigan,0,0,0,0.0,0.0,0.0,0,0,0
2017,Northern State,0,0,0,0.0,0.0,0.0,0,0,0
2017,Northwest Mississippi C.C.,0,0,0,0.0,0.0,0.0,0,0,0
2017,Northwest Missouri State,0,0,0,0.0,0.0,0.0,0,0,0
2017,Northwestern,0,0,0,0.0,0.0,0.0,0,0,0
2017,Northwestern State,0,0,0,0.0,0.0,0.0,0,0,0
2017,Northwood,0,0,0,0.0,0.0,0.0,0,0,0
2017,Notre Dame,0,0,0,0.0,0.0,0.0,0,0,0
2017,Notre Dame College,0,0,0,0.0,0.0,0.0,0,0,0
2017,Ohio,0,0,0,0.0,0.0,0.0,0,0,0
2017,Ohio Dominican,0,0,0,0.0,0.0,0.0,0,0,0
2017,Ohio State,0,0,0,0.0,0.0,0.0,0,0,0
2017,Oklahoma,0,0,0,0.0,0.0,0.0,0,0,0
2017,Oklahoma Baptist,0,0,0,0.0,0.0,0.0,0,0,0
2017,Oklahoma State,0,0,0,0.0,0.0,0.0,0,0,0
2017,Old Dominion,0,0,0,0.0,0.0,0.0,0,0,0
2017,Ole Miss,0,0,0,0.0,0.0,0.0,0,0,0
2017,Oregon,0,0,0,0.0,0.0,0.0,0,0,0
2017,Oregon State,0,0,0,0.0,0.0,0.0,0,0,0
2017,Ottawa,0,0,0,0.0,0.0,0.0,0,0,0
2017,Ouachita Baptist,0,0,0,0.0,0.0,0.0,0,0,0
2017,Ouachita Baptist University,0,0,0,0.0,0.0,0.0,0,0,0
2017,Pace,0,0,0,0.0,0.0,0.0,0,0,0
2017,Palomar College,0,0,0,0.0,0.0,0.0,0,0,0
2017,Penn State,0,0,0,0.0,0.0,0.0,0,0,0
2017,Pennsylvania,0,0,0,0.0,0.0,0.0,0,0,0
2017,Peru State,0,0,0,0.0,0.0,0.0,0,0,0
2017,Pikeville,0,0,0,0.0,0.0,0.0,0,0,0
2017,Pittsburg State,0,0,0,0.0,0.0,0.0,0,0,0
2017,Pittsburgh,0,0,0,0.0,0.0,0.0,0,0,0
2017,Portland State,0,0,0,0.0,0.0,0.0,0,0,0
2017,Prairie View A&M,0,0,0,0.0,0.0,0.0,0,0,0
2017,Presbyterian,0,0,0,0.0,0.0,0.0,0,0,0
2017,Princeton,0,0,0,0.0,0.0,0.0,0,0,0
2017,Professional,0,0,0,0.0,0.0,0.0,0,0,0
2017,Puget Sound,0,0,0,0.0,0.0,0.0,0,0,0
2017,Purdue,0,0,0,0.0,0.0,0.0,0,0,0
2017,Quincy,0,0,0,0.0,0.0,0.0,0,0,0
2017,Reinhardt,0,0,0,0.0,0.0,0.0,0,0,0
2017,Rhode Island,0,0,0,0.0,0.0,0.0,0,0,0
2017,Rice,0,0,0,0.0,0.0,0.0,0,0,0
2017,Richmond,0,0,0,0.0,0.0,0.0,0,0,0
2017,Riverside C.C.,0,0,0,0.0,0.0,0.0,0,0,0
2017,Roanoke,0,0,0,0.0,0.0,0.0,0,0,0
2017,Robert Morris,0,0,0,0.0,0.0,0.0,0,0,0
2017,Roosevelt,0,0,0,0.0,0.0,0.0,0,0,0
2017,Rutgers,0,0,0,0.0,0.0,0.0,0,0,0
2017,SE Louisiana,0,0,0,0.0,0.0,0.0,0,0,0
2017,SMU,0,0,0,0.0,0.0,0.0,0,0,0
2017,Sacramento State,0,0,0,0.0,0.0,0.0,0,0,0
2017,Sacred Heart,0,0,0,0.0,0.0,0.0,0,0,0
2017,Saddleback College,0,0,0,0.0,0.0,0.0,0,0,0
2017,Saginaw Valley State,0,0,0,0.0,0.0,0.0,0,0,0
2017,Saint Anselm,0,0,0,0.0,0.0,0.0,0,0,0
2017,Saint Francis,0,0,0,0.0,0.0,0.0,0,0,0
2017,Saint Francis (PA),0,0,0,0.0,0.0,0.0,0,0,0
2017,Salisbury University,0,0,0,0.0,0.0,0.0,0,0,0
2017,Sam Houston,0,0,0,0.0,0.0,0.0,0,0,0
2017,Samford,0,0,0,0.0,0.0,0.0,0,0,0
2017,San Diego,0,0,0,0.0,0.0,0.0,0,0,0
2017,San Diego State,0,0,0,0.0,0.0,0.0,0,0,0
2017,San José State,0,0,0,0.0,0.0,0.0,0,0,0
2017,Santa Rosa J.C.,0,0,0,0.0,0.0,0.0,0,0,0
2017,Savannah State,0,0,0,0.0,0.0,0.0,0,0,0
2017,Shaw,0,0,0,0.0,0.0,0.0,0,0,0
2017,Shepherd,0,0,0,0.0,0.0,0.0,0,0,0
2017,Shepherd University,0,0,0,0.0,0.0,0.0,0,0,0
2017,Shippensburg,0,0,0,0.0,0.0,0.0,0,0,0
2017,Shippensburg University,0,0,0,0.0,0.0,0.0,0,0,0
2017,Shorter,0,0,0,0.0,0.0,0.0,0,0,0
2017,Siena Heights,0,0,0,0.0,0.0,0.0,0,0,0
2017,Simon Fraser,0,0,0,0.0,0.0,0.0,0,0,0
2017,Simpson College,0,0,0,0.0,0.0,0.0,0,0,0
2017,Sioux Falls,0,0,0,0.0,0.0,0.0,0,0,0
2017,Slippery Rock,0,0,0,0.0,0.0,0.0,0,0,0
2017,Snow College,0,0,0,0.0,0.0,0.0,0,0,0
2017,South Alabama,0,0,0,0.0,0.0,0.0,0,0,0
2017,South Carolina,0,0,0,0.0,0.0,0.0,0,0,0
2017,South Carolina State,0,0,0,0.0,0.0,0.0,0,0,0
2017,South Dakota,0,0,0,0.0,0.0,0.0,0,0,0
2017,South Dakota Mines,0,0,0,0.0,0.0,0.0,0,0,0
2017,South Dakota State,0,0,0,0.0,0.0,0.0,0,0,0
2017,South Florida,0,0,0,0.0,0.0,0.0,0,0,0
2017,Southeast Missouri State,0,0,0,0.0,0.0,0.0,0,0,0
2017,Southeast Oklahoma State,0,0,0,0.0,0.0,0.0,0,0,0
2017,Southeastern,0,0,0,0.0,0.0,0.0,0,0,0
2017,Southeastern Louisiana,0,0,0,0.0,0.0,0.0,0,0,0
2017,Southern,0,0,0,0.0,0.0,0.0,0,0,0
2017,Southern Arkansas,0,0,0,0.0,0.0,0.0,0,0,0
2017,Southern Connecticut State,0,0,0,0.0,0.0,0.0,0,0,0
2017,Southern Illinois,0,0,0,0.0,0.0,0.0,0,0,0
2017,Southern Miss,0,0,0,0.0,0.0,0.0,0,0,0
2017,Southern Oregon,0,0,0,0.0,0.0,0.0,0,0,0
2017,Southern Utah,0,0,0,0.0,0.0,0.0,0,0,0
2017,Southwest Baptist,0,0,0,0.0,0.0,0.0,0,0,0
2017,Southwest Minnesota State,0,0,0,0.0,0.0,0.0,0,0,0
2017,Southwest Mississippi C.C.,0,0,0,0.0,0.0,0.0,0,0,0
2017,Southwestern (KS),0,0,0,0.0,0.0,0.0,0,0,0
2017,Southwestern Oklahoma State,0,0,0,0.0,0.0,0.0,0,0,0
2017,St. Thomas,0,0,0,0.0,0.0,0.0,0,0,0
2017,St. Thomas University,0,0,0,0.0,0.0,0.0,0,0,0
2017,St. Vincent,0,0,0,0.0,0.0,0.0,0,0,0
2017,Stanford,0,0,0,0.0,0.0,0.0,0,0,0
2017,Stephen F. Austin,0,0,0,0.0,0.0,0.0,0,0,0
2017,Stetson,0,0,0,0.0,0.0,0.0,0,0,0
2017,Stonehill,0,0,0,0.0,0.0,0.0,0,0,0
2017,Stony Brook,0,0,0,0.0,0.0,0.0,0,0,0
2017,Susquehanna,0,0,0,0.0,0.0,0.0,0,0,0
2017,Syracuse,0,0,0,0.0,0.0,0.0,0,0,0
2017,TCU,0,0,0,0.0,0.0,0.0,0,0,0
2017,Tarleton State,0,0,0,0.0,0.0,0.0,0,0,0
2017,Taylor,0,0,0,0.0,0.0,0.0,0,0,0
2017,Temple,0,0,0,0.0,0.0,0.0,0,0,0
2017,Tennessee,0,0,0,0.0,0.0,0.0,0,0,0
2017,Tennessee State,0,0,0,0.0,0.0,0.0,0,0,0
2017,Tennessee Tech,0,0,0,0.0,0.0,0.0,0,0,0
2017,Texas,0,0,0,0.0,0.0,0.0,0,0,0
2017,Texas A&M,0,0,0,0.0,0.0,0.0,0,0,0
2017,Texas A&M-Kingsville,0,0,0,0.0,0.0,0.0,0,0,0
2017,Texas Southern,0,0,0,0.0,0.0,0.0,0,0,0
2017,Texas State,0,0,0,0.0,0.0,0.0,0,0,0
2017,Texas Tech,0,0,0,0.0,0.0,0.0,0,0,0
2017,Texas-Permian Basin,0,0,0,0.0,0.0,0.0,0,0,0
2017,Texas-Rio Grande Valley,0,0,0,0.0,0.0,0.0,0,0,0
2017,The Citadel,0,0,0,0.0,0.0,0.0,0,0,0
2017,Thomas More,0,0,0,0.0,0.0,0.0,0,0,0
2017,Tiffin University,0,0,0,0.0,0.0,0.0,0,0,0
2017,Toledo,0,0,0,0.0,0.0,0.0,0,0,0
2017,Towson,0,0,0,0.0,0.0,0.0,0,0,0
2017,Trinity,0,0,0,0.0,0.0,0.0,0,0,0
2017,Trinity (Texas),0,0,0,0.0,0.0,0.0,0,0,0
2017,Trinity Valley C.C.,0,0,0,0.0,0.0,0.0,0,0,0
2017,Troy,0,0,0,0.0,0.0,0.0,0,0,0
2017,Truman State,0,0,0,0.0,0.0,0.0,0,0,0
2017,Tufts University,0,0,0,0.0,0.0,0.0,0,0,0
2017,Tulane,0,0,0,0.0,0.0,0.0,0,0,0
2017,Tulsa,0,0,0,0.0,0.0,0.0,0,0,0
2017,Tusculum,0,0,0,0.0,0.0,0.0,0,0,0
2017,Tuskegee,0,0,0,0.0,0.0,0.0,0,0,0
2017,Tyler J.C. ,0,0,0,0.0,0.0,0.0,0,0,0
2017,UAB,0,0,0,0.0,0.0,0.0,0,0,0
2017,UAlbany,0,0,0,0.0,0.0,0.0,0,0,0
2017,UC Davis,0,0,0,0.0,0.0,0.0,0,0,0
2017,UCF,0,0,0,0.0,0.0,0.0,0,0,0
2017,UCLA,0,0,0,0.0,0.0,0.0,0,0,0
2017,UConn,0,0,0,0.0,0.0,0.0,0,0,0
2017,UL Monroe,0,0,0,0.0,0.0,0.0,0,0,0
2017,UNC-Pembroke,0,0,0,0.0,0.0,0.0,0,0,0
2017,UNLV,0,0,0,0.0,0.0,0.0,0,0,0
2017,USC,0,0,0,0.0,0.0,0.0,0,0,0
2017,UT Martin,0,0,0,0.0,0.0,0.0,0,0,0
2017,UT-Rio Grande Valley,0,0,0,0.0,0.0,0.0,0,0,0
2017,UT-Rio Grande Valley (Do not use),0,0,0,0.0,0.0,0.0,0,0,0
2017,UTEP,0,0,0,0.0,0.0,0.0,0,0,0
2017,UTRGV,0,0,0,0.0,0.0,0.0,0,0,0
2017,UTSA,0,0,0,0.0,0.0,0.0,0,0,0
2017,UVA Wise,0,0,0,0.0,0.0,0.0,0,0,0
2017,University of Calgary,0,0,0,0.0,0.0,0.0,0,0,0
2017,University of Charleston,0,0,0,0.0,0.0,0.0,0,0,0
2017,University of Guelph,0,0,0,0.0,0.0,0.0,0,0,0
2017,University of Mary,0,0,0,0.0,0.0,0.0,0,0,0
2017,Upper Iowa,0,0,0,0.0,0.0,0.0,0,0,0
2017,Utah,0,0,0,0.0,0.0,0.0,0,0,0
2017,Utah State,0,0,0,0.0,0.0,0.0,0,0,0
2017,Utah Tech,0,0,0,0.0,0.0,0.0,0,0,0
2017,VMI,0,0,0,0.0,0.0,0.0,0,0,0
2017,Valdosta State,0,0,0,0.0,0.0,0.0,0,0,0
2017,Valparaiso,0,0,0,0.0,0.0,0.0,0,0,0
2017,Vanderbilt,0,0,0,0.0,0.0,0.0,0,0,0
2017,Villanova,0,0,0,0.0,0.0,0.0,0,0,0
2017,Virginia,0,0,0,0.0,0.0,0.0,0,0,0
2017,Virginia State,0,0,0,0.0,0.0,0.0,0,0,0
2017,Virginia Tech,0,0,0,0.0,0.0,0.0,0,0,0
2017,Virginia Union,0,0,0,0.0,0.0,0.0,0,0,0
2017,Wagner,0,0,0,0.0,0.0,0.0,0,0,0
2017,Wake Forest,0,0,0,0.0,0.0,0.0,0,0,0
2017,Walsh,0,0,0,0.0,0.0,0.0,0,0,0
2017,Warner University,0,0,0,0.0,0.0,0.0,0,0,0
2017,Washburn,0,0,0,0.0,0.0,0.0,0,0,0
2017,Washington,0,0,0,0.0,0.0,0.0,0,0,0
2017,Washington State,0,0,0,0.0,0.0,0.0,0,0,0
2017,Wayne State,0,0,0,0.0,0.0,0.0,0,0,0
2017,Wayne State College,0,0,0,0.0,0.0,0.0,0,0,0
2017,Weber State,0,0,0,0.0,0.0,0.0,0,0,0
2017,West Alabama,0,0,0,0.0,0.0,0.0,0,0,0
2017,West Chester,0,0,0,0.0,0.0,0.0,0,0,0
2017,West Florida,0,0,0,0.0,0.0,0.0,0,0,0
2017,West Georgia,0,0,0,0.0,0.0,0.0,0,0,0
2017,West Liberty,0,0,0,0.0,0.0,0.0,0,0,0
2017,West Texas,0,0,0,0.0,0.0,0.0,0,0,0
2017,West Virginia,0,0,0,0.0,0.0,0.0,0,0,0
2017,West Virginia State,0,0,0,0.0,0.0,0.0,0,0,0
2017,Western Carolina,0,0,0,0.0,0.0,0.0,0,0,0
2017,Western Colorado,0,0,0,0.0,0.0,0.0,0,0,0
2017,Western Connecticut State,0,0,0,0.0,0.0,0.0,0,0,0
2017,Western Illinois,0,0,0,0.0,0.0,0.0,0,0,0
2017,Western Kentucky,0,0,0,0.0,0.0,0.0,0,0,0
2017,Western Michigan,0,0,0,0.0,0.0,0.0,0,0,0
2017,Western New Mexico,0,0,0,0.0,0.0,0.0,0,0,0
2017,Western Oregon,0,0,0,0.0,0.0,0.0,0,0,0
2017,Wheeling,0,0,0,0.0,0.0,0.0,0,0,0
2017,William & Mary,0,0,0,0.0,0.0,0.0,0,0,0
2017,William Jewell College,0,0,0,0.0,0.0,0.0,0,0,0
2017,Wingate,0,0,0,0.0,0.0,0.0,0,0,0
2017,Winona State,0,0,0,0.0,0.0,0.0,0,0,0
2017,Winston-Salem State,0,0,0,0.0,0.0,0.0,0,0,0
2017,Wisconsin,0,0,0,0.0,0.0,0.0,0,0,0
2017,Wisconsin La Crosse,0,0,0,0.0,0.0,0.0,0,0,0
2017,Wisconsin-River Falls,0,0,0,0.0,0.0,0.0,0,0,0
2017,Wittenberg,0,0,0,0.0,0.0,0.0,0,0,0
2017,Wofford,0,0,0,0.0,0.0,0.0,0,0,0
2017,Wyoming,0,0,0,0.0,0.0,0.0,0,0,0
2017,Yale,0,0,0,0.0,0.0,0.0,0,0,0
2017,Youngstown State,0,0,0,0.0,0.0,0.0,0,0,0
2018,Abilene Christian,0,0,0,0.0,0.0,0.0,0,0,0
2018,Adams,0,0,0,0.0,0.0,0.0,0,0,0
2018,Adams State,0,0,0,0.0,0.0,0.0,0,0,0
2018,Air Force,0,0,0,0.0,0.0,0.0,0,0,0
2018,Akron,0,0,0,0.0,0.0,0.0,0,0,0
2018,Alabama,0,0,0,0.0,0.0,0.0,0,0,0
2018,Alabama A&M,0,0,0,0.0,0.0,0.0,0,0,0
2018,Alabama State,0,0,0,0.0,0.0,0.0,0,0,0
2018,Albany,0,0,0,0.0,0.0,0.0,0,0,0
2018,Albany State,0,0,0,0.0,0.0,0.0,0,0,0
2018,Alcorn State,0,0,0,0.0,0.0,0.0,0,0,0
2018,Allen University,0,0,0,0.0,0.0,0.0,0,0,0
2018,American International,0,0,0,0.0,0.0,0.0,0,0,0
2018,American River C.C.,0,0,0,0.0,0.0,0.0,0,0,0
2018,Anderson,0,0,0,0.0,0.0,0.0,0,0,0
2018,Angelo State,0,0,0,0.0,0.0,0.0,0,0,0
2018,Anna Maria College,0,0,0,0.0,0.0,0.0,0,0,0
2018,App State,0,0,0,0.0,0.0,0.0,0,0,0
2018,Arizona,0,0,0,0.0,0.0,0.0,0,0,0
2018,Arizona State,0,0,0,0.0,0.0,0.0,0,0,0
2018,Arkansas,0,0,0,0.0,0.0,0.0,0,0,0
2018,Arkansas Monticello,0,0,0,0.0,0.0,0.0,0,0,0
2018,Arkansas State,0,0,0,0.0,0.0,0.0,0,0,0
2018,Arkansas Tech,0,0,0,0.0,0.0,0.0,0,0,0
2018,Arkansas-Pine Bluff,0,0,0,0.0,0.0,0.0,0,0,0
2018,Army,0,0,0,0.0,0.0,0.0,0,0,0
2018,Ashland,0,0,0,0.0,0.0,0.0,0,0,0
2018,Ashland University,0,0,0,0.0,0.0,0.0,0,0,0
2018,Assumption,0,0,0,0.0,0.0,0.0,0,0,0
2018,Auburn,0,0,0,0.0,0.0,0.0,0,0,0
2018,Augustana,0,0,0,0.0,0.0,0.0,0,0,0
2018,Aurora University,0,0,0,0.0,0.0,0.0,0,0,0
2018,Austin Peay,0,0,0,0.0,0.0,0.0,0,0,0
2018,Averett University,0,0,0,0.0,0.0,0.0,0,0,0
2018,Azusa Pacific,0,0,0,0.0,0.0,0.0,0,0,0
2018,BYU,0,0,0,0.0,0.0,0.0,0,0,0
2018,Ball State,0,0,0,0.0,0.0,0.0,0,0,0
2018,Barton,0,0,0,0.0,0.0,0.0,0,0,0
2018,Barton C.C.,0,0,0,0.0,0.0,0.0,0,0,0
2018,Baylor,0,0,0,0.0,0.0,0.0,0,0,0
2018,Bemidji State,0,0,0,0.0,0.0,0.0,0,0,0
2018,Benedict,0,0,0,0.0,0.0,0.0,0,0,0
2018,Benedict College,0,0,0,0.0,0.0,0.0,0,0,0
2018,Bethel,0,0,0,0.0,0.0,0.0,0,0,0
2018,Bethune-Cookman,0,0,0,0.0,0.0,0.0,0,0,0
2018,Black Hills State,0,0,0,0.0,0.0,0.0,0,0,0
2018,Blinn College,0,0,0,0.0,0.0,0.0,0,0,0
2018,Boise State,0,0,0,0.0,0.0,0.0,0,0,0
2018,Boston College,0,0,0,0.0,0.0,0.0,0,0,0
2018,Bowie State,0,0,0,0.0,0.0,0.0,0,0,0
2018,Bowling Green,0,0,0,0.0,0.0,0.0,0,0,0
2018,British Columbia,0,0,0,0.0,0.0,0.0,0,0,0
2018,Brown,0,0,0,0.0,0.0,0.0,0,0,0
2018,Bryant,0,0,0,0.0,0.0,0.0,0,0,0
2018,Bucknell,0,0,0,0.0,0.0,0.0,0,0,0
2018,Buffalo,0,0,0,0.0,0.0,0.0,0,0,0
2018,Butler,0,0,0,0.0,0.0,0.0,0,0,0
2018,Butler C.C.,0,0,0,0.0,0.0,0.0,0,0,0
2018,Butler County (KS),0,0,0,0.0,0.0,0.0,0,0,0
2018,CSU-Pueblo,0,0,0,0.0,0.0,0.0,0,0,0
2018,Cal Lutheran,0,0,0,0.0,0.0,0.0,0,0,0
2018,Cal Poly,0,0,0,0.0,0.0,0.0,0,0,0
2018,California,0,0,0,0.0,0.0,0.0,0,0,0
2018,California (PA),0,0,0,0.0,0.0,0.0,0,0,0
2018,"California, Pa.",0,0,0,0.0,0.0,0.0,0,0,0
2018,Campbell,0,0,0,0.0,0.0,0.0,0,0,0
2018,Campbellsville,0,0,0,0.0,0.0,0.0,0,0,0
2018,Carroll College,0,0,0,0.0,0.0,0.0,0,0,0
2018,Carson Newman,0,0,0,0.0,0.0,0.0,0,0,0
2018,Catawba,0,0,0,0.0,0.0,0.0,0,0,0
2018,Central Arkansas,0,0,0,0.0,0.0,0.0,0,0,0
2018,Central Connecticut,0,0,0,0.0,0.0,0.0,0,0,0
2018,Central Michigan,0,0,0,0.0,0.0,0.0,0,0,0
2018,Central Missouri,0,0,0,0.0,0.0,0.0,0,0,0
2018,Central Missouri State,0,0,0,0.0,0.0,0.0,0,0,0
2018,Central Oklahoma,0,0,0,0.0,0.0,0.0,0,0,0
2018,Central State,0,0,0,0.0,0.0,0.0,0,0,0
2018,Central Washington,0,0,0,0.0,0.0,0.0,0,0,0
2018,Cerritos College,0,0,0,0.0,0.0,0.0,0,0,0
2018,Chadron State,0,0,0,0.0,0.0,0.0,0,0,0
2018,Charleston Southern,0,0,0,0.0,0.0,0.0,0,0,0
2018,Charlotte,0,0,0,0.0,0.0,0.0,0,0,0
2018,Chattanooga,0,0,0,0.0,0.0,0.0,0,0,0
2018,Chowan,0,0,0,0.0,0.0,0.0,0,0,0
2018,Christopher Newport,0,0,0,0.0,0.0,0.0,0,0,0
2018,Cincinnati,0,0,0,0.0,0.0,0.0,0,0,0
2018,Cisco College,0,0,0,0.0,0.0,0.0,0,0,0
2018,City College of San Francisco,0,0,0,0.0,0.0,0.0,0,0,0
2018,Clarion,0,0,0,0.0,0.0,0.0,0,0,0
2018,Clark Atlanta,0,0,0,0.0,0.0,0.0,0,0,0
2018,Clemson,0,0,0,0.0,0.0,0.0,0,0,0
2018,Coastal Carolina,0,0,0,0.0,0.0,0.0,0,0,0
2018,Coffeyville C.C.,0,0,0,0.0,0.0,0.0,0,0,0
2018,Colgate,0,0,0,0.0,0.0,0.0,0,0,0
2018,College of Charleston,0,0,0,0.0,0.0,0.0,0,0,0
2018,College of Idaho,0,0,0,0.0,0.0,0.0,0,0,0
2018,College of San Mateo,0,0,0,0.0,0.0,0.0,0,0,0
2018,College of the Canyons,0,0,0,0.0,0.0,0.0,0,0,0
2018,College of the Sequoias,0,0,0,0.0,0.0,0.0,0,0,0
2018,Colorado,0,0,0,0.0,0.0,0.0,0,0,0
2018,Colorado Mesa,0,0,0,0.0,0.0,0.0,0,0,0
2018,Colorado School of Mines,0,0,0,0.0,0.0,0.0,0,0,0
2018,Colorado State,0,0,0,0.0,0.0,0.0,0,0,0
2018,Columbia,0,0,0,0.0,0.0,0.0,0,0,0
2018,Concord,0,0,0,0.0,0.0,0.0,0,0,0
2018,Concordia St. Paul,0,0,0,0.0,0.0,0.0,0,0,0
2018,Concordia University,0,0,0,0.0,0.0,0.0,0,0,0
2018,"Concordia University, St. Paul",0,0,0,0.0,0.0,0.0,0,0,0
2018,Copiah-Lincoln C.C.,0,0,0,0.0,0.0,0.0,0,0,0
2018,Cornell,0,0,0,0.0,0.0,0.0,0,0,0
2018,Dartmouth,0,0,0,0.0,0.0,0.0,0,0,0
2018,Davenport,0,0,0,0.0,0.0,0.0,0,0,0
2018,Davidson,0,0,0,0.0,0.0,0.0,0,0,0
2018,Dayton,0,0,0,0.0,0.0,0.0,0,0,0
2018,De Anza College,0,0,0,0.0,0.0,0.0,0,0,0
2018,Defiance College,0,0,0,0.0,0.0,0.0,0,0,0
2018,Delaware,0,0,0,0.0,0.0,0.0,0,0,0
2018,Delaware State,0,0,0,0.0,0.0,0.0,0,0,0
2018,Delta State,0,0,0,0.0,0.0,0.0,0,0,0
2018,Des Moines,0,0,0,0.0,0.0,0.0,0,0,0
2018,Drake,0,0,0,0.0,0.0,0.0,0,0,0
2018,Duke,0,0,0,0.0,0.0,0.0,0,0,0
2018,Duquesne,0,0,0,0.0,0.0,0.0,0,0,0
2018,East Carolina,0,0,0,0.0,0.0,0.0,0,0,0
2018,East Central,0,0,0,0.0,0.0,0.0,0,0,0
2018,East Central C.C.,0,0,0,0.0,0.0,0.0,0,0,0
2018,East Mississippi C.C.,0,0,0,0.0,0.0,0.0,0,0,0
2018,East Tennessee State,0,0,0,0.0,0.0,0.0,0,0,0
2018,East Texas A&M,0,0,0,0.0,0.0,0.0,0,0,0
2018,Eastern Illinois,0,0,0,0.0,0.0,0.0,0,0,0
2018,Eastern Kentucky,0,0,0,0.0,0.0,0.0,0,0,0
2018,Eastern Michigan,0,0,0,0.0,0.0,0.0,0,0,0
2018,Eastern New Mexico,0,0,0,0.0,0.0,0.0,0,0,0
2018,Eastern Washington,0,0,0,0.0,0.0,0.0,0,0,0
2018,Edinboro University,0,0,0,0.0,0.0,0.0,0,0,0
2018,Edward Waters,0,0,0,0.0,0.0,0.0,0,0,0
2018,El Camino College,0,0,0,0.0,0.0,0.0,0,0,0
2018,Elizabeth City State,0,0,0,0.0,0.0,0.0,0,0,0
2018,Elon,0,0,0,0.0,0.0,0.0,0,0,0
2018,Emory & Henry,0,0,0,0.0,0.0,0.0,0,0,0
2018,Emporia State,0,0,0,0.0,0.0,0.0,0,0,0
2018,Erskine,0,0,0,0.0,0.0,0.0,0,0,0
2018,Erskine College,0,0,0,0.0,0.0,0.0,0,0,0
2018,Exeter,0,0,0,0.0,0.0,0.0,0,0,0
2018,Fairmont State,0,0,0,0.0,0.0,0.0,0,0,0
2018,Faulkner University,0,0,0,0.0,0.0,0.0,0,0,0
2018,Fayetteville State,0,0,0,0.0,0.0,0.0,0,0,0
2018,Ferris State,0,0,0,0.0,0.0,0.0,0,0,0
2018,Ferrum College,0,0,0,0.0,0.0,0.0,0,0,0
2018,Findlay,0,0,0,0.0,0.0,0.0,0,0,0
2018,Florida,0,0,0,0.0,0.0,0.0,0,0,0
2018,Florida A&M,0,0,0,0.0,0.0,0.0,0,0,0
2018,Florida Atlantic,0,0,0,0.0,0.0,0.0,0,0,0
2018,Florida International,0,0,0,0.0,0.0,0.0,0,0,0
2018,Florida Memorial University,0,0,0,0.0,0.0,0.0,0,0,0
2018,Florida State,0,0,0,0.0,0.0,0.0,0,0,0
2018,Fordham,0,0,0,0.0,0.0,0.0,0,0,0
2018,Fort Hays,0,0,0,0.0,0.0,0.0,0,0,0
2018,Fort Valley State,0,0,0,0.0,0.0,0.0,0,0,0
2018,Franklin College,0,0,0,0.0,0.0,0.0,0,0,0
2018,Franklin Pierce,0,0,0,0.0,0.0,0.0,0,0,0
2018,Fresno State,0,0,0,0.0,0.0,0.0,0,0,0
2018,Frostburg State,0,0,0,0.0,0.0,0.0,0,0,0
2018,Furman,0,0,0,0.0,0.0,0.0,0,0,0
2018,Gannon,0,0,0,0.0,0.0,0.0,0,0,0
2018,Garden City C.C. ,0,0,0,0.0,0.0,0.0,0,0,0
2018,Gardner-Webb,0,0,0,0.0,0.0,0.0,0,0,0
2018,George Fox,0,0,0,0.0,0.0,0.0,0,0,0
2018,Georgetown,0,0,0,0.0,0.0,0.0,0,0,0
2018,Georgia,0,0,0,0.0,0.0,0.0,0,0,0
2018,Georgia Military,0,0,0,0.0,0.0,0.0,0,0,0
2018,Georgia Military College Prep,0,0,0,0.0,0.0,0.0,0,0,0
2018,Georgia Southern,0,0,0,0.0,0.0,0.0,0,0,0
2018,Georgia State,0,0,0,0.0,0.0,0.0,0,0,0
2018,Georgia Tech,0,0,0,0.0,0.0,0.0,0,0,0
2018,Glenville State ,0,0,0,0.0,0.0,0.0,0,0,0
2018,Grambling,0,0,0,0.0,0.0,0.0,0,0,0
2018,Grand Valley State,0,0,0,0.0,0.0,0.0,0,0,0
2018,Hampton,0,0,0,0.0,0.0,0.0,0,0,0
2018,Harding,0,0,0,0.0,0.0,0.0,0,0,0
2018,Harvard,0,0,0,0.0,0.0,0.0,0,0,0
2018,Hawai'i,0,0,0,0.0,0.0,0.0,0,0,0
2018,Heidelberg,0,0,0,0.0,0.0,0.0,0,0,0
2018,Henderson State,0,0,0,0.0,0.0,0.0,0,0,0
2018,Highland C.C.,0,0,0,0.0,0.0,0.0,0,0,0
2018,Hillsdale College,0,0,0,0.0,0.0,0.0,0,0,0
2018,Hinds C.C.,0,0,0,0.0,0.0,0.0,0,0,0
2018,Holmes C.C.,0,0,0,0.0,0.0,0.0,0,0,0
2018,Holy Cross,0,0,0,0.0,0.0,0.0,0,0,0
2018,Hope ,0,0,0,0.0,0.0,0.0,0,0,0
2018,Houston,0,0,0,0.0,0.0,0.0,0,0,0
2018,Houston Christian,0,0,0,0.0,0.0,0.0,0,0,0
2018,Howard,0,0,0,0.0,0.0,0.0,0,0,0
2018,Howard Payne,0,0,0,0.0,0.0,0.0,0,0,0
2018,Hutchinson C.C.,0,0,0,0.0,0.0,0.0,0,0,0
2018,IU Pennsylvania,0,0,0,0.0,0.0,0.0,0,0,0
2018,Idaho,0,0,0,0.0,0.0,0.0,0,0,0
2018,Idaho State,0,0,0,0.0,0.0,0.0,0,0,0
2018,Illinois,0,0,0,0.0,0.0,0.0,0,0,0
2018,Illinois State,0,0,0,0.0,0.0,0.0,0,0,0
2018,Incarnate Word,0,0,0,0.0,0.0,0.0,0,0,0
2018,Independence C.C.,0,0,0,0.0,0.0,0.0,0,0,0
2018,Indiana,0,0,0,0.0,0.0,0.0,0,0,0
2018,Indiana State,0,0,0,0.0,0.0,0.0,0,0,0
2018,Indiana Wesleyan,0,0,0,0.0,0.0,0.0,0,0,0
2018,Indianapolis,0,0,0,0.0,0.0,0.0,0,0,0
2018,Iowa,0,0,0,0.0,0.0,0.0,0,0,0
2018,Iowa Central C.C.,0,0,0,0.0,0.0,0.0,0,0,0
2018,Iowa State,0,0,0,0.0,0.0,0.0,0,0,0
2018,Iowa Western C.C.,0,0,0,0.0,0.0,0.0,0,0,0
2018,Itawamba C.C.,0,0,0,0.0,0.0,0.0,0,0,0
2018,Jackson State,0,0,0,0.0,0.0,0.0,0,0,0
2018,Jacksonville State,0,0,0,0.0,0.0,0.0,0,0,0
2018,James Madison,0,0,0,0.0,0.0,0.0,0,0,0
2018,Johns Hopkins,0,0,0,0.0,0.0,0.0,0,0,0
2018,Johnson C. Smith,0,0,0,0.0,0.0,0.0,0,0,0
2018,Johnson C. Smith University,0,0,0,0.0,0.0,0.0,0,0,0
2018,Kansas,0,0,0,0.0,0.0,0.0,0,0,0
2018,Kansas State,0,0,0,0.0,0.0,0.0,0,0,0
2018,Keiser (Fl),0,0,0,0.0,0.0,0.0,0,0,0
2018,Kennesaw State,0,0,0,0.0,0.0,0.0,0,0,0
2018,Kent State,0,0,0,0.0,0.0,0.0,0,0,0
2018,Kentucky,0,0,0,0.0,0.0,0.0,0,0,0
2018,Kentucky Christian,0,0,0,0.0,0.0,0.0,0,0,0
2018,Kentucky State,0,0,0,0.0,0.0,0.0,0,0,0
2018,Kentucky Wesleyan,0,0,0,0.0,0.0,0.0,0,0,0
2018,Kilgore College,0,0,0,0.0,0.0,0.0,0,0,0
2018,Kilgore J.C.,0,0,0,0.0,0.0,0.0,0,0,0
2018,King's College,0,0,0,0.0,0.0,0.0,0,0,0
2018,LIU Post,0,0,0,0.0,0.0,0.0,0,0,0
2018,LSU,0,0,0,0.0,0.0,0.0,0,0,0
2018,LaGrange,0,0,0,0.0,0.0,0.0,0,0,0
2018,Lackawanna College,0,0,0,0.0,0.0,0.0,0,0,0
2018,Lafayette,0,0,0,0.0,0.0,0.0,0,0,0
2018,Lake Erie,0,0,0,0.0,0.0,0.0,0,0,0
2018,Lake Erie College,0,0,0,0.0,0.0,0.0,0,0,0
2018,Lamar,0,0,0,0.0,0.0,0.0,0,0,0
2018,Lamar Christian School,0,0,0,0.0,0.0,0.0,0,0,0
2018,Lane College,0,0,0,0.0,0.0,0.0,0,0,0
2018,Laney College,0,0,0,0.0,0.0,0.0,0,0,0
2018,Laurier,0,0,0,0.0,0.0,0.0,0,0,0
2018,LeMoyne-Owen,0,0,0,0.0,0.0,0.0,0,0,0
2018,Lehigh,0,0,0,0.0,0.0,0.0,0,0,0
2018,Lenoir Rhyne,0,0,0,0.0,0.0,0.0,0,0,0
2018,Lenoir-Rhyne,0,0,0,0.0,0.0,0.0,0,0,0
2018,Liberty,0,0,0,0.0,0.0,0.0,0,0,0
2018,Limestone,0,0,0,0.0,0.0,0.0,0,0,0
2018,Limestone College,0,0,0,0.0,0.0,0.0,0,0,0
2018,Limestone University,0,0,0,0.0,0.0,0.0,0,0,0
2018,Lincoln (MO),0,0,0,0.0,0.0,0.0,0,0,0
2018,Lindenwood,0,0,0,0.0,0.0,0.0,0,0,0
2018,Lindenwood University,0,0,0,0.0,0.0,0.0,0,0,0
2018,Livingstone,0,0,0,0.0,0.0,0.0,0,0,0
2018,Livingstone College,0,0,0,0.0,0.0,0.0,0,0,0
2018,Lock Haven,0,0,0,0.0,0.0,0.0,0,0,0
2018,Long Beach City College,0,0,0,0.0,0.0,0.0,0,0,0
2018,Louisiana,0,0,0,0.0,0.0,0.0,0,0,0
2018,Louisiana Tech,0,0,0,0.0,0.0,0.0,0,0,0
2018,Louisville,0,0,0,0.0,0.0,0.0,0,0,0
2018,Maine,0,0,0,0.0,0.0,0.0,0,0,0
2018,Manitoba,0,0,0,0.0,0.0,0.0,0,0,0
2018,Marian,0,0,0,0.0,0.0,0.0,0,0,0
2018,Marian (IN),0,0,0,0.0,0.0,0.0,0,0,0
2018,Marist,0,0,0,0.0,0.0,0.0,0,0,0
2018,Mars Hill,0,0,0,0.0,0.0,0.0,0,0,0
2018,Marshall,0,0,0,0.0,0.0,0.0,0,0,0
2018,Mary Hardin Baylor,0,0,0,0.0,0.0,0.0,0,0,0
2018,Maryland,0,0,0,0.0,0.0,0.0,0,0,0
2018,Maryville College,0,0,0,0.0,0.0,0.0,0,0,0
2018,Massachusetts,0,0,0,0.0,0.0,0.0,0,0,0
2018,McKendree,0,0,0,0.0,0.0,0.0,0,0,0
2018,McMurry University,0,0,0,0.0,0.0,0.0,0,0,0
2018,McNeese,0,0,0,0.0,0.0,0.0,0,0,0
2018,Memphis,0,0,0,0.0,0.0,0.0,0,0,0
2018,Mercer,0,0,0,0.0,0.0,0.0,0,0,0
2018,Mercyhurst,0,0,0,0.0,0.0,0.0,0,0,0
2018,Mercyhurst College,0,0,0,0.0,0.0,0.0,0,0,0
2018,Merrimack,0,0,0,0.0,0.0,0.0,0,0,0
2018,Miami,0,0,0,0.0,0.0,0.0,0,0,0
2018,Miami (OH),0,0,0,0.0,0.0,0.0,0,0,0
2018,Michigan,0,0,0,0.0,0.0,0.0,0,0,0
2018,Michigan State,0,0,0,0.0,0.0,0.0,0,0,0
2018,MidAmerica Nazarene,0,0,0,0.0,0.0,0.0,0,0,0
2018,Middle Tennessee,0,0,0,0.0,0.0,0.0,0,0,0
2018,Midwestern State,0,0,0,0.0,0.0,0.0,0,0,0
2018,Miles,0,0,0,0.0,0.0,0.0,0,0,0
2018,Millersville,0,0,0,0.0,0.0,0.0,0,0,0
2018,Minnesota,0,0,0,0.0,0.0,0.0,0,0,0
2018,Minnesota Duluth,0,0,0,0.0,0.0,0.0,0,0,0
2018,Minnesota State,0,0,0,0.0,0.0,0.0,0,0,0
2018,Minot State,0,0,0,0.0,0.0,0.0,0,0,0
2018,Misericordia,0,0,0,0.0,0.0,0.0,0,0,0
2018,Mississippi College,0,0,0,0.0,0.0,0.0,0,0,0
2018,Mississippi Gulf Coast C.C.,0,0,0,0.0,0.0,0.0,0,0,0
2018,Mississippi State,0,0,0,0.0,0.0,0.0,0,0,0
2018,Mississippi Valley State,0,0,0,0.0,0.0,0.0,0,0,0
2018,Missouri,0,0,0,0.0,0.0,0.0,0,0,0
2018,Missouri S&T,0,0,0,0.0,0.0,0.0,0,0,0
2018,Missouri Southern State,0,0,0,0.0,0.0,0.0,0,0,0
2018,Missouri State,0,0,0,0.0,0.0,0.0,0,0,0
2018,Missouri Western State,0,0,0,0.0,0.0,0.0,0,0,0
2018,Monash University,0,0,0,0.0,0.0,0.0,0,0,0
2018,Monmouth,0,0,0,0.0,0.0,0.0,0,0,0
2018,Montana,0,0,0,0.0,0.0,0.0,0,0,0
2018,Montana State,0,0,0,0.0,0.0,0.0,0,0,0
2018,Montana Tech,0,0,0,0.0,0.0,0.0,0,0,0
2018,Montana Western,0,0,0,0.0,0.0,0.0,0,0,0
2018,Morehead State,0,0,0,0.0,0.0,0.0,0,0,0
2018,Morehouse,0,0,0,0.0,0.0,0.0,0,0,0
2018,Morgan State,0,0,0,0.0,0.0,0.0,0,0,0
2018,Mount St. Joseph,0,0,0,0.0,0.0,0.0,0,0,0
2018,Mount Union ,0,0,0,0.0,0.0,0.0,0,0,0
2018,Mt. San Antonio College,0,0,0,0.0,0.0,0.0,0,0,0
2018,Muhlenberg,0,0,0,0.0,0.0,0.0,0,0,0
2018,Murray State,0,0,0,0.0,0.0,0.0,0,0,0
2018,NC State,0,0,0,0.0,0.0,0.0,0,0,0
2018,Navarro College,0,0,0,0.0,0.0,0.0,0,0,0
2018,Navy,0,0,0,0.0,0.0,0.0,0,0,0
2018,Nebraska,0,0,0,0.0,0.0,0.0,0,0,0
2018,Nebraska Kearney,0,0,0,0.0,0.0,0.0,0,0,0
2018,Nebraska-Kearney,0,0,0,0.0,0.0,0.0,0,0,0
2018,Nevada,0,0,0,0.0,0.0,0.0,0,0,0
2018,New Hampshire,0,0,0,0.0,0.0,0.0,0,0,0
2018,New Haven,0,0,0,0.0,0.0,0.0,0,0,0
2018,New Mexico,0,0,0,0.0,0.0,0.0,0,0,0
2018,New Mexico Highlands,0,0,0,0.0,0.0,0.0,0,0,0
2018,New Mexico Military Institute,0,0,0,0.0,0.0,0.0,0,0,0
2018,New Mexico State,0,0,0,0.0,0.0,0.0,0,0,0
2018,Newberry,0,0,0,0.0,0.0,0.0,0,0,0
2018,Nicholls,0,0,0,0.0,0.0,0.0,0,0,0
2018,Norfolk State,0,0,0,0.0,0.0,0.0,0,0,0
2018,North Alabama,0,0,0,0.0,0.0,0.0,0,0,0
2018,North Carolina,0,0,0,0.0,0.0,0.0,0,0,0
2018,North Carolina A&T,0,0,0,0.0,0.0,0.0,0,0,0
2018,North Carolina Central,0,0,0,0.0,0.0,0.0,0,0,0
2018,North Central College,0,0,0,0.0,0.0,0.0,0,0,0
2018,North Dakota,0,0,0,0.0,0.0,0.0,0,0,0
2018,North Dakota State,0,0,0,0.0,0.0,0.0,0,0,0
2018,North Greenville,0,0,0,0.0,0.0,0.0,0,0,0
2018,North Texas,0,0,0,0.0,0.0,0.0,0,0,0
2018,Northeast Mississippi C.C.,0,0,0,0.0,0.0,0.0,0,0,0
2018,Northeastern Oklahoma A&M,0,0,0,0.0,0.0,0.0,0,0,0
2018,Northeastern State,0,0,0,0.0,0.0,0.0,0,0,0
2018,Northern Arizona,0,0,0,0.0,0.0,0.0,0,0,0
2018,Northern Colorado,0,0,0,0.0,0.0,0.0,0,0,0
2018,Northern Illinois,0,0,0,0.0,0.0,0.0,0,0,0
2018,Northern Iowa,0,0,0,0.0,0.0,0.0,0,0,0
2018,Northern Michigan,0,0,0,0.0,0.0,0.0,0,0,0
2018,Northern State,0,0,0,0.0,0.0,0.0,0,0,0
2018,Northwest Mississippi C.C.,0,0,0,0.0,0.0,0.0,0,0,0
2018,Northwest Missouri State,0,0,0,0.0,0.0,0.0,0,0,0
2018,Northwestern,0,0,0,0.0,0.0,0.0,0,0,0
2018,Northwestern State,0,0,0,0.0,0.0,0.0,0,0,0
2018,Northwood,0,0,0,0.0,0.0,0.0,0,0,0
2018,Notre Dame,0,0,0,0.0,0.0,0.0,0,0,0
2018,Notre Dame College,0,0,0,0.0,0.0,0.0,0,0,0
2018,Ohio,0,0,0,0.0,0.0,0.0,0,0,0
2018,Ohio Dominican,0,0,0,0.0,0.0,0.0,0,0,0
2018,Ohio State,0,0,0,0.0,0.0,0.0,0,0,0
2018,Oklahoma,0,0,0,0.0,0.0,0.0,0,0,0
2018,Oklahoma Baptist,0,0,0,0.0,0.0,0.0,0,0,0
2018,Oklahoma State,0,0,0,0.0,0.0,0.0,0,0,0
2018,Old Dominion,0,0,0,0.0,0.0,0.0,0,0,0
2018,Ole Miss,0,0,0,0.0,0.0,0.0,0,0,0
2018,Oregon,0,0,0,0.0,0.0,0.0,0,0,0
2018,Oregon State,0,0,0,0.0,0.0,0.0,0,0,0
2018,Ottawa,0,0,0,0.0,0.0,0.0,0,0,0
2018,Ouachita Baptist,0,0,0,0.0,0.0,0.0,0,0,0
2018,Ouachita Baptist University,0,0,0,0.0,0.0,0.0,0,0,0
2018,Pace,0,0,0,0.0,0.0,0.0,0,0,0
2018,Palomar College,0,0,0,0.0,0.0,0.0,0,0,0
2018,Penn State,0,0,0,0.0,0.0,0.0,0,0,0
2018,Pennsylvania,0,0,0,0.0,0.0,0.0,0,0,0
2018,Peru State,0,0,0,0.0,0.0,0.0,0,0,0
2018,Pikeville,0,0,0,0.0,0.0,0.0,0,0,0
2018,Pittsburg State,0,0,0,0.0,0.0,0.0,0,0,0
2018,Pittsburgh,0,0,0,0.0,0.0,0.0,0,0,0
2018,Portland State,0,0,0,0.0,0.0,0.0,0,0,0
2018,Prairie View A&M,0,0,0,0.0,0.0,0.0,0,0,0
2018,Presbyterian,0,0,0,0.0,0.0,0.0,0,0,0
2018,Princeton,0,0,0,0.0,0.0,0.0,0,0,0
2018,Professional,0,0,0,0.0,0.0,0.0,0,0,0
2018,Puget Sound,0,0,0,0.0,0.0,0.0,0,0,0
2018,Purdue,0,0,0,0.0,0.0,0.0,0,0,0
2018,Quincy,0,0,0,0.0,0.0,0.0,0,0,0
2018,Reinhardt,0,0,0,0.0,0.0,0.0,0,0,0
2018,Rhode Island,0,0,0,0.0,0.0,0.0,0,0,0
2018,Rice,0,0,0,0.0,0.0,0.0,0,0,0
2018,Richmond,0,0,0,0.0,0.0,0.0,0,0,0
2018,Riverside C.C.,0,0,0,0.0,0.0,0.0,0,0,0
2018,Roanoke,0,0,0,0.0,0.0,0.0,0,0,0
2018,Robert Morris,0,0,0,0.0,0.0,0.0,0,0,0
2018,Roosevelt,0,0,0,0.0,0.0,0.0,0,0,0
2018,Rutgers,0,0,0,0.0,0.0,0.0,0,0,0
2018,SE Louisiana,0,0,0,0.0,0.0,0.0,0,0,0
2018,SMU,0,0,0,0.0,0.0,0.0,0,0,0
2018,Sacramento State,0,0,0,0.0,0.0,0.0,0,0,0
2018,Sacred Heart,0,0,0,0.0,0.0,0.0,0,0,0
2018,Saddleback College,0,0,0,0.0,0.0,0.0,0,0,0
2018,Saginaw Valley State,0,0,0,0.0,0.0,0.0,0,0,0
2018,Saint Anselm,0,0,0,0.0,0.0,0.0,0,0,0
2018,Saint Francis,0,0,0,0.0,0.0,0.0,0,0,0
2018,Saint Francis (PA),0,0,0,0.0,0.0,0.0,0,0,0
2018,Salisbury University,0,0,0,0.0,0.0,0.0,0,0,0
2018,Sam Houston,0,0,0,0.0,0.0,0.0,0,0,0
2018,Samford,0,0,0,0.0,0.0,0.0,0,0,0
2018,San Diego,0,0,0,0.0,0.0,0.0,0,0,0
2018,San Diego State,0,0,0,0.0,0.0,0.0,0,0,0
2018,San José State,0,0,0,0.0,0.0,0.0,0,0,0
2018,Santa Rosa J.C.,0,0,0,0.0,0.0,0.0,0,0,0
2018,Savannah State,0,0,0,0.0,0.0,0.0,0,0,0
2018,Shaw,0,0,0,0.0,0.0,0.0,0,0,0
2018,Shepherd,0,0,0,0.0,0.0,0.0,0,0,0
2018,Shepherd University,0,0,0,0.0,0.0,0.0,0,0,0
2018,Shippensburg,0,0,0,0.0,0.0,0.0,0,0,0
2018,Shippensburg University,0,0,0,0.0,0.0,0.0,0,0,0
2018,Shorter,0,0,0,0.0,0.0,0.0,0,0,0
2018,Siena Heights,0,0,0,0.0,0.0,0.0,0,0,0
2018,Simon Fraser,0,0,0,0.0,0.0,0.0,0,0,0
2018,Simpson College,0,0,0,0.0,0.0,0.0,0,0,0
2018,Sioux Falls,0,0,0,0.0,0.0,0.0,0,0,0
2018,Slippery Rock,0,0,0,0.0,0.0,0.0,0,0,0
2018,Snow College,0,0,0,0.0,0.0,0.0,0,0,0
2018,South Alabama,0,0,0,0.0,0.0,0.0,0,0,0
2018,South Carolina,0,0,0,0.0,0.0,0.0,0,0,0
2018,South Carolina State,0,0,0,0.0,0.0,0.0,0,0,0
2018,South Dakota,0,0,0,0.0,0.0,0.0,0,0,0
2018,South Dakota Mines,0,0,0,0.0,0.0,0.0,0,0,0
2018,South Dakota State,0,0,0,0.0,0.0,0.0,0,0,0
2018,South Florida,0,0,0,0.0,0.0,0.0,0,0,0
2018,Southeast Missouri State,0,0,0,0.0,0.0,0.0,0,0,0
2018,Southeast Oklahoma State,0,0,0,0.0,0.0,0.0,0,0,0
2018,Southeastern,0,0,0,0.0,0.0,0.0,0,0,0
2018,Southeastern Louisiana,0,0,0,0.0,0.0,0.0,0,0,0
2018,Southern,0,0,0,0.0,0.0,0.0,0,0,0
2018,Southern Arkansas,0,0,0,0.0,0.0,0.0,0,0,0
2018,Southern Connecticut State,0,0,0,0.0,0.0,0.0,0,0,0
2018,Southern Illinois,0,0,0,0.0,0.0,0.0,0,0,0
2018,Southern Miss,0,0,0,0.0,0.0,0.0,0,0,0
2018,Southern Oregon,0,0,0,0.0,0.0,0.0,0,0,0
2018,Southern Utah,0,0,0,0.0,0.0,0.0,0,0,0
2018,Southwest Baptist,0,0,0,0.0,0.0,0.0,0,0,0
2018,Southwest Minnesota State,0,0,0,0.0,0.0,0.0,0,0,0
2018,Southwest Mississippi C.C.,0,0,0,0.0,0.0,0.0,0,0,0
2018,Southwestern (KS),0,0,0,0.0,0.0,0.0,0,0,0
2018,Southwestern Oklahoma State,0,0,0,0.0,0.0,0.0,0,0,0
2018,St. Thomas,0,0,0,0.0,0.0,0.0,0,0,0
2018,St. Thomas University,0,0,0,0.0,0.0,0.0,0,0,0
2018,St. Vincent,0,0,0,0.0,0.0,0.0,0,0,0
2018,Stanford,0,0,0,0.0,0.0,0.0,0,0,0
2018,Stephen F. Austin,0,0,0,0.0,0.0,0.0,0,0,0
2018,Stetson,0,0,0,0.0,0.0,0.0,0,0,0
2018,Stonehill,0,0,0,0.0,0.0,0.0,0,0,0
2018,Stony Brook,0,0,0,0.0,0.0,0.0,0,0,0
2018,Susquehanna,0,0,0,0.0,0.0,0.0,0,0,0
2018,Syracuse,0,0,0,0.0,0.0,0.0,0,0,0
2018,TCU,0,0,0,0.0,0.0,0.0,0,0,0
2018,Tarleton State,0,0,0,0.0,0.0,0.0,0,0,0
2018,Taylor,0,0,0,0.0,0.0,0.0,0,0,0
2018,Temple,0,0,0,0.0,0.0,0.0,0,0,0
2018,Tennessee,0,0,0,0.0,0.0,0.0,0,0,0
2018,Tennessee State,0,0,0,0.0,0.0,0.0,0,0,0
2018,Tennessee Tech,0,0,0,0.0,0.0,0.0,0,0,0
2018,Texas,0,0,0,0.0,0.0,0.0,0,0,0
2018,Texas A&M,0,0,0,0.0,0.0,0.0,0,0,0
2018,Texas A&M-Kingsville,0,0,0,0.0,0.0,0.0,0,0,0
2018,Texas Southern,0,0,0,0.0,0.0,0.0,0,0,0
2018,Texas State,0,0,0,0.0,0.0,0.0,0,0,0
2018,Texas Tech,0,0,0,0.0,0.0,0.0,0,0,0
2018,Texas-Permian Basin,0,0,0,0.0,0.0,0.0,0,0,0
2018,Texas-Rio Grande Valley,0,0,0,0.0,0.0,0.0,0,0,0
2018,The Citadel,0,0,0,0.0,0.0,0.0,0,0,0
2018,Thomas More,0,0,0,0.0,0.0,0.0,0,0,0
2018,Tiffin University,0,0,0,0.0,0.0,0.0,0,0,0
2018,Toledo,0,0,0,0.0,0.0,0.0,0,0,0
2018,Towson,0,0,0,0.0,0.0,0.0,0,0,0
2018,Trinity,0,0,0,0.0,0.0,0.0,0,0,0
2018,Trinity (Texas),0,0,0,0.0,0.0,0.0,0,0,0
2018,Trinity Valley C.C.,0,0,0,0.0,0.0,0.0,0,0,0
2018,Troy,0,0,0,0.0,0.0,0.0,0,0,0
2018,Truman State,0,0,0,0.0,0.0,0.0,0,0,0
2018,Tufts University,0,0,0,0.0,0.0,0.0,0,0,0
2018,Tulane,0,0,0,0.0,0.0,0.0,0,0,0
2018,Tulsa,0,0,0,0.0,0.0,0.0,0,0,0
2018,Tusculum,0,0,0,0.0,0.0,0.0,0,0,0
2018,Tuskegee,0,0,0,0.0,0.0,0.0,0,0,0
2018,Tyler J.C. ,0,0,0,0.0,0.0,0.0,0,0,0
2018,UAB,0,0,0,0.0,0.0,0.0,0,0,0
2018,UAlbany,0,0,0,0.0,0.0,0.0,0,0,0
2018,UC Davis,0,0,0,0.0,0.0,0.0,0,0,0
2018,UCF,0,0,0,0.0,0.0,0.0,0,0,0
2018,UCLA,0,0,0,0.0,0.0,0.0,0,0,0
2018,UConn,0,0,0,0.0,0.0,0.0,0,0,0
2018,UL Monroe,0,0,0,0.0,0.0,0.0,0,0,0
2018,UNC-Pembroke,0,0,0,0.0,0.0,0.0,0,0,0
2018,UNLV,0,0,0,0.0,0.0,0.0,0,0,0
2018,USC,0,0,0,0.0,0.0,0.0,0,0,0
2018,UT Martin,0,0,0,0.0,0.0,0.0,0,0,0
2018,UT-Rio Grande Valley,0,0,0,0.0,0.0,0.0,0,0,0
2018,UT-Rio Grande Valley (Do not use),0,0,0,0.0,0.0,0.0,0,0,0
2018,UTEP,0,0,0,0.0,0.0,0.0,0,0,0
2018,UTRGV,0,0,0,0.0,0.0,0.0,0,0,0
2018,UTSA,0,0,0,0.0,0.0,0.0,0,0,0
2018,UVA Wise,0,0,0,0.0,0.0,0.0,0,0,0
2018,University of Calgary,0,0,0,0.0,0.0,0.0,0,0,0
2018,University of Charleston,0,0,0,0.0,0.0,0.0,0,0,0
2018,University of Guelph,0,0,0,0.0,0.0,0.0,0,0,0
2018,University of Mary,0,0,0,0.0,0.0,0.0,0,0,0
2018,Upper Iowa,0,0,0,0.0,0.0,0.0,0,0,0
2018,Utah,0,0,0,0.0,0.0,0.0,0,0,0
2018,Utah State,0,0,0,0.0,0.0,0.0,0,0,0
2018,Utah Tech,0,0,0,0.0,0.0,0.0,0,0,0
2018,VMI,0,0,0,0.0,0.0,0.0,0,0,0
2018,Valdosta State,0,0,0,0.0,0.0,0.0,0,0,0
2018,Valparaiso,0,0,0,0.0,0.0,0.0,0,0,0
2018,Vanderbilt,0,0,0,0.0,0.0,0.0,0,0,0
2018,Villanova,0,0,0,0.0,0.0,0.0,0,0,0
2018,Virginia,0,0,0,0.0,0.0,0.0,0,0,0
2018,Virginia State,0,0,0,0.0,0.0,0.0,0,0,0
2018,Virginia Tech,0,0,0,0.0,0.0,0.0,0,0,0
2018,Virginia Union,0,0,0,0.0,0.0,0.0,0,0,0
2018,Wagner,0,0,0,0.0,0.0,0.0,0,0,0
2018,Wake Forest,0,0,0,0.0,0.0,0.0,0,0,0
2018,Walsh,0,0,0,0.0,0.0,0.0,0,0,0
2018,Warner University,0,0,0,0.0,0.0,0.0,0,0,0
2018,Washburn,0,0,0,0.0,0.0,0.0,0,0,0
2018,Washington,0,0,0,0.0,0.0,0.0,0,0,0
2018,Washington State,0,0,0,0.0,0.0,0.0,0,0,0
2018,Wayne State,0,0,0,0.0,0.0,0.0,0,0,0
2018,Wayne State College,0,0,0,0.0,0.0,0.0,0,0,0
2018,Weber State,0,0,0,0.0,0.0,0.0,0,0,0
2018,West Alabama,0,0,0,0.0,0.0,0.0,0,0,0
2018,West Chester,0,0,0,0.0,0.0,0.0,0,0,0
2018,West Florida,0,0,0,0.0,0.0,0.0,0,0,0
2018,West Georgia,0,0,0,0.0,0.0,0.0,0,0,0
2018,West Liberty,0,0,0,0.0,0.0,0.0,0,0,0
2018,West Texas,0,0,0,0.0,0.0,0.0,0,0,0
2018,West Virginia,0,0,0,0.0,0.0,0.0,0,0,0
2018,West Virginia State,0,0,0,0.0,0.0,0.0,0,0,0
2018,Western Carolina,0,0,0,0.0,0.0,0.0,0,0,0
2018,Western Colorado,0,0,0,0.0,0.0,0.0,0,0,0
2018,Western Connecticut State,0,0,0,0.0,0.0,0.0,0,0,0
2018,Western Illinois,0,0,0,0.0,0.0,0.0,0,0,0
2018,Western Kentucky,0,0,0,0.0,0.0,0.0,0,0,0
2018,Western Michigan,0,0,0,0.0,0.0,0.0,0,0,0
2018,Western New Mexico,0,0,0,0.0,0.0,0.0,0,0,0
2018,Western Oregon,0,0,0,0.0,0.0,0.0,0,0,0
2018,Wheeling,0,0,0,0.0,0.0,0.0,0,0,0
2018,William & Mary,0,0,0,0.0,0.0,0.0,0,0,0
2018,William Jewell College,0,0,0,0.0,0.0,0.0,0,0,0
2018,Wingate,0,0,0,0.0,0.0,0.0,0,0,0
2018,Winona State,0,0,0,0.0,0.0,0.0,0,0,0
2018,Winston-Salem State,0,0,0,0.0,0.0,0.0,0,0,0
2018,Wisconsin,0,0,0,0.0,0.0,0.0,0,0,0
2018,Wisconsin La Crosse,0,0,0,0.0,0.0,0.0,0,0,0
2018,Wisconsin-River Falls,0,0,0,0.0,0.0,0.0,0,0,0
2018,Wittenberg,0,0,0,0.0,0.0,0.0,0,0,0
2018,Wofford,0,0,0,0.0,0.0,0.0,0,0,0
2018,Wyoming,0,0,0,0.0,0.0,0.0,0,0,0
2018,Yale,0,0,0,0.0,0.0,0.0,0,0,0
2018,Youngstown State,0,0,0,0.0,0.0,0.0,0,0,0
2019,Abilene Christian,0,0,0,0.0,0.0,0.0,0,0,0
2019,Adams,0,0,0,0.0,0.0,0.0,0,0,0
2019,Adams State,0,0,0,0.0,0.0,0.0,0,0,0
2019,Air Force,0,0,0,0.0,0.0,0.0,0,0,0
2019,Akron,0,0,0,0.0,0.0,0.0,0,0,0
2019,Alabama,0,0,0,0.0,0.0,0.0,0,0,0
2019,Alabama A&M,0,0,0,0.0,0.0,0.0,0,0,0
2019,Alabama State,0,0,0,0.0,0.0,0.0,0,0,0
2019,Albany,0,0,0,0.0,0.0,0.0,0,0,0
2019,Albany State,0,0,0,0.0,0.0,0.0,0,0,0
2019,Alcorn State,0,0,0,0.0,0.0,0.0,0,0,0
2019,Allen University,0,0,0,0.0,0.0,0.0,0,0,0
2019,American International,0,0,0,0.0,0.0,0.0,0,0,0
2019,American River C.C.,0,0,0,0.0,0.0,0.0,0,0,0
2019,Anderson,0,0,0,0.0,0.0,0.0,0,0,0
2019,Angelo State,0,0,0,0.0,0.0,0.0,0,0,0
2019,Anna Maria College,0,0,0,0.0,0.0,0.0,0,0,0
2019,App State,0,0,0,0.0,0.0,0.0,0,0,0
2019,Arizona,0,0,0,0.0,0.0,0.0,0,0,0
2019,Arizona State,0,0,0,0.0,0.0,0.0,0,0,0
2019,Arkansas,0,0,0,0.0,0.0,0.0,0,0,0
2019,Arkansas Monticello,0,0,0,0.0,0.0,0.0,0,0,0
2019,Arkansas State,0,0,0,0.0,0.0,0.0,0,0,0
2019,Arkansas Tech,0,0,0,0.0,0.0,0.0,0,0,0
2019,Arkansas-Pine Bluff,0,0,0,0.0,0.0,0.0,0,0,0
2019,Army,0,0,0,0.0,0.0,0.0,0,0,0
2019,Ashland,0,0,0,0.0,0.0,0.0,0,0,0
2019,Ashland University,0,0,0,0.0,0.0,0.0,0,0,0
2019,Assumption,0,0,0,0.0,0.0,0.0,0,0,0
2019,Auburn,0,0,0,0.0,0.0,0.0,0,0,0
2019,Augustana,0,0,0,0.0,0.0,0.0,0,0,0
2019,Aurora University,0,0,0,0.0,0.0,0.0,0,0,0
2019,Austin Peay,0,0,0,0.0,0.0,0.0,0,0,0
2019,Averett University,0,0,0,0.0,0.0,0.0,0,0,0
2019,Azusa Pacific,0,0,0,0.0,0.0,0.0,0,0,0
2019,BYU,0,0,0,0.0,0.0,0.0,0,0,0
2019,Ball State,0,0,0,0.0,0.0,0.0,0,0,0
2019,Barton,0,0,0,0.0,0.0,0.0,0,0,0
2019,Barton C.C.,0,0,0,0.0,0.0,0.0,0,0,0
2019,Baylor,0,0,0,0.0,0.0,0.0,0,0,0
2019,Bemidji State,0,0,0,0.0,0.0,0.0,0,0,0
2019,Benedict,0,0,0,0.0,0.0,0.0,0,0,0
2019,Benedict College,0,0,0,0.0,0.0,0.0,0,0,0
2019,Bethel,0,0,0,0.0,0.0,0.0,0,0,0
2019,Bethune-Cookman,0,0,0,0.0,0.0,0.0,0,0,0
2019,Black Hills State,0,0,0,0.0,0.0,0.0,0,0,0
2019,Blinn College,0,0,0,0.0,0.0,0.0,0,0,0
2019,Boise State,0,0,0,0.0,0.0,0.0,0,0,0
2019,Boston College,0,0,0,0.0,0.0,0.0,0,0,0
2019,Bowie State,0,0,0,0.0,0.0,0.0,0,0,0
2019,Bowling Green,0,0,0,0.0,0.0,0.0,0,0,0
2019,British Columbia,0,0,0,0.0,0.0,0.0,0,0,0
2019,Brown,0,0,0,0.0,0.0,0.0,0,0,0
2019,Bryant,0,0,0,0.0,0.0,0.0,0,0,0
2019,Bucknell,0,0,0,0.0,0.0,0.0,0,0,0
2019,Buffalo,0,0,0,0.0,0.0,0.0,0,0,0
2019,Butler,0,0,0,0.0,0.0,0.0,0,0,0
2019,Butler C.C.,0,0,0,0.0,0.0,0.0,0,0,0
2019,Butler County (KS),0,0,0,0.0,0.0,0.0,0,0,0
2019,CSU-Pueblo,0,0,0,0.0,0.0,0.0,0,0,0
2019,Cal Lutheran,0,0,0,0.0,0.0,0.0,0,0,0
2019,Cal Poly,0,0,0,0.0,0.0,0.0,0,0,0
2019,California,0,0,0,0.0,0.0,0.0,0,0,0
2019,California (PA),0,0,0,0.0,0.0,0.0,0,0,0
2019,"California, Pa.",0,0,0,0.0,0.0,0.0,0,0,0
2019,Campbell,0,0,0,0.0,0.0,0.0,0,0,0
2019,Campbellsville,0,0,0,0.0,0.0,0.0,0,0,0
2019,Carroll College,0,0,0,0.0,0.0,0.0,0,0,0
2019,Carson Newman,0,0,0,0.0,0.0,0.0,0,0,0
2019,Catawba,0,0,0,0.0,0.0,0.0,0,0,0
2019,Central Arkansas,0,0,0,0.0,0.0,0.0,0,0,0
2019,Central Connecticut,0,0,0,0.0,0.0,0.0,0,0,0
2019,Central Michigan,0,0,0,0.0,0.0,0.0,0,0,0
2019,Central Missouri,0,0,0,0.0,0.0,0.0,0,0,0
2019,Central Missouri State,0,0,0,0.0,0.0,0.0,0,0,0
2019,Central Oklahoma,0,0,0,0.0,0.0,0.0,0,0,0
2019,Central State,0,0,0,0.0,0.0,0.0,0,0,0
2019,Central Washington,0,0,0,0.0,0.0,0.0,0,0,0
2019,Cerritos College,0,0,0,0.0,0.0,0.0,0,0,0
2019,Chadron State,0,0,0,0.0,0.0,0.0,0,0,0
2019,Charleston Southern,0,0,0,0.0,0.0,0.0,0,0,0
2019,Charlotte,0,0,0,0.0,0.0,0.0,0,0,0
2019,Chattanooga,0,0,0,0.0,0.0,0.0,0,0,0
2019,Chowan,0,0,0,0.0,0.0,0.0,0,0,0
2019,Christopher Newport,0,0,0,0.0,0.0,0.0,0,0,0
2019,Cincinnati,0,0,0,0.0,0.0,0.0,0,0,0
2019,Cisco College,0,0,0,0.0,0.0,0.0,0,0,0
2019,City College of San Francisco,0,0,0,0.0,0.0,0.0,0,0,0
2019,Clarion,0,0,0,0.0,0.0,0.0,0,0,0
2019,Clark Atlanta,0,0,0,0.0,0.0,0.0,0,0,0
2019,Clemson,0,0,0,0.0,0.0,0.0,0,0,0
2019,Coastal Carolina,0,0,0,0.0,0.0,0.0,0,0,0
2019,Coffeyville C.C.,0,0,0,0.0,0.0,0.0,0,0,0
2019,Colgate,0,0,0,0.0,0.0,0.0,0,0,0
2019,College of Charleston,0,0,0,0.0,0.0,0.0,0,0,0
2019,College of Idaho,0,0,0,0.0,0.0,0.0,0,0,0
2019,College of San Mateo,0,0,0,0.0,0.0,0.0,0,0,0
2019,College of the Canyons,0,0,0,0.0,0.0,0.0,0,0,0
2019,College of the Sequoias,0,0,0,0.0,0.0,0.0,0,0,0
2019,Colorado,0,0,0,0.0,0.0,0.0,0,0,0
2019,Colorado Mesa,0,0,0,0.0,0.0,0.0,0,0,0
2019,Colorado School of Mines,0,0,0,0.0,0.0,0.0,0,0,0
2019,Colorado State,0,0,0,0.0,0.0,0.0,0,0,0
2019,Columbia,0,0,0,0.0,0.0,0.0,0,0,0
2019,Concord,0,0,0,0.0,0.0,0.0,0,0,0
2019,Concordia St. Paul,0,0,0,0.0,0.0,0.0,0,0,0
2019,Concordia University,0,0,0,0.0,0.0,0.0,0,0,0
2019,"Concordia University, St. Paul",0,0,0,0.0,0.0,0.0,0,0,0
2019,Copiah-Lincoln C.C.,0,0,0,0.0,0.0,0.0,0,0,0
2019,Cornell,0,0,0,0.0,0.0,0.0,0,0,0
2019,Dartmouth,0,0,0,0.0,0.0,0.0,0,0,0
2019,Davenport,0,0,0,0.0,0.0,0.0,0,0,0
2019,Davidson,0,0,0,0.0,0.0,0.0,0,0,0
2019,Dayton,0,0,0,0.0,0.0,0.0,0,0,0
2019,De Anza College,0,0,0,0.0,0.0,0.0,0,0,0
2019,Defiance College,0,0,0,0.0,0.0,0.0,0,0,0
2019,Delaware,0,0,0,0.0,0.0,0.0,0,0,0
2019,Delaware State,0,0,0,0.0,0.0,0.0,0,0,0
2019,Delta State,0,0,0,0.0,0.0,0.0,0,0,0
2019,Des Moines,0,0,0,0.0,0.0,0.0,0,0,0
2019,Drake,0,0,0,0.0,0.0,0.0,0,0,0
2019,Duke,0,0,0,0.0,0.0,0.0,0,0,0
2019,Duquesne,0,0,0,0.0,0.0,0.0,0,0,0
2019,East Carolina,0,0,0,0.0,0.0,0.0,0,0,0
2019,East Central,0,0,0,0.0,0.0,0.0,0,0,0
2019,East Central C.C.,0,0,0,0.0,0.0,0.0,0,0,0
2019,East Mississippi C.C.,0,0,0,0.0,0.0,0.0,0,0,0
2019,East Tennessee State,0,0,0,0.0,0.0,0.0,0,0,0
2019,East Texas A&M,0,0,0,0.0,0.0,0.0,0,0,0
2019,Eastern Illinois,0,0,0,0.0,0.0,0.0,0,0,0
2019,Eastern Kentucky,0,0,0,0.0,0.0,0.0,0,0,0
2019,Eastern Michigan,0,0,0,0.0,0.0,0.0,0,0,0
2019,Eastern New Mexico,0,0,0,0.0,0.0,0.0,0,0,0
2019,Eastern Washington,0,0,0,0.0,0.0,0.0,0,0,0
2019,Edinboro University,0,0,0,0.0,0.0,0.0,0,0,0
2019,Edward Waters,0,0,0,0.0,0.0,0.0,0,0,0
2019,El Camino College,0,0,0,0.0,0.0,0.0,0,0,0
2019,Elizabeth City State,0,0,0,0.0,0.0,0.0,0,0,0
2019,Elon,0,0,0,0.0,0.0,0.0,0,0,0
2019,Emory & Henry,0,0,0,0.0,0.0,0.0,0,0,0
2019,Emporia State,0,0,0,0.0,0.0,0.0,0,0,0
2019,Erskine,0,0,0,0.0,0.0,0.0,0,0,0
2019,Erskine College,0,0,0,0.0,0.0,0.0,0,0,0
2019,Exeter,0,0,0,0.0,0.0,0.0,0,0,0
2019,Fairmont State,0,0,0,0.0,0.0,0.0,0,0,0
2019,Faulkner University,0,0,0,0.0,0.0,0.0,0,0,0
2019,Fayetteville State,0,0,0,0.0,0.0,0.0,0,0,0
2019,Ferris State,0,0,0,0.0,0.0,0.0,0,0,0
2019,Ferrum College,0,0,0,0.0,0.0,0.0,0,0,0
2019,Findlay,0,0,0,0.0,0.0,0.0,0,0,0
2019,Florida,0,0,0,0.0,0.0,0.0,0,0,0
2019,Florida A&M,0,0,0,0.0,0.0,0.0,0,0,0
2019,Florida Atlantic,0,0,0,0.0,0.0,0.0,0,0,0
2019,Florida International,0,0,0,0.0,0.0,0.0,0,0,0
2019,Florida Memorial University,0,0,0,0.0,0.0,0.0,0,0,0
2019,Florida State,0,0,0,0.0,0.0,0.0,0,0,0
2019,Fordham,0,0,0,0.0,0.0,0.0,0,0,0
2019,Fort Hays,0,0,0,0.0,0.0,0.0,0,0,0
2019,Fort Valley State,0,0,0,0.0,0.0,0.0,0,0,0
2019,Franklin College,0,0,0,0.0,0.0,0.0,0,0,0
2019,Franklin Pierce,0,0,0,0.0,0.0,0.0,0,0,0
2019,Fresno State,0,0,0,0.0,0.0,0.0,0,0,0
2019,Frostburg State,0,0,0,0.0,0.0,0.0,0,0,0
2019,Furman,0,0,0,0.0,0.0,0.0,0,0,0
2019,Gannon,0,0,0,0.0,0.0,0.0,0,0,0
2019,Garden City C.C. ,0,0,0,0.0,0.0,0.0,0,0,0
2019,Gardner-Webb,0,0,0,0.0,0.0,0.0,0,0,0
2019,George Fox,0,0,0,0.0,0.0,0.0,0,0,0
2019,Georgetown,0,0,0,0.0,0.0,0.0,0,0,0
2019,Georgia,0,0,0,0.0,0.0,0.0,0,0,0
2019,Georgia Military,0,0,0,0.0,0.0,0.0,0,0,0
2019,Georgia Military College Prep,0,0,0,0.0,0.0,0.0,0,0,0
2019,Georgia Southern,0,0,0,0.0,0.0,0.0,0,0,0
2019,Georgia State,0,0,0,0.0,0.0,0.0,0,0,0
2019,Georgia Tech,0,0,0,0.0,0.0,0.0,0,0,0
2019,Glenville State ,0,0,0,0.0,0.0,0.0,0,0,0
2019,Grambling,0,0,0,0.0,0.0,0.0,0,0,0
2019,Grand Valley State,0,0,0,0.0,0.0,0.0,0,0,0
2019,Hampton,0,0,0,0.0,0.0,0.0,0,0,0
2019,Harding,0,0,0,0.0,0.0,0.0,0,0,0
2019,Harvard,0,0,0,0.0,0.0,0.0,0,0,0
2019,Hawai'i,0,0,0,0.0,0.0,0.0,0,0,0
2019,Heidelberg,0,0,0,0.0,0.0,0.0,0,0,0
2019,Henderson State,0,0,0,0.0,0.0,0.0,0,0,0
2019,Highland C.C.,0,0,0,0.0,0.0,0.0,0,0,0
2019,Hillsdale College,0,0,0,0.0,0.0,0.0,0,0,0
2019,Hinds C.C.,0,0,0,0.0,0.0,0.0,0,0,0
2019,Holmes C.C.,0,0,0,0.0,0.0,0.0,0,0,0
2019,Holy Cross,0,0,0,0.0,0.0,0.0,0,0,0
2019,Hope ,0,0,0,0.0,0.0,0.0,0,0,0
2019,Houston,0,0,0,0.0,0.0,0.0,0,0,0
2019,Houston Christian,0,0,0,0.0,0.0,0.0,0,0,0
2019,Howard,0,0,0,0.0,0.0,0.0,0,0,0
2019,Howard Payne,0,0,0,0.0,0.0,0.0,0,0,0
2019,Hutchinson C.C.,0,0,0,0.0,0.0,0.0,0,0,0
2019,IU Pennsylvania,0,0,0,0.0,0.0,0.0,0,0,0
2019,Idaho,0,0,0,0.0,0.0,0.0,0,0,0
2019,Idaho State,0,0,0,0.0,0.0,0.0,0,0,0
2019,Illinois,0,0,0,0.0,0.0,0.0,0,0,0
2019,Illinois State,0,0,0,0.0,0.0,0.0,0,0,0
2019,Incarnate Word,0,0,0,0.0,0.0,0.0,0,0,0
2019,Independence C.C.,0,0,0,0.0,0.0,0.0,0,0,0
2019,Indiana,0,0,0,0.0,0.0,0.0,0,0,0
2019,Indiana State,0,0,0,0.0,0.0,0.0,0,0,0
2019,Indiana Wesleyan,0,0,0,0.0,0.0,0.0,0,0,0
2019,Indianapolis,0,0,0,0.0,0.0,0.0,0,0,0
2019,Iowa,0,0,0,0.0,0.0,0.0,0,0,0
2019,Iowa Central C.C.,0,0,0,0.0,0.0,0.0,0,0,0
2019,Iowa State,0,0,0,0.0,0.0,0.0,0,0,0
2019,Iowa Western C.C.,0,0,0,0.0,0.0,0.0,0,0,0
2019,Itawamba C.C.,0,0,0,0.0,0.0,0.0,0,0,0
2019,Jackson State,0,0,0,0.0,0.0,0.0,0,0,0
2019,Jacksonville State,0,0,0,0.0,0.0,0.0,0,0,0
2019,James Madison,0,0,0,0.0,0.0,0.0,0,0,0
2019,Johns Hopkins,0,0,0,0.0,0.0,0.0,0,0,0
2019,Johnson C. Smith,0,0,0,0.0,0.0,0.0,0,0,0
2019,Johnson C. Smith University,0,0,0,0.0,0.0,0.0,0,0,0
2019,Kansas,0,0,0,0.0,0.0,0.0,0,0,0
2019,Kansas State,0,0,0,0.0,0.0,0.0,0,0,0
2019,Keiser (Fl),0,0,0,0.0,0.0,0.0,0,0,0
2019,Kennesaw State,0,0,0,0.0,0.0,0.0,0,0,0
2019,Kent State,0,0,0,0.0,0.0,0.0,0,0,0
2019,Kentucky,0,0,0,0.0,0.0,0.0,0,0,0
2019,Kentucky Christian,0,0,0,0.0,0.0,0.0,0,0,0
2019,Kentucky State,0,0,0,0.0,0.0,0.0,0,0,0
2019,Kentucky Wesleyan,0,0,0,0.0,0.0,0.0,0,0,0
2019,Kilgore College,0,0,0,0.0,0.0,0.0,0,0,0
2019,Kilgore J.C.,0,0,0,0.0,0.0,0.0,0,0,0
2019,King's College,0,0,0,0.0,0.0,0.0,0,0,0
2019,LIU Post,0,0,0,0.0,0.0,0.0,0,0,0
2019,LSU,0,0,0,0.0,0.0,0.0,0,0,0
2019,LaGrange,0,0,0,0.0,0.0,0.0,0,0,0
2019,Lackawanna College,0,0,0,0.0,0.0,0.0,0,0,0
2019,Lafayette,0,0,0,0.0,0.0,0.0,0,0,0
2019,Lake Erie,0,0,0,0.0,0.0,0.0,0,0,0
2019,Lake Erie College,0,0,0,0.0,0.0,0.0,0,0,0
2019,Lamar,0,0,0,0.0,0.0,0.0,0,0,0
2019,Lamar Christian School,0,0,0,0.0,0.0,0.0,0,0,0
2019,Lane College,0,0,0,0.0,0.0,0.0,0,0,0
2019,Laney College,0,0,0,0.0,0.0,0.0,0,0,0
2019,Laurier,0,0,0,0.0,0.0,0.0,0,0,0
2019,LeMoyne-Owen,0,0,0,0.0,0.0,0.0,0,0,0
2019,Lehigh,0,0,0,0.0,0.0,0.0,0,0,0
2019,Lenoir Rhyne,0,0,0,0.0,0.0,0.0,0,0,0
2019,Lenoir-Rhyne,0,0,0,0.0,0.0,0.0,0,0,0
2019,Liberty,0,0,0,0.0,0.0,0.0,0,0,0
2019,Limestone,0,0,0,0.0,0.0,0.0,0,0,0
2019,Limestone College,0,0,0,0.0,0.0,0.0,0,0,0
2019,Limestone University,0,0,0,0.0,0.0,0.0,0,0,0
2019,Lincoln (MO),0,0,0,0.0,0.0,0.0,0,0,0
2019,Lindenwood,0,0,0,0.0,0.0,0.0,0,0,0
2019,Lindenwood University,0,0,0,0.0,0.0,0.0,0,0,0
2019,Livingstone,0,0,0,0.0,0.0,0.0,0,0,0
2019,Livingstone College,0,0,0,0.0,0.0,0.0,0,0,0
2019,Lock Haven,0,0,0,0.0,0.0,0.0,0,0,0
2019,Long Beach City College,0,0,0,0.0,0.0,0.0,0,0,0
2019,Louisiana,0,0,0,0.0,0.0,0.0,0,0,0
2019,Louisiana Tech,0,0,0,0.0,0.0,0.0,0,0,0
2019,Louisville,0,0,0,0.0,0.0,0.0,0,0,0
2019,Maine,0,0,0,0.0,0.0,0.0,0,0,0
2019,Manitoba,0,0,0,0.0,0.0,0.0,0,0,0
2019,Marian,0,0,0,0.0,0.0,0.0,0,0,0
2019,Marian (IN),0,0,0,0.0,0.0,0.0,0,0,0
2019,Marist,0,0,0,0.0,0.0,0.0,0,0,0
2019,Mars Hill,0,0,0,0.0,0.0,0.0,0,0,0
2019,Marshall,0,0,0,0.0,0.0,0.0,0,0,0
2019,Mary Hardin Baylor,0,0,0,0.0,0.0,0.0,0,0,0
2019,Maryland,0,0,0,0.0,0.0,0.0,0,0,0
2019,Maryville College,0,0,0,0.0,0.0,0.0,0,0,0
2019,Massachusetts,0,0,0,0.0,0.0,0.0,0,0,0
2019,McKendree,0,0,0,0.0,0.0,0.0,0,0,0
2019,McMurry University,0,0,0,0.0,0.0,0.0,0,0,0
2019,McNeese,0,0,0,0.0,0.0,0.0,0,0,0
2019,Memphis,0,0,0,0.0,0.0,0.0,0,0,0
2019,Mercer,0,0,0,0.0,0.0,0.0,0,0,0
2019,Mercyhurst,0,0,0,0.0,0.0,0.0,0,0,0
2019,Mercyhurst College,0,0,0,0.0,0.0,0.0,0,0,0
2019,Merrimack,0,0,0,0.0,0.0,0.0,0,0,0
2019,Miami,0,0,0,0.0,0.0,0.0,0,0,0
2019,Miami (OH),0,0,0,0.0,0.0,0.0,0,0,0
2019,Michigan,0,0,0,0.0,0.0,0.0,0,0,0
2019,Michigan State,0,0,0,0.0,0.0,0.0,0,0,0
2019,MidAmerica Nazarene,0,0,0,0.0,0.0,0.0,0,0,0
2019,Middle Tennessee,0,0,0,0.0,0.0,0.0,0,0,0
2019,Midwestern State,0,0,0,0.0,0.0,0.0,0,0,0
2019,Miles,0,0,0,0.0,0.0,0.0,0,0,0
2019,Millersville,0,0,0,0.0,0.0,0.0,0,0,0
2019,Minnesota,0,0,0,0.0,0.0,0.0,0,0,0
2019,Minnesota Duluth,0,0,0,0.0,0.0,0.0,0,0,0
2019,Minnesota State,0,0,0,0.0,0.0,0.0,0,0,0
2019,Minot State,0,0,0,0.0,0.0,0.0,0,0,0
2019,Misericordia,0,0,0,0.0,0.0,0.0,0,0,0
2019,Mississippi College,0,0,0,0.0,0.0,0.0,0,0,0
2019,Mississippi Gulf Coast C.C.,0,0,0,0.0,0.0,0.0,0,0,0
2019,Mississippi State,0,0,0,0.0,0.0,0.0,0,0,0
2019,Mississippi Valley State,0,0,0,0.0,0.0,0.0,0,0,0
2019,Missouri,0,0,0,0.0,0.0,0.0,0,0,0
2019,Missouri S&T,0,0,0,0.0,0.0,0.0,0,0,0
2019,Missouri Southern State,0,0,0,0.0,0.0,0.0,0,0,0
2019,Missouri State,0,0,0,0.0,0.0,0.0,0,0,0
2019,Missouri Western State,0,0,0,0.0,0.0,0.0,0,0,0
2019,Monash University,0,0,0,0.0,0.0,0.0,0,0,0
2019,Monmouth,0,0,0,0.0,0.0,0.0,0,0,0
2019,Montana,0,0,0,0.0,0.0,0.0,0,0,0
2019,Montana State,0,0,0,0.0,0.0,0.0,0,0,0
2019,Montana Tech,0,0,0,0.0,0.0,0.0,0,0,0
2019,Montana Western,0,0,0,0.0,0.0,0.0,0,0,0
2019,Morehead State,0,0,0,0.0,0.0,0.0,0,0,0
2019,Morehouse,0,0,0,0.0,0.0,0.0,0,0,0
2019,Morgan State,0,0,0,0.0,0.0,0.0,0,0,0
2019,Mount St. Joseph,0,0,0,0.0,0.0,0.0,0,0,0
2019,Mount Union ,0,0,0,0.0,0.0,0.0,0,0,0
2019,Mt. San Antonio College,0,0,0,0.0,0.0,0.0,0,0,0
2019,Muhlenberg,0,0,0,0.0,0.0,0.0,0,0,0
2019,Murray State,0,0,0,0.0,0.0,0.0,0,0,0
2019,NC State,0,0,0,0.0,0.0,0.0,0,0,0
2019,Navarro College,0,0,0,0.0,0.0,0.0,0,0,0
2019,Navy,0,0,0,0.0,0.0,0.0,0,0,0
2019,Nebraska,0,0,0,0.0,0.0,0.0,0,0,0
2019,Nebraska Kearney,0,0,0,0.0,0.0,0.0,0,0,0
2019,Nebraska-Kearney,0,0,0,0.0,0.0,0.0,0,0,0
2019,Nevada,0,0,0,0.0,0.0,0.0,0,0,0
2019,New Hampshire,0,0,0,0.0,0.0,0.0,0,0,0
2019,New Haven,0,0,0,0.0,0.0,0.0,0,0,0
2019,New Mexico,0,0,0,0.0,0.0,0.0,0,0,0
2019,New Mexico Highlands,0,0,0,0.0,0.0,0.0,0,0,0
2019,New Mexico Military Institute,0,0,0,0.0,0.0,0.0,0,0,0
2019,New Mexico State,0,0,0,0.0,0.0,0.0,0,0,0
2019,Newberry,0,0,0,0.0,0.0,0.0,0,0,0
2019,Nicholls,0,0,0,0.0,0.0,0.0,0,0,0
2019,Norfolk State,0,0,0,0.0,0.0,0.0,0,0,0
2019,North Alabama,0,0,0,0.0,0.0,0.0,0,0,0
2019,North Carolina,0,0,0,0.0,0.0,0.0,0,0,0
2019,North Carolina A&T,0,0,0,0.0,0.0,0.0,0,0,0
2019,North Carolina Central,0,0,0,0.0,0.0,0.0,0,0,0
2019,North Central College,0,0,0,0.0,0.0,0.0,0,0,0
2019,North Dakota,0,0,0,0.0,0.0,0.0,0,0,0
2019,North Dakota State,0,0,0,0.0,0.0,0.0,0,0,0
2019,North Greenville,0,0,0,0.0,0.0,0.0,0,0,0
2019,North Texas,0,0,0,0.0,0.0,0.0,0,0,0
2019,Northeast Mississippi C.C.,0,0,0,0.0,0.0,0.0,0,0,0
2019,Northeastern Oklahoma A&M,0,0,0,0.0,0.0,0.0,0,0,0
2019,Northeastern State,0,0,0,0.0,0.0,0.0,0,0,0
2019,Northern Arizona,0,0,0,0.0,0.0,0.0,0,0,0
2019,Northern Colorado,0,0,0,0.0,0.0,0.0,0,0,0
2019,Northern Illinois,0,0,0,0.0,0.0,0.0,0,0,0
2019,Northern Iowa,0,0,0,0.0,0.0,0.0,0,0,0
2019,Northern Michigan,0,0,0,0.0,0.0,0.0,0,0,0
2019,Northern State,0,0,0,0.0,0.0,0.0,0,0,0
2019,Northwest Mississippi C.C.,0,0,0,0.0,0.0,0.0,0,0,0
2019,Northwest Missouri State,0,0,0,0.0,0.0,0.0,0,0,0
2019,Northwestern,0,0,0,0.0,0.0,0.0,0,0,0
2019,Northwestern State,0,0,0,0.0,0.0,0.0,0,0,0
2019,Northwood,0,0,0,0.0,0.0,0.0,0,0,0
2019,Notre Dame,0,0,0,0.0,0.0,0.0,0,0,0
2019,Notre Dame College,0,0,0,0.0,0.0,0.0,0,0,0
2019,Ohio,0,0,0,0.0,0.0,0.0,0,0,0
2019,Ohio Dominican,0,0,0,0.0,0.0,0.0,0,0,0
2019,Ohio State,0,0,0,0.0,0.0,0.0,0,0,0
2019,Oklahoma,0,0,0,0.0,0.0,0.0,0,0,0
2019,Oklahoma Baptist,0,0,0,0.0,0.0,0.0,0,0,0
2019,Oklahoma State,0,0,0,0.0,0.0,0.0,0,0,0
2019,Old Dominion,0,0,0,0.0,0.0,0.0,0,0,0
2019,Ole Miss,0,0,0,0.0,0.0,0.0,0,0,0
2019,Oregon,0,0,0,0.0,0.0,0.0,0,0,0
2019,Oregon State,0,0,0,0.0,0.0,0.0,0,0,0
2019,Ottawa,0,0,0,0.0,0.0,0.0,0,0,0
2019,Ouachita Baptist,0,0,0,0.0,0.0,0.0,0,0,0
2019,Ouachita Baptist University,0,0,0,0.0,0.0,0.0,0,0,0
2019,Pace,0,0,0,0.0,0.0,0.0,0,0,0
2019,Palomar College,0,0,0,0.0,0.0,0.0,0,0,0
2019,Penn State,0,0,0,0.0,0.0,0.0,0,0,0
2019,Pennsylvania,0,0,0,0.0,0.0,0.0,0,0,0
2019,Peru State,0,0,0,0.0,0.0,0.0,0,0,0
2019,Pikeville,0,0,0,0.0,0.0,0.0,0,0,0
2019,Pittsburg State,0,0,0,0.0,0.0,0.0,0,0,0
2019,Pittsburgh,0,0,0,0.0,0.0,0.0,0,0,0
2019,Portland State,0,0,0,0.0,0.0,0.0,0,0,0
2019,Prairie View A&M,0,0,0,0.0,0.0,0.0,0,0,0
2019,Presbyterian,0,0,0,0.0,0.0,0.0,0,0,0
2019,Princeton,0,0,0,0.0,0.0,0.0,0,0,0
2019,Professional,0,0,0,0.0,0.0,0.0,0,0,0
2019,Puget Sound,0,0,0,0.0,0.0,0.0,0,0,0
2019,Purdue,0,0,0,0.0,0.0,0.0,0,0,0
2019,Quincy,0,0,0,0.0,0.0,0.0,0,0,0
2019,Reinhardt,0,0,0,0.0,0.0,0.0,0,0,0
2019,Rhode Island,0,0,0,0.0,0.0,0.0,0,0,0
2019,Rice,0,0,0,0.0,0.0,0.0,0,0,0
2019,Richmond,0,0,0,0.0,0.0,0.0,0,0,0
2019,Riverside C.C.,0,0,0,0.0,0.0,0.0,0,0,0
2019,Roanoke,0,0,0,0.0,0.0,0.0,0,0,0
2019,Robert Morris,0,0,0,0.0,0.0,0.0,0,0,0
2019,Roosevelt,0,0,0,0.0,0.0,0.0,0,0,0
2019,Rutgers,0,0,0,0.0,0.0,0.0,0,0,0
2019,SE Louisiana,0,0,0,0.0,0.0,0.0,0,0,0
2019,SMU,0,0,0,0.0,0.0,0.0,0,0,0
2019,Sacramento State,0,0,0,0.0,0.0,0.0,0,0,0
2019,Sacred Heart,0,0,0,0.0,0.0,0.0,0,0,0
2019,Saddleback College,0,0,0,0.0,0.0,0.0,0,0,0
2019,Saginaw Valley State,0,0,0,0.0,0.0,0.0,0,0,0
2019,Saint Anselm,0,0,0,0.0,0.0,0.0,0,0,0
2019,Saint Francis,0,0,0,0.0,0.0,0.0,0,0,0
2019,Saint Francis (PA),0,0,0,0.0,0.0,0.0,0,0,0
2019,Salisbury University,0,0,0,0.0,0.0,0.0,0,0,0
2019,Sam Houston,0,0,0,0.0,0.0,0.0,0,0,0
2019,Samford,0,0,0,0.0,0.0,0.0,0,0,0
2019,San Diego,0,0,0,0.0,0.0,0.0,0,0,0
2019,San Diego State,0,0,0,0.0,0.0,0.0,0,0,0
2019,San José State,0,0,0,0.0,0.0,0.0,0,0,0
2019,Santa Rosa J.C.,0,0,0,0.0,0.0,0.0,0,0,0
2019,Savannah State,0,0,0,0.0,0.0,0.0,0,0,0
2019,Shaw,0,0,0,0.0,0.0,0.0,0,0,0
2019,Shepherd,0,0,0,0.0,0.0,0.0,0,0,0
2019,Shepherd University,0,0,0,0.0,0.0,0.0,0,0,0
2019,Shippensburg,0,0,0,0.0,0.0,0.0,0,0,0
2019,Shippensburg University,0,0,0,0.0,0.0,0.0,0,0,0
2019,Shorter,0,0,0,0.0,0.0,0.0,0,0,0
2019,Siena Heights,0,0,0,0.0,0.0,0.0,0,0,0
2019,Simon Fraser,0,0,0,0.0,0.0,0.0,0,0,0
2019,Simpson College,0,0,0,0.0,0.0,0.0,0,0,0
2019,Sioux Falls,0,0,0,0.0,0.0,0.0,0,0,0
2019,Slippery Rock,0,0,0,0.0,0.0,0.0,0,0,0
2019,Snow College,0,0,0,0.0,0.0,0.0,0,0,0
2019,South Alabama,0,0,0,0.0,0.0,0.0,0,0,0
2019,South Carolina,0,0,0,0.0,0.0,0.0,0,0,0
2019,South Carolina State,0,0,0,0.0,0.0,0.0,0,0,0
2019,South Dakota,0,0,0,0.0,0.0,0.0,0,0,0
2019,South Dakota Mines,0,0,0,0.0,0.0,0.0,0,0,0
2019,South Dakota State,0,0,0,0.0,0.0,0.0,0,0,0
2019,South Florida,0,0,0,0.0,0.0,0.0,0,0,0
2019,Southeast Missouri State,0,0,0,0.0,0.0,0.0,0,0,0
2019,Southeast Oklahoma State,0,0,0,0.0,0.0,0.0,0,0,0
2019,Southeastern,0,0,0,0.0,0.0,0.0,0,0,0
2019,Southeastern Louisiana,0,0,0,0.0,0.0,0.0,0,0,0
2019,Southern,0,0,0,0.0,0.0,0.0,0,0,0
2019,Southern Arkansas,0,0,0,0.0,0.0,0.0,0,0,0
2019,Southern Connecticut State,0,0,0,0.0,0.0,0.0,0,0,0
2019,Southern Illinois,0,0,0,0.0,0.0,0.0,0,0,0
2019,Southern Miss,0,0,0,0.0,0.0,0.0,0,0,0
2019,Southern Oregon,0,0,0,0.0,0.0,0.0,0,0,0
2019,Southern Utah,0,0,0,0.0,0.0,0.0,0,0,0
2019,Southwest Baptist,0,0,0,0.0,0.0,0.0,0,0,0
2019,Southwest Minnesota State,0,0,0,0.0,0.0,0.0,0,0,0
2019,Southwest Mississippi C.C.,0,0,0,0.0,0.0,0.0,0,0,0
2019,Southwestern (KS),0,0,0,0.0,0.0,0.0,0,0,0
2019,Southwestern Oklahoma State,0,0,0,0.0,0.0,0.0,0,0,0
2019,St. Thomas,0,0,0,0.0,0.0,0.0,0,0,0
2019,St. Thomas University,0,0,0,0.0,0.0,0.0,0,0,0
2019,St. Vincent,0,0,0,0.0,0.0,0.0,0,0,0
2019,Stanford,0,0,0,0.0,0.0,0.0,0,0,0
2019,Stephen F. Austin,0,0,0,0.0,0.0,0.0,0,0,0
2019,Stetson,0,0,0,0.0,0.0,0.0,0,0,0
2019,Stonehill,0,0,0,0.0,0.0,0.0,0,0,0
2019,Stony Brook,0,0,0,0.0,0.0,0.0,0,0,0
2019,Susquehanna,0,0,0,0.0,0.0,0.0,0,0,0
2019,Syracuse,0,0,0,0.0,0.0,0.0,0,0,0
2019,TCU,0,0,0,0.0,0.0,0.0,0,0,0
2019,Tarleton State,0,0,0,0.0,0.0,0.0,0,0,0
2019,Taylor,0,0,0,0.0,0.0,0.0,0,0,0
2019,Temple,0,0,0,0.0,0.0,0.0,0,0,0
2019,Tennessee,0,0,0,0.0,0.0,0.0,0,0,0
2019,Tennessee State,0,0,0,0.0,0.0,0.0,0,0,0
2019,Tennessee Tech,0,0,0,0.0,0.0,0.0,0,0,0
2019,Texas,0,0,0,0.0,0.0,0.0,0,0,0
2019,Texas A&M,0,0,0,0.0,0.0,0.0,0,0,0
2019,Texas A&M-Kingsville,0,0,0,0.0,0.0,0.0,0,0,0
2019,Texas Southern,0,0,0,0.0,0.0,0.0,0,0,0
2019,Texas State,0,0,0,0.0,0.0,0.0,0,0,0
2019,Texas Tech,0,0,0,0.0,0.0,0.0,0,0,0
2019,Texas-Permian Basin,0,0,0,0.0,0.0,0.0,0,0,0
2019,Texas-Rio Grande Valley,0,0,0,0.0,0.0,0.0,0,0,0
2019,The Citadel,0,0,0,0.0,0.0,0.0,0,0,0
2019,Thomas More,0,0,0,0.0,0.0,0.0,0,0,0
2019,Tiffin University,0,0,0,0.0,0.0,0.0,0,0,0
2019,Toledo,0,0,0,0.0,0.0,0.0,0,0,0
2019,Towson,0,0,0,0.0,0.0,0.0,0,0,0
2019,Trinity,0,0,0,0.0,0.0,0.0,0,0,0
2019,Trinity (Texas),0,0,0,0.0,0.0,0.0,0,0,0
2019,Trinity Valley C.C.,0,0,0,0.0,0.0,0.0,0,0,0
2019,Troy,0,0,0,0.0,0.0,0.0,0,0,0
2019,Truman State,0,0,0,0.0,0.0,0.0,0,0,0
2019,Tufts University,0,0,0,0.0,0.0,0.0,0,0,0
2019,Tulane,0,0,0,0.0,0.0,0.0,0,0,0
2019,Tulsa,0,0,0,0.0,0.0,0.0,0,0,0
2019,Tusculum,0,0,0,0.0,0.0,0.0,0,0,0
2019,Tuskegee,0,0,0,0.0,0.0,0.0,0,0,0
2019,Tyler J.C. ,0,0,0,0.0,0.0,0.0,0,0,0
2019,UAB,0,0,0,0.0,0.0,0.0,0,0,0
2019,UAlbany,0,0,0,0.0,0.0,0.0,0,0,0
2019,UC Davis,0,0,0,0.0,0.0,0.0,0,0,0
2019,UCF,0,0,0,0.0,0.0,0.0,0,0,0
2019,UCLA,0,0,0,0.0,0.0,0.0,0,0,0
2019,UConn,0,0,0,0.0,0.0,0.0,0,0,0
2019,UL Monroe,0,0,0,0.0,0.0,0.0,0,0,0
2019,UNC-Pembroke,0,0,0,0.0,0.0,0.0,0,0,0
2019,UNLV,0,0,0,0.0,0.0,0.0,0,0,0
2019,USC,0,0,0,0.0,0.0,0.0,0,0,0
2019,UT Martin,0,0,0,0.0,0.0,0.0,0,0,0
2019,UT-Rio Grande Valley,0,0,0,0.0,0.0,0.0,0,0,0
2019,UT-Rio Grande Valley (Do not use),0,0,0,0.0,0.0,0.0,0,0,0
2019,UTEP,0,0,0,0.0,0.0,0.0,0,0,0
2019,UTRGV,0,0,0,0.0,0.0,0.0,0,0,0
2019,UTSA,0,0,0,0.0,0.0,0.0,0,0,0
2019,UVA Wise,0,0,0,0.0,0.0,0.0,0,0,0
2019,University of Calgary,0,0,0,0.0,0.0,0.0,0,0,0
2019,University of Charleston,0,0,0,0.0,0.0,0.0,0,0,0
2019,University of Guelph,0,0,0,0.0,0.0,0.0,0,0,0
2019,University of Mary,0,0,0,0.0,0.0,0.0,0,0,0
2019,Upper Iowa,0,0,0,0.0,0.0,0.0,0,0,0
2019,Utah,0,0,0,0.0,0.0,0.0,0,0,0
2019,Utah State,0,0,0,0.0,0.0,0.0,0,0,0
2019,Utah Tech,0,0,0,0.0,0.0,0.0,0,0,0
2019,VMI,0,0,0,0.0,0.0,0.0,0,0,0
2019,Valdosta State,0,0,0,0.0,0.0,0.0,0,0,0
2019,Valparaiso,0,0,0,0.0,0.0,0.0,0,0,0
2019,Vanderbilt,0,0,0,0.0,0.0,0.0,0,0,0
2019,Villanova,0,0,0,0.0,0.0,0.0,0,0,0
2019,Virginia,0,0,0,0.0,0.0,0.0,0,0,0
2019,Virginia State,0,0,0,0.0,0.0,0.0,0,0,0
2019,Virginia Tech,0,0,0,0.0,0.0,0.0,0,0,0
2019,Virginia Union,0,0,0,0.0,0.0,0.0,0,0,0
2019,Wagner,0,0,0,0.0,0.0,0.0,0,0,0
2019,Wake Forest,0,0,0,0.0,0.0,0.0,0,0,0
2019,Walsh,0,0,0,0.0,0.0,0.0,0,0,0
2019,Warner University,0,0,0,0.0,0.0,0.0,0,0,0
2019,Washburn,0,0,0,0.0,0.0,0.0,0,0,0
2019,Washington,0,0,0,0.0,0.0,0.0,0,0,0
2019,Washington State,0,0,0,0.0,0.0,0.0,0,0,0
2019,Wayne State,0,0,0,0.0,0.0,0.0,0,0,0
2019,Wayne State College,0,0,0,0.0,0.0,0.0,0,0,0
2019,Weber State,0,0,0,0.0,0.0,0.0,0,0,0
2019,West Alabama,0,0,0,0.0,0.0,0.0,0,0,0
2019,West Chester,0,0,0,0.0,0.0,0.0,0,0,0
2019,West Florida,0,0,0,0.0,0.0,0.0,0,0,0
2019,West Georgia,0,0,0,0.0,0.0,0.0,0,0,0
2019,West Liberty,0,0,0,0.0,0.0,0.0,0,0,0
2019,West Texas,0,0,0,0.0,0.0,0.0,0,0,0
2019,West Virginia,0,0,0,0.0,0.0,0.0,0,0,0
2019,West Virginia State,0,0,0,0.0,0.0,0.0,0,0,0
2019,Western Carolina,0,0,0,0.0,0.0,0.0,0,0,0
2019,Western Colorado,0,0,0,0.0,0.0,0.0,0,0,0
2019,Western Connecticut State,0,0,0,0.0,0.0,0.0,0,0,0
2019,Western Illinois,0,0,0,0.0,0.0,0.0,0,0,0
2019,Western Kentucky,0,0,0,0.0,0.0,0.0,0,0,0
2019,Western Michigan,0,0,0,0.0,0.0,0.0,0,0,0
2019,Western New Mexico,0,0,0,0.0,0.0,0.0,0,0,0
2019,Western Oregon,0,0,0,0.0,0.0,0.0,0,0,0
2019,Wheeling,0,0,0,0.0,0.0,0.0,0,0,0
2019,William & Mary,0,0,0,0.0,0.0,0.0,0,0,0
2019,William Jewell College,0,0,0,0.0,0.0,0.0,0,0,0
2019,Wingate,0,0,0,0.0,0.0,0.0,0,0,0
2019,Winona State,0,0,0,0.0,0.0,0.0,0,0,0
2019,Winston-Salem State,0,0,0,0.0,0.0,0.0,0,0,0
2019,Wisconsin,0,0,0,0.0,0.0,0.0,0,0,0
2019,Wisconsin La Crosse,0,0,0,0.0,0.0,0.0,0,0,0
2019,Wisconsin-River Falls,0,0,0,0.0,0.0,0.0,0,0,0
2019,Wittenberg,0,0,0,0.0,0.0,0.0,0,0,0
2019,Wofford,0,0,0,0.0,0.0,0.0,0,0,0
2019,Wyoming,0,0,0,0.0,0.0,0.0,0,0,0
2019,Yale,0,0,0,0.0,0.0,0.0,0,0,0
2019,Youngstown State,0,0,0,0.0,0.0,0.0,0,0,0
2020,Abilene Christian,0,0,0,0.0,0.0,0.0,0,0,0
2020,Adams,0,0,0,0.0,0.0,0.0,0,0,0
2020,Adams State,0,0,0,0.0,0.0,0.0,0,0,0
2020,Air Force,0,0,0,0.0,0.0,0.0,0,0,0
2020,Akron,0,0,0,0.0,0.0,0.0,0,0,0
2020,Alabama,0,0,0,0.0,0.0,0.0,0,0,0
2020,Alabama A&M,0,0,0,0.0,0.0,0.0,0,0,0
2020,Alabama State,0,0,0,0.0,0.0,0.0,0,0,0
2020,Albany,0,0,0,0.0,0.0,0.0,0,0,0
2020,Albany State,0,0,0,0.0,0.0,0.0,0,0,0
2020,Alcorn State,0,0,0,0.0,0.0,0.0,0,0,0
2020,Allen University,0,0,0,0.0,0.0,0.0,0,0,0
2020,American International,0,0,0,0.0,0.0,0.0,0,0,0
2020,American River C.C.,0,0,0,0.0,0.0,0.0,0,0,0
2020,Anderson,0,0,0,0.0,0.0,0.0,0,0,0
2020,Angelo State,0,0,0,0.0,0.0,0.0,0,0,0
2020,Anna Maria College,0,0,0,0.0,0.0,0.0,0,0,0
2020,App State,0,0,0,0.0,0.0,0.0,0,0,0
2020,Arizona,0,0,0,0.0,0.0,0.0,0,0,0
2020,Arizona State,0,0,0,0.0,0.0,0.0,0,0,0
2020,Arkansas,0,0,0,0.0,0.0,0.0,0,0,0
2020,Arkansas Monticello,0,0,0,0.0,0.0,0.0,0,0,0
2020,Arkansas State,0,0,0,0.0,0.0,0.0,0,0,0
2020,Arkansas Tech,0,0,0,0.0,0.0,0.0,0,0,0
2020,Arkansas-Pine Bluff,0,0,0,0.0,0.0,0.0,0,0,0
2020,Army,0,0,0,0.0,0.0,0.0,0,0,0
2020,Ashland,0,0,0,0.0,0.0,0.0,0,0,0
2020,Ashland University,0,0,0,0.0,0.0,0.0,0,0,0
2020,Assumption,0,0,0,0.0,0.0,0.0,0,0,0
2020,Auburn,0,0,0,0.0,0.0,0.0,0,0,0
2020,Augustana,0,0,0,0.0,0.0,0.0,0,0,0
2020,Aurora University,0,0,0,0.0,0.0,0.0,0,0,0
2020,Austin Peay,0,0,0,0.0,0.0,0.0,0,0,0
2020,Averett University,0,0,0,0.0,0.0,0.0,0,0,0
2020,Azusa Pacific,0,0,0,0.0,0.0,0.0,0,0,0
2020,BYU,0,0,0,0.0,0.0,0.0,0,0,0
2020,Ball State,0,0,0,0.0,0.0,0.0,0,0,0
2020,Barton,0,0,0,0.0,0.0,0.0,0,0,0
2020,Barton C.C.,0,0,0,0.0,0.0,0.0,0,0,0
2020,Baylor,0,0,0,0.0,0.0,0.0,0,0,0
2020,Bemidji State,0,0,0,0.0,0.0,0.0,0,0,0
2020,Benedict,0,0,0,0.0,0.0,0.0,0,0,0
2020,Benedict College,0,0,0,0.0,0.0,0.0,0,0,0
2020,Bethel,0,0,0,0.0,0.0,0.0,0,0,0
2020,Bethune-Cookman,0,0,0,0.0,0.0,0.0,0,0,0
2020,Black Hills State,0,0,0,0.0,0.0,0.0,0,0,0
2020,Blinn College,0,0,0,0.0,0.0,0.0,0,0,0
2020,Boise State,0,0,0,0.0,0.0,0.0,0,0,0
2020,Boston College,0,0,0,0.0,0.0,0.0,0,0,0
2020,Bowie State,0,0,0,0.0,0.0,0.0,0,0,0
2020,Bowling Green,0,0,0,0.0,0.0,0.0,0,0,0
2020,British Columbia,0,0,0,0.0,0.0,0.0,0,0,0
2020,Brown,0,0,0,0.0,0.0,0.0,0,0,0
2020,Bryant,0,0,0,0.0,0.0,0.0,0,0,0
2020,Bucknell,0,0,0,0.0,0.0,0.0,0,0,0
2020,Buffalo,0,0,0,0.0,0.0,0.0,0,0,0
2020,Butler,0,0,0,0.0,0.0,0.0,0,0,0
2020,Butler C.C.,0,0,0,0.0,0.0,0.0,0,0,0
2020,Butler County (KS),0,0,0,0.0,0.0,0.0,0,0,0
2020,CSU-Pueblo,0,0,0,0.0,0.0,0.0,0,0,0
2020,Cal Lutheran,0,0,0,0.0,0.0,0.0,0,0,0
2020,Cal Poly,0,0,0,0.0,0.0,0.0,0,0,0
2020,California,0,0,0,0.0,0.0,0.0,0,0,0
2020,California (PA),0,0,0,0.0,0.0,0.0,0,0,0
2020,"California, Pa.",0,0,0,0.0,0.0,0.0,0,0,0
2020,Campbell,0,0,0,0.0,0.0,0.0,0,0,0
2020,Campbellsville,0,0,0,0.0,0.0,0.0,0,0,0
2020,Carroll College,0,0,0,0.0,0.0,0.0,0,0,0
2020,Carson Newman,0,0,0,0.0,0.0,0.0,0,0,0
2020,Catawba,0,0,0,0.0,0.0,0.0,0,0,0
2020,Central Arkansas,0,0,0,0.0,0.0,0.0,0,0,0
2020,Central Connecticut,0,0,0,0.0,0.0,0.0,0,0,0
2020,Central Michigan,0,0,0,0.0,0.0,0.0,0,0,0
2020,Central Missouri,0,0,0,0.0,0.0,0.0,0,0,0
2020,Central Missouri State,0,0,0,0.0,0.0,0.0,0,0,0
2020,Central Oklahoma,0,0,0,0.0,0.0,0.0,0,0,0
2020,Central State,0,0,0,0.0,0.0,0.0,0,0,0
2020,Central Washington,0,0,0,0.0,0.0,0.0,0,0,0
2020,Cerritos College,0,0,0,0.0,0.0,0.0,0,0,0
2020,Chadron State,0,0,0,0.0,0.0,0.0,0,0,0
2020,Charleston Southern,0,0,0,0.0,0.0,0.0,0,0,0
2020,Charlotte,0,0,0,0.0,0.0,0.0,0,0,0
2020,Chattanooga,0,0,0,0.0,0.0,0.0,0,0,0
2020,Chowan,0,0,0,0.0,0.0,0.0,0,0,0
2020,Christopher Newport,0,0,0,0.0,0.0,0.0,0,0,0
2020,Cincinnati,0,0,0,0.0,0.0,0.0,0,0,0
2020,Cisco College,0,0,0,0.0,0.0,0.0,0,0,0
2020,City College of San Francisco,0,0,0,0.0,0.0,0.0,0,0,0
2020,Clarion,0,0,0,0.0,0.0,0.0,0,0,0
2020,Clark Atlanta,0,0,0,0.0,0.0,0.0,0,0,0
2020,Clemson,0,0,0,0.0,0.0,0.0,0,0,0
2020,Coastal Carolina,0,0,0,0.0,0.0,0.0,0,0,0
2020,Coffeyville C.C.,0,0,0,0.0,0.0,0.0,0,0,0
2020,Colgate,0,0,0,0.0,0.0,0.0,0,0,0
2020,College of Charleston,0,0,0,0.0,0.0,0.0,0,0,0
2020,College of Idaho,0,0,0,0.0,0.0,0.0,0,0,0
2020,College of San Mateo,0,0,0,0.0,0.0,0.0,0,0,0
2020,College of the Canyons,0,0,0,0.0,0.0,0.0,0,0,0
2020,College of the Sequoias,0,0,0,0.0,0.0,0.0,0,0,0
2020,Colorado,0,0,0,0.0,0.0,0.0,0,0,0
2020,Colorado Mesa,0,0,0,0.0,0.0,0.0,0,0,0
2020,Colorado School of Mines,0,0,0,0.0,0.0,0.0,0,0,0
2020,Colorado State,0,0,0,0.0,0.0,0.0,0,0,0
2020,Columbia,0,0,0,0.0,0.0,0.0,0,0,0
2020,Concord,0,0,0,0.0,0.0,0.0,0,0,0
2020,Concordia St. Paul,0,0,0,0.0,0.0,0.0,0,0,0
2020,Concordia University,0,0,0,0.0,0.0,0.0,0,0,0
2020,"Concordia University, St. Paul",0,0,0,0.0,0.0,0.0,0,0,0
2020,Copiah-Lincoln C.C.,0,0,0,0.0,0.0,0.0,0,0,0
2020,Cornell,0,0,0,0.0,0.0,0.0,0,0,0
2020,Dartmouth,0,0,0,0.0,0.0,0.0,0,0,0
2020,Davenport,0,0,0,0.0,0.0,0.0,0,0,0
2020,Davidson,0,0,0,0.0,0.0,0.0,0,0,0
2020,Dayton,0,0,0,0.0,0.0,0.0,0,0,0
2020,De Anza College,0,0,0,0.0,0.0,0.0,0,0,0
2020,Defiance College,0,0,0,0.0,0.0,0.0,0,0,0
2020,Delaware,0,0,0,0.0,0.0,0.0,0,0,0
2020,Delaware State,0,0,0,0.0,0.0,0.0,0,0,0
2020,Delta State,0,0,0,0.0,0.0,0.0,0,0,0
2020,Des Moines,0,0,0,0.0,0.0,0.0,0,0,0
2020,Drake,0,0,0,0.0,0.0,0.0,0,0,0
2020,Duke,0,0,0,0.0,0.0,0.0,0,0,0
2020,Duquesne,0,0,0,0.0,0.0,0.0,0,0,0
2020,East Carolina,0,0,0,0.0,0.0,0.0,0,0,0
2020,East Central,0,0,0,0.0,0.0,0.0,0,0,0
2020,East Central C.C.,0,0,0,0.0,0.0,0.0,0,0,0
2020,East Mississippi C.C.,0,0,0,0.0,0.0,0.0,0,0,0
2020,East Tennessee State,0,0,0,0.0,0.0,0.0,0,0,0
2020,East Texas A&M,0,0,0,0.0,0.0,0.0,0,0,0
2020,Eastern Illinois,0,0,0,0.0,0.0,0.0,0,0,0
2020,Eastern Kentucky,0,0,0,0.0,0.0,0.0,0,0,0
2020,Eastern Michigan,0,0,0,0.0,0.0,0.0,0,0,0
2020,Eastern New Mexico,0,0,0,0.0,0.0,0.0,0,0,0
2020,Eastern Washington,0,0,0,0.0,0.0,0.0,0,0,0
2020,Edinboro University,0,0,0,0.0,0.0,0.0,0,0,0
2020,Edward Waters,0,0,0,0.0,0.0,0.0,0,0,0
2020,El Camino College,0,0,0,0.0,0.0,0.0,0,0,0
2020,Elizabeth City State,0,0,0,0.0,0.0,0.0,0,0,0
2020,Elon,0,0,0,0.0,0.0,0.0,0,0,0
2020,Emory & Henry,0,0,0,0.0,0.0,0.0,0,0,0
2020,Emporia State,0,0,0,0.0,0.0,0.0,0,0,0
2020,Erskine,0,0,0,0.0,0.0,0.0,0,0,0
2020,Erskine College,0,0,0,0.0,0.0,0.0,0,0,0
2020,Exeter,0,0,0,0.0,0.0,0.0,0,0,0
2020,Fairmont State,0,0,0,0.0,0.0,0.0,0,0,0
2020,Faulkner University,0,0,0,0.0,0.0,0.0,0,0,0
2020,Fayetteville State,0,0,0,0.0,0.0,0.0,0,0,0
2020,Ferris State,0,0,0,0.0,0.0,0.0,0,0,0
2020,Ferrum College,0,0,0,0.0,0.0,0.0,0,0,0
2020,Findlay,0,0,0,0.0,0.0,0.0,0,0,0
2020,Florida,0,0,0,0.0,0.0,0.0,0,0,0
2020,Florida A&M,0,0,0,0.0,0.0,0.0,0,0,0
2020,Florida Atlantic,0,0,0,0.0,0.0,0.0,0,0,0
2020,Florida International,0,0,0,0.0,0.0,0.0,0,0,0
2020,Florida Memorial University,0,0,0,0.0,0.0,0.0,0,0,0
2020,Florida State,0,0,0,0.0,0.0,0.0,0,0,0
2020,Fordham,0,0,0,0.0,0.0,0.0,0,0,0
2020,Fort Hays,0,0,0,0.0,0.0,0.0,0,0,0
2020,Fort Valley State,0,0,0,0.0,0.0,0.0,0,0,0
2020,Franklin College,0,0,0,0.0,0.0,0.0,0,0,0
2020,Franklin Pierce,0,0,0,0.0,0.0,0.0,0,0,0
2020,Fresno State,0,0,0,0.0,0.0,0.0,0,0,0
2020,Frostburg State,0,0,0,0.0,0.0,0.0,0,0,0
2020,Furman,0,0,0,0.0,0.0,0.0,0,0,0
2020,Gannon,0,0,0,0.0,0.0,0.0,0,0,0
2020,Garden City C.C. ,0,0,0,0.0,0.0,0.0,0,0,0
2020,Gardner-Webb,0,0,0,0.0,0.0,0.0,0,0,0
2020,George Fox,0,0,0,0.0,0.0,0.0,0,0,0
2020,Georgetown,0,0,0,0.0,0.0,0.0,0,0,0
2020,Georgia,0,0,0,0.0,0.0,0.0,0,0,0
2020,Georgia Military,0,0,0,0.0,0.0,0.0,0,0,0
2020,Georgia Military College Prep,0,0,0,0.0,0.0,0.0,0,0,0
2020,Georgia Southern,0,0,0,0.0,0.0,0.0,0,0,0
2020,Georgia State,0,0,0,0.0,0.0,0.0,0,0,0
2020,Georgia Tech,0,0,0,0.0,0.0,0.0,0,0,0
2020,Glenville State ,0,0,0,0.0,0.0,0.0,0,0,0
2020,Grambling,0,0,0,0.0,0.0,0.0,0,0,0
2020,Grand Valley State,0,0,0,0.0,0.0,0.0,0,0,0
2020,Hampton,0,0,0,0.0,0.0,0.0,0,0,0
2020,Harding,0,0,0,0.0,0.0,0.0,0,0,0
2020,Harvard,0,0,0,0.0,0.0,0.0,0,0,0
2020,Hawai'i,0,0,0,0.0,0.0,0.0,0,0,0
2020,Heidelberg,0,0,0,0.0,0.0,0.0,0,0,0
2020,Henderson State,0,0,0,0.0,0.0,0.0,0,0,0
2020,Highland C.C.,0,0,0,0.0,0.0,0.0,0,0,0
2020,Hillsdale College,0,0,0,0.0,0.0,0.0,0,0,0
2020,Hinds C.C.,0,0,0,0.0,0.0,0.0,0,0,0
2020,Holmes C.C.,0,0,0,0.0,0.0,0.0,0,0,0
2020,Holy Cross,0,0,0,0.0,0.0,0.0,0,0,0
2020,Hope ,0,0,0,0.0,0.0,0.0,0,0,0
2020,Houston,0,0,0,0.0,0.0,0.0,0,0,0
2020,Houston Christian,0,0,0,0.0,0.0,0.0,0,0,0
2020,Howard,0,0,0,0.0,0.0,0.0,0,0,0
2020,Howard Payne,0,0,0,0.0,0.0,0.0,0,0,0
2020,Hutchinson C.C.,0,0,0,0.0,0.0,0.0,0,0,0
2020,IU Pennsylvania,0,0,0,0.0,0.0,0.0,0,0,0
2020,Idaho,0,0,0,0.0,0.0,0.0,0,0,0
2020,Idaho State,0,0,0,0.0,0.0,0.0,0,0,0
2020,Illinois,0,0,0,0.0,0.0,0.0,0,0,0
2020,Illinois State,0,0,0,0.0,0.0,0.0,0,0,0
2020,Incarnate Word,0,0,0,0.0,0.0,0.0,0,0,0
2020,Independence C.C.,0,0,0,0.0,0.0,0.0,0,0,0
2020,Indiana,0,0,0,0.0,0.0,0.0,0,0,0
2020,Indiana State,0,0,0,0.0,0.0,0.0,0,0,0
2020,Indiana Wesleyan,0,0,0,0.0,0.0,0.0,0,0,0
2020,Indianapolis,0,0,0,0.0,0.0,0.0,0,0,0
2020,Iowa,0,0,0,0.0,0.0,0.0,0,0,0
2020,Iowa Central C.C.,0,0,0,0.0,0.0,0.0,0,0,0
2020,Iowa State,0,0,0,0.0,0.0,0.0,0,0,0
2020,Iowa Western C.C.,0,0,0,0.0,0.0,0.0,0,0,0
2020,Itawamba C.C.,0,0,0,0.0,0.0,0.0,0,0,0
2020,Jackson State,0,0,0,0.0,0.0,0.0,0,0,0
2020,Jacksonville State,0,0,0,0.0,0.0,0.0,0,0,0
2020,James Madison,0,0,0,0.0,0.0,0.0,0,0,0
2020,Johns Hopkins,0,0,0,0.0,0.0,0.0,0,0,0
2020,Johnson C. Smith,0,0,0,0.0,0.0,0.0,0,0,0
2020,Johnson C. Smith University,0,0,0,0.0,0.0,0.0,0,0,0
2020,Kansas,0,0,0,0.0,0.0,0.0,0,0,0
2020,Kansas State,0,0,0,0.0,0.0,0.0,0,0,0
2020,Keiser (Fl),0,0,0,0.0,0.0,0.0,0,0,0
2020,Kennesaw State,0,0,0,0.0,0.0,0.0,0,0,0
2020,Kent State,0,0,0,0.0,0.0,0.0,0,0,0
2020,Kentucky,0,0,0,0.0,0.0,0.0,0,0,0
2020,Kentucky Christian,0,0,0,0.0,0.0,0.0,0,0,0
2020,Kentucky State,0,0,0,0.0,0.0,0.0,0,0,0
2020,Kentucky Wesleyan,0,0,0,0.0,0.0,0.0,0,0,0
2020,Kilgore College,0,0,0,0.0,0.0,0.0,0,0,0
2020,Kilgore J.C.,0,0,0,0.0,0.0,0.0,0,0,0
2020,King's College,0,0,0,0.0,0.0,0.0,0,0,0
2020,LIU Post,0,0,0,0.0,0.0,0.0,0,0,0
2020,LSU,0,0,0,0.0,0.0,0.0,0,0,0
2020,LaGrange,0,0,0,0.0,0.0,0.0,0,0,0
2020,Lackawanna College,0,0,0,0.0,0.0,0.0,0,0,0
2020,Lafayette,0,0,0,0.0,0.0,0.0,0,0,0
2020,Lake Erie,0,0,0,0.0,0.0,0.0,0,0,0
2020,Lake Erie College,0,0,0,0.0,0.0,0.0,0,0,0
2020,Lamar,0,0,0,0.0,0.0,0.0,0,0,0
2020,Lamar Christian School,0,0,0,0.0,0.0,0.0,0,0,0
2020,Lane College,0,0,0,0.0,0.0,0.0,0,0,0
2020,Laney College,0,0,0,0.0,0.0,0.0,0,0,0
2020,Laurier,0,0,0,0.0,0.0,0.0,0,0,0
2020,LeMoyne-Owen,0,0,0,0.0,0.0,0.0,0,0,0
2020,Lehigh,0,0,0,0.0,0.0,0.0,0,0,0
2020,Lenoir Rhyne,0,0,0,0.0,0.0,0.0,0,0,0
2020,Lenoir-Rhyne,0,0,0,0.0,0.0,0.0,0,0,0
2020,Liberty,0,0,0,0.0,0.0,0.0,0,0,0
2020,Limestone,0,0,0,0.0,0.0,0.0,0,0,0
2020,Limestone College,0,0,0,0.0,0.0,0.0,0,0,0
2020,Limestone University,0,0,0,0.0,0.0,0.0,0,0,0
2020,Lincoln (MO),0,0,0,0.0,0.0,0.0,0,0,0
2020,Lindenwood,0,0,0,0.0,0.0,0.0,0,0,0
2020,Lindenwood University,0,0,0,0.0,0.0,0.0,0,0,0
2020,Livingstone,0,0,0,0.0,0.0,0.0,0,0,0
2020,Livingstone College,0,0,0,0.0,0.0,0.0,0,0,0
2020,Lock Haven,0,0,0,0.0,0.0,0.0,0,0,0
2020,Long Beach City College,0,0,0,0.0,0.0,0.0,0,0,0
2020,Louisiana,0,0,0,0.0,0.0,0.0,0,0,0
2020,Louisiana Tech,0,0,0,0.0,0.0,0.0,0,0,0
2020,Louisville,0,0,0,0.0,0.0,0.0,0,0,0
2020,Maine,0,0,0,0.0,0.0,0.0,0,0,0
2020,Manitoba,0,0,0,0.0,0.0,0.0,0,0,0
2020,Marian,0,0,0,0.0,0.0,0.0,0,0,0
2020,Marian (IN),0,0,0,0.0,0.0,0.0,0,0,0
2020,Marist,0,0,0,0.0,0.0,0.0,0,0,0
2020,Mars Hill,0,0,0,0.0,0.0,0.0,0,0,0
2020,Marshall,0,0,0,0.0,0.0,0.0,0,0,0
2020,Mary Hardin Baylor,0,0,0,0.0,0.0,0.0,0,0,0
2020,Maryland,0,0,0,0.0,0.0,0.0,0,0,0
2020,Maryville College,0,0,0,0.0,0.0,0.0,0,0,0
2020,Massachusetts,0,0,0,0.0,0.0,0.0,0,0,0
2020,McKendree,0,0,0,0.0,0.0,0.0,0,0,0
2020,McMurry University,0,0,0,0.0,0.0,0.0,0,0,0
2020,McNeese,0,0,0,0.0,0.0,0.0,0,0,0
2020,Memphis,0,0,0,0.0,0.0,0.0,0,0,0
2020,Mercer,0,0,0,0.0,0.0,0.0,0,0,0
2020,Mercyhurst,0,0,0,0.0,0.0,0.0,0,0,0
2020,Mercyhurst College,0,0,0,0.0,0.0,0.0,0,0,0
2020,Merrimack,0,0,0,0.0,0.0,0.0,0,0,0
2020,Miami,0,0,0,0.0,0.0,0.0,0,0,0
2020,Miami (OH),0,0,0,0.0,0.0,0.0,0,0,0
2020,Michigan,0,0,0,0.0,0.0,0.0,0,0,0
2020,Michigan State,0,0,0,0.0,0.0,0.0,0,0,0
2020,MidAmerica Nazarene,0,0,0,0.0,0.0,0.0,0,0,0
2020,Middle Tennessee,0,0,0,0.0,0.0,0.0,0,0,0
2020,Midwestern State,0,0,0,0.0,0.0,0.0,0,0,0
2020,Miles,0,0,0,0.0,0.0,0.0,0,0,0
2020,Millersville,0,0,0,0.0,0.0,0.0,0,0,0
2020,Minnesota,0,0,0,0.0,0.0,0.0,0,0,0
2020,Minnesota Duluth,0,0,0,0.0,0.0,0.0,0,0,0
2020,Minnesota State,0,0,0,0.0,0.0,0.0,0,0,0
2020,Minot State,0,0,0,0.0,0.0,0.0,0,0,0
2020,Misericordia,0,0,0,0.0,0.0,0.0,0,0,0
2020,Mississippi College,0,0,0,0.0,0.0,0.0,0,0,0
2020,Mississippi Gulf Coast C.C.,0,0,0,0.0,0.0,0.0,0,0,0
2020,Mississippi State,0,0,0,0.0,0.0,0.0,0,0,0
2020,Mississippi Valley State,0,0,0,0.0,0.0,0.0,0,0,0
2020,Missouri,0,0,0,0.0,0.0,0.0,0,0,0
2020,Missouri S&T,0,0,0,0.0,0.0,0.0,0,0,0
2020,Missouri Southern State,0,0,0,0.0,0.0,0.0,0,0,0
2020,Missouri State,0,0,0,0.0,0.0,0.0,0,0,0
2020,Missouri Western State,0,0,0,0.0,0.0,0.0,0,0,0
2020,Monash University,0,0,0,0.0,0.0,0.0,0,0,0
2020,Monmouth,0,0,0,0.0,0.0,0.0,0,0,0
2020,Montana,0,0,0,0.0,0.0,0.0,0,0,0
2020,Montana State,0,0,0,0.0,0.0,0.0,0,0,0
2020,Montana Tech,0,0,0,0.0,0.0,0.0,0,0,0
2020,Montana Western,0,0,0,0.0,0.0,0.0,0,0,0
2020,Morehead State,0,0,0,0.0,0.0,0.0,0,0,0
2020,Morehouse,0,0,0,0.0,0.0,0.0,0,0,0
2020,Morgan State,0,0,0,0.0,0.0,0.0,0,0,0
2020,Mount St. Joseph,0,0,0,0.0,0.0,0.0,0,0,0
2020,Mount Union ,0,0,0,0.0,0.0,0.0,0,0,0
2020,Mt. San Antonio College,0,0,0,0.0,0.0,0.0,0,0,0
2020,Muhlenberg,0,0,0,0.0,0.0,0.0,0,0,0
2020,Murray State,0,0,0,0.0,0.0,0.0,0,0,0
2020,NC State,0,0,0,0.0,0.0,0.0,0,0,0
2020,Navarro College,0,0,0,0.0,0.0,0.0,0,0,0
2020,Navy,0,0,0,0.0,0.0,0.0,0,0,0
2020,Nebraska,0,0,0,0.0,0.0,0.0,0,0,0
2020,Nebraska Kearney,0,0,0,0.0,0.0,0.0,0,0,0
2020,Nebraska-Kearney,0,0,0,0.0,0.0,0.0,0,0,0
2020,Nevada,0,0,0,0.0,0.0,0.0,0,0,0
2020,New Hampshire,0,0,0,0.0,0.0,0.0,0,0,0
2020,New Haven,0,0,0,0.0,0.0,0.0,0,0,0
2020,New Mexico,0,0,0,0.0,0.0,0.0,0,0,0
2020,New Mexico Highlands,0,0,0,0.0,0.0,0.0,0,0,0
2020,New Mexico Military Institute,0,0,0,0.0,0.0,0.0,0,0,0
2020,New Mexico State,0,0,0,0.0,0.0,0.0,0,0,0
2020,Newberry,0,0,0,0.0,0.0,0.0,0,0,0
2020,Nicholls,0,0,0,0.0,0.0,0.0,0,0,0
2020,Norfolk State,0,0,0,0.0,0.0,0.0,0,0,0
2020,North Alabama,0,0,0,0.0,0.0,0.0,0,0,0
2020,North Carolina,0,0,0,0.0,0.0,0.0,0,0,0
2020,North Carolina A&T,0,0,0,0.0,0.0,0.0,0,0,0
2020,North Carolina Central,0,0,0,0.0,0.0,0.0,0,0,0
2020,North Central College,0,0,0,0.0,0.0,0.0,0,0,0
2020,North Dakota,0,0,0,0.0,0.0,0.0,0,0,0
2020,North Dakota State,0,0,0,0.0,0.0,0.0,0,0,0
2020,North Greenville,0,0,0,0.0,0.0,0.0,0,0,0
2020,North Texas,0,0,0,0.0,0.0,0.0,0,0,0
2020,Northeast Mississippi C.C.,0,0,0,0.0,0.0,0.0,0,0,0
2020,Northeastern Oklahoma A&M,0,0,0,0.0,0.0,0.0,0,0,0
2020,Northeastern State,0,0,0,0.0,0.0,0.0,0,0,0
2020,Northern Arizona,0,0,0,0.0,0.0,0.0,0,0,0
2020,Northern Colorado,0,0,0,0.0,0.0,0.0,0,0,0
2020,Northern Illinois,0,0,0,0.0,0.0,0.0,0,0,0
2020,Northern Iowa,0,0,0,0.0,0.0,0.0,0,0,0
2020,Northern Michigan,0,0,0,0.0,0.0,0.0,0,0,0
2020,Northern State,0,0,0,0.0,0.0,0.0,0,0,0
2020,Northwest Mississippi C.C.,0,0,0,0.0,0.0,0.0,0,0,0
2020,Northwest Missouri State,0,0,0,0.0,0.0,0.0,0,0,0
2020,Northwestern,0,0,0,0.0,0.0,0.0,0,0,0
2020,Northwestern State,0,0,0,0.0,0.0,0.0,0,0,0
2020,Northwood,0,0,0,0.0,0.0,0.0,0,0,0
2020,Notre Dame,0,0,0,0.0,0.0,0.0,0,0,0
2020,Notre Dame College,0,0,0,0.0,0.0,0.0,0,0,0
2020,Ohio,0,0,0,0.0,0.0,0.0,0,0,0
2020,Ohio Dominican,0,0,0,0.0,0.0,0.0,0,0,0
2020,Ohio State,0,0,0,0.0,0.0,0.0,0,0,0
2020,Oklahoma,0,0,0,0.0,0.0,0.0,0,0,0
2020,Oklahoma Baptist,0,0,0,0.0,0.0,0.0,0,0,0
2020,Oklahoma State,0,0,0,0.0,0.0,0.0,0,0,0
2020,Old Dominion,0,0,0,0.0,0.0,0.0,0,0,0
2020,Ole Miss,0,0,0,0.0,0.0,0.0,0,0,0
2020,Oregon,0,0,0,0.0,0.0,0.0,0,0,0
2020,Oregon State,0,0,0,0.0,0.0,0.0,0,0,0
2020,Ottawa,0,0,0,0.0,0.0,0.0,0,0,0
2020,Ouachita Baptist,0,0,0,0.0,0.0,0.0,0,0,0
2020,Ouachita Baptist University,0,0,0,0.0,0.0,0.0,0,0,0
2020,Pace,0,0,0,0.0,0.0,0.0,0,0,0
2020,Palomar College,0,0,0,0.0,0.0,0.0,0,0,0
2020,Penn State,0,0,0,0.0,0.0,0.0,0,0,0
2020,Pennsylvania,0,0,0,0.0,0.0,0.0,0,0,0
2020,Peru State,0,0,0,0.0,0.0,0.0,0,0,0
2020,Pikeville,0,0,0,0.0,0.0,0.0,0,0,0
2020,Pittsburg State,0,0,0,0.0,0.0,0.0,0,0,0
2020,Pittsburgh,0,0,0,0.0,0.0,0.0,0,0,0
2020,Portland State,0,0,0,0.0,0.0,0.0,0,0,0
2020,Prairie View A&M,0,0,0,0.0,0.0,0.0,0,0,0
2020,Presbyterian,0,0,0,0.0,0.0,0.0,0,0,0
2020,Princeton,0,0,0,0.0,0.0,0.0,0,0,0
2020,Professional,0,0,0,0.0,0.0,0.0,0,0,0
2020,Puget Sound,0,0,0,0.0,0.0,0.0,0,0,0
2020,Purdue,0,0,0,0.0,0.0,0.0,0,0,0
2020,Quincy,0,0,0,0.0,0.0,0.0,0,0,0
2020,Reinhardt,0,0,0,0.0,0.0,0.0,0,0,0
2020,Rhode Island,0,0,0,0.0,0.0,0.0,0,0,0
2020,Rice,0,0,0,0.0,0.0,0.0,0,0,0
2020,Richmond,0,0,0,0.0,0.0,0.0,0,0,0
2020,Riverside C.C.,0,0,0,0.0,0.0,0.0,0,0,0
2020,Roanoke,0,0,0,0.0,0.0,0.0,0,0,0
2020,Robert Morris,0,0,0,0.0,0.0,0.0,0,0,0
2020,Roosevelt,0,0,0,0.0,0.0,0.0,0,0,0
2020,Rutgers,0,0,0,0.0,0.0,0.0,0,0,0
2020,SE Louisiana,0,0,0,0.0,0.0,0.0,0,0,0
2020,SMU,0,0,0,0.0,0.0,0.0,0,0,0
2020,Sacramento State,0,0,0,0.0,0.0,0.0,0,0,0
2020,Sacred Heart,0,0,0,0.0,0.0,0.0,0,0,0
2020,Saddleback College,0,0,0,0.0,0.0,0.0,0,0,0
2020,Saginaw Valley State,0,0,0,0.0,0.0,0.0,0,0,0
2020,Saint Anselm,0,0,0,0.0,0.0,0.0,0,0,0
2020,Saint Francis,0,0,0,0.0,0.0,0.0,0,0,0
2020,Saint Francis (PA),0,0,0,0.0,0.0,0.0,0,0,0
2020,Salisbury University,0,0,0,0.0,0.0,0.0,0,0,0
2020,Sam Houston,0,0,0,0.0,0.0,0.0,0,0,0
2020,Samford,0,0,0,0.0,0.0,0.0,0,0,0
2020,San Diego,0,0,0,0.0,0.0,0.0,0,0,0
2020,San Diego State,0,0,0,0.0,0.0,0.0,0,0,0
2020,San José State,0,0,0,0.0,0.0,0.0,0,0,0
2020,Santa Rosa J.C.,0,0,0,0.0,0.0,0.0,0,0,0
2020,Savannah State,0,0,0,0.0,0.0,0.0,0,0,0
2020,Shaw,0,0,0,0.0,0.0,0.0,0,0,0
2020,Shepherd,0,0,0,0.0,0.0,0.0,0,0,0
2020,Shepherd University,0,0,0,0.0,0.0,0.0,0,0,0
2020,Shippensburg,0,0,0,0.0,0.0,0.0,0,0,0
2020,Shippensburg University,0,0,0,0.0,0.0,0.0,0,0,0
2020,Shorter,0,0,0,0.0,0.0,0.0,0,0,0
2020,Siena Heights,0,0,0,0.0,0.0,0.0,0,0,0
2020,Simon Fraser,0,0,0,0.0,0.0,0.0,0,0,0
2020,Simpson College,0,0,0,0.0,0.0,0.0,0,0,0
2020,Sioux Falls,0,0,0,0.0,0.0,0.0,0,0,0
2020,Slippery Rock,0,0,0,0.0,0.0,0.0,0,0,0
2020,Snow College,0,0,0,0.0,0.0,0.0,0,0,0
2020,South Alabama,0,0,0,0.0,0.0,0.0,0,0,0
2020,South Carolina,0,0,0,0.0,0.0,0.0,0,0,0
2020,South Carolina State,0,0,0,0.0,0.0,0.0,0,0,0
2020,South Dakota,0,0,0,0.0,0.0,0.0,0,0,0
2020,South Dakota Mines,0,0,0,0.0,0.0,0.0,0,0,0
2020,South Dakota State,0,0,0,0.0,0.0,0.0,0,0,0
2020,South Florida,0,0,0,0.0,0.0,0.0,0,0,0
2020,Southeast Missouri State,0,0,0,0.0,0.0,0.0,0,0,0
2020,Southeast Oklahoma State,0,0,0,0.0,0.0,0.0,0,0,0
2020,Southeastern,0,0,0,0.0,0.0,0.0,0,0,0
2020,Southeastern Louisiana,0,0,0,0.0,0.0,0.0,0,0,0
2020,Southern,0,0,0,0.0,0.0,0.0,0,0,0
2020,Southern Arkansas,0,0,0,0.0,0.0,0.0,0,0,0
2020,Southern Connecticut State,0,0,0,0.0,0.0,0.0,0,0,0
2020,Southern Illinois,0,0,0,0.0,0.0,0.0,0,0,0
2020,Southern Miss,0,0,0,0.0,0.0,0.0,0,0,0
2020,Southern Oregon,0,0,0,0.0,0.0,0.0,0,0,0
2020,Southern Utah,0,0,0,0.0,0.0,0.0,0,0,0
2020,Southwest Baptist,0,0,0,0.0,0.0,0.0,0,0,0
2020,Southwest Minnesota State,0,0,0,0.0,0.0,0.0,0,0,0
2020,Southwest Mississippi C.C.,0,0,0,0.0,0.0,0.0,0,0,0
2020,Southwestern (KS),0,0,0,0.0,0.0,0.0,0,0,0
2020,Southwestern Oklahoma State,0,0,0,0.0,0.0,0.0,0,0,0
2020,St. Thomas,0,0,0,0.0,0.0,0.0,0,0,0
2020,St. Thomas University,0,0,0,0.0,0.0,0.0,0,0,0
2020,St. Vincent,0,0,0,0.0,0.0,0.0,0,0,0
2020,Stanford,0,0,0,0.0,0.0,0.0,0,0,0
2020,Stephen F. Austin,0,0,0,0.0,0.0,0.0,0,0,0
2020,Stetson,0,0,0,0.0,0.0,0.0,0,0,0
2020,Stonehill,0,0,0,0.0,0.0,0.0,0,0,0
2020,Stony Brook,0,0,0,0.0,0.0,0.0,0,0,0
2020,Susquehanna,0,0,0,0.0,0.0,0.0,0,0,0
2020,Syracuse,0,0,0,0.0,0.0,0.0,0,0,0
2020,TCU,0,0,0,0.0,0.0,0.0,0,0,0
2020,Tarleton State,0,0,0,0.0,0.0,0.0,0,0,0
2020,Taylor,0,0,0,0.0,0.0,0.0,0,0,0
2020,Temple,0,0,0,0.0,0.0,0.0,0,0,0
2020,Tennessee,0,0,0,0.0,0.0,0.0,0,0,0
2020,Tennessee State,0,0,0,0.0,0.0,0.0,0,0,0
2020,Tennessee Tech,0,0,0,0.0,0.0,0.0,0,0,0
2020,Texas,0,0,0,0.0,0.0,0.0,0,0,0
2020,Texas A&M,0,0,0,0.0,0.0,0.0,0,0,0
2020,Texas A&M-Kingsville,0,0,0,0.0,0.0,0.0,0,0,0
2020,Texas Southern,0,0,0,0.0,0.0,0.0,0,0,0
2020,Texas State,0,0,0,0.0,0.0,0.0,0,0,0
2020,Texas Tech,0,0,0,0.0,0.0,0.0,0,0,0
2020,Texas-Permian Basin,0,0,0,0.0,0.0,0.0,0,0,0
2020,Texas-Rio Grande Valley,0,0,0,0.0,0.0,0.0,0,0,0
2020,The Citadel,0,0,0,0.0,0.0,0.0,0,0,0
2020,Thomas More,0,0,0,0.0,0.0,0.0,0,0,0
2020,Tiffin University,0,0,0,0.0,0.0,0.0,0,0,0
2020,Toledo,0,0,0,0.0,0.0,0.0,0,0,0
2020,Towson,0,0,0,0.0,0.0,0.0,0,0,0
2020,Trinity,0,0,0,0.0,0.0,0.0,0,0,0
2020,Trinity (Texas),0,0,0,0.0,0.0,0.0,0,0,0
2020,Trinity Valley C.C.,0,0,0,0.0,0.0,0.0,0,0,0
2020,Troy,0,0,0,0.0,0.0,0.0,0,0,0
2020,Truman State,0,0,0,0.0,0.0,0.0,0,0,0
2020,Tufts University,0,0,0,0.0,0.0,0.0,0,0,0
2020,Tulane,0,0,0,0.0,0.0,0.0,0,0,0
2020,Tulsa,0,0,0,0.0,0.0,0.0,0,0,0
2020,Tusculum,0,0,0,0.0,0.0,0.0,0,0,0
2020,Tuskegee,0,0,0,0.0,0.0,0.0,0,0,0
2020,Tyler J.C. ,0,0,0,0.0,0.0,0.0,0,0,0
2020,UAB,0,0,0,0.0,0.0,0.0,0,0,0
2020,UAlbany,0,0,0,0.0,0.0,0.0,0,0,0
2020,UC Davis,0,0,0,0.0,0.0,0.0,0,0,0
2020,UCF,0,0,0,0.0,0.0,0.0,0,0,0
2020,UCLA,0,0,0,0.0,0.0,0.0,0,0,0
2020,UConn,0,0,0,0.0,0.0,0.0,0,0,0
2020,UL Monroe,0,0,0,0.0,0.0,0.0,0,0,0
2020,UNC-Pembroke,0,0,0,0.0,0.0,0.0,0,0,0
2020,UNLV,0,0,0,0.0,0.0,0.0,0,0,0
2020,USC,0,0,0,0.0,0.0,0.0,0,0,0
2020,UT Martin,0,0,0,0.0,0.0,0.0,0,0,0
2020,UT-Rio Grande Valley,0,0,0,0.0,0.0,0.0,0,0,0
2020,UT-Rio Grande Valley (Do not use),0,0,0,0.0,0.0,0.0,0,0,0
2020,UTEP,0,0,0,0.0,0.0,0.0,0,0,0
2020,UTRGV,0,0,0,0.0,0.0,0.0,0,0,0
2020,UTSA,0,0,0,0.0,0.0,0.0,0,0,0
2020,UVA Wise,0,0,0,0.0,0.0,0.0,0,0,0
2020,University of Calgary,0,0,0,0.0,0.0,0.0,0,0,0
2020,University of Charleston,0,0,0,0.0,0.0,0.0,0,0,0
2020,University of Guelph,0,0,0,0.0,0.0,0.0,0,0,0
2020,University of Mary,0,0,0,0.0,0.0,0.0,0,0,0
2020,Upper Iowa,0,0,0,0.0,0.0,0.0,0,0,0
2020,Utah,0,0,0,0.0,0.0,0.0,0,0,0
2020,Utah State,0,0,0,0.0,0.0,0.0,0,0,0
2020,Utah Tech,0,0,0,0.0,0.0,0.0,0,0,0
2020,VMI,0,0,0,0.0,0.0,0.0,0,0,0
2020,Valdosta State,0,0,0,0.0,0.0,0.0,0,0,0
2020,Valparaiso,0,0,0,0.0,0.0,0.0,0,0,0
2020,Vanderbilt,0,0,0,0.0,0.0,0.0,0,0,0
2020,Villanova,0,0,0,0.0,0.0,0.0,0,0,0
2020,Virginia,0,0,0,0.0,0.0,0.0,0,0,0
2020,Virginia State,0,0,0,0.0,0.0,0.0,0,0,0
2020,Virginia Tech,0,0,0,0.0,0.0,0.0,0,0,0
2020,Virginia Union,0,0,0,0.0,0.0,0.0,0,0,0
2020,Wagner,0,0,0,0.0,0.0,0.0,0,0,0
2020,Wake Forest,0,0,0,0.0,0.0,0.0,0,0,0
2020,Walsh,0,0,0,0.0,0.0,0.0,0,0,0
2020,Warner University,0,0,0,0.0,0.0,0.0,0,0,0
2020,Washburn,0,0,0,0.0,0.0,0.0,0,0,0
2020,Washington,0,0,0,0.0,0.0,0.0,0,0,0
2020,Washington State,0,0,0,0.0,0.0,0.0,0,0,0
2020,Wayne State,0,0,0,0.0,0.0,0.0,0,0,0
2020,Wayne State College,0,0,0,0.0,0.0,0.0,0,0,0
2020,Weber State,0,0,0,0.0,0.0,0.0,0,0,0
2020,West Alabama,0,0,0,0.0,0.0,0.0,0,0,0
2020,West Chester,0,0,0,0.0,0.0,0.0,0,0,0
2020,West Florida,0,0,0,0.0,0.0,0.0,0,0,0
2020,West Georgia,0,0,0,0.0,0.0,0.0,0,0,0
2020,West Liberty,0,0,0,0.0,0.0,0.0,0,0,0
2020,West Texas,0,0,0,0.0,0.0,0.0,0,0,0
2020,West Virginia,0,0,0,0.0,0.0,0.0,0,0,0
2020,West Virginia State,0,0,0,0.0,0.0,0.0,0,0,0
2020,Western Carolina,0,0,0,0.0,0.0,0.0,0,0,0
2020,Western Colorado,0,0,0,0.0,0.0,0.0,0,0,0
2020,Western Connecticut State,0,0,0,0.0,0.0,0.0,0,0,0
2020,Western Illinois,0,0,0,0.0,0.0,0.0,0,0,0
2020,Western Kentucky,0,0,0,0.0,0.0,0.0,0,0,0
2020,Western Michigan,0,0,0,0.0,0.0,0.0,0,0,0
2020,Western New Mexico,0,0,0,0.0,0.0,0.0,0,0,0
2020,Western Oregon,0,0,0,0.0,0.0,0.0,0,0,0
2020,Wheeling,0,0,0,0.0,0.0,0.0,0,0,0
2020,William & Mary,0,0,0,0.0,0.0,0.0,0,0,0
2020,William Jewell College,0,0,0,0.0,0.0,0.0,0,0,0
2020,Wingate,0,0,0,0.0,0.0,0.0,0,0,0
2020,Winona State,0,0,0,0.0,0.0,0.0,0,0,0
2020,Winston-Salem State,0,0,0,0.0,0.0,0.0,0,0,0
2020,Wisconsin,0,0,0,0.0,0.0,0.0,0,0,0
2020,Wisconsin La Crosse,0,0,0,0.0,0.0,0.0,0,0,0
2020,Wisconsin-River Falls,0,0,0,0.0,0.0,0.0,0,0,0
2020,Wittenberg,0,0,0,0.0,0.0,0.0,0,0,0
2020,Wofford,0,0,0,0.0,0.0,0.0,0,0,0
2020,Wyoming,0,0,0,0.0,0.0,0.0,0,0,0
2020,Yale,0,0,0,0.0,0.0,0.0,0,0,0
2020,Youngstown State,0,0,0,0.0,0.0,0.0,0,0,0
2021,Abilene Christian,4,2,2,3.34,0.84,2.5,1,0,1
2021,Adams,0,0,0,0.0,0.0,0.0,0,0,0
2021,Adams State,0,0,0,0.0,0.0,0.0,0,0,0
2021,Air Force,2,4,-2,0.83,1.66,-0.83,0,0,0
2021,Akron,3,14,-11,2.4899999999999998,9.48,-6.99,0,0,0
2021,Alabama,4,11,-7,3.4400000000000004,9.22,-5.78,1,1,0
2021,Alabama A&M,2,1,1,1.86,0.83,1.03,2,0,2
2021,Alabama State,0,1,-1,0.0,0.0,0.0,0,0,0
2021,Albany,0,0,0,0.0,0.0,0.0,0,0,0
2021,Albany State,0,0,0,0.0,0.0,0.0,0,0,0
2021,Alcorn State,2,1,1,1.66,0.83,0.83,0,0,0
2021,Allen University,0,0,0,0.0,0.0,0.0,0,0,0
2021,American International,0,1,-1,0.0,0.0,0.0,0,0,0
2021,American River C.C.,0,0,0,0.0,0.0,0.0,0,0,0
2021,Anderson,0,0,0,0.0,0.0,0.0,0,0,0
2021,Angelo State,1,0,1,0.83,0.0,0.83,0,0,0
2021,Anna Maria College,0,0,0,0.0,0.0,0.0,0,0,0
2021,App State,7,4,3,3.29,3.32,-0.03,0,0,0
2021,Arizona,16,18,-2,12.81,14.000000000000002,-1.19,0,0,0
2021,Arizona State,7,18,-11,5.74,9.23,-3.49,0,1,-1
2021,Arkansas,5,16,-11,4.13,9.91,-5.78,0,0,0
2021,Arkansas Monticello,0,0,0,0.0,0.0,0.0,0,0,0
2021,Arkansas State,17,9,8,13.899999999999999,6.37,7.53,0,0,0
2021,Arkansas Tech,1,0,1,0.0,0.0,0.0,0,0,0
2021,Arkansas-Pine Bluff,1,1,0,0.0,0.0,0.0,0,0,0
2021,Army,0,2,-2,0.0,1.58,-1.58,0,0,0
2021,Ashland,0,0,0,0.0,0.0,0.0,0,0,0
2021,Ashland University,0,0,0,0.0,0.0,0.0,0,0,0
2021,Assumption,0,0,0,0.0,0.0,0.0,0,0,0
2021,Auburn,10,22,-12,8.52,18.47,-9.95,1,10,-9
2021,Augustana,0,0,0,0.0,0.0,0.0,0,0,0
2021,Aurora University,0,0,0,0.0,0.0,0.0,0,0,0
2021,Austin Peay,3,5,-2,2.41,3.24,-0.83,0,0,0
2021,Averett University,0,0,0,0.0,0.0,0.0,0,0,0
2021,Azusa Pacific,0,1,-1,0.0,0.0,0.0,0,0,0
2021,BYU,5,3,2,4.22,1.66,2.56,1,0,1
2021,Ball State,2,9,-7,1.66,4.82,-3.16,0,0,0
2021,Barton,0,0,0,0.0,0.0,0.0,0,0,0
2021,Barton C.C.,0,0,0,0.0,0.0,0.0,0,0,0
2021,Baylor,6,8,-2,4.26,6.739999999999999,-2.48,1,1,0
2021,Bemidji State,0,0,0,0.0,0.0,0.0,0,0,0
2021,Benedict,0,0,0,0.0,0.0,0.0,0,0,0
2021,Benedict College,0,0,0,0.0,0.0,0.0,0,0,0
2021,Bethel,0,0,0,0.0,0.0,0.0,0,0,0
2021,Bethune-Cookman,1,0,1,0.75,0.0,0.75,0,0,0
2021,Black Hills State,0,0,0,0.0,0.0,0.0,0,0,0
2021,Blinn College,4,0,4,0.83,0.0,0.83,0,0,0
2021,Boise State,6,7,-1,3.99,3.24,0.75,0,0,0
2021,Boston College,6,15,-9,4.97,12.37,-7.4,0,0,0
2021,Bowie State,1,0,1,0.83,0.0,0.83,0,0,0
2021,Bowling Green,5,14,-9,2.4899999999999998,9.4,-6.91,0,0,0
2021,British Columbia,0,0,0,0.0,0.0,0.0,0,0,0
2021,Brown,0,1,-1,0.0,0.0,0.0,0,0,0
2021,Bryant,1,0,1,0.83,0.0,0.83,0,0,0
2021,Bucknell,0,1,-1,0.0,0.0,0.0,0,0,0
2021,Buffalo,6,20,-14,3.91,15.86,-11.95,0,0,0
2021,Butler,0,0,0,0.0,0.0,0.0,0,0,0
2021,Butler C.C.,3,0,3,0.83,0.0,0.83,0,0,0
2021,Butler County (KS),0,0,0,0.0,0.0,0.0,0,0,0
2021,CSU-Pueblo,0,0,0,0.0,0.0,0.0,0,0,0
2021,Cal Lutheran,0,0,0,0.0,0.0,0.0,0,0,0
2021,Cal Poly,0,2,-2,0.0,0.83,-0.83,0,0,0
2021,California,3,10,-7,2.52,8.22,-5.7,0,0,0
2021,California (PA),0,0,0,0.0,0.0,0.0,0,0,0
2021,"California, Pa.",0,0,0,0.0,0.0,0.0,0,0,0
2021,Campbell,0,0,0,0.0,0.0,0.0,0,0,0
2021,Campbellsville,0,0,0,0.0,0.0,0.0,0,0,0
2021,Carroll College,0,0,0,0.0,0.0,0.0,0,0,0
2021,Carson Newman,0,0,0,0.0,0.0,0.0,0,0,0
2021,Catawba,0,0,0,0.0,0.0,0.0,0,0,0
2021,Central Arkansas,0,0,0,0.0,0.0,0.0,0,0,0
2021,Central Connecticut,1,0,1,0.83,0.0,0.83,0,0,0
2021,Central Michigan,3,18,-15,2.38,13.33,-10.95,0,1,-1
2021,Central Missouri,1,0,1,0.83,0.0,0.83,0,0,0
2021,Central Missouri State,0,0,0,0.0,0.0,0.0,0,0,0
2021,Central Oklahoma,2,0,2,1.66,0.0,1.66,0,0,0
2021,Central State,0,0,0,0.0,0.0,0.0,0,0,0
2021,Central Washington,1,0,1,0.83,0.0,0.83,0,0,0
2021,Cerritos College,0,0,0,0.0,0.0,0.0,0,0,0
2021,Chadron State,0,1,-1,0.0,0.0,0.0,0,0,0
2021,Charleston Southern,1,1,0,0.83,0.0,0.83,0,0,0
2021,Charlotte,11,12,-1,8.290000000000001,9.3,-1.01,1,0,1
2021,Chattanooga,4,0,4,3.32,0.0,3.32,0,0,0
2021,Chowan,0,0,0,0.0,0.0,0.0,0,0,0
2021,Christopher Newport,0,0,0,0.0,0.0,0.0,0,0,0
2021,Cincinnati,3,10,-7,2.42,7.390000000000001,-4.97,0,0,0
2021,Cisco College,0,0,0,0.0,0.0,0.0,0,0,0
2021,City College of San Francisco,1,0,1,0.0,0.0,0.0,0,0,0
2021,Clarion,0,0,0,0.0,0.0,0.0,0,0,0
2021,Clark Atlanta,0,0,0,0.0,0.0,0.0,0,0,0
2021,Clemson,0,8,-8,0.0,7.1,-7.1,0,4,-4
2021,Coastal Carolina,4,11,-7,3.32,7.82,-4.5,0,0,0
2021,Coffeyville C.C.,0,0,0,0.0,0.0,0.0,0,0,0
2021,Colgate,0,1,-1,0.0,0.0,0.0,0,0,0
2021,College of Charleston,1,0,1,0.75,0.0,0.75,0,0,0
2021,College of Idaho,0,0,0,0.0,0.0,0.0,0,0,0
2021,College of San Mateo,0,0,0,0.0,0.0,0.0,0,0,0
2021,College of the Canyons,1,0,1,0.0,0.0,0.0,0,0,0
2021,College of the Sequoias,0,0,0,0.0,0.0,0.0,0,0,0
2021,Colorado,6,13,-7,5.05,10.040000000000001,-4.99,1,1,0
2021,Colorado Mesa,3,0,3,2.33,0.0,2.33,0,0,0
2021,Colorado School of Mines,0,0,0,0.0,0.0,0.0,0,0,0
2021,Colorado State,6,13,-7,4.85,10.610000000000001,-5.76,0,0,0
2021,Columbia,0,0,0,0.0,0.0,0.0,0,0,0
2021,Concord,0,0,0,0.0,0.0,0.0,0,0,0
2021,Concordia St. Paul,0,0,0,0.0,0.0,0.0,0,0,0
2021,Concordia University,0,0,0,0.0,0.0,0.0,0,0,0
2021,"Concordia University, St. Paul",0,0,0,0.0,0.0,0.0,0,0,0
2021,Copiah-Lincoln C.C.,0,0,0,0.0,0.0,0.0,0,0,0
2021,Cornell,0,0,0,0.0,0.0,0.0,0,0,0
2021,Dartmouth,0,1,-1,0.0,0.0,0.0,0,0,0
2021,Davenport,0,0,0,0.0,0.0,0.0,0,0,0
2021,Davidson,0,0,0,0.0,0.0,0.0,0,0,0
2021,Dayton,0,0,0,0.0,0.0,0.0,0,0,0
2021,De Anza College,0,0,0,0.0,0.0,0.0,0,0,0
2021,Defiance College,0,0,0,0.0,0.0,0.0,0,0,0
2021,Delaware,1,1,0,0.83,0.8,0.03,0,0,0
2021,Delaware State,0,0,0,0.0,0.0,0.0,0,0,0
2021,Delta State,1,0,1,0.83,0.0,0.83,0,0,0
2021,Des Moines,0,0,0,0.0,0.0,0.0,0,0,0
2021,Drake,0,0,0,0.0,0.0,0.0,0,0,0
2021,Duke,8,9,-1,3.26,6.6499999999999995,-3.39,0,0,0
2021,Duquesne,3,0,3,1.66,0.0,1.66,0,0,0
2021,East Carolina,11,14,-3,9.25,8.96,0.29,2,1,1
2021,East Central,0,0,0,0.0,0.0,0.0,0,0,0
2021,East Central C.C.,0,0,0,0.0,0.0,0.0,0,0,0
2021,East Mississippi C.C.,0,0,0,0.0,0.0,0.0,0,0,0
2021,East Tennessee State,2,0,2,1.58,0.0,1.58,0,0,0
2021,East Texas A&M,0,0,0,0.0,0.0,0.0,0,0,0
2021,Eastern Illinois,1,2,-1,0.83,1.5,-0.67,0,0,0
2021,Eastern Kentucky,8,0,8,6.66,0.0,6.66,1,0,1
2021,Eastern Michigan,3,12,-9,1.66,9.56,-7.9,0,0,0
2021,Eastern New Mexico,0,0,0,0.0,0.0,0.0,0,0,0
2021,Eastern Washington,2,0,2,1.66,0.0,1.66,0,0,0
2021,Edinboro University,0,0,0,0.0,0.0,0.0,0,0,0
2021,Edward Waters,0,0,0,0.0,0.0,0.0,0,0,0
2021,El Camino College,0,0,0,0.0,0.0,0.0,0,0,0
2021,Elizabeth City State,0,0,0,0.0,0.0,0.0,0,0,0
2021,Elon,0,0,0,0.0,0.0,0.0,0,0,0
2021,Emory & Henry,0,0,0,0.0,0.0,0.0,0,0,0
2021,Emporia State,0,0,0,0.0,0.0,0.0,0,0,0
2021,Erskine,0,0,0,0.0,0.0,0.0,0,0,0
2021,Erskine College,0,0,0,0.0,0.0,0.0,0,0,0
2021,Exeter,0,0,0,0.0,0.0,0.0,0,0,0
2021,Fairmont State,0,1,-1,0.0,0.82,-0.82,0,0,0
2021,Faulkner University,0,0,0,0.0,0.0,0.0,0,0,0
2021,Fayetteville State,0,0,0,0.0,0.0,0.0,0,0,0
2021,Ferris State,0,0,0,0.0,0.0,0.0,0,0,0
2021,Ferrum College,0,0,0,0.0,0.0,0.0,0,0,0
2021,Findlay,0,0,0,0.0,0.0,0.0,0,0,0
2021,Florida,7,10,-3,5.13,8.28,-3.15,1,2,-1
2021,Florida A&M,4,0,4,3.42,0.0,3.42,1,0,1
2021,Florida Atlantic,7,9,-2,5.8500000000000005,3.42,2.43,1,1,0
2021,Florida International,0,0,0,0.0,0.0,0.0,0,0,0
2021,Florida Memorial University,0,0,0,0.0,0.0,0.0,0,0,0
2021,Florida State,12,17,-5,9.36,13.67,-4.31,1,3,-2
2021,Fordham,0,1,-1,0.0,0.83,-0.83,0,0,0
2021,Fort Hays,0,0,0,0.0,0.0,0.0,0,0,0
2021,Fort Valley State,1,0,1,0.0,0.0,0.0,0,0,0
2021,Franklin College,0,0,0,0.0,0.0,0.0,0,0,0
2021,Franklin Pierce,0,0,0,0.0,0.0,0.0,0,0,0
2021,Fresno State,8,13,-5,5.08,9.64,-4.56,1,0,1
2021,Frostburg State,0,0,0,0.0,0.0,0.0,0,0,0
2021,Furman,0,1,-1,0.0,0.0,0.0,0,0,0
2021,Gannon,0,0,0,0.0,0.0,0.0,0,0,0
2021,Garden City C.C. ,1,0,1,0.0,0.0,0.0,0,0,0
2021,Gardner-Webb,0,0,0,0.0,0.0,0.0,0,0,0
2021,George Fox,0,0,0,0.0,0.0,0.0,0,0,0
2021,Georgetown,0,0,0,0.0,0.0,0.0,0,0,0
2021,Georgia,3,13,-10,2.83,8.45,-5.62,3,2,1
2021,Georgia Military,0,0,0,0.0,0.0,0.0,0,0,0
2021,Georgia Military College Prep,0,0,0,0.0,0.0,0.0,0,0,0
2021,Georgia Southern,4,14,-10,3.29,11.33,-8.04,0,0,0
2021,Georgia State,3,7,-4,1.66,4.890000000000001,-3.23,0,1,-1
2021,Georgia Tech,10,19,-9,7.4799999999999995,13.91,-6.43,0,0,0
2021,Glenville State ,0,0,0,0.0,0.0,0.0,0,0,0
2021,Grambling,0,0,0,0.0,0.0,0.0,0,0,0
2021,Grand Valley State,0,1,-1,0.0,0.83,-0.83,0,0,0
2021,Hampton,0,0,0,0.0,0.0,0.0,0,0,0
2021,Harding,0,0,0,0.0,0.0,0.0,0,0,0
2021,Harvard,0,2,-2,0.0,1.68,-1.68,0,0,0
2021,Hawai'i,6,10,-4,4.07,7.15,-3.08,0,0,0
2021,Heidelberg,0,0,0,0.0,0.0,0.0,0,0,0
2021,Henderson State,0,0,0,0.0,0.0,0.0,0,0,0
2021,Highland C.C.,0,0,0,0.0,0.0,0.0,0,0,0
2021,Hillsdale College,0,0,0,0.0,0.0,0.0,0,0,0
2021,Hinds C.C.,0,0,0,0.0,0.0,0.0,0,0,0
2021,Holmes C.C.,0,0,0,0.0,0.0,0.0,0,0,0
2021,Holy Cross,0,3,-3,0.0,0.8,-0.8,0,0,0
2021,Hope ,0,0,0,0.0,0.0,0.0,0,0,0
2021,Houston,10,12,-2,8.29,8.24,0.05,0,1,-1
2021,Houston Christian,0,5,-5,0.0,3.09,-3.09,0,0,0
2021,Howard,0,1,-1,0.0,0.0,0.0,0,0,0
2021,Howard Payne,0,0,0,0.0,0.0,0.0,0,0,0
2021,Hutchinson C.C.,2,0,2,0.93,0.0,0.93,1,0,1
2021,IU Pennsylvania,0,0,0,0.0,0.0,0.0,0,0,0
2021,Idaho,6,0,6,3.99,0.0,3.99,0,0,0
2021,Idaho State,0,0,0,0.0,0.0,0.0,0,0,0
2021,Illinois,9,17,-8,5.02,13.360000000000001,-8.34,1,1,0
2021,Illinois State,3,2,1,1.76,1.67,0.09,1,0,1
2021,Incarnate Word,0,1,-1,0.0,0.83,-0.83,0,0,0
2021,Independence C.C.,3,0,3,1.8199999999999998,0.0,1.82,1,0,1
2021,Indiana,8,10,-2,6.67,7.57,-0.9,1,1,0
2021,Indiana State,0,0,0,0.0,0.0,0.0,0,0,0
2021,Indiana Wesleyan,0,0,0,0.0,0.0,0.0,0,0,0
2021,Indianapolis,0,0,0,0.0,0.0,0.0,0,0,0
2021,Iowa,1,10,-9,0.84,7.57,-6.73,0,1,-1
2021,Iowa Central C.C.,1,0,1,0.83,0.0,0.83,0,0,0
2021,Iowa State,2,7,-5,1.68,4.9799999999999995,-3.3,0,0,0
2021,Iowa Western C.C.,0,0,0,0.0,0.0,0.0,0,0,0
2021,Itawamba C.C.,0,0,0,0.0,0.0,0.0,0,0,0
2021,Jackson State,18,1,17,12.77,0.88,11.89,4,0,4
2021,Jacksonville State,6,1,5,3.42,0.83,2.59,1,0,1
2021,James Madison,2,2,0,1.66,0.83,0.83,0,0,0
2021,Johns Hopkins,0,0,0,0.0,0.0,0.0,0,0,0
2021,Johnson C. Smith,0,0,0,0.0,0.0,0.0,0,0,0
2021,Johnson C. Smith University,0,0,0,0.0,0.0,0.0,0,0,0
2021,Kansas,13,27,-14,8.26,17.189999999999998,-8.93,0,1,-1
2021,Kansas State,8,15,-7,4.79,9.969999999999999,-5.18,0,0,0
2021,Keiser (Fl),0,0,0,0.0,0.0,0.0,0,0,0
2021,Kennesaw State,2,1,1,1.66,0.0,1.66,0,0,0
2021,Kent State,7,14,-7,4.9799999999999995,11.06,-6.08,0,0,0
2021,Kentucky,7,10,-3,5.9399999999999995,7.47,-1.53,1,0,1
2021,Kentucky Christian,0,0,0,0.0,0.0,0.0,0,0,0
2021,Kentucky State,1,0,1,0.0,0.0,0.0,0,0,0
2021,Kentucky Wesleyan,0,0,0,0.0,0.0,0.0,0,0,0
2021,Kilgore College,0,0,0,0.0,0.0,0.0,0,0,0
2021,Kilgore J.C.,1,0,1,0.0,0.0,0.0,0,0,0
2021,King's College,0,0,0,0.0,0.0,0.0,0,0,0
2021,LIU Post,0,0,0,0.0,0.0,0.0,0,0,0
2021,LSU,2,14,-12,1.7799999999999998,12.0,-10.22,1,3,-2
2021,LaGrange,0,0,0,0.0,0.0,0.0,0,0,0
2021,Lackawanna College,0,0,0,0.0,0.0,0.0,0,0,0
2021,Lafayette,1,0,1,0.93,0.0,0.93,1,0,1
2021,Lake Erie,0,0,0,0.0,0.0,0.0,0,0,0
2021,Lake Erie College,0,0,0,0.0,0.0,0.0,0,0,0
2021,Lamar,0,0,0,0.0,0.0,0.0,0,0,0
2021,Lamar Christian School,0,0,0,0.0,0.0,0.0,0,0,0
2021,Lane College,0,0,0,0.0,0.0,0.0,0,0,0
2021,Laney College,0,0,0,0.0,0.0,0.0,0,0,0
2021,Laurier,0,0,0,0.0,0.0,0.0,0,0,0
2021,LeMoyne-Owen,0,0,0,0.0,0.0,0.0,0,0,0
2021,Lehigh,0,1,-1,0.0,0.0,0.0,0,0,0
2021,Lenoir Rhyne,0,0,0,0.0,0.0,0.0,0,0,0
2021,Lenoir-Rhyne,0,0,0,0.0,0.0,0.0,0,0,0
2021,Liberty,6,9,-3,4.83,5.62,-0.79,0,0,0
2021,Limestone,0,0,0,0.0,0.0,0.0,0,0,0
2021,Limestone College,0,0,0,0.0,0.0,0.0,0,0,0
2021,Limestone University,0,0,0,0.0,0.0,0.0,0,0,0
2021,Lincoln (MO),0,0,0,0.0,0.0,0.0,0,0,0
2021,Lindenwood,0,0,0,0.0,0.0,0.0,0,0,0
2021,Lindenwood University,1,0,1,0.83,0.0,0.83,0,0,0
2021,Livingstone,0,0,0,0.0,0.0,0.0,0,0,0
2021,Livingstone College,0,0,0,0.0,0.0,0.0,0,0,0
2021,Lock Haven,0,0,0,0.0,0.0,0.0,0,0,0
2021,Long Beach City College,0,0,0,0.0,0.0,0.0,0,0,0
2021,Louisiana,9,7,2,6.49,5.65,0.84,0,0,0
2021,Louisiana Tech,9,11,-2,6.619999999999999,7.300000000000001,-0.68,0,0,0
2021,Louisville,6,16,-10,5.0,12.6,-7.6,0,2,-2
2021,Maine,1,2,-1,0.75,0.8,-0.05,0,0,0
2021,Manitoba,0,0,0,0.0,0.0,0.0,0,0,0
2021,Marian,0,0,0,0.0,0.0,0.0,0,0,0
2021,Marian (IN),0,0,0,0.0,0.0,0.0,0,0,0
2021,Marist,0,0,0,0.0,0.0,0.0,0,0,0
2021,Mars Hill,0,0,0,0.0,0.0,0.0,0,0,0
2021,Marshall,6,13,-7,5.04,9.94,-4.9,1,2,-1
2021,Mary Hardin Baylor,0,0,0,0.0,0.0,0.0,0,0,0
2021,Maryland,1,15,-14,0.84,11.53,-10.69,0,0,0
2021,Maryville College,0,0,0,0.0,0.0,0.0,0,0,0
2021,Massachusetts,11,21,-10,5.62,12.850000000000001,-7.23,0,0,0
2021,McKendree,0,0,0,0.0,0.0,0.0,0,0,0
2021,McMurry University,0,0,0,0.0,0.0,0.0,0,0,0
2021,McNeese,3,3,0,2.6100000000000003,2.33,0.28,2,0,2
2021,Memphis,13,26,-13,10.780000000000001,18.910000000000004,-8.13,2,1,1
2021,Mercer,1,0,1,0.83,0.0,0.83,0,0,0
2021,Mercyhurst,0,0,0,0.0,0.0,0.0,0,0,0
2021,Mercyhurst College,0,0,0,0.0,0.0,0.0,0,0,0
2021,Merrimack,1,1,0,0.0,0.0,0.0,0,0,0
2021,Miami,4,6,-2,3.4899999999999998,5.17,-1.68,1,2,-1
2021,Miami (OH),2,10,-8,1.66,8.22,-6.56,0,0,0
2021,Michigan,5,20,-15,4.2299999999999995,12.67,-8.44,0,4,-4
2021,Michigan State,14,21,-7,11.79,15.8,-4.01,2,1,1
2021,MidAmerica Nazarene,0,0,0,0.0,0.0,0.0,0,0,0
2021,Middle Tennessee,6,10,-4,4.109999999999999,4.74,-0.63,0,0,0
2021,Midwestern State,0,0,0,0.0,0.0,0.0,0,0,0
2021,Miles,0,0,0,0.0,0.0,0.0,0,0,0
2021,Millersville,0,0,0,0.0,0.0,0.0,0,0,0
2021,Minnesota,7,12,-5,4.89,8.309999999999999,-3.42,0,0,0
2021,Minnesota Duluth,0,0,0,0.0,0.0,0.0,0,0,0
2021,Minnesota State,0,0,0,0.0,0.0,0.0,0,0,0
2021,Minot State,0,0,0,0.0,0.0,0.0,0,0,0
2021,Misericordia,0,0,0,0.0,0.0,0.0,0,0,0
2021,Mississippi College,0,0,0,0.0,0.0,0.0,0,0,0
2021,Mississippi Gulf Coast C.C.,1,0,1,0.83,0.0,0.83,0,0,0
2021,Mississippi State,8,22,-14,5.94,16.6,-10.66,1,1,0
2021,Mississippi Valley State,0,0,0,0.0,0.0,0.0,0,0,0
2021,Missouri,5,21,-16,4.1899999999999995,17.459999999999997,-13.27,0,1,-1
2021,Missouri S&T,0,0,0,0.0,0.0,0.0,0,0,0
2021,Missouri Southern State,0,0,0,0.0,0.0,0.0,0,0,0
2021,Missouri State,4,1,3,3.24,0.83,2.41,0,0,0
2021,Missouri Western State,0,1,-1,0.0,0.0,0.0,0,0,0
2021,Monash University,0,0,0,0.0,0.0,0.0,0,0,0
2021,Monmouth,0,0,0,0.0,0.0,0.0,0,0,0
2021,Montana,0,1,-1,0.0,0.87,-0.87,0,0,0
2021,Montana State,2,0,2,1.66,0.0,1.66,0,0,0
2021,Montana Tech,0,0,0,0.0,0.0,0.0,0,0,0
2021,Montana Western,0,0,0,0.0,0.0,0.0,0,0,0
2021,Morehead State,0,0,0,0.0,0.0,0.0,0,0,0
2021,Morehouse,0,0,0,0.0,0.0,0.0,0,0,0
2021,Morgan State,0,1,-1,0.0,0.0,0.0,0,0,0
2021,Mount St. Joseph,0,0,0,0.0,0.0,0.0,0,0,0
2021,Mount Union ,0,0,0,0.0,0.0,0.0,0,0,0
2021,Mt. San Antonio College,0,0,0,0.0,0.0,0.0,0,0,0
2021,Muhlenberg,0,0,0,0.0,0.0,0.0,0,0,0
2021,Murray State,2,1,1,1.6800000000000002,0.93,0.75,1,1,0
2021,NC State,4,11,-7,3.34,8.220000000000002,-4.88,0,1,-1
2021,Navarro College,0,0,0,0.0,0.0,0.0,0,0,0
2021,Navy,0,7,-7,0.0,3.99,-3.99,0,0,0
2021,Nebraska,5,18,-13,4.3100000000000005,14.150000000000002,-9.84,1,2,-1
2021,Nebraska Kearney,0,0,0,0.0,0.0,0.0,0,0,0
2021,Nebraska-Kearney,0,0,0,0.0,0.0,0.0,0,0,0
2021,Nevada,6,12,-6,4.25,8.14,-3.89,1,0,1
2021,New Hampshire,0,0,0,0.0,0.0,0.0,0,0,0
2021,New Haven,0,0,0,0.0,0.0,0.0,0,0,0
2021,New Mexico,4,14,-10,3.42,8.91,-5.49,1,1,0
2021,New Mexico Highlands,0,0,0,0.0,0.0,0.0,0,0,0
2021,New Mexico Military Institute,1,0,1,0.83,0.0,0.83,0,0,0
2021,New Mexico State,1,10,-9,0.8,7.2,-6.4,0,0,0
2021,Newberry,0,0,0,0.0,0.0,0.0,0,0,0
2021,Nicholls,4,0,4,3.32,0.0,3.32,0,0,0
2021,Norfolk State,1,1,0,0.83,0.0,0.83,0,0,0
2021,North Alabama,3,0,3,2.33,0.0,2.33,0,0,0
2021,North Carolina,1,21,-20,0.91,14.950000000000001,-14.04,1,2,-1
2021,North Carolina A&T,4,1,3,2.4899999999999998,0.0,2.49,0,0,0
2021,North Carolina Central,0,1,-1,0.0,0.83,-0.83,0,0,0
2021,North Central College,0,0,0,0.0,0.0,0.0,0,0,0
2021,North Dakota,0,0,0,0.0,0.0,0.0,0,0,0
2021,North Dakota State,4,2,2,3.39,1.5,1.89,1,0,1
2021,North Greenville,0,0,0,0.0,0.0,0.0,0,0,0
2021,North Texas,11,19,-8,8.110000000000001,12.99,-4.88,1,0,1
2021,Northeast Mississippi C.C.,0,0,0,0.0,0.0,0.0,0,0,0
2021,Northeastern Oklahoma A&M,0,0,0,0.0,0.0,0.0,0,0,0
2021,Northeastern State,0,0,0,0.0,0.0,0.0,0,0,0
2021,Northern Arizona,3,0,3,2.4899999999999998,0.0,2.49,0,0,0
2021,Northern Colorado,6,0,6,5.08,0.0,5.08,1,0,1
2021,Northern Illinois,1,19,-18,0.8,14.3,-13.5,0,0,0
2021,Northern Iowa,6,2,4,4.9,1.65,3.25,0,0,0
2021,Northern Michigan,0,0,0,0.0,0.0,0.0,0,0,0
2021,Northern State,0,0,0,0.0,0.0,0.0,0,0,0
2021,Northwest Mississippi C.C.,0,0,0,0.0,0.0,0.0,0,0,0
2021,Northwest Missouri State,0,0,0,0.0,0.0,0.0,0,0,0
2021,Northwestern,7,8,-1,5.74,6.6,-0.86,0,0,0
2021,Northwestern State,2,1,1,1.66,0.75,0.91,0,0,0
2021,Northwood,0,0,0,0.0,0.0,0.0,0,0,0
2021,Notre Dame,4,19,-15,3.6300000000000003,15.38,-11.75,3,5,-2
2021,Notre Dame College,1,0,1,0.83,0.0,0.83,0,0,0
2021,Ohio,1,5,-4,0.83,3.99,-3.16,0,0,0
2021,Ohio Dominican,0,0,0,0.0,0.0,0.0,0,0,0
2021,Ohio State,1,5,-4,0.75,4.260000000000001,-3.51,0,1,-1
2021,Oklahoma,10,19,-9,7.819999999999999,15.17,-7.35,3,2,1
2021,Oklahoma Baptist,0,0,0,0.0,0.0,0.0,0,0,0
2021,Oklahoma State,5,8,-3,4.12,5.880000000000001,-1.76,0,1,-1
2021,Old Dominion,7,14,-7,5.78,11.190000000000001,-5.41,1,0,1
2021,Ole Miss,3,9,-6,2.62,6.699999999999999,-4.08,1,1,0
2021,Oregon,0,12,-12,0.0,10.009999999999998,-10.01,0,0,0
2021,Oregon State,6,14,-8,4.89,10.629999999999999,-5.74,0,0,0
2021,Ottawa,0,0,0,0.0,0.0,0.0,0,0,0
2021,Ouachita Baptist,0,0,0,0.0,0.0,0.0,0,0,0
2021,Ouachita Baptist University,0,0,0,0.0,0.0,0.0,0,0,0
2021,Pace,0,0,0,0.0,0.0,0.0,0,0,0
2021,Palomar College,0,0,0,0.0,0.0,0.0,0,0,0
2021,Penn State,6,14,-8,5.090000000000001,11.55,-6.46,0,1,-1
2021,Pennsylvania,0,2,-2,0.0,1.66,-1.66,0,0,0
2021,Peru State,0,0,0,0.0,0.0,0.0,0,0,0
2021,Pikeville,0,0,0,0.0,0.0,0.0,0,0,0
2021,Pittsburg State,1,0,1,0.83,0.0,0.83,0,0,0
2021,Pittsburgh,4,6,-2,3.3,4.1499999999999995,-0.85,0,0,0
2021,Portland State,0,0,0,0.0,0.0,0.0,0,0,0
2021,Prairie View A&M,2,1,1,1.66,0.75,0.91,0,0,0
2021,Presbyterian,0,4,-4,0.0,0.83,-0.83,0,0,0
2021,Princeton,0,0,0,0.0,0.0,0.0,0,0,0
2021,Professional,2,0,2,1.76,0.0,1.76,1,0,1
2021,Puget Sound,0,0,0,0.0,0.0,0.0,0,0,0
2021,Purdue,8,8,0,5.69,6.76,-1.07,0,2,-2
2021,Quincy,0,0,0,0.0,0.0,0.0,0,0,0
2021,Reinhardt,0,0,0,0.0,0.0,0.0,0,0,0
2021,Rhode Island,4,1,3,3.2600000000000002,0.83,2.43,1,0,1
2021,Rice,3,5,-2,1.63,3.07,-1.44,0,0,0
2021,Richmond,1,2,-1,0.0,0.83,-0.83,0,0,0
2021,Riverside C.C.,0,0,0,0.0,0.0,0.0,0,0,0
2021,Roanoke,0,0,0,0.0,0.0,0.0,0,0,0
2021,Robert Morris,0,1,-1,0.0,0.0,0.0,0,0,0
2021,Roosevelt,0,0,0,0.0,0.0,0.0,0,0,0
2021,Rutgers,7,17,-10,4.95,14.209999999999999,-9.26,1,1,0
2021,SE Louisiana,3,0,3,2.41,0.0,2.41,0,0,0
2021,SMU,14,9,5,10.27,6.58,3.69,2,1,1
2021,Sacramento State,2,1,1,1.66,0.0,1.66,0,0,0
2021,Sacred Heart,1,1,0,0.75,0.83,-0.08,0,0,0
2021,Saddleback College,0,0,0,0.0,0.0,0.0,0,0,0
2021,Saginaw Valley State,0,0,0,0.0,0.0,0.0,0,0,0
2021,Saint Anselm,0,0,0,0.0,0.0,0.0,0,0,0
2021,Saint Francis,0,2,-2,0.0,1.65,-1.65,0,0,0
2021,Saint Francis (PA),0,0,0,0.0,0.0,0.0,0,0,0
2021,Salisbury University,0,0,0,0.0,0.0,0.0,0,0,0
2021,Sam Houston,2,1,1,1.66,0.0,1.66,0,0,0
2021,Samford,1,0,1,0.83,0.0,0.83,0,0,0
2021,San Diego,2,2,0,1.5,0.8,0.7,0,0,0
2021,San Diego State,2,9,-7,1.7400000000000002,7.3100000000000005,-5.57,1,0,1
2021,San José State,9,7,2,5.75,4.82,0.93,1,0,1
2021,Santa Rosa J.C.,1,0,1,0.0,0.0,0.0,0,0,0
2021,Savannah State,0,0,0,0.0,0.0,0.0,0,0,0
2021,Shaw,0,0,0,0.0,0.0,0.0,0,0,0
2021,Shepherd,0,0,0,0.0,0.0,0.0,0,0,0
2021,Shepherd University,0,0,0,0.0,0.0,0.0,0,0,0
2021,Shippensburg,0,0,0,0.0,0.0,0.0,0,0,0
2021,Shippensburg University,0,0,0,0.0,0.0,0.0,0,0,0
2021,Shorter,0,0,0,0.0,0.0,0.0,0,0,0
2021,Siena Heights,0,0,0,0.0,0.0,0.0,0,0,0
2021,Simon Fraser,0,0,0,0.0,0.0,0.0,0,0,0
2021,Simpson College,0,0,0,0.0,0.0,0.0,0,0,0
2021,Sioux Falls,0,0,0,0.0,0.0,0.0,0,0,0
2021,Slippery Rock,0,0,0,0.0,0.0,0.0,0,0,0
2021,Snow College,1,0,1,0.8,0.0,0.8,0,0,0
2021,South Alabama,13,11,2,9.12,7.390000000000001,1.73,1,0,1
2021,South Carolina,8,12,-4,6.630000000000001,9.2,-2.57,1,1,0
2021,South Carolina State,0,0,0,0.0,0.0,0.0,0,0,0
2021,South Dakota,1,0,1,0.83,0.0,0.83,0,0,0
2021,South Dakota Mines,0,0,0,0.0,0.0,0.0,0,0,0
2021,South Dakota State,0,1,-1,0.0,0.0,0.0,0,0,0
2021,South Florida,10,17,-7,8.379999999999999,12.52,-4.14,2,1,1
2021,Southeast Missouri State,1,3,-2,0.75,1.67,-0.92,0,0,0
2021,Southeast Oklahoma State,0,0,0,0.0,0.0,0.0,0,0,0
2021,Southeastern,0,0,0,0.0,0.0,0.0,0,0,0
2021,Southeastern Louisiana,0,0,0,0.0,0.0,0.0,0,0,0
2021,Southern,1,0,1,0.75,0.0,0.75,0,0,0
2021,Southern Arkansas,0,0,0,0.0,0.0,0.0,0,0,0
2021,Southern Connecticut State,0,0,0,0.0,0.0,0.0,0,0,0
2021,Southern Illinois,2,0,2,1.66,0.0,1.66,0,0,0
2021,Southern Miss,8,15,-7,6.58,10.53,-3.95,0,0,0
2021,Southern Oregon,0,0,0,0.0,0.0,0.0,0,0,0
2021,Southern Utah,1,0,1,0.83,0.0,0.83,0,0,0
2021,Southwest Baptist,0,0,0,0.0,0.0,0.0,0,0,0
2021,Southwest Minnesota State,1,0,1,0.75,0.0,0.75,0,0,0
2021,Southwest Mississippi C.C.,0,0,0,0.0,0.0,0.0,0,0,0
2021,Southwestern (KS),0,0,0,0.0,0.0,0.0,0,0,0
2021,Southwestern Oklahoma State,0,0,0,0.0,0.0,0.0,0,0,0
2021,St. Thomas,0,0,0,0.0,0.0,0.0,0,0,0
2021,St. Thomas University,0,0,0,0.0,0.0,0.0,0,0,0
2021,St. Vincent,0,0,0,0.0,0.0,0.0,0,0,0
2021,Stanford,1,3,-2,0.93,2.5100000000000002,-1.58,1,1,0
2021,Stephen F. Austin,1,0,1,0.93,0.0,0.93,1,0,1
2021,Stetson,0,0,0,0.0,0.0,0.0,0,0,0
2021,Stonehill,0,0,0,0.0,0.0,0.0,0,0,0
2021,Stony Brook,4,1,3,3.08,0.75,2.33,0,0,0
2021,Susquehanna,0,0,0,0.0,0.0,0.0,0,0,0
2021,Syracuse,3,16,-13,2.46,11.59,-9.13,0,0,0
2021,TCU,6,23,-17,5.069999999999999,15.940000000000001,-10.87,1,2,-1
2021,Tarleton State,0,0,0,0.0,0.0,0.0,0,0,0
2021,Taylor,0,0,0,0.0,0.0,0.0,0,0,0
2021,Temple,11,18,-7,8.14,12.240000000000002,-4.1,0,0,0
2021,Tennessee,10,37,-27,8.41,27.679999999999996,-19.27,1,12,-11
2021,Tennessee State,6,0,6,4.17,0.0,4.17,1,0,1
2021,Tennessee Tech,0,0,0,0.0,0.0,0.0,0,0,0
2021,Texas,8,16,-8,6.75,13.709999999999999,-6.96,1,3,-2
2021,Texas A&M,1,19,-18,0.86,11.790000000000001,-10.93,0,3,-3
2021,Texas A&M-Kingsville,0,0,0,0.0,0.0,0.0,0,0,0
2021,Texas Southern,0,0,0,0.0,0.0,0.0,0,0,0
2021,Texas State,19,15,4,13.830000000000002,11.22,2.61,0,0,0
2021,Texas Tech,11,16,-5,9.05,10.71,-1.66,0,0,0
2021,Texas-Permian Basin,1,0,1,0.83,0.0,0.83,0,0,0
2021,Texas-Rio Grande Valley,0,0,0,0.0,0.0,0.0,0,0,0
2021,The Citadel,0,1,-1,0.0,0.0,0.0,0,0,0
2021,Thomas More,0,0,0,0.0,0.0,0.0,0,0,0
2021,Tiffin University,1,0,1,0.75,0.0,0.75,0,0,0
2021,Toledo,5,3,2,4.12,2.4899999999999998,1.63,0,0,0
2021,Towson,6,0,6,3.91,0.0,3.91,0,0,0
2021,Trinity,0,0,0,0.0,0.0,0.0,0,0,0
2021,Trinity (Texas),0,0,0,0.0,0.0,0.0,0,0,0
2021,Trinity Valley C.C.,0,0,0,0.0,0.0,0.0,0,0,0
2021,Troy,8,9,-1,4.17,5.41,-1.24,1,0,1
2021,Truman State,0,0,0,0.0,0.0,0.0,0,0,0
2021,Tufts University,0,0,0,0.0,0.0,0.0,0,0,0
2021,Tulane,5,11,-6,3.24,9.07,-5.83,0,1,-1
2021,Tulsa,6,7,-1,4.96,5.61,-0.65,0,0,0
2021,Tusculum,0,0,0,0.0,0.0,0.0,0,0,0
2021,Tuskegee,0,0,0,0.0,0.0,0.0,0,0,0
2021,Tyler J.C. ,0,0,0,0.0,0.0,0.0,0,0,0
2021,UAB,6,8,-2,4.949999999999999,5.7,-0.75,0,0,0
2021,UAlbany,2,0,2,1.66,0.0,1.66,0,0,0
2021,UC Davis,0,0,0,0.0,0.0,0.0,0,0,0
2021,UCF,10,17,-7,8.52,14.239999999999998,-5.72,2,1,1
2021,UCLA,8,8,0,6.8,6.640000000000001,0.16,2,1,1
2021,UConn,2,7,-5,1.66,4.82,-3.16,0,0,0
2021,UL Monroe,15,21,-6,10.41,16.65,-6.24,0,0,0
2021,UNC-Pembroke,0,0,0,0.0,0.0,0.0,0,0,0
2021,UNLV,6,14,-8,4.35,11.23,-6.88,2,0,2
2021,USC,9,9,0,7.789999999999999,8.0,-0.21,1,5,-4
2021,UT Martin,2,1,1,1.58,0.83,0.75,0,0,0
2021,UT-Rio Grande Valley,0,0,0,0.0,0.0,0.0,0,0,0
2021,UT-Rio Grande Valley (Do not use),0,0,0,0.0,0.0,0.0,0,0,0
2021,UTEP,4,11,-7,1.5,7.66,-6.16,0,0,0
2021,UTRGV,0,0,0,0.0,0.0,0.0,0,0,0
2021,UTSA,9,6,3,6.54,4.9799999999999995,1.56,0,0,0
2021,UVA Wise,0,0,0,0.0,0.0,0.0,0,0,0
2021,University of Calgary,0,0,0,0.0,0.0,0.0,0,0,0
2021,University of Charleston,0,0,0,0.0,0.0,0.0,0,0,0
2021,University of Guelph,0,0,0,0.0,0.0,0.0,0,0,0
2021,University of Mary,1,0,1,0.0,0.0,0.0,0,0,0
2021,Upper Iowa,0,0,0,0.0,0.0,0.0,0,0,0
2021,Utah,8,17,-9,6.83,14.14,-7.31,2,1,1
2021,Utah State,12,16,-4,9.670000000000002,8.04,1.63,0,0,0
2021,Utah Tech,2,0,2,0.83,0.0,0.83,0,0,0
2021,VMI,0,0,0,0.0,0.0,0.0,0,0,0
2021,Valdosta State,1,0,1,0.83,0.0,0.83,0,0,0
2021,Valparaiso,0,0,0,0.0,0.0,0.0,0,0,0
2021,Vanderbilt,5,21,-16,3.3,16.51,-13.21,0,0,0
2021,Villanova,1,1,0,0.83,0.85,-0.02,0,0,0
2021,Virginia,6,9,-3,4.91,7.4,-2.49,0,0,0
2021,Virginia State,0,0,0,0.0,0.0,0.0,0,0,0
2021,Virginia Tech,7,19,-12,4.15,13.600000000000001,-9.45,0,3,-3
2021,Virginia Union,0,0,0,0.0,0.0,0.0,0,0,0
2021,Wagner,1,1,0,0.83,0.0,0.83,0,0,0
2021,Wake Forest,6,11,-5,4.08,9.1,-5.02,0,0,0
2021,Walsh,0,0,0,0.0,0.0,0.0,0,0,0
2021,Warner University,0,0,0,0.0,0.0,0.0,0,0,0
2021,Washburn,0,0,0,0.0,0.0,0.0,0,0,0
2021,Washington,4,10,-6,3.4000000000000004,8.780000000000001,-5.38,1,5,-4
2021,Washington State,7,24,-17,4.960000000000001,15.06,-10.1,0,3,-3
2021,Wayne State,0,0,0,0.0,0.0,0.0,0,0,0
2021,Wayne State College,0,0,0,0.0,0.0,0.0,0,0,0
2021,Weber State,2,1,1,1.76,0.0,1.76,1,0,1
2021,West Alabama,2,0,2,1.5,0.0,1.5,0,0,0
2021,West Chester,0,0,0,0.0,0.0,0.0,0,0,0
2021,West Florida,2,0,2,1.58,0.0,1.58,0,0,0
2021,West Georgia,0,0,0,0.0,0.0,0.0,0,0,0
2021,West Liberty,0,0,0,0.0,0.0,0.0,0,0,0
2021,West Texas,1,0,1,0.75,0.0,0.75,0,0,0
2021,West Virginia,2,23,-21,1.7200000000000002,17.53,-15.81,1,2,-1
2021,West Virginia State,0,0,0,0.0,0.0,0.0,0,0,0
2021,Western Carolina,2,1,1,1.66,0.0,1.66,0,0,0
2021,Western Colorado,0,0,0,0.0,0.0,0.0,0,0,0
2021,Western Connecticut State,0,0,0,0.0,0.0,0.0,0,0,0
2021,Western Illinois,5,0,5,2.4899999999999998,0.0,2.49,0,0,0
2021,Western Kentucky,19,24,-5,14.47,19.28,-4.81,1,0,1
2021,Western Michigan,1,7,-6,0.83,5.659999999999999,-4.83,0,0,0
2021,Western New Mexico,0,0,0,0.0,0.0,0.0,0,0,0
2021,Western Oregon,0,0,0,0.0,0.0,0.0,0,0,0
2021,Wheeling,0,0,0,0.0,0.0,0.0,0,0,0
2021,William & Mary,0,0,0,0.0,0.0,0.0,0,0,0
2021,William Jewell College,0,0,0,0.0,0.0,0.0,0,0,0
2021,Wingate,0,0,0,0.0,0.0,0.0,0,0,0
2021,Winona State,0,0,0,0.0,0.0,0.0,0,0,0
2021,Winston-Salem State,1,0,1,0.83,0.0,0.83,0,0,0
2021,Wisconsin,2,8,-6,1.66,5.75,-4.09,0,0,0
2021,Wisconsin La Crosse,0,0,0,0.0,0.0,0.0,0,0,0
2021,Wisconsin-River Falls,0,0,0,0.0,0.0,0.0,0,0,0
2021,Wittenberg,0,0,0,0.0,0.0,0.0,0,0,0
2021,Wofford,1,0,1,0.83,0.0,0.83,0,0,0
2021,Wyoming,1,4,-3,0.83,3.24,-2.41,0,0,0
2021,Yale,0,1,-1,0.0,0.8,-0.8,0,0,0
2021,Youngstown State,1,0,1,0.83,0.0,0.83,0,0,0
2022,Abilene Christian,9,4,5,6.64,2.4899999999999998,4.15,0,0,0
2022,Adams,0,0,0,0.0,0.0,0.0,0,0,0
2022,Adams State,0,0,0,0.0,0.0,0.0,0,0,0
2022,Air Force,0,9,-9,0.0,4.76,-4.76,0,0,0
2022,Akron,15,10,5,12.620000000000003,7.430000000000001,5.19,2,0,2
2022,Alabama,5,24,-19,4.72,19.05,-14.33,5,8,-3
2022,Alabama A&M,11,1,10,8.43,0.0,8.43,2,0,2
2022,Alabama State,7,0,7,5.78,0.0,5.78,0,0,0
2022,Albany,0,0,0,0.0,0.0,0.0,0,0,0
2022,Albany State,0,0,0,0.0,0.0,0.0,0,0,0
2022,Alcorn State,4,0,4,2.4400000000000004,0.0,2.44,0,0,0
2022,Allen University,0,0,0,0.0,0.0,0.0,0,0,0
2022,American International,0,0,0,0.0,0.0,0.0,0,0,0
2022,American River C.C.,0,0,0,0.0,0.0,0.0,0,0,0
2022,Anderson,0,0,0,0.0,0.0,0.0,0,0,0
2022,Angelo State,0,0,0,0.0,0.0,0.0,0,0,0
2022,Anna Maria College,0,0,0,0.0,0.0,0.0,0,0,0
2022,App State,9,10,-1,4.97,5.83,-0.86,0,0,0
2022,Arizona,8,27,-19,6.91,20.619999999999997,-13.71,1,1,0
2022,Arizona State,13,21,-8,11.239999999999998,16.22,-4.98,1,4,-3
2022,Arkansas,9,22,-13,7.97,17.909999999999997,-9.94,5,6,-1
2022,Arkansas Monticello,0,0,0,0.0,0.0,0.0,0,0,0
2022,Arkansas State,11,25,-14,8.39,16.94,-8.55,1,0,1
2022,Arkansas Tech,0,0,0,0.0,0.0,0.0,0,0,0
2022,Arkansas-Pine Bluff,0,0,0,0.0,0.0,0.0,0,0,0
2022,Army,0,6,-6,0.0,3.15,-3.15,0,0,0
2022,Ashland,1,0,1,0.83,0.0,0.83,0,0,0
2022,Ashland University,0,0,0,0.0,0.0,0.0,0,0,0
2022,Assumption,0,0,0,0.0,0.0,0.0,0,0,0
2022,Auburn,11,24,-13,8.66,20.77,-12.11,0,5,-5
2022,Augustana,0,0,0,0.0,0.0,0.0,0,0,0
2022,Aurora University,0,0,0,0.0,0.0,0.0,0,0,0
2022,Austin Peay,1,2,-1,0.83,1.6099999999999999,-0.78,0,0,0
2022,Averett University,0,0,0,0.0,0.0,0.0,0,0,0
2022,Azusa Pacific,0,0,0,0.0,0.0,0.0,0,0,0
2022,BYU,4,10,-6,3.5300000000000002,7.390000000000001,-3.86,1,0,1
2022,Ball State,5,10,-5,3.25,7.3100000000000005,-4.06,0,0,0
2022,Barton,0,0,0,0.0,0.0,0.0,0,0,0
2022,Barton C.C.,0,0,0,0.0,0.0,0.0,0,0,0
2022,Baylor,3,8,-5,2.5500000000000003,5.12,-2.57,1,0,1
2022,Bemidji State,0,0,0,0.0,0.0,0.0,0,0,0
2022,Benedict,0,0,0,0.0,0.0,0.0,0,0,0
2022,Benedict College,0,0,0,0.0,0.0,0.0,0,0,0
2022,Bethel,0,0,0,0.0,0.0,0.0,0,0,0
2022,Bethune-Cookman,1,0,1,0.83,0.0,0.83,0,0,0
2022,Black Hills State,0,0,0,0.0,0.0,0.0,0,0,0
2022,Blinn College,1,0,1,0.0,0.0,0.0,0,0,0
2022,Boise State,3,6,-3,2.62,4.18,-1.56,0,0,0
2022,Boston College,4,13,-9,2.53,9.08,-6.55,0,0,0
2022,Bowie State,0,0,0,0.0,0.0,0.0,0,0,0
2022,Bowling Green,6,13,-7,3.27,10.32,-7.05,0,0,0
2022,British Columbia,0,0,0,0.0,0.0,0.0,0,0,0
2022,Brown,0,0,0,0.0,0.0,0.0,0,0,0
2022,Bryant,0,0,0,0.0,0.0,0.0,0,0,0
2022,Bucknell,1,0,1,0.0,0.0,0.0,0,0,0
2022,Buffalo,21,27,-6,14.88,21.18,-6.3,0,0,0
2022,Butler,1,0,1,0.83,0.0,0.83,0,0,0
2022,Butler C.C.,0,0,0,0.0,0.0,0.0,0,0,0
2022,Butler County (KS),1,0,1,0.79,0.0,0.79,0,0,0
2022,CSU-Pueblo,0,0,0,0.0,0.0,0.0,0,0,0
2022,Cal Lutheran,0,0,0,0.0,0.0,0.0,0,0,0
2022,Cal Poly,0,2,-2,0.0,1.69,-1.69,0,0,0
2022,California,6,11,-5,4.3500000000000005,8.43,-4.08,2,1,1
2022,California (PA),0,0,0,0.0,0.0,0.0,0,0,0
2022,"California, Pa.",0,0,0,0.0,0.0,0.0,0,0,0
2022,Campbell,4,3,1,3.42,0.84,2.58,1,0,1
2022,Campbellsville,0,0,0,0.0,0.0,0.0,0,0,0
2022,Carroll College,0,0,0,0.0,0.0,0.0,0,0,0
2022,Carson Newman,0,0,0,0.0,0.0,0.0,0,0,0
2022,Catawba,0,0,0,0.0,0.0,0.0,0,0,0
2022,Central Arkansas,6,2,4,4.03,1.72,2.31,0,1,-1
2022,Central Connecticut,0,0,0,0.0,0.0,0.0,0,0,0
2022,Central Michigan,2,17,-15,1.62,13.91,-12.29,0,2,-2
2022,Central Missouri,0,1,-1,0.0,0.0,0.0,0,0,0
2022,Central Missouri State,0,0,0,0.0,0.0,0.0,0,0,0
2022,Central Oklahoma,1,0,1,0.83,0.0,0.83,0,0,0
2022,Central State,0,0,0,0.0,0.0,0.0,0,0,0
2022,Central Washington,0,0,0,0.0,0.0,0.0,0,0,0
2022,Cerritos College,0,0,0,0.0,0.0,0.0,0,0,0
2022,Chadron State,0,0,0,0.0,0.0,0.0,0,0,0
2022,Charleston Southern,0,1,-1,0.0,0.84,-0.84,0,0,0
2022,Charlotte,3,9,-6,2.5,5.6,-3.1,0,0,0
2022,Chattanooga,4,0,4,2.41,0.0,2.41,0,0,0
2022,Chowan,0,0,0,0.0,0.0,0.0,0,0,0
2022,Christopher Newport,0,0,0,0.0,0.0,0.0,0,0,0
2022,Cincinnati,7,10,-3,5.29,7.42,-2.13,2,0,2
2022,Cisco College,1,0,1,0.82,0.0,0.82,0,0,0
2022,City College of San Francisco,0,0,0,0.0,0.0,0.0,0,0,0
2022,Clarion,0,0,0,0.0,0.0,0.0,0,0,0
2022,Clark Atlanta,0,0,0,0.0,0.0,0.0,0,0,0
2022,Clemson,1,10,-9,0.8,8.45,-7.65,0,0,0
2022,Coastal Carolina,4,16,-12,3.24,12.84,-9.6,0,0,0
2022,Coffeyville C.C.,0,0,0,0.0,0.0,0.0,0,0,0
2022,Colgate,1,1,0,0.83,0.83,0.0,0,0,0
2022,College of Charleston,0,0,0,0.0,0.0,0.0,0,0,0
2022,College of Idaho,0,0,0,0.0,0.0,0.0,0,0,0
2022,College of San Mateo,0,0,0,0.0,0.0,0.0,0,0,0
2022,College of the Canyons,1,0,1,0.0,0.0,0.0,0,0,0
2022,College of the Sequoias,0,0,0,0.0,0.0,0.0,0,0,0
2022,Colorado,6,24,-18,4.1899999999999995,19.189999999999998,-15.0,0,2,-2
2022,Colorado Mesa,0,0,0,0.0,0.0,0.0,0,0,0
2022,Colorado School of Mines,1,0,1,0.83,0.0,0.83,0,0,0
2022,Colorado State,11,22,-11,8.33,14.559999999999999,-6.23,0,0,0
2022,Columbia,0,2,-2,0.0,1.71,-1.71,0,0,0
2022,Concord,0,0,0,0.0,0.0,0.0,0,0,0
2022,Concordia St. Paul,0,0,0,0.0,0.0,0.0,0,0,0
2022,Concordia University,1,0,1,0.0,0.0,0.0,0,0,0
2022,"Concordia University, St. Paul",0,0,0,0.0,0.0,0.0,0,0,0
2022,Copiah-Lincoln C.C.,0,0,0,0.0,0.0,0.0,0,0,0
2022,Cornell,0,2,-2,0.0,0.89,-0.89,0,0,0
2022,Dartmouth,0,6,-6,0.0,3.38,-3.38,0,0,0
2022,Davenport,0,0,0,0.0,0.0,0.0,0,0,0
2022,Davidson,0,0,0,0.0,0.0,0.0,0,0,0
2022,Dayton,0,0,0,0.0,0.0,0.0,0,0,0
2022,De Anza College,0,0,0,0.0,0.0,0.0,0,0,0
2022,Defiance College,0,0,0,0.0,0.0,0.0,0,0,0
2022,Delaware,0,2,-2,0.0,0.87,-0.87,0,0,0
2022,Delaware State,0,0,0,0.0,0.0,0.0,0,0,0
2022,Delta State,1,0,1,0.75,0.0,0.75,0,0,0
2022,Des Moines,0,0,0,0.0,0.0,0.0,0,0,0
2022,Drake,1,1,0,0.83,0.83,0.0,0,0,0
2022,Duke,8,13,-5,5.71,10.96,-5.25,0,0,0
2022,Duquesne,1,1,0,0.79,0.83,-0.04,0,0,0
2022,East Carolina,14,28,-14,9.95,19.879999999999995,-9.93,1,1,0
2022,East Central,0,1,-1,0.0,0.0,0.0,0,0,0
2022,East Central C.C.,0,0,0,0.0,0.0,0.0,0,0,0
2022,East Mississippi C.C.,0,0,0,0.0,0.0,0.0,0,0,0
2022,East Tennessee State,1,3,-2,0.8,2.62,-1.82,0,0,0
2022,East Texas A&M,0,0,0,0.0,0.0,0.0,0,0,0
2022,Eastern Illinois,2,1,1,1.65,0.0,1.65,0,0,0
2022,Eastern Kentucky,4,1,3,3.32,0.75,2.57,0,0,0
2022,Eastern Michigan,5,15,-10,4.0,9.680000000000001,-5.68,0,0,0
2022,Eastern New Mexico,1,1,0,0.83,0.0,0.83,0,0,0
2022,Eastern Washington,0,0,0,0.0,0.0,0.0,0,0,0
2022,Edinboro University,0,0,0,0.0,0.0,0.0,0,0,0
2022,Edward Waters,0,0,0,0.0,0.0,0.0,0,0,0
2022,El Camino College,0,0,0,0.0,0.0,0.0,0,0,0
2022,Elizabeth City State,2,0,2,1.62,0.0,1.62,0,0,0
2022,Elon,4,1,3,3.17,0.0,3.17,0,0,0
2022,Emory & Henry,0,0,0,0.0,0.0,0.0,0,0,0
2022,Emporia State,0,0,0,0.0,0.0,0.0,0,0,0
2022,Erskine,0,0,0,0.0,0.0,0.0,0,0,0
2022,Erskine College,0,0,0,0.0,0.0,0.0,0,0,0
2022,Exeter,0,0,0,0.0,0.0,0.0,0,0,0
2022,Fairmont State,0,0,0,0.0,0.0,0.0,0,0,0
2022,Faulkner University,0,0,0,0.0,0.0,0.0,0,0,0
2022,Fayetteville State,0,0,0,0.0,0.0,0.0,0,0,0
2022,Ferris State,0,0,0,0.0,0.0,0.0,0,0,0
2022,Ferrum College,0,0,0,0.0,0.0,0.0,0,0,0
2022,Findlay,0,0,0,0.0,0.0,0.0,0,0,0
2022,Florida,9,18,-9,7.87,15.59,-7.72,4,6,-2
2022,Florida A&M,8,2,6,5.710000000000001,0.83,4.88,0,0,0
2022,Florida Atlantic,12,12,0,10.09,8.98,1.11,1,0,1
2022,Florida International,11,17,-6,8.99,12.209999999999999,-3.22,0,1,-1
2022,Florida Memorial University,0,0,0,0.0,0.0,0.0,0,0,0
2022,Florida State,13,28,-15,10.459999999999999,21.34,-10.88,2,5,-3
2022,Fordham,1,1,0,0.83,0.75,0.08,0,0,0
2022,Fort Hays,1,0,1,0.83,0.0,0.83,0,0,0
2022,Fort Valley State,0,0,0,0.0,0.0,0.0,0,0,0
2022,Franklin College,0,0,0,0.0,0.0,0.0,0,0,0
2022,Franklin Pierce,0,0,0,0.0,0.0,0.0,0,0,0
2022,Fresno State,12,16,-4,9.459999999999999,11.39,-1.93,1,0,1
2022,Frostburg State,0,0,0,0.0,0.0,0.0,0,0,0
2022,Furman,0,3,-3,0.0,1.51,-1.51,0,0,0
2022,Gannon,0,0,0,0.0,0.0,0.0,0,0,0
2022,Garden City C.C. ,0,0,0,0.0,0.0,0.0,0,0,0
2022,Gardner-Webb,1,0,1,0.83,0.0,0.83,0,0,0
2022,George Fox,0,0,0,0.0,0.0,0.0,0,0,0
2022,Georgetown,0,1,-1,0.0,0.89,-0.89,0,0,0
2022,Georgia,1,14,-13,0.75,11.6,-10.85,0,5,-5
2022,Georgia Military,0,0,0,0.0,0.0,0.0,0,0,0
2022,Georgia Military College Prep,0,0,0,0.0,0.0,0.0,0,0,0
2022,Georgia Southern,11,18,-7,5.720000000000001,13.95,-8.23,0,1,-1
2022,Georgia State,4,15,-11,2.45,11.059999999999999,-8.61,0,0,0
2022,Georgia Tech,18,17,1,15.280000000000001,14.560000000000002,0.72,0,3,-3
2022,Glenville State ,0,0,0,0.0,0.0,0.0,0,0,0
2022,Grambling,5,1,4,4.21,0.0,4.21,1,0,1
2022,Grand Valley State,1,0,1,0.8,0.0,0.8,0,0,0
2022,Hampton,1,0,1,0.83,0.0,0.83,0,0,0
2022,Harding,0,0,0,0.0,0.0,0.0,0,0,0
2022,Harvard,0,5,-5,0.0,3.37,-3.37,0,0,0
2022,Hawai'i,13,22,-9,10.160000000000002,15.940000000000001,-5.78,2,2,0
2022,Heidelberg,0,0,0,0.0,0.0,0.0,0,0,0
2022,Henderson State,0,0,0,0.0,0.0,0.0,0,0,0
2022,Highland C.C.,0,0,0,0.0,0.0,0.0,0,0,0
2022,Hillsdale College,0,0,0,0.0,0.0,0.0,0,0,0
2022,Hinds C.C.,1,0,1,0.0,0.0,0.0,0,0,0
2022,Holmes C.C.,1,0,1,0.83,0.0,0.83,0,0,0
2022,Holy Cross,0,1,-1,0.0,0.83,-0.83,0,0,0
2022,Hope ,0,0,0,0.0,0.0,0.0,0,0,0
2022,Houston,11,23,-12,8.75,16.4,-7.65,4,0,4
2022,Houston Christian,0,2,-2,0.0,0.0,0.0,0,0,0
2022,Howard,0,0,0,0.0,0.0,0.0,0,0,0
2022,Howard Payne,0,0,0,0.0,0.0,0.0,0,0,0
2022,Hutchinson C.C.,1,0,1,0.0,0.0,0.0,0,0,0
2022,IU Pennsylvania,0,0,0,0.0,0.0,0.0,0,0,0
2022,Idaho,1,1,0,0.82,0.85,-0.03,0,0,0
2022,Idaho State,1,1,0,0.83,0.0,0.83,0,0,0
2022,Illinois,8,23,-15,4.17,15.719999999999999,-11.55,0,1,-1
2022,Illinois State,2,2,0,1.63,1.73,-0.1,0,0,0
2022,Incarnate Word,4,3,1,2.5500000000000003,0.93,1.62,1,1,0
2022,Independence C.C.,1,0,1,0.84,0.0,0.84,0,0,0
2022,Indiana,13,34,-21,10.15,23.209999999999997,-13.06,2,2,0
2022,Indiana State,3,1,2,1.66,0.8,0.86,0,0,0
2022,Indiana Wesleyan,0,0,0,0.0,0.0,0.0,0,0,0
2022,Indianapolis,0,0,0,0.0,0.0,0.0,0,0,0
2022,Iowa,1,7,-6,0.87,4.86,-3.99,0,0,0
2022,Iowa Central C.C.,2,0,2,0.83,0.0,0.83,0,0,0
2022,Iowa State,4,21,-17,3.35,15.75,-12.4,0,0,0
2022,Iowa Western C.C.,3,0,3,0.0,0.0,0.0,0,0,0
2022,Itawamba C.C.,0,0,0,0.0,0.0,0.0,0,0,0
2022,Jackson State,15,0,15,11.670000000000002,0.0,11.67,1,0,1
2022,Jacksonville State,6,4,2,5.16,0.0,5.16,1,0,1
2022,James Madison,5,3,2,4.11,1.77,2.34,0,1,-1
2022,Johns Hopkins,0,0,0,0.0,0.0,0.0,0,0,0
2022,Johnson C. Smith,0,0,0,0.0,0.0,0.0,0,0,0
2022,Johnson C. Smith University,0,0,0,0.0,0.0,0.0,0,0,0
2022,Kansas,15,23,-8,11.129999999999999,15.85,-4.72,0,1,-1
2022,Kansas State,7,17,-10,5.140000000000001,13.36,-8.22,1,1,0
2022,Keiser (Fl),0,0,0,0.0,0.0,0.0,0,0,0
2022,Kennesaw State,1,1,0,0.83,0.0,0.83,0,0,0
2022,Kent State,4,7,-3,3.2499999999999996,5.61,-2.36,0,0,0
2022,Kentucky,9,19,-10,6.95,15.919999999999998,-8.97,2,2,0
2022,Kentucky Christian,0,1,-1,0.0,0.86,-0.86,0,0,0
2022,Kentucky State,0,0,0,0.0,0.0,0.0,0,0,0
2022,Kentucky Wesleyan,0,0,0,0.0,0.0,0.0,0,0,0
2022,Kilgore College,0,0,0,0.0,0.0,0.0,0,0,0
2022,Kilgore J.C.,0,0,0,0.0,0.0,0.0,0,0,0
2022,King's College,0,0,0,0.0,0.0,0.0,0,0,0
2022,LIU Post,0,0,0,0.0,0.0,0.0,0,0,0
2022,LSU,16,19,-3,13.24,15.11,-1.87,6,8,-2
2022,LaGrange,0,0,0,0.0,0.0,0.0,0,0,0
2022,Lackawanna College,0,0,0,0.0,0.0,0.0,0,0,0
2022,Lafayette,0,1,-1,0.0,0.87,-0.87,0,0,0
2022,Lake Erie,0,0,0,0.0,0.0,0.0,0,0,0
2022,Lake Erie College,0,0,0,0.0,0.0,0.0,0,0,0
2022,Lamar,2,1,1,1.66,0.86,0.8,0,0,0
2022,Lamar Christian School,0,0,0,0.0,0.0,0.0,0,0,0
2022,Lane College,0,0,0,0.0,0.0,0.0,0,0,0
2022,Laney College,0,0,0,0.0,0.0,0.0,0,0,0
2022,Laurier,0,0,0,0.0,0.0,0.0,0,0,0
2022,LeMoyne-Owen,0,0,0,0.0,0.0,0.0,0,0,0
2022,Lehigh,1,1,0,0.0,0.0,0.0,0,0,0
2022,Lenoir Rhyne,0,0,0,0.0,0.0,0.0,0,0,0
2022,Lenoir-Rhyne,0,0,0,0.0,0.0,0.0,0,0,0
2022,Liberty,13,10,3,9.149999999999999,7.28,1.87,0,0,0
2022,Limestone,0,0,0,0.0,0.0,0.0,0,0,0
2022,Limestone College,3,0,3,1.5,0.0,1.5,0,0,0
2022,Limestone University,0,0,0,0.0,0.0,0.0,0,0,0
2022,Lincoln (MO),0,0,0,0.0,0.0,0.0,0,0,0
2022,Lindenwood,0,0,0,0.0,0.0,0.0,0,0,0
2022,Lindenwood University,1,0,1,0.93,0.0,0.93,1,0,1
2022,Livingstone,0,0,0,0.0,0.0,0.0,0,0,0
2022,Livingstone College,0,1,-1,0.0,0.0,0.0,0,0,0
2022,Lock Haven,0,0,0,0.0,0.0,0.0,0,0,0
2022,Long Beach City College,0,0,0,0.0,0.0,0.0,0,0,0
2022,Louisiana,2,14,-12,1.6400000000000001,11.860000000000003,-10.22,0,4,-4
2022,Louisiana Tech,9,11,-2,7.52,7.25,0.27,1,0,1
2022,Louisville,13,18,-5,9.5,15.0,-5.5,3,1,2
2022,Maine,1,0,1,0.83,0.0,0.83,0,0,0
2022,Manitoba,0,0,0,0.0,0.0,0.0,0,0,0
2022,Marian,0,0,0,0.0,0.0,0.0,0,0,0
2022,Marian (IN),0,0,0,0.0,0.0,0.0,0,0,0
2022,Marist,0,1,-1,0.0,0.82,-0.82,0,0,0
2022,Mars Hill,0,0,0,0.0,0.0,0.0,0,0,0
2022,Marshall,13,14,-1,10.17,11.42,-1.25,2,0,2
2022,Mary Hardin Baylor,0,0,0,0.0,0.0,0.0,0,0,0
2022,Maryland,6,27,-21,4.31,20.949999999999996,-16.64,2,1,1
2022,Maryville College,0,0,0,0.0,0.0,0.0,0,0,0
2022,Massachusetts,19,15,4,13.030000000000001,10.39,2.64,0,0,0
2022,McKendree,0,0,0,0.0,0.0,0.0,0,0,0
2022,McMurry University,0,0,0,0.0,0.0,0.0,0,0,0
2022,McNeese,5,2,3,4.109999999999999,0.0,4.11,0,0,0
2022,Memphis,11,21,-10,8.29,17.359999999999996,-9.07,0,1,-1
2022,Mercer,2,0,2,0.78,0.0,0.78,0,0,0
2022,Mercyhurst,0,0,0,0.0,0.0,0.0,0,0,0
2022,Mercyhurst College,0,0,0,0.0,0.0,0.0,0,0,0
2022,Merrimack,1,0,1,0.8,0.0,0.8,0,0,0
2022,Miami,11,18,-7,9.68,13.61,-3.93,1,2,-1
2022,Miami (OH),8,17,-9,6.7,12.350000000000001,-5.65,0,1,-1
2022,Michigan,3,12,-9,2.7,8.629999999999999,-5.93,1,2,-1
2022,Michigan State,10,23,-13,8.74,18.54,-9.8,3,2,1
2022,MidAmerica Nazarene,0,0,0,0.0,0.0,0.0,0,0,0
2022,Middle Tennessee,10,18,-8,8.299999999999999,10.049999999999999,-1.75,0,1,-1
2022,Midwestern State,0,0,0,0.0,0.0,0.0,0,0,0
2022,Miles,0,0,0,0.0,0.0,0.0,0,0,0
2022,Millersville,0,0,0,0.0,0.0,0.0,0,0,0
2022,Minnesota,8,23,-15,5.15,18.249999999999996,-13.1,0,1,-1
2022,Minnesota Duluth,0,0,0,0.0,0.0,0.0,0,0,0
2022,Minnesota State,0,1,-1,0.0,0.0,0.0,0,0,0
2022,Minot State,0,0,0,0.0,0.0,0.0,0,0,0
2022,Misericordia,1,0,1,0.83,0.0,0.83,0,0,0
2022,Mississippi College,0,0,0,0.0,0.0,0.0,0,0,0
2022,Mississippi Gulf Coast C.C.,0,0,0,0.0,0.0,0.0,0,0,0
2022,Mississippi State,10,24,-14,7.75,16.689999999999998,-8.94,3,0,3
2022,Mississippi Valley State,0,0,0,0.0,0.0,0.0,0,0,0
2022,Missouri,13,17,-4,11.129999999999999,14.34,-3.21,1,2,-1
2022,Missouri S&T,0,0,0,0.0,0.0,0.0,0,0,0
2022,Missouri Southern State,0,0,0,0.0,0.0,0.0,0,0,0
2022,Missouri State,4,2,2,3.21,0.81,2.4,0,0,0
2022,Missouri Western State,0,1,-1,0.0,0.83,-0.83,0,0,0
2022,Monash University,0,0,0,0.0,0.0,0.0,0,0,0
2022,Monmouth,1,1,0,0.83,0.0,0.83,0,0,0
2022,Montana,2,1,1,1.63,0.78,0.85,0,0,0
2022,Montana State,1,2,-1,0.83,0.0,0.83,0,0,0
2022,Montana Tech,0,0,0,0.0,0.0,0.0,0,0,0
2022,Montana Western,0,0,0,0.0,0.0,0.0,0,0,0
2022,Morehead State,0,0,0,0.0,0.0,0.0,0,0,0
2022,Morehouse,0,0,0,0.0,0.0,0.0,0,0,0
2022,Morgan State,0,0,0,0.0,0.0,0.0,0,0,0
2022,Mount St. Joseph,0,0,0,0.0,0.0,0.0,0,0,0
2022,Mount Union ,0,0,0,0.0,0.0,0.0,0,0,0
2022,Mt. San Antonio College,0,0,0,0.0,0.0,0.0,0,0,0
2022,Muhlenberg,0,0,0,0.0,0.0,0.0,0,0,0
2022,Murray State,1,2,-1,0.75,1.73,-0.98,0,0,0
2022,NC State,2,8,-6,1.73,6.65,-4.92,0,0,0
2022,Navarro College,3,0,3,2.45,0.0,2.45,0,0,0
2022,Navy,0,4,-4,0.0,3.17,-3.17,0,0,0
2022,Nebraska,15,20,-5,13.009999999999998,14.63,-1.62,3,3,0
2022,Nebraska Kearney,0,0,0,0.0,0.0,0.0,0,0,0
2022,Nebraska-Kearney,0,0,0,0.0,0.0,0.0,0,0,0
2022,Nevada,16,19,-3,9.149999999999999,13.28,-4.13,2,0,2
2022,New Hampshire,0,0,0,0.0,0.0,0.0,0,0,0
2022,New Haven,0,0,0,0.0,0.0,0.0,0,0,0
2022,New Mexico,7,12,-5,4.13,8.950000000000001,-4.82,0,1,-1
2022,New Mexico Highlands,0,0,0,0.0,0.0,0.0,0,0,0
2022,New Mexico Military Institute,0,0,0,0.0,0.0,0.0,0,0,0
2022,New Mexico State,9,16,-7,6.87,13.14,-6.27,0,0,0
2022,Newberry,0,0,0,0.0,0.0,0.0,0,0,0
2022,Nicholls,1,3,-2,0.83,2.41,-1.58,0,0,0
2022,Norfolk State,3,1,2,1.75,0.84,0.91,1,0,1
2022,North Alabama,0,0,0,0.0,0.0,0.0,0,0,0
2022,North Carolina,5,16,-11,4.37,12.02,-7.65,0,2,-2
2022,North Carolina A&T,3,1,2,2.45,0.0,2.45,0,0,0
2022,North Carolina Central,1,1,0,0.8,0.73,0.07,0,0,0
2022,North Central College,0,0,0,0.0,0.0,0.0,0,0,0
2022,North Dakota,0,0,0,0.0,0.0,0.0,0,0,0
2022,North Dakota State,0,4,-4,0.0,2.56,-2.56,0,0,0
2022,North Greenville,0,0,0,0.0,0.0,0.0,0,0,0
2022,North Texas,10,22,-12,7.48,17.52,-10.04,0,0,0
2022,Northeast Mississippi C.C.,0,0,0,0.0,0.0,0.0,0,0,0
2022,Northeastern Oklahoma A&M,0,0,0,0.0,0.0,0.0,0,0,0
2022,Northeastern State,0,0,0,0.0,0.0,0.0,0,0,0
2022,Northern Arizona,2,0,2,1.66,0.0,1.66,0,0,0
2022,Northern Colorado,3,3,0,2.47,1.69,0.78,0,0,0
2022,Northern Illinois,3,5,-2,2.38,3.2800000000000002,-0.9,0,0,0
2022,Northern Iowa,5,1,4,4.12,0.89,3.23,0,0,0
2022,Northern Michigan,0,0,0,0.0,0.0,0.0,0,0,0
2022,Northern State,0,1,-1,0.0,0.85,-0.85,0,0,0
2022,Northwest Mississippi C.C.,0,0,0,0.0,0.0,0.0,0,0,0
2022,Northwest Missouri State,1,0,1,0.83,0.0,0.83,0,0,0
2022,Northwestern,6,9,-3,4.1,7.460000000000001,-3.36,0,1,-1
2022,Northwestern State,3,0,3,2.45,0.0,2.45,0,0,0
2022,Northwood,0,0,0,0.0,0.0,0.0,0,0,0
2022,Notre Dame,4,14,-10,1.81,11.91,-10.1,1,1,0
2022,Notre Dame College,0,1,-1,0.0,0.0,0.0,0,0,0
2022,Ohio,3,12,-9,2.47,8.870000000000001,-6.4,0,0,0
2022,Ohio Dominican,0,0,0,0.0,0.0,0.0,0,0,0
2022,Ohio State,3,20,-17,2.65,16.59,-13.94,1,3,-2
2022,Oklahoma,16,18,-2,13.2,14.35,-1.15,5,10,-5
2022,Oklahoma Baptist,0,0,0,0.0,0.0,0.0,0,0,0
2022,Oklahoma State,5,16,-11,4.22,13.8,-9.58,0,2,-2
2022,Old Dominion,3,10,-7,2.46,7.19,-4.73,0,0,0
2022,Ole Miss,17,23,-6,15.15,18.38,-3.23,9,1,8
2022,Oregon,12,19,-7,9.72,13.950000000000001,-4.23,4,4,0
2022,Oregon State,2,10,-8,1.79,7.46,-5.67,1,0,1
2022,Ottawa,0,0,0,0.0,0.0,0.0,0,0,0
2022,Ouachita Baptist,0,0,0,0.0,0.0,0.0,0,0,0
2022,Ouachita Baptist University,0,0,0,0.0,0.0,0.0,0,0,0
2022,Pace,0,0,0,0.0,0.0,0.0,0,0,0
2022,Palomar College,0,0,0,0.0,0.0,0.0,0,0,0
2022,Penn State,3,15,-12,2.71,12.89,-10.18,1,5,-4
2022,Pennsylvania,0,0,0,0.0,0.0,0.0,0,0,0
2022,Peru State,0,0,0,0.0,0.0,0.0,0,0,0
2022,Pikeville,0,0,0,0.0,0.0,0.0,0,0,0
2022,Pittsburg State,1,0,1,0.83,0.0,0.83,0,0,0
2022,Pittsburgh,7,17,-10,6.0200000000000005,14.490000000000002,-8.47,1,3,-2
2022,Portland State,4,0,4,2.53,0.0,2.53,0,0,0
2022,Prairie View A&M,0,1,-1,0.0,0.0,0.0,0,0,0
2022,Presbyterian,0,0,0,0.0,0.0,0.0,0,0,0
2022,Princeton,0,0,0,0.0,0.0,0.0,0,0,0
2022,Professional,2,0,2,1.76,0.0,1.76,0,0,0
2022,Puget Sound,0,0,0,0.0,0.0,0.0,0,0,0
2022,Purdue,10,16,-6,8.430000000000001,13.55,-5.12,2,2,0
2022,Quincy,0,0,0,0.0,0.0,0.0,0,0,0
2022,Reinhardt,0,0,0,0.0,0.0,0.0,0,0,0
2022,Rhode Island,1,1,0,0.83,0.83,0.0,0,0,0
2022,Rice,7,15,-8,5.11,10.350000000000001,-5.24,1,0,1
2022,Richmond,0,1,-1,0.0,0.88,-0.88,0,0,0
2022,Riverside C.C.,0,0,0,0.0,0.0,0.0,0,0,0
2022,Roanoke,0,0,0,0.0,0.0,0.0,0,0,0
2022,Robert Morris,0,1,-1,0.0,0.0,0.0,0,0,0
2022,Roosevelt,0,0,0,0.0,0.0,0.0,0,0,0
2022,Rutgers,7,21,-14,6.090000000000001,16.58,-10.49,2,0,2
2022,SE Louisiana,1,0,1,0.0,0.0,0.0,0,0,0
2022,SMU,16,15,1,13.83,10.879999999999999,2.95,1,1,0
2022,Sacramento State,2,0,2,1.65,0.0,1.65,0,0,0
2022,Sacred Heart,0,1,-1,0.0,0.9,-0.9,0,1,-1
2022,Saddleback College,0,0,0,0.0,0.0,0.0,0,0,0
2022,Saginaw Valley State,0,0,0,0.0,0.0,0.0,0,0,0
2022,Saint Anselm,0,0,0,0.0,0.0,0.0,0,0,0
2022,Saint Francis,0,0,0,0.0,0.0,0.0,0,0,0
2022,Saint Francis (PA),0,0,0,0.0,0.0,0.0,0,0,0
2022,Salisbury University,0,0,0,0.0,0.0,0.0,0,0,0
2022,Sam Houston,14,4,10,9.9,2.6,7.3,1,1,0
2022,Samford,4,4,0,2.38,2.45,-0.07,0,0,0
2022,San Diego,2,0,2,0.79,0.0,0.79,0,0,0
2022,San Diego State,6,9,-3,5.029999999999999,7.34,-2.31,0,0,0
2022,San José State,8,12,-4,5.869999999999999,8.71,-2.84,0,0,0
2022,Santa Rosa J.C.,0,0,0,0.0,0.0,0.0,0,0,0
2022,Savannah State,0,1,-1,0.0,0.0,0.0,0,0,0
2022,Shaw,0,0,0,0.0,0.0,0.0,0,0,0
2022,Shepherd,1,1,0,0.0,0.0,0.0,0,0,0
2022,Shepherd University,0,0,0,0.0,0.0,0.0,0,0,0
2022,Shippensburg,0,0,0,0.0,0.0,0.0,0,0,0
2022,Shippensburg University,0,0,0,0.0,0.0,0.0,0,0,0
2022,Shorter,0,0,0,0.0,0.0,0.0,0,0,0
2022,Siena Heights,0,0,0,0.0,0.0,0.0,0,0,0
2022,Simon Fraser,0,1,-1,0.0,0.0,0.0,0,0,0
2022,Simpson College,0,0,0,0.0,0.0,0.0,0,0,0
2022,Sioux Falls,0,0,0,0.0,0.0,0.0,0,0,0
2022,Slippery Rock,0,0,0,0.0,0.0,0.0,0,0,0
2022,Snow College,0,0,0,0.0,0.0,0.0,0,0,0
2022,South Alabama,15,10,5,12.360000000000001,7.24,5.12,0,0,0
2022,South Carolina,10,21,-11,8.88,16.05,-7.17,4,3,1
2022,South Carolina State,0,0,0,0.0,0.0,0.0,0,0,0
2022,South Dakota,3,1,2,2.53,0.0,2.53,0,0,0
2022,South Dakota Mines,0,0,0,0.0,0.0,0.0,0,0,0
2022,South Dakota State,1,2,-1,0.85,0.83,0.02,0,0,0
2022,South Florida,16,22,-6,13.23,14.770000000000001,-1.54,0,0,0
2022,Southeast Missouri State,0,0,0,0.0,0.0,0.0,0,0,0
2022,Southeast Oklahoma State,0,0,0,0.0,0.0,0.0,0,0,0
2022,Southeastern,0,0,0,0.0,0.0,0.0,0,0,0
2022,Southeastern Louisiana,0,0,0,0.0,0.0,0.0,0,0,0
2022,Southern,2,0,2,1.67,0.0,1.67,0,0,0
2022,Southern Arkansas,1,0,1,0.79,0.0,0.79,0,0,0
2022,Southern Connecticut State,0,1,-1,0.0,0.0,0.0,0,0,0
2022,Southern Illinois,6,0,6,4.72,0.0,4.72,0,0,0
2022,Southern Miss,11,15,-4,9.24,10.25,-1.01,0,0,0
2022,Southern Oregon,0,0,0,0.0,0.0,0.0,0,0,0
2022,Southern Utah,1,3,-2,0.84,1.68,-0.84,0,0,0
2022,Southwest Baptist,0,0,0,0.0,0.0,0.0,0,0,0
2022,Southwest Minnesota State,1,0,1,0.75,0.0,0.75,0,0,0
2022,Southwest Mississippi C.C.,1,0,1,0.81,0.0,0.81,0,0,0
2022,Southwestern (KS),0,0,0,0.0,0.0,0.0,0,0,0
2022,Southwestern Oklahoma State,1,0,1,0.83,0.0,0.83,0,0,0
2022,St. Thomas,0,0,0,0.0,0.0,0.0,0,0,0
2022,St. Thomas University,1,0,1,0.8,0.0,0.8,0,0,0
2022,St. Vincent,0,0,0,0.0,0.0,0.0,0,0,0
2022,Stanford,1,9,-8,0.89,7.709999999999999,-6.82,0,1,-1
2022,Stephen F. Austin,2,4,-2,1.6,3.36,-1.76,0,0,0
2022,Stetson,1,0,1,0.0,0.0,0.0,0,0,0
2022,Stonehill,0,0,0,0.0,0.0,0.0,0,0,0
2022,Stony Brook,1,0,1,0.79,0.0,0.79,0,0,0
2022,Susquehanna,0,0,0,0.0,0.0,0.0,0,0,0
2022,Syracuse,9,18,-9,6.79,14.91,-8.12,0,1,-1
2022,TCU,14,17,-3,12.149999999999999,14.540000000000001,-2.39,2,2,0
2022,Tarleton State,2,0,2,1.67,0.0,1.67,0,0,0
2022,Taylor,0,0,0,0.0,0.0,0.0,0,0,0
2022,Temple,12,18,-6,8.33,13.139999999999999,-4.81,0,1,-1
2022,Tennessee,8,22,-14,6.84,16.37,-9.53,1,7,-6
2022,Tennessee State,1,1,0,0.93,0.0,0.93,1,0,1
2022,Tennessee Tech,1,0,1,0.85,0.0,0.85,0,0,0
2022,Texas,7,23,-16,6.369999999999999,18.900000000000002,-12.53,4,4,0
2022,Texas A&M,2,13,-11,1.75,8.799999999999999,-7.05,1,2,-1
2022,Texas A&M-Kingsville,0,0,0,0.0,0.0,0.0,0,0,0
2022,Texas Southern,0,0,0,0.0,0.0,0.0,0,0,0
2022,Texas State,15,8,7,9.15,5.71,3.44,1,0,1
2022,Texas Tech,14,8,6,11.75,6.5,5.25,1,0,1
2022,Texas-Permian Basin,0,0,0,0.0,0.0,0.0,0,0,0
2022,Texas-Rio Grande Valley,0,0,0,0.0,0.0,0.0,0,0,0
2022,The Citadel,1,1,0,0.81,0.0,0.81,0,0,0
2022,Thomas More,0,0,0,0.0,0.0,0.0,0,0,0
2022,Tiffin University,1,0,1,0.8,0.0,0.8,0,0,0
2022,Toledo,7,17,-10,5.73,13.879999999999999,-8.15,0,0,0
2022,Towson,3,0,3,2.5,0.0,2.5,0,0,0
2022,Trinity,0,0,0,0.0,0.0,0.0,0,0,0
2022,Trinity (Texas),0,0,0,0.0,0.0,0.0,0,0,0
2022,Trinity Valley C.C.,3,0,3,2.45,0.0,2.45,0,0,0
2022,Troy,5,13,-8,2.52,9.07,-6.55,1,0,1
2022,Truman State,0,0,0,0.0,0.0,0.0,0,0,0
2022,Tufts University,0,0,0,0.0,0.0,0.0,0,0,0
2022,Tulane,9,10,-1,6.79,7.5200000000000005,-0.73,0,1,-1
2022,Tulsa,7,6,1,5.96,5.03,0.93,1,1,0
2022,Tusculum,0,0,0,0.0,0.0,0.0,0,0,0
2022,Tuskegee,1,0,1,0.83,0.0,0.83,0,0,0
2022,Tyler J.C. ,1,0,1,0.0,0.0,0.0,0,0,0
2022,UAB,2,10,-8,1.72,6.76,-5.04,0,0,0
2022,UAlbany,3,1,2,2.53,0.93,1.6,0,1,-1
2022,UC Davis,1,3,-2,0.83,2.37,-1.54,0,0,0
2022,UCF,14,24,-10,11.51,20.17,-8.66,5,2,3
2022,UCLA,13,21,-8,11.440000000000001,17.81,-6.37,1,1,0
2022,UConn,9,20,-11,7.549999999999999,15.379999999999999,-7.83,1,0,1
2022,UL Monroe,7,19,-12,4.91,15.319999999999999,-10.41,0,0,0
2022,UNC-Pembroke,0,0,0,0.0,0.0,0.0,0,0,0
2022,UNLV,8,18,-10,5.83,14.669999999999998,-8.84,0,0,0
2022,USC,20,27,-7,17.849999999999998,21.260000000000005,-3.41,7,6,1
2022,UT Martin,4,2,2,2.39,1.76,0.63,0,0,0
2022,UT-Rio Grande Valley,0,0,0,0.0,0.0,0.0,0,0,0
2022,UT-Rio Grande Valley (Do not use),0,0,0,0.0,0.0,0.0,0,0,0
2022,UTEP,1,9,-8,0.79,6.41,-5.62,0,1,-1
2022,UTRGV,0,0,0,0.0,0.0,0.0,0,0,0
2022,UTSA,9,9,0,7.51,6.6,0.91,0,0,0
2022,UVA Wise,0,0,0,0.0,0.0,0.0,0,0,0
2022,University of Calgary,0,0,0,0.0,0.0,0.0,0,0,0
2022,University of Charleston,0,0,0,0.0,0.0,0.0,0,0,0
2022,University of Guelph,0,0,0,0.0,0.0,0.0,0,0,0
2022,University of Mary,0,0,0,0.0,0.0,0.0,0,0,0
2022,Upper Iowa,0,0,0,0.0,0.0,0.0,0,0,0
2022,Utah,5,16,-11,4.36,13.46,-9.1,1,2,-1
2022,Utah State,8,18,-10,6.75,12.64,-5.89,1,0,1
2022,Utah Tech,2,0,2,1.67,0.0,1.67,0,0,0
2022,VMI,0,2,-2,0.0,0.81,-0.81,0,0,0
2022,Valdosta State,1,0,1,0.0,0.0,0.0,0,0,0
2022,Valparaiso,0,0,0,0.0,0.0,0.0,0,0,0
2022,Vanderbilt,6,20,-14,4.26,16.810000000000002,-12.55,0,2,-2
2022,Villanova,1,0,1,0.82,0.0,0.82,0,0,0
2022,Virginia,10,23,-13,8.649999999999999,19.439999999999998,-10.79,2,1,1
2022,Virginia State,0,0,0,0.0,0.0,0.0,0,0,0
2022,Virginia Tech,5,17,-12,4.28,12.450000000000001,-8.17,1,0,1
2022,Virginia Union,0,0,0,0.0,0.0,0.0,0,0,0
2022,Wagner,1,0,1,0.79,0.0,0.79,0,0,0
2022,Wake Forest,4,10,-6,3.1999999999999997,8.360000000000001,-5.16,0,0,0
2022,Walsh,0,0,0,0.0,0.0,0.0,0,0,0
2022,Warner University,0,0,0,0.0,0.0,0.0,0,0,0
2022,Washburn,0,0,0,0.0,0.0,0.0,0,0,0
2022,Washington,9,20,-11,6.99,15.14,-8.15,1,2,-1
2022,Washington State,9,30,-21,5.1899999999999995,14.910000000000002,-9.72,1,0,1
2022,Wayne State,0,0,0,0.0,0.0,0.0,0,0,0
2022,Wayne State College,0,0,0,0.0,0.0,0.0,0,0,0
2022,Weber State,0,3,-3,0.0,0.87,-0.87,0,0,0
2022,West Alabama,0,0,0,0.0,0.0,0.0,0,0,0
2022,West Chester,0,0,0,0.0,0.0,0.0,0,0,0
2022,West Florida,1,1,0,0.83,0.87,-0.04,0,0,0
2022,West Georgia,0,0,0,0.0,0.0,0.0,0,0,0
2022,West Liberty,0,0,0,0.0,0.0,0.0,0,0,0
2022,West Texas,0,1,-1,0.0,0.0,0.0,0,0,0
2022,West Virginia,11,25,-14,6.84,20.37,-13.53,0,2,-2
2022,West Virginia State,0,0,0,0.0,0.0,0.0,0,0,0
2022,Western Carolina,1,1,0,0.83,0.83,0.0,0,0,0
2022,Western Colorado,0,0,0,0.0,0.0,0.0,0,0,0
2022,Western Connecticut State,0,0,0,0.0,0.0,0.0,0,0,0
2022,Western Illinois,3,2,1,2.41,0.88,1.53,0,0,0
2022,Western Kentucky,14,19,-5,9.92,14.040000000000001,-4.12,0,2,-2
2022,Western Michigan,5,8,-3,4.07,6.4399999999999995,-2.37,0,0,0
2022,Western New Mexico,1,0,1,0.8,0.0,0.8,0,0,0
2022,Western Oregon,0,0,0,0.0,0.0,0.0,0,0,0
2022,Wheeling,0,0,0,0.0,0.0,0.0,0,0,0
2022,William & Mary,0,0,0,0.0,0.0,0.0,0,0,0
2022,William Jewell College,0,0,0,0.0,0.0,0.0,0,0,0
2022,Wingate,0,0,0,0.0,0.0,0.0,0,0,0
2022,Winona State,0,0,0,0.0,0.0,0.0,0,0,0
2022,Winston-Salem State,1,0,1,0.0,0.0,0.0,0,0,0
2022,Wisconsin,6,12,-6,5.15,9.13,-3.98,1,0,1
2022,Wisconsin La Crosse,0,0,0,0.0,0.0,0.0,0,0,0
2022,Wisconsin-River Falls,0,0,0,0.0,0.0,0.0,0,0,0
2022,Wittenberg,0,0,0,0.0,0.0,0.0,0,0,0
2022,Wofford,0,0,0,0.0,0.0,0.0,0,0,0
2022,Wyoming,3,13,-10,2.44,10.97,-8.53,0,2,-2
2022,Yale,0,0,0,0.0,0.0,0.0,0,0,0
2022,Youngstown State,1,0,1,0.83,0.0,0.83,0,0,0
2023,Abilene Christian,4,2,2,3.34,1.6,1.74,1,0,1
2023,Adams,0,0,0,0.0,0.0,0.0,0,0,0
2023,Adams State,0,0,0,0.0,0.0,0.0,0,0,0
2023,Air Force,0,8,-8,0.0,3.08,-3.08,0,0,0
2023,Akron,4,12,-8,3.4499999999999997,9.66,-6.21,1,0,1
2023,Alabama,5,21,-16,4.49,18.44,-13.95,2,9,-7
2023,Alabama A&M,2,0,2,1.6400000000000001,0.0,1.64,0,0,0
2023,Alabama State,1,1,0,0.83,0.83,0.0,0,0,0
2023,Albany,0,0,0,0.0,0.0,0.0,0,0,0
2023,Albany State,0,0,0,0.0,0.0,0.0,0,0,0
2023,Alcorn State,1,0,1,0.93,0.0,0.93,1,0,1
2023,Allen University,0,0,0,0.0,0.0,0.0,0,0,0
2023,American International,0,0,0,0.0,0.0,0.0,0,0,0
2023,American River C.C.,0,0,0,0.0,0.0,0.0,0,0,0
2023,Anderson,0,0,0,0.0,0.0,0.0,0,0,0
2023,Angelo State,0,3,-3,0.0,2.42,-2.42,0,0,0
2023,Anna Maria College,0,0,0,0.0,0.0,0.0,0,0,0
2023,App State,13,14,-1,9.67,11.51,-1.84,1,0,1
2023,Arizona,8,26,-18,6.97,21.83,-14.86,2,3,-1
2023,Arizona State,30,30,0,24.290000000000003,25.259999999999994,-0.97,3,4,-1
2023,Arkansas,17,31,-14,15.03,24.490000000000002,-9.46,5,6,-1
2023,Arkansas Monticello,0,0,0,0.0,0.0,0.0,0,0,0
2023,Arkansas State,8,13,-5,5.81,10.040000000000001,-4.23,0,1,-1
2023,Arkansas Tech,0,0,0,0.0,0.0,0.0,0,0,0
2023,Arkansas-Pine Bluff,0,0,0,0.0,0.0,0.0,0,0,0
2023,Army,0,1,-1,0.0,0.89,-0.89,0,0,0
2023,Ashland,0,0,0,0.0,0.0,0.0,0,0,0
2023,Ashland University,0,0,0,0.0,0.0,0.0,0,0,0
2023,Assumption,0,1,-1,0.0,0.0,0.0,0,0,0
2023,Auburn,21,21,0,18.749999999999996,18.179999999999996,0.57,12,4,8
2023,Augustana,0,0,0,0.0,0.0,0.0,0,0,0
2023,Aurora University,0,0,0,0.0,0.0,0.0,0,0,0
2023,Austin Peay,3,4,-1,2.4899999999999998,3.37,-0.88,0,0,0
2023,Averett University,0,0,0,0.0,0.0,0.0,0,0,0
2023,Azusa Pacific,0,0,0,0.0,0.0,0.0,0,0,0
2023,BYU,20,21,-1,17.150000000000002,17.67,-0.52,3,4,-1
2023,Ball State,10,10,0,5.65,7.5200000000000005,-1.87,0,1,-1
2023,Barton,0,0,0,0.0,0.0,0.0,0,0,0
2023,Barton C.C.,0,0,0,0.0,0.0,0.0,0,0,0
2023,Baylor,13,12,1,11.369999999999997,10.3,1.07,3,2,1
2023,Bemidji State,0,0,0,0.0,0.0,0.0,0,0,0
2023,Benedict,0,0,0,0.0,0.0,0.0,0,0,0
2023,Benedict College,0,0,0,0.0,0.0,0.0,0,0,0
2023,Bethel,0,0,0,0.0,0.0,0.0,0,0,0
2023,Bethune-Cookman,3,0,3,2.41,0.0,2.41,0,0,0
2023,Black Hills State,0,0,0,0.0,0.0,0.0,0,0,0
2023,Blinn College,1,0,1,0.84,0.0,0.84,0,0,0
2023,Boise State,9,17,-8,7.29,13.44,-6.15,0,1,-1
2023,Boston College,9,11,-2,7.91,9.51,-1.6,0,3,-3
2023,Bowie State,0,0,0,0.0,0.0,0.0,0,0,0
2023,Bowling Green,3,16,-13,2.6100000000000003,13.18,-10.57,2,2,0
2023,British Columbia,0,0,0,0.0,0.0,0.0,0,0,0
2023,Brown,0,0,0,0.0,0.0,0.0,0,0,0
2023,Bryant,0,1,-1,0.0,0.85,-0.85,0,0,0
2023,Bucknell,1,2,-1,0.83,0.75,0.08,0,0,0
2023,Buffalo,10,14,-4,8.36,11.320000000000002,-2.96,0,0,0
2023,Butler,0,0,0,0.0,0.0,0.0,0,0,0
2023,Butler C.C.,0,0,0,0.0,0.0,0.0,0,0,0
2023,Butler County (KS),0,0,0,0.0,0.0,0.0,0,0,0
2023,CSU-Pueblo,0,0,0,0.0,0.0,0.0,0,0,0
2023,Cal Lutheran,0,0,0,0.0,0.0,0.0,0,0,0
2023,Cal Poly,4,3,1,3.39,1.65,1.74,1,1,0
2023,California,20,26,-6,17.31,20.060000000000002,-2.75,3,2,1
2023,California (PA),0,0,0,0.0,0.0,0.0,0,0,0
2023,"California, Pa.",0,2,-2,0.0,1.75,-1.75,0,0,0
2023,Campbell,6,3,3,5.1,2.54,2.56,2,1,1
2023,Campbellsville,0,0,0,0.0,0.0,0.0,0,0,0
2023,Carroll College,0,0,0,0.0,0.0,0.0,0,0,0
2023,Carson Newman,0,0,0,0.0,0.0,0.0,0,0,0
2023,Catawba,0,0,0,0.0,0.0,0.0,0,0,0
2023,Central Arkansas,1,0,1,0.88,0.0,0.88,0,0,0
2023,Central Connecticut,0,0,0,0.0,0.0,0.0,0,0,0
2023,Central Michigan,2,11,-9,1.58,8.65,-7.07,0,0,0
2023,Central Missouri,0,1,-1,0.0,0.75,-0.75,0,0,0
2023,Central Missouri State,0,0,0,0.0,0.0,0.0,0,0,0
2023,Central Oklahoma,1,0,1,0.93,0.0,0.93,1,0,1
2023,Central State,0,0,0,0.0,0.0,0.0,0,0,0
2023,Central Washington,0,1,-1,0.0,0.75,-0.75,0,0,0
2023,Cerritos College,1,0,1,0.0,0.0,0.0,0,0,0
2023,Chadron State,0,0,0,0.0,0.0,0.0,0,0,0
2023,Charleston Southern,0,0,0,0.0,0.0,0.0,0,0,0
2023,Charlotte,17,21,-4,13.93,17.259999999999998,-3.33,0,2,-2
2023,Chattanooga,0,0,0,0.0,0.0,0.0,0,0,0
2023,Chowan,0,0,0,0.0,0.0,0.0,0,0,0
2023,Christopher Newport,0,0,0,0.0,0.0,0.0,0,0,0
2023,Cincinnati,21,25,-4,17.81,21.449999999999996,-3.64,1,4,-3
2023,Cisco College,0,0,0,0.0,0.0,0.0,0,0,0
2023,City College of San Francisco,0,0,0,0.0,0.0,0.0,0,0,0
2023,Clarion,0,0,0,0.0,0.0,0.0,0,0,0
2023,Clark Atlanta,0,0,0,0.0,0.0,0.0,0,0,0
2023,Clemson,1,11,-10,0.83,9.63,-8.8,0,2,-2
2023,Coastal Carolina,13,19,-6,10.000000000000002,15.860000000000003,-5.86,0,2,-2
2023,Coffeyville C.C.,1,0,1,0.75,0.0,0.75,0,0,0
2023,Colgate,0,2,-2,0.0,0.75,-0.75,0,0,0
2023,College of Charleston,0,0,0,0.0,0.0,0.0,0,0,0
2023,College of Idaho,0,0,0,0.0,0.0,0.0,0,0,0
2023,College of San Mateo,0,0,0,0.0,0.0,0.0,0,0,0
2023,College of the Canyons,0,0,0,0.0,0.0,0.0,0,0,0
2023,College of the Sequoias,0,0,0,0.0,0.0,0.0,0,0,0
2023,Colorado,48,59,-11,41.75,49.88,-8.13,5,5,0
2023,Colorado Mesa,0,0,0,0.0,0.0,0.0,0,0,0
2023,Colorado School of Mines,0,0,0,0.0,0.0,0.0,0,0,0
2023,Colorado State,10,20,-10,7.87,16.709999999999997,-8.84,0,0,0
2023,Columbia,0,1,-1,0.0,0.0,0.0,0,0,0
2023,Concord,0,0,0,0.0,0.0,0.0,0,0,0
2023,Concordia St. Paul,0,0,0,0.0,0.0,0.0,0,0,0
2023,Concordia University,0,0,0,0.0,0.0,0.0,0,0,0
2023,"Concordia University, St. Paul",0,0,0,0.0,0.0,0.0,0,0,0
2023,Copiah-Lincoln C.C.,1,0,1,0.0,0.0,0.0,0,0,0
2023,Cornell,0,1,-1,0.0,0.86,-0.86,0,0,0
2023,Dartmouth,0,2,-2,0.0,1.74,-1.74,0,0,0
2023,Davenport,1,0,1,0.75,0.0,0.75,0,0,0
2023,Davidson,0,0,0,0.0,0.0,0.0,0,0,0
2023,Dayton,0,1,-1,0.0,0.87,-0.87,0,0,0
2023,De Anza College,1,0,1,0.75,0.0,0.75,0,0,0
2023,Defiance College,0,0,0,0.0,0.0,0.0,0,0,0
2023,Delaware,0,2,-2,0.0,1.5,-1.5,0,0,0
2023,Delaware State,0,0,0,0.0,0.0,0.0,0,0,0
2023,Delta State,0,0,0,0.0,0.0,0.0,0,0,0
2023,Des Moines,0,0,0,0.0,0.0,0.0,0,0,0
2023,Drake,0,0,0,0.0,0.0,0.0,0,0,0
2023,Duke,6,16,-10,5.19,13.17,-7.98,0,1,-1
2023,Duquesne,1,2,-1,0.83,1.75,-0.92,0,0,0
2023,East Carolina,17,25,-8,13.569999999999999,20.37,-6.8,0,1,-1
2023,East Central,0,0,0,0.0,0.0,0.0,0,0,0
2023,East Central C.C.,0,0,0,0.0,0.0,0.0,0,0,0
2023,East Mississippi C.C.,1,0,1,0.87,0.0,0.87,0,0,0
2023,East Tennessee State,2,3,-1,1.66,2.4,-0.74,0,1,-1
2023,East Texas A&M,0,0,0,0.0,0.0,0.0,0,0,0
2023,Eastern Illinois,0,1,-1,0.0,0.0,0.0,0,0,0
2023,Eastern Kentucky,1,1,0,0.83,0.75,0.08,0,0,0
2023,Eastern Michigan,5,10,-5,4.07,8.24,-4.17,0,1,-1
2023,Eastern New Mexico,0,0,0,0.0,0.0,0.0,0,0,0
2023,Eastern Washington,3,4,-1,2.4899999999999998,3.3000000000000003,-0.81,0,0,0
2023,Edinboro University,0,0,0,0.0,0.0,0.0,0,0,0
2023,Edward Waters,0,0,0,0.0,0.0,0.0,0,0,0
2023,El Camino College,0,0,0,0.0,0.0,0.0,0,0,0
2023,Elizabeth City State,0,0,0,0.0,0.0,0.0,0,0,0
2023,Elon,1,1,0,0.83,0.88,-0.05,0,0,0
2023,Emory & Henry,0,0,0,0.0,0.0,0.0,0,0,0
2023,Emporia State,1,0,1,0.75,0.0,0.75,0,0,0
2023,Erskine,0,0,0,0.0,0.0,0.0,0,0,0
2023,Erskine College,0,1,-1,0.0,0.75,-0.75,0,0,0
2023,Exeter,0,0,0,0.0,0.0,0.0,0,0,0
2023,Fairmont State,0,0,0,0.0,0.0,0.0,0,0,0
2023,Faulkner University,0,0,0,0.0,0.0,0.0,0,0,0
2023,Fayetteville State,1,0,1,0.83,0.0,0.83,0,0,0
2023,Ferris State,0,1,-1,0.0,0.87,-0.87,0,0,0
2023,Ferrum College,0,0,0,0.0,0.0,0.0,0,0,0
2023,Findlay,0,0,0,0.0,0.0,0.0,0,0,0
2023,Florida,12,25,-13,10.649999999999999,21.16,-10.51,6,8,-2
2023,Florida A&M,5,1,4,4.1499999999999995,0.75,3.4,0,0,0
2023,Florida Atlantic,12,18,-6,9.91,14.88,-4.97,1,0,1
2023,Florida International,8,19,-11,6.42,15.96,-9.54,1,3,-2
2023,Florida Memorial University,0,0,0,0.0,0.0,0.0,0,0,0
2023,Florida State,11,23,-12,10.11,20.14,-10.03,9,6,3
2023,Fordham,1,1,0,0.83,0.9,-0.07,0,1,-1
2023,Fort Hays,0,0,0,0.0,0.0,0.0,0,0,0
2023,Fort Valley State,0,0,0,0.0,0.0,0.0,0,0,0
2023,Franklin College,0,0,0,0.0,0.0,0.0,0,0,0
2023,Franklin Pierce,0,0,0,0.0,0.0,0.0,0,0,0
2023,Fresno State,8,24,-16,6.8999999999999995,20.03,-13.13,2,4,-2
2023,Frostburg State,0,1,-1,0.0,0.9,-0.9,0,1,-1
2023,Furman,0,2,-2,0.0,1.58,-1.58,0,0,0
2023,Gannon,0,0,0,0.0,0.0,0.0,0,0,0
2023,Garden City C.C. ,0,0,0,0.0,0.0,0.0,0,0,0
2023,Gardner-Webb,1,1,0,0.83,0.86,-0.03,0,0,0
2023,George Fox,0,1,-1,0.0,0.87,-0.87,0,0,0
2023,Georgetown,0,1,-1,0.0,0.83,-0.83,0,0,0
2023,Georgia,4,15,-11,3.7,13.45,-9.75,4,7,-3
2023,Georgia Military,0,0,0,0.0,0.0,0.0,0,0,0
2023,Georgia Military College Prep,0,0,0,0.0,0.0,0.0,0,0,0
2023,Georgia Southern,15,15,0,12.23,12.36,-0.13,1,1,0
2023,Georgia State,19,20,-1,11.36,16.52,-5.16,1,1,0
2023,Georgia Tech,16,20,-4,13.76,17.009999999999998,-3.25,0,3,-3
2023,Glenville State ,0,0,0,0.0,0.0,0.0,0,0,0
2023,Grambling,2,3,-1,1.6800000000000002,1.6800000000000002,0.0,1,1,0
2023,Grand Valley State,0,2,-2,0.0,1.76,-1.76,0,0,0
2023,Hampton,2,0,2,1.66,0.0,1.66,0,0,0
2023,Harding,0,0,0,0.0,0.0,0.0,0,0,0
2023,Harvard,0,5,-5,0.0,4.21,-4.21,0,0,0
2023,Hawai'i,8,9,-1,6.5600000000000005,7.41,-0.85,0,1,-1
2023,Heidelberg,0,0,0,0.0,0.0,0.0,0,0,0
2023,Henderson State,0,0,0,0.0,0.0,0.0,0,0,0
2023,Highland C.C.,0,0,0,0.0,0.0,0.0,0,0,0
2023,Hillsdale College,0,1,-1,0.0,0.88,-0.88,0,0,0
2023,Hinds C.C.,0,0,0,0.0,0.0,0.0,0,0,0
2023,Holmes C.C.,0,0,0,0.0,0.0,0.0,0,0,0
2023,Holy Cross,0,2,-2,0.0,1.5,-1.5,0,0,0
2023,Hope ,0,0,0,0.0,0.0,0.0,0,0,0
2023,Houston,20,21,-1,17.169999999999998,16.8,0.37,1,3,-2
2023,Houston Christian,4,1,3,3.32,0.0,3.32,0,0,0
2023,Howard,0,1,-1,0.0,0.75,-0.75,0,0,0
2023,Howard Payne,0,0,0,0.0,0.0,0.0,0,0,0
2023,Hutchinson C.C.,2,0,2,1.66,0.0,1.66,0,0,0
2023,IU Pennsylvania,0,0,0,0.0,0.0,0.0,0,0,0
2023,Idaho,0,0,0,0.0,0.0,0.0,0,0,0
2023,Idaho State,1,2,-1,0.83,1.74,-0.91,0,0,0
2023,Illinois,7,11,-4,6.03,9.35,-3.32,1,2,-1
2023,Illinois State,2,0,2,1.66,0.0,1.66,0,0,0
2023,Incarnate Word,14,10,4,11.52,7.5,4.02,1,0,1
2023,Independence C.C.,0,0,0,0.0,0.0,0.0,0,0,0
2023,Indiana,23,24,-1,19.04,19.25,-0.21,5,4,1
2023,Indiana State,1,0,1,0.83,0.0,0.83,0,0,0
2023,Indiana Wesleyan,0,1,-1,0.0,0.85,-0.85,0,0,0
2023,Indianapolis,0,0,0,0.0,0.0,0.0,0,0,0
2023,Iowa,8,14,-6,6.96,11.78,-4.82,3,4,-1
2023,Iowa Central C.C.,0,0,0,0.0,0.0,0.0,0,0,0
2023,Iowa State,2,12,-10,1.72,10.03,-8.31,0,1,-1
2023,Iowa Western C.C.,0,0,0,0.0,0.0,0.0,0,0,0
2023,Itawamba C.C.,0,0,0,0.0,0.0,0.0,0,0,0
2023,Jackson State,7,20,-13,5.93,17.34,-11.41,2,5,-3
2023,Jacksonville State,2,0,2,1.66,0.0,1.66,0,0,0
2023,James Madison,5,4,1,4.2,3.3,0.9,0,0,0
2023,Johns Hopkins,0,0,0,0.0,0.0,0.0,0,0,0
2023,Johnson C. Smith,0,0,0,0.0,0.0,0.0,0,0,0
2023,Johnson C. Smith University,0,0,0,0.0,0.0,0.0,0,0,0
2023,Kansas,12,14,-2,9.41,11.31,-1.9,0,0,0
2023,Kansas State,6,15,-9,5.22,12.280000000000001,-7.06,2,0,2
2023,Keiser (Fl),0,0,0,0.0,0.0,0.0,0,0,0
2023,Kennesaw State,1,0,1,0.83,0.0,0.83,0,0,0
2023,Kent State,7,17,-10,5.81,14.49,-8.68,0,4,-4
2023,Kentucky,12,21,-9,10.659999999999998,18.090000000000003,-7.43,6,6,0
2023,Kentucky Christian,0,0,0,0.0,0.0,0.0,0,0,0
2023,Kentucky State,0,0,0,0.0,0.0,0.0,0,0,0
2023,Kentucky Wesleyan,0,0,0,0.0,0.0,0.0,0,0,0
2023,Kilgore College,0,0,0,0.0,0.0,0.0,0,0,0
2023,Kilgore J.C.,0,0,0,0.0,0.0,0.0,0,0,0
2023,King's College,0,0,0,0.0,0.0,0.0,0,0,0
2023,LIU Post,0,2,-2,0.0,1.6400000000000001,-1.64,0,0,0
2023,LSU,14,21,-7,12.680000000000003,18.240000000000002,-5.56,9,7,2
2023,LaGrange,0,0,0,0.0,0.0,0.0,0,0,0
2023,Lackawanna College,1,0,1,0.83,0.0,0.83,0,0,0
2023,Lafayette,0,2,-2,0.0,0.83,-0.83,0,0,0
2023,Lake Erie,0,0,0,0.0,0.0,0.0,0,0,0
2023,Lake Erie College,0,0,0,0.0,0.0,0.0,0,0,0
2023,Lamar,3,4,-1,2.41,1.58,0.83,0,0,0
2023,Lamar Christian School,0,0,0,0.0,0.0,0.0,0,0,0
2023,Lane College,0,1,-1,0.0,0.75,-0.75,0,0,0
2023,Laney College,1,0,1,0.83,0.0,0.83,0,0,0
2023,Laurier,0,0,0,0.0,0.0,0.0,0,0,0
2023,LeMoyne-Owen,0,0,0,0.0,0.0,0.0,0,0,0
2023,Lehigh,0,3,-3,0.0,0.0,0.0,0,0,0
2023,Lenoir Rhyne,0,1,-1,0.0,0.75,-0.75,0,0,0
2023,Lenoir-Rhyne,0,0,0,0.0,0.0,0.0,0,0,0
2023,Liberty,13,14,-1,10.63,11.66,-1.03,0,0,0
2023,Limestone,0,0,0,0.0,0.0,0.0,0,0,0
2023,Limestone College,0,0,0,0.0,0.0,0.0,0,0,0
2023,Limestone University,0,0,0,0.0,0.0,0.0,0,0,0
2023,Lincoln (MO),0,0,0,0.0,0.0,0.0,0,0,0
2023,Lindenwood,0,0,0,0.0,0.0,0.0,0,0,0
2023,Lindenwood University,1,0,1,0.83,0.0,0.83,0,0,0
2023,Livingstone,0,0,0,0.0,0.0,0.0,0,0,0
2023,Livingstone College,0,0,0,0.0,0.0,0.0,0,0,0
2023,Lock Haven,0,0,0,0.0,0.0,0.0,0,0,0
2023,Long Beach City College,0,0,0,0.0,0.0,0.0,0,0,0
2023,Louisiana,1,7,-6,0.83,5.919999999999999,-5.09,0,0,0
2023,Louisiana Tech,19,23,-4,15.350000000000001,18.8,-3.45,0,1,-1
2023,Louisville,26,25,1,22.71,21.14,1.57,4,4,0
2023,Maine,1,4,-3,0.83,3.3400000000000003,-2.51,0,0,0
2023,Manitoba,0,0,0,0.0,0.0,0.0,0,0,0
2023,Marian,0,0,0,0.0,0.0,0.0,0,0,0
2023,Marian (IN),0,0,0,0.0,0.0,0.0,0,0,0
2023,Marist,0,0,0,0.0,0.0,0.0,0,0,0
2023,Mars Hill,0,0,0,0.0,0.0,0.0,0,0,0
2023,Marshall,11,14,-3,9.1,11.51,-2.41,1,1,0
2023,Mary Hardin Baylor,0,0,0,0.0,0.0,0.0,0,0,0
2023,Maryland,10,22,-12,8.780000000000001,18.669999999999998,-9.89,5,6,-1
2023,Maryville College,0,0,0,0.0,0.0,0.0,0,0,0
2023,Massachusetts,21,19,2,14.8,15.32,-0.52,0,0,0
2023,McKendree,0,0,0,0.0,0.0,0.0,0,0,0
2023,McMurry University,0,0,0,0.0,0.0,0.0,0,0,0
2023,McNeese,2,1,1,1.58,0.83,0.75,0,0,0
2023,Memphis,19,26,-7,14.879999999999999,20.19,-5.31,2,2,0
2023,Mercer,2,0,2,1.66,0.0,1.66,0,0,0
2023,Mercyhurst,0,0,0,0.0,0.0,0.0,0,0,0
2023,Mercyhurst College,0,0,0,0.0,0.0,0.0,0,0,0
2023,Merrimack,1,1,0,0.83,0.0,0.83,0,0,0
2023,Miami,15,24,-9,13.320000000000002,20.97,-7.65,6,6,0
2023,Miami (OH),4,11,-7,3.48,9.219999999999999,-5.74,1,1,0
2023,Michigan,9,13,-4,8.06,10.459999999999999,-2.4,6,3,3
2023,Michigan State,14,17,-3,11.989999999999998,14.63,-2.64,1,4,-3
2023,MidAmerica Nazarene,0,0,0,0.0,0.0,0.0,0,0,0
2023,Middle Tennessee,9,8,1,6.5600000000000005,6.51,0.05,0,0,0
2023,Midwestern State,0,0,0,0.0,0.0,0.0,0,0,0
2023,Miles,0,0,0,0.0,0.0,0.0,0,0,0
2023,Millersville,0,0,0,0.0,0.0,0.0,0,0,0
2023,Minnesota,10,18,-8,8.66,15.12,-6.46,1,0,1
2023,Minnesota Duluth,0,0,0,0.0,0.0,0.0,0,0,0
2023,Minnesota State,0,0,0,0.0,0.0,0.0,0,0,0
2023,Minot State,0,0,0,0.0,0.0,0.0,0,0,0
2023,Misericordia,0,0,0,0.0,0.0,0.0,0,0,0
2023,Mississippi College,0,0,0,0.0,0.0,0.0,0,0,0
2023,Mississippi Gulf Coast C.C.,0,0,0,0.0,0.0,0.0,0,0,0
2023,Mississippi State,13,27,-14,11.43,22.679999999999996,-11.25,3,5,-2
2023,Mississippi Valley State,2,0,2,1.66,0.0,1.66,0,0,0
2023,Missouri,8,20,-12,7.08,17.130000000000003,-10.05,4,4,0
2023,Missouri S&T,0,0,0,0.0,0.0,0.0,0,0,0
2023,Missouri Southern State,0,0,0,0.0,0.0,0.0,0,0,0
2023,Missouri State,4,7,-3,3.32,5.579999999999999,-2.26,0,0,0
2023,Missouri Western State,0,0,0,0.0,0.0,0.0,0,0,0
2023,Monash University,0,1,-1,0.0,0.0,0.0,0,0,0
2023,Monmouth,1,2,-1,0.83,1.63,-0.8,0,0,0
2023,Montana,3,0,3,2.4899999999999998,0.0,2.49,0,0,0
2023,Montana State,3,1,2,2.59,0.8,1.79,1,0,1
2023,Montana Tech,0,0,0,0.0,0.0,0.0,0,0,0
2023,Montana Western,0,0,0,0.0,0.0,0.0,0,0,0
2023,Morehead State,0,0,0,0.0,0.0,0.0,0,0,0
2023,Morehouse,0,0,0,0.0,0.0,0.0,0,0,0
2023,Morgan State,2,0,2,1.76,0.0,1.76,1,0,1
2023,Mount St. Joseph,0,0,0,0.0,0.0,0.0,0,0,0
2023,Mount Union ,0,0,0,0.0,0.0,0.0,0,0,0
2023,Mt. San Antonio College,0,0,0,0.0,0.0,0.0,0,0,0
2023,Muhlenberg,0,0,0,0.0,0.0,0.0,0,0,0
2023,Murray State,0,0,0,0.0,0.0,0.0,0,0,0
2023,NC State,6,12,-6,5.2,10.299999999999999,-5.1,1,3,-2
2023,Navarro College,1,0,1,0.75,0.0,0.75,0,0,0
2023,Navy,0,3,-3,0.0,1.52,-1.52,0,0,0
2023,Nebraska,13,28,-15,10.42,23.680000000000003,-13.26,3,5,-2
2023,Nebraska Kearney,0,0,0,0.0,0.0,0.0,0,0,0
2023,Nebraska-Kearney,0,0,0,0.0,0.0,0.0,0,0,0
2023,Nevada,13,13,0,10.07,10.43,-0.36,1,1,0
2023,New Hampshire,0,0,0,0.0,0.0,0.0,0,0,0
2023,New Haven,1,0,1,0.75,0.0,0.75,0,0,0
2023,New Mexico,14,17,-3,11.03,14.01,-2.98,3,0,3
2023,New Mexico Highlands,0,0,0,0.0,0.0,0.0,0,0,0
2023,New Mexico Military Institute,0,0,0,0.0,0.0,0.0,0,0,0
2023,New Mexico State,7,7,0,5.18,4.5600000000000005,0.62,2,0,2
2023,Newberry,0,1,-1,0.0,0.88,-0.88,0,0,0
2023,Nicholls,0,0,0,0.0,0.0,0.0,0,0,0
2023,Norfolk State,0,4,-4,0.0,1.78,-1.78,0,0,0
2023,North Alabama,3,1,2,2.59,0.88,1.71,1,0,1
2023,North Carolina,10,18,-8,7.92,15.41,-7.49,2,4,-2
2023,North Carolina A&T,2,4,-2,1.76,3.48,-1.72,1,0,1
2023,North Carolina Central,2,1,1,1.66,0.88,0.78,0,0,0
2023,North Central College,0,0,0,0.0,0.0,0.0,0,0,0
2023,North Dakota,0,0,0,0.0,0.0,0.0,0,0,0
2023,North Dakota State,2,3,-1,1.66,2.46,-0.8,0,0,0
2023,North Greenville,0,0,0,0.0,0.0,0.0,0,0,0
2023,North Texas,10,15,-5,7.23,12.71,-5.48,0,2,-2
2023,Northeast Mississippi C.C.,0,0,0,0.0,0.0,0.0,0,0,0
2023,Northeastern Oklahoma A&M,0,0,0,0.0,0.0,0.0,0,0,0
2023,Northeastern State,0,0,0,0.0,0.0,0.0,0,0,0
2023,Northern Arizona,5,2,3,4.25,1.6,2.65,1,0,1
2023,Northern Colorado,2,1,1,1.58,0.75,0.83,0,0,0
2023,Northern Illinois,4,11,-7,3.32,9.0,-5.68,0,0,0
2023,Northern Iowa,4,0,4,3.32,0.0,3.32,0,0,0
2023,Northern Michigan,1,1,0,0.83,0.75,0.08,0,0,0
2023,Northern State,0,1,-1,0.0,0.0,0.0,0,0,0
2023,Northwest Mississippi C.C.,0,0,0,0.0,0.0,0.0,0,0,0
2023,Northwest Missouri State,0,0,0,0.0,0.0,0.0,0,0,0
2023,Northwestern,3,8,-5,2.61,6.76,-4.15,0,0,0
2023,Northwestern State,1,1,0,0.83,0.88,-0.05,0,0,0
2023,Northwood,0,0,0,0.0,0.0,0.0,0,0,0
2023,Notre Dame,7,11,-4,6.19,9.739999999999998,-3.55,3,4,-1
2023,Notre Dame College,1,2,-1,0.83,0.83,0.0,0,0,0
2023,Ohio,4,6,-2,3.24,4.8100000000000005,-1.57,0,0,0
2023,Ohio Dominican,0,0,0,0.0,0.0,0.0,0,0,0
2023,Ohio State,8,9,-1,7.040000000000001,7.8100000000000005,-0.77,4,3,1
2023,Oklahoma,18,27,-9,16.1,23.479999999999997,-7.38,9,11,-2
2023,Oklahoma Baptist,0,0,0,0.0,0.0,0.0,0,0,0
2023,Oklahoma State,13,19,-6,11.429999999999998,16.5,-5.07,4,5,-1
2023,Old Dominion,6,20,-14,4.8999999999999995,16.639999999999997,-11.74,0,2,-2
2023,Ole Miss,25,38,-13,21.849999999999998,32.68,-10.83,9,9,0
2023,Oregon,15,34,-19,13.350000000000001,29.73,-16.38,7,12,-5
2023,Oregon State,7,9,-2,6.08,6.879999999999999,-0.8,1,2,-1
2023,Ottawa,0,0,0,0.0,0.0,0.0,0,0,0
2023,Ouachita Baptist,0,0,0,0.0,0.0,0.0,0,0,0
2023,Ouachita Baptist University,0,0,0,0.0,0.0,0.0,0,0,0
2023,Pace,0,0,0,0.0,0.0,0.0,0,0,0
2023,Palomar College,1,0,1,0.0,0.0,0.0,0,0,0
2023,Penn State,6,14,-8,5.220000000000001,12.44,-7.22,1,5,-4
2023,Pennsylvania,0,7,-7,0.0,5.06,-5.06,0,0,0
2023,Peru State,0,0,0,0.0,0.0,0.0,0,0,0
2023,Pikeville,0,0,0,0.0,0.0,0.0,0,0,0
2023,Pittsburg State,0,1,-1,0.0,0.75,-0.75,0,0,0
2023,Pittsburgh,7,13,-6,6.2,10.73,-4.53,2,0,2
2023,Portland State,4,0,4,3.24,0.0,3.24,0,0,0
2023,Prairie View A&M,0,1,-1,0.0,0.83,-0.83,0,0,0
2023,Presbyterian,0,1,-1,0.0,0.0,0.0,0,0,0
2023,Princeton,0,1,-1,0.0,0.75,-0.75,0,0,0
2023,Professional,2,0,2,1.77,0.0,1.77,0,0,0
2023,Puget Sound,0,0,0,0.0,0.0,0.0,0,0,0
2023,Purdue,15,26,-11,13.249999999999996,21.83,-8.58,4,4,0
2023,Quincy,0,0,0,0.0,0.0,0.0,0,0,0
2023,Reinhardt,0,0,0,0.0,0.0,0.0,0,0,0
2023,Rhode Island,4,3,1,3.42,2.64,0.78,1,1,0
2023,Rice,5,4,1,3.48,3.19,0.29,1,0,1
2023,Richmond,0,5,-5,0.0,3.93,-3.93,0,0,0
2023,Riverside C.C.,1,0,1,0.75,0.0,0.75,0,0,0
2023,Roanoke,0,0,0,0.0,0.0,0.0,0,0,0
2023,Robert Morris,3,1,2,2.33,0.75,1.58,0,0,0
2023,Roosevelt,0,0,0,0.0,0.0,0.0,0,0,0
2023,Rutgers,7,12,-5,6.109999999999999,9.2,-3.09,0,1,-1
2023,SE Louisiana,2,3,-1,1.6800000000000002,2.5700000000000003,-0.89,1,1,0
2023,SMU,26,23,3,22.680000000000003,18.389999999999997,4.29,2,1,1
2023,Sacramento State,1,5,-4,0.75,4.140000000000001,-3.39,0,1,-1
2023,Sacred Heart,0,2,-2,0.0,0.75,-0.75,0,0,0
2023,Saddleback College,0,0,0,0.0,0.0,0.0,0,0,0
2023,Saginaw Valley State,0,2,-2,0.0,0.87,-0.87,0,0,0
2023,Saint Anselm,0,0,0,0.0,0.0,0.0,0,0,0
2023,Saint Francis,0,0,0,0.0,0.0,0.0,0,0,0
2023,Saint Francis (PA),0,5,-5,0.0,1.7,-1.7,0,0,0
2023,Salisbury University,0,0,0,0.0,0.0,0.0,0,0,0
2023,Sam Houston,5,1,4,4.1499999999999995,0.75,3.4,0,0,0
2023,Samford,1,0,1,0.83,0.0,0.83,0,0,0
2023,San Diego,0,1,-1,0.0,0.0,0.0,0,0,0
2023,San Diego State,5,13,-8,4.4,10.92,-6.52,1,2,-1
2023,San José State,7,9,-2,4.94,6.5600000000000005,-1.62,2,0,2
2023,Santa Rosa J.C.,0,0,0,0.0,0.0,0.0,0,0,0
2023,Savannah State,0,0,0,0.0,0.0,0.0,0,0,0
2023,Shaw,0,0,0,0.0,0.0,0.0,0,0,0
2023,Shepherd,0,0,0,0.0,0.0,0.0,0,0,0
2023,Shepherd University,0,0,0,0.0,0.0,0.0,0,0,0
2023,Shippensburg,0,0,0,0.0,0.0,0.0,0,0,0
2023,Shippensburg University,0,0,0,0.0,0.0,0.0,0,0,0
2023,Shorter,0,1,-1,0.0,0.92,-0.92,0,1,-1
2023,Siena Heights,0,0,0,0.0,0.0,0.0,0,0,0
2023,Simon Fraser,0,0,0,0.0,0.0,0.0,0,0,0
2023,Simpson College,0,0,0,0.0,0.0,0.0,0,0,0
2023,Sioux Falls,0,1,-1,0.0,0.85,-0.85,0,0,0
2023,Slippery Rock,0,0,0,0.0,0.0,0.0,0,0,0
2023,Snow College,1,0,1,0.83,0.0,0.83,0,0,0
2023,South Alabama,9,4,5,7.45,3.24,4.21,0,0,0
2023,South Carolina,10,17,-7,8.79,14.629999999999999,-5.84,3,5,-2
2023,South Carolina State,0,1,-1,0.0,0.89,-0.89,0,0,0
2023,South Dakota,0,2,-2,0.0,1.5,-1.5,0,0,0
2023,South Dakota Mines,0,0,0,0.0,0.0,0.0,0,0,0
2023,South Dakota State,1,1,0,0.83,0.75,0.08,0,0,0
2023,South Florida,19,26,-7,14.379999999999999,21.15,-6.77,4,3,1
2023,Southeast Missouri State,0,3,-3,0.0,2.52,-2.52,0,0,0
2023,Southeast Oklahoma State,0,0,0,0.0,0.0,0.0,0,0,0
2023,Southeastern,0,0,0,0.0,0.0,0.0,0,0,0
2023,Southeastern Louisiana,0,0,0,0.0,0.0,0.0,0,0,0
2023,Southern,0,1,-1,0.0,0.84,-0.84,0,0,0
2023,Southern Arkansas,0,0,0,0.0,0.0,0.0,0,0,0
2023,Southern Connecticut State,0,0,0,0.0,0.0,0.0,0,0,0
2023,Southern Illinois,2,2,0,1.58,1.66,-0.08,0,0,0
2023,Southern Miss,8,6,2,5.91,4.9799999999999995,0.93,1,0,1
2023,Southern Oregon,0,0,0,0.0,0.0,0.0,0,0,0
2023,Southern Utah,1,5,-4,0.83,4.069999999999999,-3.24,0,0,0
2023,Southwest Baptist,0,0,0,0.0,0.0,0.0,0,0,0
2023,Southwest Minnesota State,0,0,0,0.0,0.0,0.0,0,0,0
2023,Southwest Mississippi C.C.,0,0,0,0.0,0.0,0.0,0,0,0
2023,Southwestern (KS),0,0,0,0.0,0.0,0.0,0,0,0
2023,Southwestern Oklahoma State,0,0,0,0.0,0.0,0.0,0,0,0
2023,St. Thomas,1,0,1,0.83,0.0,0.83,0,0,0
2023,St. Thomas University,0,0,0,0.0,0.0,0.0,0,0,0
2023,St. Vincent,0,0,0,0.0,0.0,0.0,0,0,0
2023,Stanford,4,21,-17,3.3899999999999997,17.27,-13.88,0,5,-5
2023,Stephen F. Austin,3,2,1,2.4899999999999998,1.5,0.99,0,0,0
2023,Stetson,0,0,0,0.0,0.0,0.0,0,0,0
2023,Stonehill,0,0,0,0.0,0.0,0.0,0,0,0
2023,Stony Brook,7,2,5,5.57,0.83,4.74,0,0,0
2023,Susquehanna,0,0,0,0.0,0.0,0.0,0,0,0
2023,Syracuse,9,15,-6,7.7,12.75,-5.05,1,3,-2
2023,TCU,13,17,-4,11.479999999999997,14.709999999999999,-3.23,3,5,-2
2023,Tarleton State,2,2,0,1.66,1.58,0.08,0,0,0
2023,Taylor,0,0,0,0.0,0.0,0.0,0,0,0
2023,Temple,11,28,-17,9.150000000000002,22.82,-13.67,2,0,2
2023,Tennessee,8,22,-14,7.050000000000001,18.509999999999998,-11.46,4,3,1
2023,Tennessee State,1,1,0,0.0,0.88,-0.88,0,0,0
2023,Tennessee Tech,0,0,0,0.0,0.0,0.0,0,0,0
2023,Texas,5,20,-15,4.51,17.62,-13.11,3,7,-4
2023,Texas A&M,13,32,-19,11.309999999999999,27.159999999999997,-15.85,4,12,-8
2023,Texas A&M-Kingsville,0,0,0,0.0,0.0,0.0,0,0,0
2023,Texas Southern,2,1,1,0.83,0.84,-0.01,0,0,0
2023,Texas State,37,24,13,28.819999999999997,18.32,10.5,1,2,-1
2023,Texas Tech,7,18,-11,6.029999999999999,15.03,-9.0,1,0,1
2023,Texas-Permian Basin,0,0,0,0.0,0.0,0.0,0,0,0
2023,Texas-Rio Grande Valley,0,0,0,0.0,0.0,0.0,0,0,0
2023,The Citadel,0,0,0,0.0,0.0,0.0,0,0,0
2023,Thomas More,0,0,0,0.0,0.0,0.0,0,0,0
2023,Tiffin University,0,0,0,0.0,0.0,0.0,0,0,0
2023,Toledo,3,9,-6,2.69,7.41,-4.72,2,0,2
2023,Towson,1,1,0,0.83,0.83,0.0,0,0,0
2023,Trinity,0,0,0,0.0,0.0,0.0,0,0,0
2023,Trinity (Texas),0,0,0,0.0,0.0,0.0,0,0,0
2023,Trinity Valley C.C.,0,0,0,0.0,0.0,0.0,0,0,0
2023,Troy,8,9,-1,6.720000000000001,7.46,-0.74,1,1,0
2023,Truman State,0,0,0,0.0,0.0,0.0,0,0,0
2023,Tufts University,0,0,0,0.0,0.0,0.0,0,0,0
2023,Tulane,7,11,-4,5.99,9.17,-3.18,1,0,1
2023,Tulsa,8,11,-3,6.8,9.38,-2.58,1,2,-1
2023,Tusculum,1,0,1,0.83,0.0,0.83,0,0,0
2023,Tuskegee,0,0,0,0.0,0.0,0.0,0,0,0
2023,Tyler J.C. ,0,0,0,0.0,0.0,0.0,0,0,0
2023,UAB,7,13,-6,5.81,10.530000000000001,-4.72,0,0,0
2023,UAlbany,1,1,0,0.83,0.83,0.0,0,0,0
2023,UC Davis,0,1,-1,0.0,0.9,-0.9,0,1,-1
2023,UCF,18,19,-1,15.42,16.45,-1.03,1,5,-4
2023,UCLA,14,7,7,12.430000000000003,5.79,6.64,5,0,5
2023,UConn,12,10,2,9.82,7.5,2.32,1,0,1
2023,UL Monroe,7,21,-14,5.17,15.590000000000002,-10.42,1,0,1
2023,UNC-Pembroke,0,0,0,0.0,0.0,0.0,0,0,0
2023,UNLV,9,18,-9,7.33,14.389999999999999,-7.06,1,3,-2
2023,USC,16,21,-5,14.27,17.96,-3.69,9,5,4
2023,UT Martin,1,1,0,0.83,0.83,0.0,0,0,0
2023,UT-Rio Grande Valley,0,0,0,0.0,0.0,0.0,0,0,0
2023,UT-Rio Grande Valley (Do not use),0,0,0,0.0,0.0,0.0,0,0,0
2023,UTEP,2,5,-3,1.58,4.01,-2.43,0,1,-1
2023,UTRGV,0,0,0,0.0,0.0,0.0,0,0,0
2023,UTSA,8,13,-5,6.39,10.87,-4.48,0,1,-1
2023,UVA Wise,0,0,0,0.0,0.0,0.0,0,0,0
2023,University of Calgary,0,0,0,0.0,0.0,0.0,0,0,0
2023,University of Charleston,0,0,0,0.0,0.0,0.0,0,0,0
2023,University of Guelph,0,0,0,0.0,0.0,0.0,0,0,0
2023,University of Mary,0,0,0,0.0,0.0,0.0,0,0,0
2023,Upper Iowa,0,0,0,0.0,0.0,0.0,0,0,0
2023,Utah,9,19,-10,7.83,15.75,-7.92,3,2,1
2023,Utah State,7,21,-14,5.93,16.619999999999997,-10.69,1,1,0
2023,Utah Tech,0,5,-5,0.0,4.04,-4.04,0,0,0
2023,VMI,0,3,-3,0.0,0.87,-0.87,0,0,0
2023,Valdosta State,2,0,2,1.58,0.0,1.58,0,0,0
2023,Valparaiso,0,0,0,0.0,0.0,0.0,0,0,0
2023,Vanderbilt,3,13,-10,2.45,11.110000000000001,-8.66,0,3,-3
2023,Villanova,0,2,-2,0.0,1.68,-1.68,0,0,0
2023,Virginia,8,14,-6,6.949999999999999,12.020000000000001,-5.07,0,3,-3
2023,Virginia State,0,0,0,0.0,0.0,0.0,0,0,0
2023,Virginia Tech,9,21,-12,7.95,17.549999999999997,-9.6,2,4,-2
2023,Virginia Union,0,0,0,0.0,0.0,0.0,0,0,0
2023,Wagner,1,2,-1,0.83,0.75,0.08,0,0,0
2023,Wake Forest,3,11,-8,2.6,9.360000000000001,-6.76,0,3,-3
2023,Walsh,0,0,0,0.0,0.0,0.0,0,0,0
2023,Warner University,0,0,0,0.0,0.0,0.0,0,0,0
2023,Washburn,0,0,0,0.0,0.0,0.0,0,0,0
2023,Washington,10,22,-12,8.75,17.64,-8.89,4,3,1
2023,Washington State,9,36,-27,7.59,28.39,-20.8,0,2,-2
2023,Wayne State,0,0,0,0.0,0.0,0.0,0,0,0
2023,Wayne State College,0,0,0,0.0,0.0,0.0,0,0,0
2023,Weber State,2,5,-3,1.66,4.19,-2.53,0,1,-1
2023,West Alabama,0,0,0,0.0,0.0,0.0,0,0,0
2023,West Chester,0,0,0,0.0,0.0,0.0,0,0,0
2023,West Florida,0,0,0,0.0,0.0,0.0,0,0,0
2023,West Georgia,0,0,0,0.0,0.0,0.0,0,0,0
2023,West Liberty,0,1,-1,0.0,0.75,-0.75,0,0,0
2023,West Texas,0,0,0,0.0,0.0,0.0,0,0,0
2023,West Virginia,14,22,-8,12.120000000000001,18.420000000000005,-6.3,2,3,-1
2023,West Virginia State,0,0,0,0.0,0.0,0.0,0,0,0
2023,Western Carolina,1,2,-1,0.75,0.89,-0.14,0,0,0
2023,Western Colorado,0,0,0,0.0,0.0,0.0,0,0,0
2023,Western Connecticut State,0,0,0,0.0,0.0,0.0,0,0,0
2023,Western Illinois,0,3,-3,0.0,2.51,-2.51,0,0,0
2023,Western Kentucky,12,20,-8,10.07,16.85,-6.78,3,3,0
2023,Western Michigan,6,10,-4,5.029999999999999,8.7,-3.67,1,2,-1
2023,Western New Mexico,0,0,0,0.0,0.0,0.0,0,0,0
2023,Western Oregon,0,0,0,0.0,0.0,0.0,0,0,0
2023,Wheeling,0,0,0,0.0,0.0,0.0,0,0,0
2023,William & Mary,0,0,0,0.0,0.0,0.0,0,0,0
2023,William Jewell College,0,0,0,0.0,0.0,0.0,0,0,0
2023,Wingate,0,1,-1,0.0,0.75,-0.75,0,0,0
2023,Winona State,0,0,0,0.0,0.0,0.0,0,0,0
2023,Winston-Salem State,0,0,0,0.0,0.0,0.0,0,0,0
2023,Wisconsin,14,19,-5,12.229999999999997,16.099999999999998,-3.87,2,2,0
2023,Wisconsin La Crosse,0,0,0,0.0,0.0,0.0,0,0,0
2023,Wisconsin-River Falls,0,0,0,0.0,0.0,0.0,0,0,0
2023,Wittenberg,0,0,0,0.0,0.0,0.0,0,0,0
2023,Wofford,0,3,-3,0.0,1.5,-1.5,0,0,0
2023,Wyoming,3,16,-13,2.33,13.26,-10.93,0,1,-1
2023,Yale,0,1,-1,0.0,0.84,-0.84,0,0,0
2023,Youngstown State,0,0,0,0.0,0.0,0.0,0,0,0
2024,Abilene Christian,13,2,11,8.219999999999999,1.66,6.56,0,0,0
2024,Adams,0,0,0,0.0,0.0,0.0,0,0,0
2024,Adams State,0,0,0,0.0,0.0,0.0,0,0,0
2024,Air Force,0,11,-11,0.0,6.43,-6.43,0,0,0
2024,Akron,15,22,-7,11.68,17.209999999999997,-5.53,0,0,0
2024,Alabama,14,38,-24,12.61,27.959999999999997,-15.35,8,16,-8
2024,Alabama A&M,9,0,9,5.81,0.0,5.81,0,0,0
2024,Alabama State,3,5,-2,1.66,3.42,-1.76,0,0,0
2024,Albany,0,0,0,0.0,0.0,0.0,0,0,0
2024,Albany State,3,0,3,1.66,0.0,1.66,0,0,0
2024,Alcorn State,1,1,0,0.83,0.84,-0.01,0,0,0
2024,Allen University,0,0,0,0.0,0.0,0.0,0,0,0
2024,American International,0,0,0,0.0,0.0,0.0,0,0,0
2024,American River C.C.,0,0,0,0.0,0.0,0.0,0,0,0
2024,Anderson,0,1,-1,0.0,0.75,-0.75,0,0,0
2024,Angelo State,0,1,-1,0.0,0.84,-0.84,0,0,0
2024,Anna Maria College,0,0,0,0.0,0.0,0.0,0,0,0
2024,App State,15,21,-6,12.59,13.93,-1.34,0,0,0
2024,Arizona,24,31,-7,20.58,26.85,-6.27,1,8,-7
2024,Arizona State,28,28,0,23.36,20.490000000000002,2.87,2,4,-2
2024,Arkansas,22,31,-9,18.97,23.279999999999998,-4.31,3,3,0
2024,Arkansas Monticello,0,0,0,0.0,0.0,0.0,0,0,0
2024,Arkansas State,17,21,-4,13.35,14.9,-1.55,0,0,0
2024,Arkansas Tech,0,0,0,0.0,0.0,0.0,0,0,0
2024,Arkansas-Pine Bluff,3,3,0,2.4899999999999998,2.51,-0.02,0,0,0
2024,Army,0,9,-9,0.0,4.2,-4.2,0,0,0
2024,Ashland,0,0,0,0.0,0.0,0.0,0,0,0
2024,Ashland University,0,0,0,0.0,0.0,0.0,0,0,0
2024,Assumption,0,0,0,0.0,0.0,0.0,0,0,0
2024,Auburn,15,23,-8,13.139999999999997,17.9,-4.76,2,0,2
2024,Augustana,1,0,1,0.75,0.0,0.75,0,0,0
2024,Aurora University,1,0,1,0.75,0.0,0.75,0,0,0
2024,Austin Peay,17,19,-2,12.98,14.26,-1.28,1,0,1
2024,Averett University,0,0,0,0.0,0.0,0.0,0,0,0
2024,Azusa Pacific,0,0,0,0.0,0.0,0.0,0,0,0
2024,BYU,9,17,-8,7.72,14.13,-6.41,1,1,0
2024,Ball State,11,16,-5,8.270000000000001,12.29,-4.02,0,0,0
2024,Barton,0,0,0,0.0,0.0,0.0,0,0,0
2024,Barton C.C.,1,0,1,0.83,0.0,0.83,0,0,0
2024,Baylor,16,15,1,13.89,12.629999999999997,1.26,1,0,1
2024,Bemidji State,0,0,0,0.0,0.0,0.0,0,0,0
2024,Benedict,1,1,0,0.83,0.8,0.03,0,0,0
2024,Benedict College,0,0,0,0.0,0.0,0.0,0,0,0
2024,Bethel,0,0,0,0.0,0.0,0.0,0,0,0
2024,Bethune-Cookman,9,1,8,6.710000000000001,0.85,5.86,2,0,2
2024,Black Hills State,0,0,0,0.0,0.0,0.0,0,0,0
2024,Blinn College,0,0,0,0.0,0.0,0.0,0,0,0
2024,Boise State,8,14,-6,6.79,9.96,-3.17,1,1,0
2024,Boston College,10,17,-7,8.71,14.159999999999998,-5.45,0,0,0
2024,Bowie State,1,0,1,0.83,0.0,0.83,0,0,0
2024,Bowling Green,13,15,-2,9.2,8.45,0.75,0,1,-1
2024,British Columbia,0,0,0,0.0,0.0,0.0,0,0,0
2024,Brown,0,3,-3,0.0,1.5699999999999998,-1.57,0,0,0
2024,Bryant,7,2,5,5.57,1.72,3.85,0,0,0
2024,Bucknell,2,3,-1,1.66,2.51,-0.85,0,0,0
2024,Buffalo,17,17,0,9.01,12.340000000000002,-3.33,0,1,-1
2024,Butler,2,0,2,0.75,0.0,0.75,0,0,0
2024,Butler C.C.,2,0,2,0.83,0.0,0.83,0,0,0
2024,Butler County (KS),0,0,0,0.0,0.0,0.0,0,0,0
2024,CSU-Pueblo,1,0,1,0.83,0.0,0.83,0,0,0
2024,Cal Lutheran,0,0,0,0.0,0.0,0.0,0,0,0
2024,Cal Poly,2,2,0,1.58,1.75,-0.17,0,1,-1
2024,California,23,23,0,19.94,19.519999999999996,0.42,4,2,2
2024,California (PA),0,0,0,0.0,0.0,0.0,0,0,0
2024,"California, Pa.",0,0,0,0.0,0.0,0.0,0,0,0
2024,Campbell,7,7,0,4.07,4.07,0.0,0,0,0
2024,Campbellsville,0,0,0,0.0,0.0,0.0,0,0,0
2024,Carroll College,1,0,1,0.83,0.0,0.83,0,0,0
2024,Carson Newman,1,0,1,0.0,0.0,0.0,0,0,0
2024,Catawba,0,0,0,0.0,0.0,0.0,0,0,0
2024,Central Arkansas,1,2,-1,0.83,1.74,-0.91,0,0,0
2024,Central Connecticut,2,0,2,1.5,0.0,1.5,0,0,0
2024,Central Michigan,6,16,-10,4.16,10.59,-6.43,0,0,0
2024,Central Missouri,1,0,1,0.75,0.0,0.75,0,0,0
2024,Central Missouri State,0,0,0,0.0,0.0,0.0,0,0,0
2024,Central Oklahoma,2,1,1,1.66,0.85,0.81,0,0,0
2024,Central State,0,0,0,0.0,0.0,0.0,0,0,0
2024,Central Washington,1,0,1,0.75,0.0,0.75,0,0,0
2024,Cerritos College,0,0,0,0.0,0.0,0.0,0,0,0
2024,Chadron State,0,0,0,0.0,0.0,0.0,0,0,0
2024,Charleston Southern,0,2,-2,0.0,1.7,-1.7,0,0,0
2024,Charlotte,28,30,-2,22.79,19.29,3.5,0,2,-2
2024,Chattanooga,4,2,2,3.3299999999999996,1.66,1.67,0,0,0
2024,Chowan,0,1,-1,0.0,0.81,-0.81,0,0,0
2024,Christopher Newport,0,0,0,0.0,0.0,0.0,0,0,0
2024,Cincinnati,24,32,-8,19.86,24.31,-4.45,1,1,0
2024,Cisco College,0,0,0,0.0,0.0,0.0,0,0,0
2024,City College of San Francisco,0,0,0,0.0,0.0,0.0,0,0,0
2024,Clarion,0,0,0,0.0,0.0,0.0,0,0,0
2024,Clark Atlanta,0,0,0,0.0,0.0,0.0,0,0,0
2024,Clemson,0,11,-11,0.0,9.5,-9.5,0,2,-2
2024,Coastal Carolina,18,29,-11,13.52,20.46,-6.94,1,1,0
2024,Coffeyville C.C.,3,0,3,1.66,0.0,1.66,0,0,0
2024,Colgate,0,1,-1,0.0,0.85,-0.85,0,0,0
2024,College of Charleston,0,0,0,0.0,0.0,0.0,0,0,0
2024,College of Idaho,0,0,0,0.0,0.0,0.0,0,0,0
2024,College of San Mateo,0,0,0,0.0,0.0,0.0,0,0,0
2024,College of the Canyons,0,0,0,0.0,0.0,0.0,0,0,0
2024,College of the Sequoias,0,0,0,0.0,0.0,0.0,0,0,0
2024,Colorado,41,41,0,34.82,31.479999999999997,3.34,7,2,5
2024,Colorado Mesa,1,0,1,0.75,0.0,0.75,0,0,0
2024,Colorado School of Mines,1,0,1,0.75,0.0,0.75,0,0,0
2024,Colorado State,11,19,-8,7.55,13.450000000000001,-5.9,0,1,-1
2024,Columbia,1,2,-1,0.0,1.6600000000000001,-1.66,0,0,0
2024,Concord,0,0,0,0.0,0.0,0.0,0,0,0
2024,Concordia St. Paul,0,0,0,0.0,0.0,0.0,0,0,0
2024,Concordia University,1,0,1,0.75,0.0,0.75,0,0,0
2024,"Concordia University, St. Paul",0,0,0,0.0,0.0,0.0,0,0,0
2024,Copiah-Lincoln C.C.,1,0,1,0.75,0.0,0.75,0,0,0
2024,Cornell,0,5,-5,0.0,3.38,-3.38,0,0,0
2024,Dartmouth,0,5,-5,0.0,3.36,-3.36,0,0,0
2024,Davenport,1,1,0,0.83,0.8,0.03,0,0,0
2024,Davidson,0,0,0,0.0,0.0,0.0,0,0,0
2024,Dayton,0,0,0,0.0,0.0,0.0,0,0,0
2024,De Anza College,0,0,0,0.0,0.0,0.0,0,0,0
2024,Defiance College,0,0,0,0.0,0.0,0.0,0,0,0
2024,Delaware,7,1,6,4.9,0.83,4.07,0,0,0
2024,Delaware State,4,1,3,2.59,0.81,1.78,1,0,1
2024,Delta State,1,1,0,0.75,0.82,-0.07,0,0,0
2024,Des Moines,1,0,1,0.0,0.0,0.0,0,0,0
2024,Drake,0,0,0,0.0,0.0,0.0,0,0,0
2024,Duke,18,21,-3,13.790000000000001,16.95,-3.16,2,3,-1
2024,Duquesne,3,2,1,2.4899999999999998,1.7,0.79,0,0,0
2024,East Carolina,17,33,-16,13.58,21.749999999999996,-8.17,0,2,-2
2024,East Central,1,0,1,0.0,0.0,0.0,0,0,0
2024,East Central C.C.,0,0,0,0.0,0.0,0.0,0,0,0
2024,East Mississippi C.C.,3,0,3,2.54,0.0,2.54,0,0,0
2024,East Tennessee State,6,3,3,3.2600000000000002,2.51,0.75,0,0,0
2024,East Texas A&M,0,0,0,0.0,0.0,0.0,0,0,0
2024,Eastern Illinois,3,2,1,2.51,1.69,0.82,0,0,0
2024,Eastern Kentucky,3,4,-1,1.67,3.4,-1.73,0,0,0
2024,Eastern Michigan,21,24,-3,15.880000000000003,18.04,-2.16,0,0,0
2024,Eastern New Mexico,1,1,0,0.0,0.84,-0.84,0,0,0
2024,Eastern Washington,5,3,2,4.2,2.52,1.68,1,0,1
2024,Edinboro University,1,0,1,0.83,0.0,0.83,0,0,0
2024,Edward Waters,1,0,1,0.75,0.0,0.75,0,0,0
2024,El Camino College,1,0,1,0.0,0.0,0.0,0,0,0
2024,Elizabeth City State,0,0,0,0.0,0.0,0.0,0,0,0
2024,Elon,3,5,-2,1.66,2.59,-0.93,0,0,0
2024,Emory & Henry,0,0,0,0.0,0.0,0.0,0,0,0
2024,Emporia State,0,0,0,0.0,0.0,0.0,0,0,0
2024,Erskine,0,0,0,0.0,0.0,0.0,0,0,0
2024,Erskine College,0,0,0,0.0,0.0,0.0,0,0,0
2024,Exeter,0,1,-1,0.0,0.0,0.0,0,0,0
2024,Fairmont State,0,2,-2,0.0,0.88,-0.88,0,0,0
2024,Faulkner University,0,0,0,0.0,0.0,0.0,0,0,0
2024,Fayetteville State,0,0,0,0.0,0.0,0.0,0,0,0
2024,Ferris State,1,0,1,0.83,0.0,0.83,0,0,0
2024,Ferrum College,0,0,0,0.0,0.0,0.0,0,0,0
2024,Findlay,2,0,2,1.66,0.0,1.66,0,0,0
2024,Florida,15,23,-8,13.390000000000002,18.379999999999995,-4.99,6,4,2
2024,Florida A&M,24,9,15,16.75,7.6499999999999995,9.1,2,0,2
2024,Florida Atlantic,20,34,-14,15.840000000000002,26.78,-10.94,0,0,0
2024,Florida International,10,16,-6,8.299999999999999,10.870000000000001,-2.57,0,1,-1
2024,Florida Memorial University,0,0,0,0.0,0.0,0.0,0,0,0
2024,Florida State,17,19,-2,15.19,15.33,-0.14,10,0,10
2024,Fordham,0,1,-1,0.0,0.84,-0.84,0,0,0
2024,Fort Hays,0,1,-1,0.0,0.0,0.0,0,0,0
2024,Fort Valley State,0,0,0,0.0,0.0,0.0,0,0,0
2024,Franklin College,0,1,-1,0.0,0.88,-0.88,0,0,0
2024,Franklin Pierce,0,0,0,0.0,0.0,0.0,0,0,0
2024,Fresno State,7,11,-4,6.0,6.63,-0.63,1,0,1
2024,Frostburg State,0,0,0,0.0,0.0,0.0,0,0,0
2024,Furman,2,6,-4,1.66,4.18,-2.52,0,0,0
2024,Gannon,0,2,-2,0.0,1.73,-1.73,0,0,0
2024,Garden City C.C. ,6,0,6,4.07,0.0,4.07,0,0,0
2024,Gardner-Webb,12,7,5,8.32,4.26,4.06,1,0,1
2024,George Fox,0,0,0,0.0,0.0,0.0,0,0,0
2024,Georgetown,1,3,-2,0.75,1.71,-0.96,0,0,0
2024,Georgia,11,26,-15,9.73,22.14,-12.41,6,10,-4
2024,Georgia Military,0,0,0,0.0,0.0,0.0,0,0,0
2024,Georgia Military College Prep,0,0,0,0.0,0.0,0.0,0,0,0
2024,Georgia Southern,12,19,-7,8.339999999999998,8.96,-0.62,1,1,0
2024,Georgia State,31,34,-3,25.779999999999998,24.88,0.9,1,0,1
2024,Georgia Tech,12,33,-21,10.329999999999998,26.169999999999998,-15.84,0,2,-2
2024,Glenville State ,0,0,0,0.0,0.0,0.0,0,0,0
2024,Grambling,10,12,-2,6.64,8.42,-1.78,0,0,0
2024,Grand Valley State,2,3,-1,1.66,1.72,-0.06,0,0,0
2024,Hampton,6,1,5,4.9,0.0,4.9,0,0,0
2024,Harding,0,0,0,0.0,0.0,0.0,0,0,0
2024,Harvard,0,9,-9,0.0,6.77,-6.77,0,0,0
2024,Hawai'i,6,11,-5,4.98,6.5200000000000005,-1.54,0,0,0
2024,Heidelberg,0,1,-1,0.0,0.0,0.0,0,0,0
2024,Henderson State,0,0,0,0.0,0.0,0.0,0,0,0
2024,Highland C.C.,1,0,1,0.83,0.0,0.83,0,0,0
2024,Hillsdale College,1,3,-2,0.0,0.83,-0.83,0,0,0
2024,Hinds C.C.,0,0,0,0.0,0.0,0.0,0,0,0
2024,Holmes C.C.,0,0,0,0.0,0.0,0.0,0,0,0
2024,Holy Cross,0,8,-8,0.0,6.67,-6.67,0,0,0
2024,Hope ,0,1,-1,0.0,0.82,-0.82,0,0,0
2024,Houston,27,34,-7,23.34,27.410000000000004,-4.07,1,6,-5
2024,Houston Christian,4,4,0,1.58,2.51,-0.93,0,0,0
2024,Howard,4,1,3,3.2399999999999998,0.85,2.39,0,0,0
2024,Howard Payne,0,0,0,0.0,0.0,0.0,0,0,0
2024,Hutchinson C.C.,0,0,0,0.0,0.0,0.0,0,0,0
2024,IU Pennsylvania,0,0,0,0.0,0.0,0.0,0,0,0
2024,Idaho,2,8,-6,1.58,6.0600000000000005,-4.48,0,1,-1
2024,Idaho State,5,2,3,3.2399999999999998,1.71,1.53,0,0,0
2024,Illinois,12,24,-12,10.36,19.0,-8.64,3,1,2
2024,Illinois State,4,1,3,2.41,0.0,2.41,0,0,0
2024,Incarnate Word,11,1,10,8.16,0.87,7.29,1,0,1
2024,Independence C.C.,1,0,1,0.0,0.0,0.0,0,0,0
2024,Indiana,30,42,-12,24.160000000000007,31.669999999999998,-7.51,2,3,-1
2024,Indiana State,4,5,-1,3.32,2.4299999999999997,0.89,0,0,0
2024,Indiana Wesleyan,0,0,0,0.0,0.0,0.0,0,0,0
2024,Indianapolis,0,1,-1,0.0,0.82,-0.82,0,0,0
2024,Iowa,4,12,-8,3.3899999999999997,9.23,-5.84,0,1,-1
2024,Iowa Central C.C.,1,0,1,0.93,0.0,0.93,1,0,1
2024,Iowa State,8,21,-13,6.89,16.06,-9.17,0,2,-2
2024,Iowa Western C.C.,2,0,2,0.83,0.0,0.83,0,0,0
2024,Itawamba C.C.,1,0,1,0.83,0.0,0.83,0,0,0
2024,Jackson State,12,4,8,9.06,2.51,6.55,0,0,0
2024,Jacksonville State,19,14,5,14.88,10.76,4.12,0,0,0
2024,James Madison,26,23,3,18.37,15.429999999999998,2.94,0,1,-1
2024,Johns Hopkins,0,1,-1,0.0,0.87,-0.87,0,0,0
2024,Johnson C. Smith,0,0,0,0.0,0.0,0.0,0,0,0
2024,Johnson C. Smith University,1,0,1,0.0,0.0,0.0,0,0,0
2024,Kansas,11,13,-2,8.71,7.57,1.14,1,0,1
2024,Kansas State,10,17,-7,7.799999999999999,12.78,-4.98,2,2,0
2024,Keiser (Fl),0,0,0,0.0,0.0,0.0,0,0,0
2024,Kennesaw State,10,3,7,8.17,2.51,5.66,0,0,0
2024,Kent State,16,17,-1,13.16,12.440000000000001,0.72,0,0,0
2024,Kentucky,12,23,-11,9.7,17.869999999999997,-8.17,3,2,1
2024,Kentucky Christian,0,0,0,0.0,0.0,0.0,0,0,0
2024,Kentucky State,0,0,0,0.0,0.0,0.0,0,0,0
2024,Kentucky Wesleyan,0,0,0,0.0,0.0,0.0,0,0,0
2024,Kilgore College,0,0,0,0.0,0.0,0.0,0,0,0
2024,Kilgore J.C.,2,0,2,1.76,0.0,1.76,1,0,1
2024,King's College,0,0,0,0.0,0.0,0.0,0,0,0
2024,LIU Post,0,1,-1,0.0,0.84,-0.84,0,0,0
2024,LSU,10,27,-17,7.98,20.92,-12.94,3,7,-4
2024,LaGrange,0,0,0,0.0,0.0,0.0,0,0,0
2024,Lackawanna College,0,0,0,0.0,0.0,0.0,0,0,0
2024,Lafayette,1,2,-1,0.0,0.87,-0.87,0,0,0
2024,Lake Erie,1,0,1,0.83,0.0,0.83,0,0,0
2024,Lake Erie College,0,0,0,0.0,0.0,0.0,0,0,0
2024,Lamar,5,0,5,3.32,0.0,3.32,0,0,0
2024,Lamar Christian School,0,0,0,0.0,0.0,0.0,0,0,0
2024,Lane College,0,0,0,0.0,0.0,0.0,0,0,0
2024,Laney College,0,0,0,0.0,0.0,0.0,0,0,0
2024,Laurier,0,0,0,0.0,0.0,0.0,0,0,0
2024,LeMoyne-Owen,0,0,0,0.0,0.0,0.0,0,0,0
2024,Lehigh,0,1,-1,0.0,0.82,-0.82,0,0,0
2024,Lenoir Rhyne,2,1,1,1.66,0.0,1.66,0,0,0
2024,Lenoir-Rhyne,0,0,0,0.0,0.0,0.0,0,0,0
2024,Liberty,18,18,0,15.079999999999998,14.25,0.83,1,4,-3
2024,Limestone,0,0,0,0.0,0.0,0.0,0,0,0
2024,Limestone College,0,2,-2,0.0,0.82,-0.82,0,0,0
2024,Limestone University,0,0,0,0.0,0.0,0.0,0,0,0
2024,Lincoln (MO),0,0,0,0.0,0.0,0.0,0,0,0
2024,Lindenwood,3,0,3,0.83,0.0,0.83,0,0,0
2024,Lindenwood University,0,0,0,0.0,0.0,0.0,0,0,0
2024,Livingstone,0,0,0,0.0,0.0,0.0,0,0,0
2024,Livingstone College,0,0,0,0.0,0.0,0.0,0,0,0
2024,Lock Haven,0,0,0,0.0,0.0,0.0,0,0,0
2024,Long Beach City College,1,0,1,0.83,0.0,0.83,0,0,0
2024,Louisiana,7,6,1,5.930000000000001,5.09,0.84,0,0,0
2024,Louisiana Tech,12,22,-10,9.25,15.02,-5.77,0,2,-2
2024,Louisville,28,29,-1,24.380000000000003,22.220000000000006,2.16,4,2,2
2024,Maine,3,5,-2,1.58,3.35,-1.77,0,0,0
2024,Manitoba,0,0,0,0.0,0.0,0.0,0,0,0
2024,Marian,0,0,0,0.0,0.0,0.0,0,0,0
2024,Marian (IN),0,0,0,0.0,0.0,0.0,0,0,0
2024,Marist,1,1,0,0.75,0.0,0.75,0,0,0
2024,Mars Hill,0,0,0,0.0,0.0,0.0,0,0,0
2024,Marshall,28,33,-5,21.89,23.95,-2.06,0,1,-1
2024,Mary Hardin Baylor,0,0,0,0.0,0.0,0.0,0,0,0
2024,Maryland,8,13,-5,6.04,10.49,-4.45,0,4,-4
2024,Maryville College,0,0,0,0.0,0.0,0.0,0,0,0
2024,Massachusetts,29,23,6,20.789999999999996,14.7,6.09,0,1,-1
2024,McKendree,0,0,0,0.0,0.0,0.0,0,0,0
2024,McMurry University,0,0,0,0.0,0.0,0.0,0,0,0
2024,McNeese,12,1,11,8.2,0.0,8.2,1,0,1
2024,Memphis,30,24,6,24.459999999999997,18.34,6.12,0,0,0
2024,Mercer,7,2,5,4.0,0.85,3.15,0,0,0
2024,Mercyhurst,0,0,0,0.0,0.0,0.0,0,0,0
2024,Mercyhurst College,0,0,0,0.0,0.0,0.0,0,0,0
2024,Merrimack,0,2,-2,0.0,1.68,-1.68,0,0,0
2024,Miami,14,28,-14,12.459999999999999,22.750000000000004,-10.29,6,5,1
2024,Miami (OH),5,11,-6,3.33,9.18,-5.85,0,1,-1
2024,Michigan,7,17,-10,6.1000000000000005,13.889999999999999,-7.79,1,2,-1
2024,Michigan State,24,46,-22,19.25,36.74999999999999,-17.5,4,4,0
2024,MidAmerica Nazarene,0,0,0,0.0,0.0,0.0,0,0,0
2024,Middle Tennessee,12,30,-18,9.17,21.68,-12.51,0,1,-1
2024,Midwestern State,0,0,0,0.0,0.0,0.0,0,0,0
2024,Miles,0,0,0,0.0,0.0,0.0,0,0,0
2024,Millersville,0,0,0,0.0,0.0,0.0,0,0,0
2024,Minnesota,12,18,-6,10.48,14.21,-3.73,3,1,2
2024,Minnesota Duluth,1,0,1,0.93,0.0,0.93,1,0,1
2024,Minnesota State,0,0,0,0.0,0.0,0.0,0,0,0
2024,Minot State,0,0,0,0.0,0.0,0.0,0,0,0
2024,Misericordia,0,0,0,0.0,0.0,0.0,0,0,0
2024,Mississippi College,0,0,0,0.0,0.0,0.0,0,0,0
2024,Mississippi Gulf Coast C.C.,0,0,0,0.0,0.0,0.0,0,0,0
2024,Mississippi State,18,27,-9,14.71,22.22,-7.51,1,4,-3
2024,Mississippi Valley State,0,3,-3,0.0,1.66,-1.66,0,0,0
2024,Missouri,15,19,-4,13.200000000000001,14.249999999999998,-1.05,4,0,4
2024,Missouri S&T,1,0,1,0.93,0.0,0.93,1,0,1
2024,Missouri Southern State,1,0,1,0.0,0.0,0.0,0,0,0
2024,Missouri State,7,2,5,4.17,1.7,2.47,0,0,0
2024,Missouri Western State,1,0,1,0.0,0.0,0.0,0,0,0
2024,Monash University,0,0,0,0.0,0.0,0.0,0,0,0
2024,Monmouth,3,4,-1,2.41,3.36,-0.95,0,1,-1
2024,Montana,9,3,6,5.83,1.66,4.17,0,0,0
2024,Montana State,3,4,-1,2.41,3.45,-1.04,0,1,-1
2024,Montana Tech,0,0,0,0.0,0.0,0.0,0,0,0
2024,Montana Western,0,0,0,0.0,0.0,0.0,0,0,0
2024,Morehead State,1,0,1,0.83,0.0,0.83,0,0,0
2024,Morehouse,0,0,0,0.0,0.0,0.0,0,0,0
2024,Morgan State,3,0,3,1.66,0.0,1.66,0,0,0
2024,Mount St. Joseph,0,0,0,0.0,0.0,0.0,0,0,0
2024,Mount Union ,0,0,0,0.0,0.0,0.0,0,0,0
2024,Mt. San Antonio College,0,0,0,0.0,0.0,0.0,0,0,0
2024,Muhlenberg,0,1,-1,0.0,0.87,-0.87,0,0,0
2024,Murray State,14,2,12,9.129999999999999,1.73,7.4,0,1,-1
2024,NC State,15,23,-8,13.25,19.509999999999998,-6.26,4,1,3
2024,Navarro College,2,0,2,0.85,0.0,0.85,0,0,0
2024,Navy,0,6,-6,0.0,3.23,-3.23,0,0,0
2024,Nebraska,8,10,-2,6.2,8.53,-2.33,2,1,1
2024,Nebraska Kearney,1,0,1,0.75,0.0,0.75,0,0,0
2024,Nebraska-Kearney,0,0,0,0.0,0.0,0.0,0,0,0
2024,Nevada,22,23,-1,15.820000000000004,15.669999999999998,0.15,0,0,0
2024,New Hampshire,0,2,-2,0.0,1.74,-1.74,0,1,-1
2024,New Haven,0,0,0,0.0,0.0,0.0,0,0,0
2024,New Mexico,28,26,2,21.669999999999998,20.0,1.67,1,2,-1
2024,New Mexico Highlands,0,0,0,0.0,0.0,0.0,0,0,0
2024,New Mexico Military Institute,0,0,0,0.0,0.0,0.0,0,0,0
2024,New Mexico State,13,40,-27,9.95,28.71,-18.76,0,1,-1
2024,Newberry,0,2,-2,0.0,0.83,-0.83,0,0,0
2024,Nicholls,2,1,1,0.83,0.86,-0.03,0,0,0
2024,Norfolk State,2,1,1,1.58,0.82,0.76,0,0,0
2024,North Alabama,8,1,7,5.83,0.84,4.99,1,0,1
2024,North Carolina,10,23,-13,8.66,16.2,-7.54,1,1,0
2024,North Carolina A&T,3,1,2,2.4899999999999998,0.86,1.63,0,0,0
2024,North Carolina Central,5,4,1,3.24,2.56,0.68,0,0,0
2024,North Central College,0,0,0,0.0,0.0,0.0,0,0,0
2024,North Dakota,2,6,-4,0.75,4.31,-3.56,0,1,-1
2024,North Dakota State,2,2,0,1.58,1.73,-0.15,0,0,0
2024,North Greenville,0,0,0,0.0,0.0,0.0,0,0,0
2024,North Texas,25,36,-11,18.55,28.529999999999998,-9.98,1,1,0
2024,Northeast Mississippi C.C.,0,0,0,0.0,0.0,0.0,0,0,0
2024,Northeastern Oklahoma A&M,0,0,0,0.0,0.0,0.0,0,0,0
2024,Northeastern State,0,0,0,0.0,0.0,0.0,0,0,0
2024,Northern Arizona,9,9,0,6.48,4.87,1.61,0,0,0
2024,Northern Colorado,1,5,-4,0.0,4.16,-4.16,0,0,0
2024,Northern Illinois,6,19,-13,5.029999999999999,12.030000000000001,-7.0,0,1,-1
2024,Northern Iowa,4,3,1,3.16,1.71,1.45,0,0,0
2024,Northern Michigan,0,0,0,0.0,0.0,0.0,0,0,0
2024,Northern State,1,0,1,0.75,0.0,0.75,0,0,0
2024,Northwest Mississippi C.C.,0,0,0,0.0,0.0,0.0,0,0,0
2024,Northwest Missouri State,1,2,-1,0.83,1.6400000000000001,-0.81,0,0,0
2024,Northwestern,6,12,-6,5.069999999999999,9.42,-4.35,0,0,0
2024,Northwestern State,3,3,0,2.4899999999999998,1.5699999999999998,0.92,0,0,0
2024,Northwood,0,0,0,0.0,0.0,0.0,0,0,0
2024,Notre Dame,9,18,-9,8.040000000000001,14.83,-6.79,4,4,0
2024,Notre Dame College,0,4,-4,0.0,1.58,-1.58,0,0,0
2024,Ohio,21,26,-5,13.220000000000002,21.71,-8.49,0,2,-2
2024,Ohio Dominican,0,1,-1,0.0,0.86,-0.86,0,0,0
2024,Ohio State,7,26,-19,6.5,22.560000000000002,-16.06,5,4,1
2024,Oklahoma,16,25,-9,13.83,19.950000000000003,-6.12,4,4,0
2024,Oklahoma Baptist,0,0,0,0.0,0.0,0.0,0,0,0
2024,Oklahoma State,8,11,-3,6.95,8.39,-1.44,0,0,0
2024,Old Dominion,15,32,-17,11.709999999999999,23.43,-11.72,0,2,-2
2024,Ole Miss,25,24,1,22.180000000000003,19.54,2.64,9,2,7
2024,Oregon,14,20,-6,12.590000000000003,15.71,-3.12,7,4,3
2024,Oregon State,16,25,-9,13.77,20.64,-6.87,0,8,-8
2024,Ottawa,0,0,0,0.0,0.0,0.0,0,0,0
2024,Ouachita Baptist,0,0,0,0.0,0.0,0.0,0,0,0
2024,Ouachita Baptist University,0,0,0,0.0,0.0,0.0,0,0,0
2024,Pace,0,0,0,0.0,0.0,0.0,0,0,0
2024,Palomar College,0,0,0,0.0,0.0,0.0,0,0,0
2024,Penn State,6,13,-7,4.49,10.359999999999998,-5.87,2,2,0
2024,Pennsylvania,1,5,-4,0.83,4.25,-3.42,0,1,-1
2024,Peru State,0,0,0,0.0,0.0,0.0,0,0,0
2024,Pikeville,1,0,1,0.93,0.0,0.93,1,0,1
2024,Pittsburg State,1,0,1,0.83,0.0,0.83,0,0,0
2024,Pittsburgh,14,22,-8,12.0,15.39,-3.39,0,3,-3
2024,Portland State,8,4,4,5.73,3.28,2.45,0,0,0
2024,Prairie View A&M,4,1,3,3.2399999999999998,0.82,2.42,0,0,0
2024,Presbyterian,1,0,1,0.0,0.0,0.0,0,0,0
2024,Princeton,0,3,-3,0.0,2.62,-2.62,0,0,0
2024,Professional,0,0,0,0.0,0.0,0.0,0,0,0
2024,Puget Sound,0,0,0,0.0,0.0,0.0,0,0,0
2024,Purdue,18,28,-10,15.45,22.059999999999995,-6.61,1,3,-2
2024,Quincy,0,0,0,0.0,0.0,0.0,0,0,0
2024,Reinhardt,0,0,0,0.0,0.0,0.0,0,0,0
2024,Rhode Island,5,2,3,2.43,1.67,0.76,1,0,1
2024,Rice,10,3,7,8.31,2.57,5.74,0,0,0
2024,Richmond,0,3,-3,0.0,1.7,-1.7,0,0,0
2024,Riverside C.C.,0,0,0,0.0,0.0,0.0,0,0,0
2024,Roanoke,0,0,0,0.0,0.0,0.0,0,0,0
2024,Robert Morris,1,2,-1,0.75,0.85,-0.1,0,0,0
2024,Roosevelt,0,0,0,0.0,0.0,0.0,0,0,0
2024,Rutgers,6,15,-9,5.03,9.14,-4.11,1,0,1
2024,SE Louisiana,1,4,-3,0.75,2.56,-1.81,0,1,-1
2024,SMU,20,16,4,16.54,11.93,4.61,1,2,-1
2024,Sacramento State,8,3,5,4.9,1.73,3.17,0,0,0
2024,Sacred Heart,2,1,1,0.0,0.0,0.0,0,0,0
2024,Saddleback College,0,0,0,0.0,0.0,0.0,0,0,0
2024,Saginaw Valley State,1,0,1,0.84,0.0,0.84,0,0,0
2024,Saint Anselm,0,2,-2,0.0,1.66,-1.66,0,0,0
2024,Saint Francis,1,0,1,0.83,0.0,0.83,0,0,0
2024,Saint Francis (PA),1,3,-2,0.75,2.5300000000000002,-1.78,0,0,0
2024,Salisbury University,0,0,0,0.0,0.0,0.0,0,0,0
2024,Sam Houston,12,5,7,9.15,3.34,5.81,0,0,0
2024,Samford,7,3,4,4.92,2.54,2.38,1,0,1
2024,San Diego,3,2,1,1.58,1.5,0.08,0,0,0
2024,San Diego State,24,36,-12,19.520000000000003,28.58,-9.06,0,3,-3
2024,San José State,14,27,-13,9.86,22.699999999999996,-12.84,0,1,-1
2024,Santa Rosa J.C.,0,0,0,0.0,0.0,0.0,0,0,0
2024,Savannah State,0,1,-1,0.0,0.8,-0.8,0,0,0
2024,Shaw,0,1,-1,0.0,0.8,-0.8,0,0,0
2024,Shepherd,0,1,-1,0.0,0.84,-0.84,0,0,0
2024,Shepherd University,0,0,0,0.0,0.0,0.0,0,0,0
2024,Shippensburg,0,0,0,0.0,0.0,0.0,0,0,0
2024,Shippensburg University,0,2,-2,0.0,1.67,-1.67,0,0,0
2024,Shorter,0,1,-1,0.0,0.87,-0.87,0,0,0
2024,Siena Heights,0,0,0,0.0,0.0,0.0,0,0,0
2024,Simon Fraser,0,0,0,0.0,0.0,0.0,0,0,0
2024,Simpson College,0,0,0,0.0,0.0,0.0,0,0,0
2024,Sioux Falls,0,0,0,0.0,0.0,0.0,0,0,0
2024,Slippery Rock,1,0,1,0.83,0.0,0.83,0,0,0
2024,Snow College,0,0,0,0.0,0.0,0.0,0,0,0
2024,South Alabama,15,16,-1,11.51,11.040000000000001,0.47,0,3,-3
2024,South Carolina,22,26,-4,19.25,20.369999999999997,-1.12,4,3,1
2024,South Carolina State,1,2,-1,0.83,1.71,-0.88,0,0,0
2024,South Dakota,3,0,3,1.66,0.0,1.66,0,0,0
2024,South Dakota Mines,0,0,0,0.0,0.0,0.0,0,0,0
2024,South Dakota State,2,0,2,0.84,0.0,0.84,0,0,0
2024,South Florida,14,21,-7,11.739999999999998,16.779999999999998,-5.04,0,1,-1
2024,Southeast Missouri State,3,2,1,2.41,1.68,0.73,0,0,0
2024,Southeast Oklahoma State,1,0,1,0.75,0.0,0.75,0,0,0
2024,Southeastern,0,0,0,0.0,0.0,0.0,0,0,0
2024,Southeastern Louisiana,0,0,0,0.0,0.0,0.0,0,0,0
2024,Southern,4,2,2,1.66,1.6800000000000002,-0.02,0,0,0
2024,Southern Arkansas,0,0,0,0.0,0.0,0.0,0,0,0
2024,Southern Connecticut State,0,0,0,0.0,0.0,0.0,0,0,0
2024,Southern Illinois,6,4,2,4.86,3.32,1.54,0,0,0
2024,Southern Miss,17,7,10,14.39,4.11,10.28,0,0,0
2024,Southern Oregon,0,0,0,0.0,0.0,0.0,0,0,0
2024,Southern Utah,4,1,3,2.41,0.86,1.55,0,0,0
2024,Southwest Baptist,0,0,0,0.0,0.0,0.0,0,0,0
2024,Southwest Minnesota State,0,0,0,0.0,0.0,0.0,0,0,0
2024,Southwest Mississippi C.C.,0,0,0,0.0,0.0,0.0,0,0,0
2024,Southwestern (KS),1,0,1,0.83,0.0,0.83,0,0,0
2024,Southwestern Oklahoma State,0,0,0,0.0,0.0,0.0,0,0,0
2024,St. Thomas,0,1,-1,0.0,0.83,-0.83,0,0,0
2024,St. Thomas University,0,0,0,0.0,0.0,0.0,0,0,0
2024,St. Vincent,0,0,0,0.0,0.0,0.0,0,0,0
2024,Stanford,4,14,-10,3.3299999999999996,11.78,-8.45,0,1,-1
2024,Stephen F. Austin,15,3,12,10.819999999999999,2.51,8.31,0,0,0
2024,Stetson,2,1,1,1.5,0.82,0.68,0,0,0
2024,Stonehill,0,0,0,0.0,0.0,0.0,0,0,0
2024,Stony Brook,1,1,0,0.0,0.83,-0.83,0,0,0
2024,Susquehanna,0,0,0,0.0,0.0,0.0,0,0,0
2024,Syracuse,19,29,-10,16.44,23.51,-7.07,2,0,2
2024,TCU,23,20,3,19.179999999999996,17.209999999999997,1.97,2,4,-2
2024,Tarleton State,2,2,0,0.83,1.68,-0.85,0,0,0
2024,Taylor,1,0,1,0.0,0.0,0.0,0,0,0
2024,Temple,15,31,-16,10.92,19.69,-8.77,0,0,0
2024,Tennessee,9,16,-7,8.0,12.059999999999999,-4.06,4,1,3
2024,Tennessee State,11,7,4,6.48,5.05,1.43,0,0,0
2024,Tennessee Tech,7,4,3,4.1499999999999995,2.55,1.6,0,0,0
2024,Texas,10,25,-15,9.09,21.75,-12.66,6,3,3
2024,Texas A&M,26,32,-6,21.99,25.479999999999997,-3.49,8,8,0
2024,Texas A&M-Kingsville,0,0,0,0.0,0.0,0.0,0,0,0
2024,Texas Southern,6,2,4,3.42,1.69,1.73,1,0,1
2024,Texas State,30,22,8,23.479999999999997,15.08,8.4,0,1,-1
2024,Texas Tech,16,24,-8,13.89,18.7,-4.81,2,1,1
2024,Texas-Permian Basin,0,1,-1,0.0,0.82,-0.82,0,0,0
2024,Texas-Rio Grande Valley,0,0,0,0.0,0.0,0.0,0,0,0
2024,The Citadel,1,0,1,0.75,0.0,0.75,0,0,0
2024,Thomas More,0,0,0,0.0,0.0,0.0,0,0,0
2024,Tiffin University,2,3,-1,0.83,2.49,-1.66,0,0,0
2024,Toledo,7,11,-4,5.86,9.070000000000002,-3.21,0,1,-1
2024,Towson,3,2,1,0.83,1.61,-0.78,0,0,0
2024,Trinity,0,0,0,0.0,0.0,0.0,0,0,0
2024,Trinity (Texas),0,0,0,0.0,0.0,0.0,0,0,0
2024,Trinity Valley C.C.,3,0,3,1.76,0.0,1.76,1,0,1
2024,Troy,10,23,-13,7.57,15.93,-8.36,1,0,1
2024,Truman State,0,0,0,0.0,0.0,0.0,0,0,0
2024,Tufts University,0,1,-1,0.0,0.89,-0.89,0,0,0
2024,Tulane,22,26,-4,17.78,20.91,-3.13,1,2,-1
2024,Tulsa,12,24,-12,10.049999999999999,18.95,-8.9,0,0,0
2024,Tusculum,0,2,-2,0.0,0.81,-0.81,0,0,0
2024,Tuskegee,0,1,-1,0.0,0.88,-0.88,0,0,0
2024,Tyler J.C. ,1,0,1,0.75,0.0,0.75,0,0,0
2024,UAB,19,21,-2,15.0,15.590000000000002,-0.59,0,1,-1
2024,UAlbany,7,4,3,3.24,3.5,-0.26,0,1,-1
2024,UC Davis,1,2,-1,0.83,1.75,-0.92,0,0,0
2024,UCF,25,26,-1,20.91,19.86,1.05,2,4,-2
2024,UCLA,21,20,1,13.830000000000002,17.06,-3.23,2,4,-2
2024,UConn,24,20,4,19.17,15.88,3.29,0,1,-1
2024,UL Monroe,16,25,-9,13.07,17.43,-4.36,0,1,-1
2024,UNC-Pembroke,0,0,0,0.0,0.0,0.0,0,0,0
2024,UNLV,19,19,0,15.29,14.159999999999998,1.13,1,1,0
2024,USC,16,29,-13,13.84,23.5,-9.66,5,8,-3
2024,UT Martin,11,5,6,8.89,3.4699999999999998,5.42,0,0,0
2024,UT-Rio Grande Valley,0,0,0,0.0,0.0,0.0,0,0,0
2024,UT-Rio Grande Valley (Do not use),0,0,0,0.0,0.0,0.0,0,0,0
2024,UTEP,27,38,-11,21.65,24.619999999999994,-2.97,1,0,1
2024,UTRGV,0,0,0,0.0,0.0,0.0,0,0,0
2024,UTSA,15,12,3,12.7,9.32,3.38,1,2,-1
2024,UVA Wise,0,0,0,0.0,0.0,0.0,0,0,0
2024,University of Calgary,0,0,0,0.0,0.0,0.0,0,0,0
2024,University of Charleston,0,0,0,0.0,0.0,0.0,0,0,0
2024,University of Guelph,0,1,-1,0.0,0.89,-0.89,0,0,0
2024,University of Mary,0,0,0,0.0,0.0,0.0,0,0,0
2024,Upper Iowa,0,0,0,0.0,0.0,0.0,0,0,0
2024,Utah,11,24,-13,9.709999999999999,17.759999999999998,-8.05,3,4,-1
2024,Utah State,20,26,-6,14.93,18.229999999999997,-3.3,0,0,0
2024,Utah Tech,8,4,4,6.59,2.51,4.08,0,0,0
2024,VMI,0,4,-4,0.0,2.51,-2.51,0,0,0
2024,Valdosta State,3,2,1,2.41,1.67,0.74,0,0,0
2024,Valparaiso,0,1,-1,0.0,0.84,-0.84,0,0,0
2024,Vanderbilt,22,24,-2,18.93,20.619999999999997,-1.69,1,3,-2
2024,Villanova,0,4,-4,0.0,3.39,-3.39,0,0,0
2024,Virginia,13,17,-4,10.36,11.74,-1.38,0,2,-2
2024,Virginia State,0,0,0,0.0,0.0,0.0,0,0,0
2024,Virginia Tech,7,18,-11,6.080000000000001,13.59,-7.51,0,2,-2
2024,Virginia Union,1,0,1,0.83,0.0,0.83,0,0,0
2024,Wagner,2,1,1,1.66,0.0,1.66,0,0,0
2024,Wake Forest,5,15,-10,4.279999999999999,12.6,-8.32,0,1,-1
2024,Walsh,0,0,0,0.0,0.0,0.0,0,0,0
2024,Warner University,0,0,0,0.0,0.0,0.0,0,0,0
2024,Washburn,0,0,0,0.0,0.0,0.0,0,0,0
2024,Washington,27,36,-9,22.66,29.359999999999996,-6.7,7,8,-1
2024,Washington State,12,27,-15,9.409999999999998,19.119999999999997,-9.71,0,2,-2
2024,Wayne State,1,1,0,0.0,0.84,-0.84,0,0,0
2024,Wayne State College,0,0,0,0.0,0.0,0.0,0,0,0
2024,Weber State,5,7,-2,4.1899999999999995,5.0600000000000005,-0.87,0,1,-1
2024,West Alabama,0,0,0,0.0,0.0,0.0,0,0,0
2024,West Chester,0,0,0,0.0,0.0,0.0,0,0,0
2024,West Florida,1,0,1,0.0,0.0,0.0,0,0,0
2024,West Georgia,3,2,1,2.45,1.66,0.79,0,0,0
2024,West Liberty,0,1,-1,0.0,0.84,-0.84,0,0,0
2024,West Texas,0,0,0,0.0,0.0,0.0,0,0,0
2024,West Virginia,13,25,-12,11.27,18.35,-7.08,0,1,-1
2024,West Virginia State,0,1,-1,0.0,0.82,-0.82,0,0,0
2024,Western Carolina,0,2,-2,0.0,1.72,-1.72,0,0,0
2024,Western Colorado,0,0,0,0.0,0.0,0.0,0,0,0
2024,Western Connecticut State,0,0,0,0.0,0.0,0.0,0,0,0
2024,Western Illinois,5,1,4,3.16,0.81,2.35,0,0,0
2024,Western Kentucky,21,30,-9,15.96,19.37,-3.41,1,3,-2
2024,Western Michigan,11,23,-12,8.43,17.080000000000002,-8.65,0,0,0
2024,Western New Mexico,0,0,0,0.0,0.0,0.0,0,0,0
2024,Western Oregon,0,0,0,0.0,0.0,0.0,0,0,0
2024,Wheeling,0,0,0,0.0,0.0,0.0,0,0,0
2024,William & Mary,2,1,1,0.83,0.9,-0.07,0,1,-1
2024,William Jewell College,0,0,0,0.0,0.0,0.0,0,0,0
2024,Wingate,0,0,0,0.0,0.0,0.0,0,0,0
2024,Winona State,0,0,0,0.0,0.0,0.0,0,0,0
2024,Winston-Salem State,0,0,0,0.0,0.0,0.0,0,0,0
2024,Wisconsin,16,24,-8,13.190000000000001,17.9,-4.71,3,0,3
2024,Wisconsin La Crosse,0,0,0,0.0,0.0,0.0,0,0,0
2024,Wisconsin-River Falls,0,0,0,0.0,0.0,0.0,0,0,0
2024,Wittenberg,0,0,0,0.0,0.0,0.0,0,0,0
2024,Wofford,3,2,1,1.66,0.75,0.91,0,0,0
2024,Wyoming,3,13,-10,2.5,6.510000000000001,-4.01,0,0,0
2024,Yale,0,5,-5,0.0,4.1899999999999995,-4.19,0,0,0
2024,Youngstown State,8,8,0,6.64,5.14,1.5,0,0,0
2025,Abilene Christian,17,7,10,12.52,5.98,6.54,2,0,2
2025,Adams,0,0,0,0.0,0.0,0.0,0,0,0
2025,Adams State,0,1,-1,0.0,0.0,0.0,0,0,0
2025,Air Force,0,12,-12,0.0,6.57,-6.57,0,0,0
2025,Akron,17,20,-3,12.489999999999998,14.129999999999999,-1.64,1,0,1
2025,Alabama,11,26,-15,9.670000000000002,21.140000000000004,-11.47,4,4,0
2025,Alabama A&M,2,10,-8,1.66,6.63,-4.97,0,0,0
2025,Alabama State,6,6,0,2.4899999999999998,1.65,0.84,0,0,0
2025,Albany,4,6,-2,2.33,3.3899999999999997,-1.06,0,0,0
2025,Albany State,0,0,0,0.0,0.0,0.0,0,0,0
2025,Alcorn State,4,3,1,2.4,1.68,0.72,0,0,0
2025,Allen University,0,0,0,0.0,0.0,0.0,0,0,0
2025,American International,0,0,0,0.0,0.0,0.0,0,0,0
2025,American River C.C.,1,0,1,0.0,0.0,0.0,0,0,0
2025,Anderson,2,0,2,0.0,0.0,0.0,0,0,0
2025,Angelo State,0,2,-2,0.0,0.83,-0.83,0,0,0
2025,Anna Maria College,0,0,0,0.0,0.0,0.0,0,0,0
2025,App State,32,43,-11,23.259999999999998,30.999999999999996,-7.74,0,1,-1
2025,Arizona,30,38,-8,25.53,31.059999999999995,-5.53,0,2,-2
2025,Arizona State,17,22,-5,14.509999999999998,16.62,-2.11,0,1,-1
2025,Arkansas,31,43,-12,26.040000000000003,30.799999999999997,-4.76,4,4,0
2025,Arkansas Monticello,0,0,0,0.0,0.0,0.0,0,0,0
2025,Arkansas State,32,29,3,23.09,19.039999999999996,4.05,1,0,1
2025,Arkansas Tech,0,0,0,0.0,0.0,0.0,0,0,0
2025,Arkansas-Pine Bluff,1,6,-5,0.83,2.54,-1.71,0,0,0
2025,Army,0,11,-11,0.0,5.13,-5.13,0,1,-1
2025,Ashland,0,0,0,0.0,0.0,0.0,0,0,0
2025,Ashland University,1,0,1,0.83,0.0,0.83,0,0,0
2025,Assumption,0,0,0,0.0,0.0,0.0,0,0,0
2025,Auburn,21,27,-6,18.34,20.39,-2.05,6,1,5
2025,Augustana,0,0,0,0.0,0.0,0.0,0,0,0
2025,Aurora University,0,0,0,0.0,0.0,0.0,0,0,0
2025,Austin Peay,23,8,15,17.38,5.029999999999999,12.35,1,0,1
2025,Averett University,0,0,0,0.0,0.0,0.0,0,0,0
2025,Azusa Pacific,0,0,0,0.0,0.0,0.0,0,0,0
2025,BYU,13,29,-16,10.93,23.349999999999998,-12.42,0,3,-3
2025,Ball State,24,34,-10,15.68,24.709999999999997,-9.03,0,0,0
2025,Barton,0,1,-1,0.0,0.87,-0.87,0,0,0
2025,Barton C.C.,0,0,0,0.0,0.0,0.0,0,0,0
2025,Baylor,23,17,6,18.830000000000002,11.95,6.88,1,2,-1
2025,Bemidji State,0,1,-1,0.0,0.86,-0.86,0,0,0
2025,Benedict,1,1,0,0.93,0.0,0.93,1,0,1
2025,Benedict College,0,0,0,0.0,0.0,0.0,0,0,0
2025,Bethel,0,1,-1,0.0,0.87,-0.87,0,0,0
2025,Bethune-Cookman,5,5,0,4.09,4.14,-0.05,0,0,0
2025,Black Hills State,0,0,0,0.0,0.0,0.0,0,0,0
2025,Blinn College,0,0,0,0.0,0.0,0.0,0,0,0
2025,Boise State,12,19,-7,9.25,15.749999999999998,-6.5,0,0,0
2025,Boston College,15,19,-4,12.759999999999996,16.03,-3.27,0,1,-1
2025,Bowie State,0,1,-1,0.0,0.0,0.0,0,0,0
2025,Bowling Green,21,29,-8,16.68,19.82,-3.14,0,1,-1
2025,British Columbia,1,0,1,0.83,0.0,0.83,0,0,0
2025,Brown,0,3,-3,0.0,2.48,-2.48,0,0,0
2025,Bryant,5,1,4,2.25,0.0,2.25,0,0,0
2025,Bucknell,4,5,-1,2.4899999999999998,2.49,-0.0,0,0,0
2025,Buffalo,8,10,-2,3.2800000000000002,5.6,-2.32,0,0,0
2025,Butler,4,4,0,2.33,3.25,-0.92,0,0,0
2025,Butler C.C.,0,0,0,0.0,0.0,0.0,0,0,0
2025,Butler County (KS),0,0,0,0.0,0.0,0.0,0,0,0
2025,CSU-Pueblo,2,0,2,1.76,0.0,1.76,1,0,1
2025,Cal Lutheran,0,0,0,0.0,0.0,0.0,0,0,0
2025,Cal Poly,8,7,1,6.48,5.819999999999999,0.66,0,0,0
2025,California,36,34,2,28.97,26.249999999999996,2.72,1,4,-3
2025,California (PA),0,4,-4,0.0,1.68,-1.68,0,0,0
2025,"California, Pa.",0,0,0,0.0,0.0,0.0,0,0,0
2025,Campbell,7,11,-4,3.32,9.17,-5.85,0,0,0
2025,Campbellsville,0,2,-2,0.0,0.0,0.0,0,0,0
2025,Carroll College,0,0,0,0.0,0.0,0.0,0,0,0
2025,Carson Newman,1,1,0,0.0,0.0,0.0,0,0,0
2025,Catawba,0,0,0,0.0,0.0,0.0,0,0,0
2025,Central Arkansas,10,3,7,5.73,2.53,3.2,0,0,0
2025,Central Connecticut,2,1,1,0.83,0.91,-0.08,0,1,-1
2025,Central Michigan,10,19,-9,5.82,14.36,-8.54,0,2,-2
2025,Central Missouri,2,2,0,1.66,1.63,0.03,0,0,0
2025,Central Missouri State,0,1,-1,0.0,0.85,-0.85,0,0,0
2025,Central Oklahoma,3,1,2,0.83,0.88,-0.05,0,0,0
2025,Central State,0,0,0,0.0,0.0,0.0,0,0,0
2025,Central Washington,2,0,2,0.75,0.0,0.75,0,0,0
2025,Cerritos College,0,0,0,0.0,0.0,0.0,0,0,0
2025,Chadron State,0,0,0,0.0,0.0,0.0,0,0,0
2025,Charleston Southern,4,4,0,0.83,0.85,-0.02,0,0,0
2025,Charlotte,34,44,-10,25.759999999999998,29.409999999999997,-3.65,0,2,-2
2025,Chattanooga,6,15,-9,3.3,10.979999999999999,-7.68,0,0,0
2025,Chowan,0,0,0,0.0,0.0,0.0,0,0,0
2025,Christopher Newport,0,0,0,0.0,0.0,0.0,0,0,0
2025,Cincinnati,20,13,7,17.0,10.809999999999999,6.19,1,0,1
2025,Cisco College,1,0,1,0.83,0.0,0.83,0,0,0
2025,City College of San Francisco,0,0,0,0.0,0.0,0.0,0,0,0
2025,Clarion,1,0,1,0.0,0.0,0.0,0,0,0
2025,Clark Atlanta,0,1,-1,0.0,0.0,0.0,0,0,0
2025,Clemson,4,9,-5,2.61,6.920000000000001,-4.31,1,1,0
2025,Coastal Carolina,30,49,-19,23.44,27.499999999999996,-4.06,0,2,-2
2025,Coffeyville C.C.,4,0,4,1.66,0.0,1.66,0,0,0
2025,Colgate,0,3,-3,0.0,1.7,-1.7,0,0,0
2025,College of Charleston,0,0,0,0.0,0.0,0.0,0,0,0
2025,College of Idaho,0,1,-1,0.0,0.75,-0.75,0,0,0
2025,College of San Mateo,3,0,3,1.66,0.0,1.66,0,0,0
2025,College of the Canyons,0,0,0,0.0,0.0,0.0,0,0,0
2025,College of the Sequoias,0,0,0,0.0,0.0,0.0,0,0,0
2025,Colorado,33,34,-1,27.619999999999997,27.169999999999998,0.45,3,3,0
2025,Colorado Mesa,0,0,0,0.0,0.0,0.0,0,0,0
2025,Colorado School of Mines,2,0,2,1.66,0.0,1.66,0,0,0
2025,Colorado State,18,13,5,11.74,10.14,1.6,0,0,0
2025,Columbia,0,5,-5,0.0,3.41,-3.41,0,0,0
2025,Concord,2,1,1,0.83,0.0,0.83,0,0,0
2025,Concordia St. Paul,0,0,0,0.0,0.0,0.0,0,0,0
2025,Concordia University,0,0,0,0.0,0.0,0.0,0,0,0
2025,"Concordia University, St. Paul",0,0,0,0.0,0.0,0.0,0,0,0
2025,Copiah-Lincoln C.C.,0,0,0,0.0,0.0,0.0,0,0,0
2025,Cornell,0,5,-5,0.0,2.4899999999999998,-2.49,0,0,0
2025,Dartmouth,0,7,-7,0.0,4.1899999999999995,-4.19,0,0,0
2025,Davenport,1,0,1,0.0,0.0,0.0,0,0,0
2025,Davidson,0,4,-4,0.0,0.0,0.0,0,0,0
2025,Dayton,3,1,2,0.75,0.85,-0.1,0,0,0
2025,De Anza College,0,0,0,0.0,0.0,0.0,0,0,0
2025,Defiance College,0,0,0,0.0,0.0,0.0,0,0,0
2025,Delaware,8,3,5,5.8999999999999995,2.4299999999999997,3.47,1,0,1
2025,Delaware State,8,3,5,5.869999999999999,0.82,5.05,0,0,0
2025,Delta State,0,0,0,0.0,0.0,0.0,0,0,0
2025,Des Moines,0,0,0,0.0,0.0,0.0,0,0,0
2025,Drake,2,2,0,0.75,0.85,-0.1,0,0,0
2025,Duke,9,13,-4,7.72,10.02,-2.3,1,1,0
2025,Duquesne,8,2,6,5.08,1.69,3.39,1,0,1
2025,East Carolina,24,31,-7,14.11,20.04,-5.93,0,1,-1
2025,East Central,0,1,-1,0.0,0.0,0.0,0,0,0
2025,East Central C.C.,2,0,2,1.66,0.0,1.66,0,0,0
2025,East Mississippi C.C.,1,0,1,0.83,0.0,0.83,0,0,0
2025,East Tennessee State,27,9,18,16.7,7.39,9.31,2,0,2
2025,East Texas A&M,5,4,1,3.32,1.67,1.65,0,0,0
2025,Eastern Illinois,3,3,0,0.8,1.72,-0.92,0,0,0
2025,Eastern Kentucky,3,2,1,1.58,1.73,-0.15,0,0,0
2025,Eastern Michigan,20,30,-10,12.249999999999998,22.889999999999997,-10.64,0,0,0
2025,Eastern New Mexico,0,0,0,0.0,0.0,0.0,0,0,0
2025,Eastern Washington,5,4,1,3.1,3.37,-0.27,0,0,0
2025,Edinboro University,0,0,0,0.0,0.0,0.0,0,0,0
2025,Edward Waters,1,1,0,0.0,0.0,0.0,0,0,0
2025,El Camino College,0,0,0,0.0,0.0,0.0,0,0,0
2025,Elizabeth City State,0,0,0,0.0,0.0,0.0,0,0,0
2025,Elon,2,11,-9,1.66,8.49,-6.83,0,0,0
2025,Emory & Henry,0,3,-3,0.0,2.58,-2.58,0,0,0
2025,Emporia State,2,0,2,0.83,0.0,0.83,0,0,0
2025,Erskine,0,0,0,0.0,0.0,0.0,0,0,0
2025,Erskine College,0,0,0,0.0,0.0,0.0,0,0,0
2025,Exeter,0,0,0,0.0,0.0,0.0,0,0,0
2025,Fairmont State,0,0,0,0.0,0.0,0.0,0,0,0
2025,Faulkner University,0,0,0,0.0,0.0,0.0,0,0,0
2025,Fayetteville State,1,1,0,0.83,0.0,0.83,0,0,0
2025,Ferris State,3,9,-6,2.43,6.7700000000000005,-4.34,1,0,1
2025,Ferrum College,0,0,0,0.0,0.0,0.0,0,0,0
2025,Findlay,0,0,0,0.0,0.0,0.0,0,0,0
2025,Florida,8,20,-12,6.8100000000000005,15.54,-8.73,0,6,-6
2025,Florida A&M,17,5,12,10.99,3.34,7.65,2,0,2
2025,Florida Atlantic,38,36,2,28.309999999999995,25.84,2.47,1,0,1
2025,Florida International,23,36,-13,15.93,26.479999999999997,-10.55,1,1,0
2025,Florida Memorial University,1,1,0,0.83,0.84,-0.01,0,0,0
2025,Florida State,22,34,-12,19.340000000000003,28.29,-8.95,8,6,2
2025,Fordham,0,2,-2,0.0,1.66,-1.66,0,0,0
2025,Fort Hays,4,0,4,2.52,0.0,2.52,0,0,0
2025,Fort Valley State,0,3,-3,0.0,0.84,-0.84,0,0,0
2025,Franklin College,0,0,0,0.0,0.0,0.0,0,0,0
2025,Franklin Pierce,0,1,-1,0.0,0.0,0.0,0,0,0
2025,Fresno State,21,26,-5,15.639999999999999,19.879999999999995,-4.24,0,0,0
2025,Frostburg State,0,0,0,0.0,0.0,0.0,0,0,0
2025,Furman,3,3,0,2.53,2.5100000000000002,0.02,0,0,0
2025,Gannon,0,1,-1,0.0,0.82,-0.82,0,0,0
2025,Garden City C.C. ,3,0,3,1.76,0.0,1.76,1,0,1
2025,Gardner-Webb,10,8,2,4.89,4.12,0.77,0,0,0
2025,George Fox,0,0,0,0.0,0.0,0.0,0,0,0
2025,Georgetown,1,3,-2,0.83,0.0,0.83,0,0,0
2025,Georgia,10,20,-10,8.84,15.84,-7.0,3,5,-2
2025,Georgia Military,1,0,1,0.0,0.0,0.0,0,0,0
2025,Georgia Military College Prep,2,0,2,0.83,0.0,0.83,0,0,0
2025,Georgia Southern,16,18,-2,11.64,12.48,-0.84,0,0,0
2025,Georgia State,27,37,-10,21.13,25.809999999999995,-4.68,2,1,1
2025,Georgia Tech,23,33,-10,18.93,27.86,-8.93,2,3,-1
2025,Glenville State ,0,2,-2,0.0,0.75,-0.75,0,0,0
2025,Grambling,4,5,-1,3.32,4.34,-1.02,0,1,-1
2025,Grand Valley State,3,2,1,2.41,1.69,0.72,0,0,0
2025,Hampton,4,10,-6,1.66,7.52,-5.86,0,0,0
2025,Harding,3,1,2,0.83,0.83,0.0,0,0,0
2025,Harvard,0,10,-10,0.0,7.34,-7.34,0,0,0
2025,Hawai'i,13,25,-12,9.07,16.619999999999997,-7.55,0,1,-1
2025,Heidelberg,0,0,0,0.0,0.0,0.0,0,0,0
2025,Henderson State,1,1,0,0.0,0.83,-0.83,0,0,0
2025,Highland C.C.,0,0,0,0.0,0.0,0.0,0,0,0
2025,Hillsdale College,0,0,0,0.0,0.0,0.0,0,0,0
2025,Hinds C.C.,3,0,3,2.4899999999999998,0.0,2.49,0,0,0
2025,Holmes C.C.,1,0,1,0.83,0.0,0.83,0,0,0
2025,Holy Cross,3,8,-5,1.58,5.83,-4.25,0,0,0
2025,Hope ,1,0,1,0.83,0.0,0.83,0,0,0
2025,Houston,28,28,0,21.48,20.279999999999994,1.2,2,2,0
2025,Houston Christian,15,10,5,6.48,5.89,0.59,0,0,0
2025,Howard,0,1,-1,0.0,0.83,-0.83,0,0,0
2025,Howard Payne,0,0,0,0.0,0.0,0.0,0,0,0
2025,Hutchinson C.C.,0,0,0,0.0,0.0,0.0,0,0,0
2025,IU Pennsylvania,0,0,0,0.0,0.0,0.0,0,0,0
2025,Idaho,8,20,-12,5.74,16.04,-10.3,0,1,-1
2025,Idaho State,6,6,0,3.24,4.2299999999999995,-0.99,0,0,0
2025,Illinois,18,24,-6,14.53,18.31,-3.78,1,0,1
2025,Illinois State,7,6,1,5.7299999999999995,5.140000000000001,0.59,0,1,-1
2025,Incarnate Word,13,8,5,6.57,6.85,-0.28,0,0,0
2025,Independence C.C.,1,0,1,0.86,0.0,0.86,0,0,0
2025,Indiana,23,27,-4,18.14,19.169999999999998,-1.03,2,0,2
2025,Indiana State,8,4,4,5.65,1.5899999999999999,4.06,0,0,0
2025,Indiana Wesleyan,0,1,-1,0.0,0.0,0.0,0,0,0
2025,Indianapolis,1,2,-1,0.0,0.83,-0.83,0,0,0
2025,Iowa,9,22,-13,7.76,16.61,-8.85,1,1,0
2025,Iowa Central C.C.,2,0,2,1.66,0.0,1.66,0,0,0
2025,Iowa State,8,17,-9,6.91,11.66,-4.75,1,1,0
2025,Iowa Western C.C.,2,0,2,0.83,0.0,0.83,0,0,0
2025,Itawamba C.C.,2,0,2,0.83,0.0,0.83,0,0,0
2025,Jackson State,10,3,7,6.76,2.53,4.23,2,0,2
2025,Jacksonville State,22,27,-5,15.68,19.469999999999995,-3.79,0,2,-2
2025,James Madison,29,26,3,16.78,14.219999999999999,2.56,0,0,0
2025,Johns Hopkins,0,0,0,0.0,0.0,0.0,0,0,0
2025,Johnson C. Smith,2,1,1,0.0,0.81,-0.81,0,0,0
2025,Johnson C. Smith University,0,0,0,0.0,0.0,0.0,0,0,0
2025,Kansas,27,17,10,22.180000000000003,7.65,14.53,0,1,-1
2025,Kansas State,16,26,-10,12.879999999999999,18.32,-5.44,0,1,-1
2025,Keiser (Fl),1,1,0,0.85,0.84,0.01,0,0,0
2025,Kennesaw State,27,23,4,19.679999999999993,11.66,8.02,0,0,0
2025,Kent State,12,30,-18,7.28,19.819999999999997,-12.54,0,2,-2
2025,Kentucky,25,30,-5,21.820000000000004,23.859999999999996,-2.04,7,4,3
2025,Kentucky Christian,0,0,0,0.0,0.0,0.0,0,0,0
2025,Kentucky State,0,0,0,0.0,0.0,0.0,0,0,0
2025,Kentucky Wesleyan,0,1,-1,0.0,0.0,0.0,0,0,0
2025,Kilgore College,3,0,3,0.0,0.0,0.0,0,0,0
2025,Kilgore J.C.,0,0,0,0.0,0.0,0.0,0,0,0
2025,King's College,0,1,-1,0.0,0.0,0.0,0,0,0
2025,LIU Post,0,5,-5,0.0,4.16,-4.16,0,0,0
2025,LSU,18,23,-5,16.12,18.84,-2.72,11,4,7
2025,LaGrange,0,0,0,0.0,0.0,0.0,0,0,0
2025,Lackawanna College,0,0,0,0.0,0.0,0.0,0,0,0
2025,Lafayette,3,5,-2,2.41,2.5,-0.09,0,0,0
2025,Lake Erie,0,0,0,0.0,0.0,0.0,0,0,0
2025,Lake Erie College,1,0,1,0.0,0.0,0.0,0,0,0
2025,Lamar,4,1,3,0.83,0.78,0.05,0,0,0
2025,Lamar Christian School,0,0,0,0.0,0.0,0.0,0,0,0
2025,Lane College,1,0,1,0.83,0.0,0.83,0,0,0
2025,Laney College,0,0,0,0.0,0.0,0.0,0,0,0
2025,Laurier,0,0,0,0.0,0.0,0.0,0,0,0
2025,LeMoyne-Owen,0,0,0,0.0,0.0,0.0,0,0,0
2025,Lehigh,1,0,1,0.0,0.0,0.0,0,0,0
2025,Lenoir Rhyne,2,1,1,0.85,0.0,0.85,0,0,0
2025,Lenoir-Rhyne,0,0,0,0.0,0.0,0.0,0,0,0
2025,Liberty,20,28,-8,14.959999999999999,20.049999999999997,-5.09,0,1,-1
2025,Limestone,0,3,-3,0.0,1.6600000000000001,-1.66,0,0,0
2025,Limestone College,0,0,0,0.0,0.0,0.0,0,0,0
2025,Limestone University,0,1,-1,0.0,0.86,-0.86,0,0,0
2025,Lincoln (MO),0,0,0,0.0,0.0,0.0,0,0,0
2025,Lindenwood,8,4,4,4.720000000000001,1.74,2.98,0,0,0
2025,Lindenwood University,0,0,0,0.0,0.0,0.0,0,0,0
2025,Livingstone,0,0,0,0.0,0.0,0.0,0,0,0
2025,Livingstone College,0,0,0,0.0,0.0,0.0,0,0,0
2025,Lock Haven,0,0,0,0.0,0.0,0.0,0,0,0
2025,Long Beach City College,0,0,0,0.0,0.0,0.0,0,0,0
2025,Louisiana,5,12,-7,4.17,9.309999999999999,-5.14,0,1,-1
2025,Louisiana Tech,9,33,-24,6.6,23.380000000000003,-16.78,0,2,-2
2025,Louisville,30,30,0,24.930000000000003,24.720000000000002,0.21,1,3,-2
2025,Maine,6,4,2,1.66,1.6099999999999999,0.05,0,0,0
2025,Manitoba,0,1,-1,0.0,0.86,-0.86,0,0,0
2025,Marian,0,0,0,0.0,0.0,0.0,0,0,0
2025,Marian (IN),0,1,-1,0.0,0.9,-0.9,0,1,-1
2025,Marist,0,0,0,0.0,0.0,0.0,0,0,0
2025,Mars Hill,1,0,1,0.83,0.0,0.83,0,0,0
2025,Marshall,52,56,-4,35.77,38.83,-3.06,1,4,-3
2025,Mary Hardin Baylor,1,2,-1,0.0,1.64,-1.64,0,0,0
2025,Maryland,15,31,-16,13.04,25.32,-12.28,1,0,1
2025,Maryville College,0,0,0,0.0,0.0,0.0,0,0,0
2025,Massachusetts,35,27,8,18.95,17.449999999999996,1.5,0,1,-1
2025,McKendree,0,1,-1,0.0,0.0,0.0,0,0,0
2025,McMurry University,0,0,0,0.0,0.0,0.0,0,0,0
2025,McNeese,6,9,-3,3.99,5.09,-1.1,0,0,0
2025,Memphis,36,32,4,29.439999999999998,25.81,3.63,1,2,-1
2025,Mercer,8,5,3,4.779999999999999,4.24,0.54,0,0,0
2025,Mercyhurst,0,0,0,0.0,0.0,0.0,0,0,0
2025,Mercyhurst College,1,1,0,0.0,0.85,-0.85,0,0,0
2025,Merrimack,2,2,0,0.0,1.7,-1.7,0,0,0
2025,Miami,18,20,-2,15.18,16.34,-1.16,8,2,6
2025,Miami (OH),16,12,4,13.399999999999999,8.450000000000001,4.95,1,2,-1
2025,Michigan,17,30,-13,13.78,21.0,-7.22,2,0,2
2025,Michigan State,23,23,0,19.790000000000003,18.54,1.25,1,2,-1
2025,MidAmerica Nazarene,0,0,0,0.0,0.0,0.0,0,0,0
2025,Middle Tennessee,12,31,-19,9.999999999999998,22.12,-12.12,0,0,0
2025,Midwestern State,1,0,1,0.0,0.0,0.0,0,0,0
2025,Miles,0,1,-1,0.0,0.0,0.0,0,0,0
2025,Millersville,0,1,-1,0.0,0.81,-0.81,0,0,0
2025,Minnesota,21,20,1,17.029999999999998,16.66,0.37,0,1,-1
2025,Minnesota Duluth,0,0,0,0.0,0.0,0.0,0,0,0
2025,Minnesota State,1,0,1,0.83,0.0,0.83,0,0,0
2025,Minot State,0,0,0,0.0,0.0,0.0,0,0,0
2025,Misericordia,0,0,0,0.0,0.0,0.0,0,0,0
2025,Mississippi College,0,1,-1,0.0,0.81,-0.81,0,0,0
2025,Mississippi Gulf Coast C.C.,0,0,0,0.0,0.0,0.0,0,0,0
2025,Mississippi State,32,35,-3,26.88,28.11,-1.23,3,5,-2
2025,Mississippi Valley State,4,2,2,1.66,0.0,1.66,0,0,0
2025,Missouri,21,24,-3,18.27,16.18,2.09,4,3,1
2025,Missouri S&T,1,0,1,0.0,0.0,0.0,0,0,0
2025,Missouri Southern State,0,0,0,0.0,0.0,0.0,0,0,0
2025,Missouri State,15,12,3,9.92,9.879999999999999,0.04,1,0,1
2025,Missouri Western State,0,0,0,0.0,0.0,0.0,0,0,0
2025,Monash University,0,0,0,0.0,0.0,0.0,0,0,0
2025,Monmouth,5,3,2,1.66,2.56,-0.9,0,0,0
2025,Montana,12,3,9,9.23,2.57,6.66,1,0,1
2025,Montana State,3,5,-2,2.52,3.49,-0.97,0,1,-1
2025,Montana Tech,0,0,0,0.0,0.0,0.0,0,0,0
2025,Montana Western,0,0,0,0.0,0.0,0.0,0,0,0
2025,Morehead State,1,1,0,0.75,0.0,0.75,0,0,0
2025,Morehouse,0,0,0,0.0,0.0,0.0,0,0,0
2025,Morgan State,2,2,0,1.58,0.84,0.74,0,0,0
2025,Mount St. Joseph,0,0,0,0.0,0.0,0.0,0,0,0
2025,Mount Union ,0,0,0,0.0,0.0,0.0,0,0,0
2025,Mt. San Antonio College,1,0,1,0.83,0.0,0.83,0,0,0
2025,Muhlenberg,0,0,0,0.0,0.0,0.0,0,0,0
2025,Murray State,3,5,-2,1.58,3.25,-1.67,0,0,0
2025,NC State,18,19,-1,14.579999999999997,15.479999999999999,-0.9,0,3,-3
2025,Navarro College,3,0,3,0.83,0.0,0.83,0,0,0
2025,Navy,0,5,-5,0.0,1.65,-1.65,0,0,0
2025,Nebraska,15,40,-25,13.09,29.549999999999997,-16.46,6,2,4
2025,Nebraska Kearney,2,1,1,0.83,0.82,0.01,0,0,0
2025,Nebraska-Kearney,0,0,0,0.0,0.0,0.0,0,0,0
2025,Nevada,20,31,-11,13.110000000000001,24.24999999999999,-11.14,0,2,-2
2025,New Hampshire,2,3,-1,1.58,1.55,0.03,0,0,0
2025,New Haven,2,1,1,1.76,0.86,0.9,1,0,1
2025,New Mexico,35,36,-1,24.880000000000003,21.509999999999998,3.37,0,0,0
2025,New Mexico Highlands,1,0,1,0.83,0.0,0.83,0,0,0
2025,New Mexico Military Institute,0,0,0,0.0,0.0,0.0,0,0,0
2025,New Mexico State,21,33,-12,14.030000000000001,23.36,-9.33,0,2,-2
2025,Newberry,3,3,0,2.59,0.0,2.59,1,0,1
2025,Nicholls,4,2,2,2.41,1.68,0.73,0,0,0
2025,Norfolk State,7,5,2,4.02,2.52,1.5,0,0,0
2025,North Alabama,9,8,1,5.739999999999999,5.959999999999999,-0.22,0,0,0
2025,North Carolina,39,55,-16,31.28,34.23,-2.95,7,6,1
2025,North Carolina A&T,2,10,-8,0.0,6.619999999999999,-6.62,0,0,0
2025,North Carolina Central,0,3,-3,0.0,2.63,-2.63,0,1,-1
2025,North Central College,1,0,1,0.0,0.0,0.0,0,0,0
2025,North Dakota,8,0,8,4.74,0.0,4.74,0,0,0
2025,North Dakota State,3,5,-2,2.47,4.3100000000000005,-1.84,0,0,0
2025,North Greenville,0,0,0,0.0,0.0,0.0,0,0,0
2025,North Texas,34,49,-15,24.790000000000003,32.68,-7.89,0,1,-1
2025,Northeast Mississippi C.C.,1,0,1,0.0,0.0,0.0,0,0,0
2025,Northeastern Oklahoma A&M,1,0,1,0.83,0.0,0.83,0,0,0
2025,Northeastern State,1,0,1,0.83,0.0,0.83,0,0,0
2025,Northern Arizona,4,7,-3,3.32,4.2,-0.88,0,0,0
2025,Northern Colorado,4,3,1,2.41,0.0,2.41,0,0,0
2025,Northern Illinois,5,26,-21,1.65,18.83,-17.18,0,0,0
2025,Northern Iowa,4,6,-2,1.58,2.56,-0.98,0,0,0
2025,Northern Michigan,0,1,-1,0.0,0.81,-0.81,0,0,0
2025,Northern State,1,0,1,0.84,0.0,0.84,0,0,0
2025,Northwest Mississippi C.C.,3,0,3,2.4899999999999998,0.0,2.49,0,0,0
2025,Northwest Missouri State,2,5,-3,0.0,2.56,-2.56,0,0,0
2025,Northwestern,14,12,2,11.899999999999999,10.2,1.7,0,2,-2
2025,Northwestern State,7,3,4,4.1499999999999995,1.67,2.48,0,0,0
2025,Northwood,1,0,1,0.83,0.0,0.83,0,0,0
2025,Notre Dame,8,14,-6,6.09,10.27,-4.18,1,3,-2
2025,Notre Dame College,0,0,0,0.0,0.0,0.0,0,0,0
2025,Ohio,21,16,5,13.200000000000001,10.819999999999999,2.38,0,1,-1
2025,Ohio Dominican,0,2,-2,0.0,0.0,0.0,0,0,0
2025,Ohio State,11,15,-4,7.97,11.899999999999999,-3.93,4,0,4
2025,Oklahoma,20,34,-14,16.429999999999996,27.57,-11.14,4,4,0
2025,Oklahoma Baptist,0,1,-1,0.0,0.0,0.0,0,0,0
2025,Oklahoma State,40,31,9,30.86,22.68,8.18,0,2,-2
2025,Old Dominion,12,32,-20,7.53,20.6,-13.07,1,0,1
2025,Ole Miss,28,30,-2,24.55,21.22,3.33,8,2,6
2025,Oregon,11,14,-3,9.78,11.19,-1.41,8,2,6
2025,Oregon State,14,15,-1,11.159999999999998,12.61,-1.45,2,1,1
2025,Ottawa,0,0,0,0.0,0.0,0.0,0,0,0
2025,Ouachita Baptist,2,1,1,0.83,0.75,0.08,0,0,0
2025,Ouachita Baptist University,1,0,1,0.0,0.0,0.0,0,0,0
2025,Pace,0,0,0,0.0,0.0,0.0,0,0,0
2025,Palomar College,0,0,0,0.0,0.0,0.0,0,0,0
2025,Penn State,8,16,-8,7.02,11.39,-4.37,2,4,-2
2025,Pennsylvania,0,5,-5,0.0,3.21,-3.21,0,0,0
2025,Peru State,0,0,0,0.0,0.0,0.0,0,0,0
2025,Pikeville,0,0,0,0.0,0.0,0.0,0,0,0
2025,Pittsburg State,0,2,-2,0.0,0.86,-0.86,0,0,0
2025,Pittsburgh,15,26,-11,11.999999999999998,21.769999999999996,-9.77,0,2,-2
2025,Portland State,3,6,-3,2.4899999999999998,5.01,-2.52,0,0,0
2025,Prairie View A&M,21,3,18,14.700000000000001,2.5,12.2,0,0,0
2025,Presbyterian,0,1,-1,0.0,0.82,-0.82,0,0,0
2025,Princeton,1,7,-6,0.83,5.01,-4.18,0,0,0
2025,Professional,0,0,0,0.0,0.0,0.0,0,0,0
2025,Puget Sound,0,0,0,0.0,0.0,0.0,0,0,0
2025,Purdue,51,56,-5,41.839999999999996,45.010000000000005,-3.17,0,5,-5
2025,Quincy,0,0,0,0.0,0.0,0.0,0,0,0
2025,Reinhardt,0,0,0,0.0,0.0,0.0,0,0,0
2025,Rhode Island,11,2,9,7.58,1.65,5.93,1,0,1
2025,Rice,11,21,-10,7.380000000000001,17.52,-10.14,0,1,-1
2025,Richmond,3,10,-7,2.4899999999999998,6.75,-4.26,0,0,0
2025,Riverside C.C.,0,0,0,0.0,0.0,0.0,0,0,0
2025,Roanoke,0,0,0,0.0,0.0,0.0,0,0,0
2025,Robert Morris,8,5,3,3.99,3.33,0.66,0,0,0
2025,Roosevelt,0,1,-1,0.0,0.0,0.0,0,0,0
2025,Rutgers,19,23,-4,15.409999999999998,17.809999999999995,-2.4,1,3,-2
2025,SE Louisiana,0,0,0,0.0,0.0,0.0,0,0,0
2025,SMU,20,17,3,17.27,14.339999999999998,2.93,0,1,-1
2025,Sacramento State,39,17,22,26.039999999999992,10.76,15.28,1,0,1
2025,Sacred Heart,1,3,-2,0.83,2.4299999999999997,-1.6,0,0,0
2025,Saddleback College,1,0,1,0.83,0.0,0.83,0,0,0
2025,Saginaw Valley State,1,2,-1,0.0,0.86,-0.86,0,0,0
2025,Saint Anselm,0,0,0,0.0,0.0,0.0,0,0,0
2025,Saint Francis,0,1,-1,0.0,0.0,0.0,0,0,0
2025,Saint Francis (PA),0,5,-5,0.0,3.3699999999999997,-3.37,0,0,0
2025,Salisbury University,0,0,0,0.0,0.0,0.0,0,0,0
2025,Sam Houston,26,33,-7,18.839999999999996,20.849999999999998,-2.01,0,0,0
2025,Samford,11,7,4,6.5600000000000005,5.04,1.52,0,0,0
2025,San Diego,4,0,4,3.24,0.0,3.24,0,0,0
2025,San Diego State,19,25,-6,15.799999999999999,17.639999999999997,-1.84,0,2,-2
2025,San José State,13,16,-3,8.370000000000001,10.95,-2.58,0,0,0
2025,Santa Rosa J.C.,0,0,0,0.0,0.0,0.0,0,0,0
2025,Savannah State,2,0,2,1.68,0.0,1.68,0,0,0
2025,Shaw,0,1,-1,0.0,0.82,-0.82,0,0,0
2025,Shepherd,1,2,-1,0.0,0.0,0.0,0,0,0
2025,Shepherd University,1,0,1,0.0,0.0,0.0,0,0,0
2025,Shippensburg,1,1,0,0.0,0.81,-0.81,0,0,0
2025,Shippensburg University,0,0,0,0.0,0.0,0.0,0,0,0
2025,Shorter,0,1,-1,0.0,0.82,-0.82,0,0,0
2025,Siena Heights,0,0,0,0.0,0.0,0.0,0,0,0
2025,Simon Fraser,0,0,0,0.0,0.0,0.0,0,0,0
2025,Simpson College,0,0,0,0.0,0.0,0.0,0,0,0
2025,Sioux Falls,0,0,0,0.0,0.0,0.0,0,0,0
2025,Slippery Rock,1,2,-1,0.93,1.7,-0.77,1,0,1
2025,Snow College,0,0,0,0.0,0.0,0.0,0,0,0
2025,South Alabama,23,24,-1,18.94,17.759999999999998,1.18,0,1,-1
2025,South Carolina,18,24,-6,15.79,20.259999999999998,-4.47,5,2,3
2025,South Carolina State,5,6,-1,3.24,4.2,-0.96,0,0,0
2025,South Dakota,12,8,4,8.16,6.9399999999999995,1.22,0,2,-2
2025,South Dakota Mines,0,1,-1,0.0,0.8,-0.8,0,0,0
2025,South Dakota State,13,21,-8,8.73,16.87,-8.14,0,1,-1
2025,South Florida,23,25,-2,17.65,15.149999999999999,2.5,1,1,0
2025,Southeast Missouri State,5,5,0,2.4899999999999998,4.26,-1.77,0,0,0
2025,Southeast Oklahoma State,0,0,0,0.0,0.0,0.0,0,0,0
2025,Southeastern,0,1,-1,0.0,0.83,-0.83,0,0,0
2025,Southeastern Louisiana,3,3,0,1.58,0.83,0.75,0,0,0
2025,Southern,2,6,-4,1.66,5.049999999999999,-3.39,0,1,-1
2025,Southern Arkansas,0,0,0,0.0,0.0,0.0,0,0,0
2025,Southern Connecticut State,0,0,0,0.0,0.0,0.0,0,0,0
2025,Southern Illinois,3,9,-6,1.66,5.93,-4.27,0,0,0
2025,Southern Miss,52,42,10,40.879999999999995,32.93,7.95,2,0,2
2025,Southern Oregon,0,1,-1,0.0,0.0,0.0,0,0,0
2025,Southern Utah,7,7,0,4.1499999999999995,4.140000000000001,0.01,0,0,0
2025,Southwest Baptist,1,1,0,0.83,0.0,0.83,0,0,0
2025,Southwest Minnesota State,0,0,0,0.0,0.0,0.0,0,0,0
2025,Southwest Mississippi C.C.,2,0,2,0.82,0.0,0.82,0,0,0
2025,Southwestern (KS),1,0,1,0.83,0.0,0.83,0,0,0
2025,Southwestern Oklahoma State,0,0,0,0.0,0.0,0.0,0,0,0
2025,St. Thomas,3,4,-1,2.41,3.3,-0.89,0,0,0
2025,St. Thomas University,0,0,0,0.0,0.0,0.0,0,0,0
2025,St. Vincent,0,0,0,0.0,0.0,0.0,0,0,0
2025,Stanford,17,27,-10,14.489999999999998,21.169999999999998,-6.68,0,2,-2
2025,Stephen F. Austin,10,5,5,6.65,1.5899999999999999,5.06,0,0,0
2025,Stetson,2,2,0,0.83,0.83,0.0,0,0,0
2025,Stonehill,0,0,0,0.0,0.0,0.0,0,0,0
2025,Stony Brook,4,3,1,2.42,1.68,0.74,0,0,0
2025,Susquehanna,0,0,0,0.0,0.0,0.0,0,0,0
2025,Syracuse,16,26,-10,13.69,21.069999999999997,-7.38,1,3,-2
2025,TCU,11,19,-8,9.509999999999998,16.06,-6.55,1,1,0
2025,Tarleton State,6,2,4,2.4899999999999998,0.86,1.63,0,0,0
2025,Taylor,0,0,0,0.0,0.0,0.0,0,0,0
2025,Temple,24,23,1,18.32,15.729999999999999,2.59,0,0,0
2025,Tennessee,7,24,-17,6.0600000000000005,20.03,-13.97,1,4,-3
2025,Tennessee State,12,15,-3,8.17,9.229999999999999,-1.06,0,0,0
2025,Tennessee Tech,12,4,8,7.380000000000001,3.4,3.98,0,0,0
2025,Texas,11,13,-2,8.8,10.23,-1.43,3,0,3
2025,Texas A&M,13,30,-17,11.479999999999999,22.419999999999995,-10.94,5,4,1
2025,Texas A&M-Kingsville,1,1,0,0.0,0.83,-0.83,0,0,0
2025,Texas Southern,4,8,-4,2.4899999999999998,5.08,-2.59,0,1,-1
2025,Texas State,34,34,0,25.879999999999995,22.86,3.02,2,2,0
2025,Texas Tech,21,24,-3,18.64,17.74,0.9,9,1,8
2025,Texas-Permian Basin,3,1,2,1.58,0.85,0.73,0,0,0
2025,Texas-Rio Grande Valley,11,1,10,5.65,0.0,5.65,0,0,0
2025,The Citadel,3,0,3,1.65,0.0,1.65,0,0,0
2025,Thomas More,0,1,-1,0.0,0.84,-0.84,0,0,0
2025,Tiffin University,0,0,0,0.0,0.0,0.0,0,0,0
2025,Toledo,20,17,3,15.780000000000001,11.47,4.31,0,1,-1
2025,Towson,7,2,5,4.75,0.0,4.75,0,0,0
2025,Trinity,2,0,2,0.83,0.0,0.83,0,0,0
2025,Trinity (Texas),1,0,1,0.0,0.0,0.0,0,0,0
2025,Trinity Valley C.C.,2,0,2,0.79,0.0,0.79,0,0,0
2025,Troy,16,24,-8,10.96,16.75,-5.79,1,1,0
2025,Truman State,0,0,0,0.0,0.0,0.0,0,0,0
2025,Tufts University,0,1,-1,0.0,0.75,-0.75,0,0,0
2025,Tulane,30,27,3,21.779999999999994,21.31,0.47,0,3,-3
2025,Tulsa,31,34,-3,24.000000000000004,25.689999999999998,-1.69,0,0,0
2025,Tusculum,0,1,-1,0.0,0.82,-0.82,0,0,0
2025,Tuskegee,2,0,2,0.83,0.0,0.83,0,0,0
2025,Tyler J.C. ,1,0,1,0.83,0.0,0.83,0,0,0
2025,UAB,29,37,-8,22.52,26.059999999999995,-3.54,2,1,1
2025,UAlbany,0,0,0,0.0,0.0,0.0,0,0,0
2025,UC Davis,9,2,7,6.58,1.74,4.84,0,0,0
2025,UCF,38,50,-12,29.900000000000002,37.489999999999995,-7.59,2,6,-4
2025,UCLA,30,35,-5,24.979999999999997,24.56,0.42,1,2,-1
2025,UConn,23,22,1,18.449999999999996,15.049999999999999,3.4,1,2,-1
2025,UL Monroe,14,22,-8,11.629999999999999,13.26,-1.63,0,2,-2
2025,UNC-Pembroke,3,1,2,0.83,0.0,0.83,0,0,0
2025,UNLV,40,43,-3,31.13,30.12,1.01,2,0,2
2025,USC,15,28,-13,13.069999999999999,21.940000000000005,-8.87,4,9,-5
2025,UT Martin,8,7,1,5.91,3.4,2.51,1,0,1
2025,UT-Rio Grande Valley,3,0,3,2.4899999999999998,0.0,2.49,0,0,0
2025,UT-Rio Grande Valley (Do not use),1,0,1,0.75,0.0,0.75,0,0,0
2025,UTEP,26,39,-13,17.379999999999995,23.729999999999993,-6.35,0,0,0
2025,UTRGV,0,0,0,0.0,0.0,0.0,0,0,0
2025,UTSA,20,20,0,14.37,14.249999999999998,0.12,1,1,0
2025,UVA Wise,1,0,1,0.0,0.0,0.0,0,0,0
2025,University of Calgary,0,0,0,0.0,0.0,0.0,0,0,0
2025,University of Charleston,0,1,-1,0.0,0.84,-0.84,0,0,0
2025,University of Guelph,0,0,0,0.0,0.0,0.0,0,0,0
2025,University of Mary,0,0,0,0.0,0.0,0.0,0,0,0
2025,Upper Iowa,1,1,0,0.83,0.0,0.83,0,0,0
2025,Utah,21,33,-12,17.22,28.09,-10.87,1,4,-3
2025,Utah State,24,38,-14,17.03,29.329999999999995,-12.3,0,2,-2
2025,Utah Tech,9,8,1,7.3100000000000005,5.7299999999999995,1.58,0,0,0
2025,VMI,0,2,-2,0.0,1.68,-1.68,0,0,0
2025,Valdosta State,5,4,1,1.58,3.2700000000000005,-1.69,0,0,0
2025,Valparaiso,0,2,-2,0.0,1.67,-1.67,0,0,0
2025,Vanderbilt,20,21,-1,16.3,16.66,-0.36,1,0,1
2025,Villanova,3,2,1,1.5,0.85,0.65,0,0,0
2025,Virginia,31,23,8,25.85,14.369999999999997,11.48,2,2,0
2025,Virginia State,0,0,0,0.0,0.0,0.0,0,0,0
2025,Virginia Tech,30,31,-1,24.89,24.5,0.39,0,3,-3
2025,Virginia Union,0,3,-3,0.0,2.56,-2.56,0,0,0
2025,Wagner,1,2,-1,0.0,1.67,-1.67,0,0,0
2025,Wake Forest,33,27,6,27.34,22.209999999999997,5.13,1,3,-2
2025,Walsh,0,1,-1,0.0,0.84,-0.84,0,0,0
2025,Warner University,0,0,0,0.0,0.0,0.0,0,0,0
2025,Washburn,1,2,-1,0.93,0.88,0.05,1,0,1
2025,Washington,18,32,-14,13.729999999999999,22.8,-9.07,1,3,-2
2025,Washington State,34,70,-36,25.879999999999995,49.12,-23.24,0,5,-5
2025,Wayne State,1,1,0,0.83,0.81,0.02,0,0,0
2025,Wayne State College,0,0,0,0.0,0.0,0.0,0,0,0
2025,Weber State,7,8,-1,4.989999999999999,4.21,0.78,0,0,0
2025,West Alabama,0,2,-2,0.0,0.82,-0.82,0,0,0
2025,West Chester,1,1,0,0.0,0.0,0.0,0,0,0
2025,West Florida,2,5,-3,0.83,2.4899999999999998,-1.66,0,0,0
2025,West Georgia,5,9,-4,1.66,4.18,-2.52,0,0,0
2025,West Liberty,0,2,-2,0.0,0.81,-0.81,0,0,0
2025,West Texas,5,1,4,4.07,0.82,3.25,0,0,0
2025,West Virginia,51,50,1,41.85000000000001,38.9,2.95,1,1,0
2025,West Virginia State,0,1,-1,0.0,0.0,0.0,0,0,0
2025,Western Carolina,5,10,-5,3.32,6.789999999999999,-3.47,0,0,0
2025,Western Colorado,0,1,-1,0.0,0.83,-0.83,0,0,0
2025,Western Connecticut State,0,0,0,0.0,0.0,0.0,0,0,0
2025,Western Illinois,3,6,-3,2.4899999999999998,3.3699999999999997,-0.88,0,0,0
2025,Western Kentucky,42,39,3,30.740000000000002,24.08,6.66,0,1,-1
2025,Western Michigan,23,28,-5,17.289999999999996,20.619999999999997,-3.33,0,1,-1
2025,Western New Mexico,0,0,0,0.0,0.0,0.0,0,0,0
2025,Western Oregon,0,0,0,0.0,0.0,0.0,0,0,0
2025,Wheeling,0,0,0,0.0,0.0,0.0,0,0,0
2025,William & Mary,4,3,1,2.4899999999999998,0.85,1.64,0,0,0
2025,William Jewell College,1,0,1,0.0,0.0,0.0,0,0,0
2025,Wingate,1,2,-1,0.75,0.85,-0.1,0,0,0
2025,Winona State,0,1,-1,0.0,0.0,0.0,0,0,0
2025,Winston-Salem State,1,0,1,0.0,0.0,0.0,0,0,0
2025,Wisconsin,18,33,-15,15.59,27.119999999999997,-11.53,2,3,-1
2025,Wisconsin La Crosse,0,0,0,0.0,0.0,0.0,0,0,0
2025,Wisconsin-River Falls,0,0,0,0.0,0.0,0.0,0,0,0
2025,Wittenberg,1,0,1,0.83,0.0,0.83,0,0,0
2025,Wofford,6,3,3,4.25,0.85,3.4,1,0,1
2025,Wyoming,17,22,-5,9.06,15.929999999999998,-6.87,0,0,0
2025,Yale,1,13,-12,0.85,7.410000000000001,-6.56,0,0,0
2025,Youngstown State,4,9,-5,0.83,5.67,-4.84,0,0,0
2026,Abilene Christian,7,5,2,5.029999999999999,3.29,1.74,0,0,0
2026,Adams,1,0,1,0.83,0.0,0.83,0,0,0
2026,Adams State,0,0,0,0.0,0.0,0.0,0,0,0
2026,Air Force,0,4,-4,0.0,0.75,-0.75,0,0,0
2026,Akron,15,18,-3,10.01,14.249999999999998,-4.24,0,0,0
2026,Alabama,17,24,-7,14.98,20.28,-5.3,5,8,-3
2026,Alabama A&M,7,5,2,5.930000000000001,4.2,1.73,0,0,0
2026,Alabama State,2,5,-3,1.68,3.35,-1.67,0,0,0
2026,Albany,0,7,-7,0.0,4.999999999999999,-5.0,0,0,0
2026,Albany State,0,3,-3,0.0,0.84,-0.84,0,0,0
2026,Alcorn State,1,4,-3,0.83,2.51,-1.68,0,0,0
2026,Allen University,0,3,-3,0.0,2.51,-2.51,0,0,0
2026,American International,0,1,-1,0.0,0.83,-0.83,0,0,0
2026,American River C.C.,0,0,0,0.0,0.0,0.0,0,0,0
2026,Anderson,0,4,-4,0.0,2.5,-2.5,0,0,0
2026,Angelo State,0,3,-3,0.0,2.46,-2.46,0,0,0
2026,Anna Maria College,0,1,-1,0.0,0.8,-0.8,0,0,0
2026,App State,38,43,-5,23.480000000000004,31.669999999999995,-8.19,1,0,1
2026,Arizona,22,20,2,18.03,15.9,2.13,1,0,1
2026,Arizona State,24,21,3,19.130000000000003,14.549999999999999,4.58,3,2,1
2026,Arkansas,42,43,-1,35.09,30.990000000000006,4.1,3,5,-2
2026,Arkansas Monticello,0,1,-1,0.0,0.85,-0.85,0,0,0
2026,Arkansas State,25,37,-12,19.25,29.06,-9.81,0,1,-1
2026,Arkansas Tech,0,1,-1,0.0,0.85,-0.85,0,0,0
2026,Arkansas-Pine Bluff,0,2,-2,0.0,1.66,-1.66,0,0,0
2026,Army,0,2,-2,0.0,0.79,-0.79,0,0,0
2026,Ashland,0,0,0,0.0,0.0,0.0,0,0,0
2026,Ashland University,0,2,-2,0.0,1.62,-1.62,0,0,0
2026,Assumption,0,0,0,0.0,0.0,0.0,0,0,0
2026,Auburn,39,39,0,33.86000000000001,33.220000000000006,0.64,4,10,-6
2026,Augustana,0,2,-2,0.0,1.71,-1.71,0,0,0
2026,Aurora University,0,0,0,0.0,0.0,0.0,0,0,0
2026,Austin Peay,27,5,22,16.719999999999995,2.54,14.18,1,0,1
2026,Averett University,0,1,-1,0.0,0.0,0.0,0,0,0
2026,Azusa Pacific,0,0,0,0.0,0.0,0.0,0,0,0
2026,BYU,9,14,-5,7.890000000000001,11.71,-3.82,3,0,3
2026,Ball State,24,18,6,19.169999999999998,13.229999999999999,5.94,0,0,0
2026,Barton,0,3,-3,0.0,2.4699999999999998,-2.47,0,0,0
2026,Barton C.C.,0,0,0,0.0,0.0,0.0,0,0,0
2026,Baylor,31,32,-1,25.800000000000004,24.12,1.68,2,4,-2
2026,Bemidji State,0,0,0,0.0,0.0,0.0,0,0,0
2026,Benedict,0,2,-2,0.0,0.8,-0.8,0,0,0
2026,Benedict College,0,1,-1,0.0,0.83,-0.83,0,0,0
2026,Bethel,0,0,0,0.0,0.0,0.0,0,0,0
2026,Bethune-Cookman,4,5,-1,3.43,2.54,0.89,1,0,1
2026,Black Hills State,0,1,-1,0.0,0.84,-0.84,0,0,0
2026,Blinn College,1,0,1,0.85,0.0,0.85,0,0,0
2026,Boise State,11,19,-8,8.45,15.25,-6.8,0,1,-1
2026,Boston College,26,30,-4,22.07,25.49,-3.42,0,2,-2
2026,Bowie State,0,2,-2,0.0,0.83,-0.83,0,0,0
2026,Bowling Green,17,27,-10,11.589999999999998,20.990000000000002,-9.4,0,0,0
2026,British Columbia,0,0,0,0.0,0.0,0.0,0,0,0
2026,Brown,0,1,-1,0.0,0.83,-0.83,0,0,0
2026,Bryant,6,4,2,4.99,2.54,2.45,0,0,0
2026,Bucknell,1,6,-5,0.0,4.21,-4.21,0,0,0
2026,Buffalo,16,16,0,11.66,11.73,-0.07,0,0,0
2026,Butler,0,2,-2,0.0,0.83,-0.83,0,0,0
2026,Butler C.C.,0,0,0,0.0,0.0,0.0,0,0,0
2026,Butler County (KS),0,0,0,0.0,0.0,0.0,0,0,0
2026,CSU-Pueblo,0,2,-2,0.0,1.67,-1.67,0,0,0
2026,Cal Lutheran,0,1,-1,0.0,0.83,-0.83,0,0,0
2026,Cal Poly,11,11,0,5.959999999999999,8.44,-2.48,1,0,1
2026,California,32,36,-4,26.099999999999998,28.150000000000006,-2.05,6,4,2
2026,California (PA),0,3,-3,0.0,1.68,-1.68,0,0,0
2026,"California, Pa.",0,0,0,0.0,0.0,0.0,0,0,0
2026,Campbell,3,9,-6,2.4899999999999998,5.0,-2.51,0,0,0
2026,Campbellsville,0,0,0,0.0,0.0,0.0,0,0,0
2026,Carroll College,0,1,-1,0.0,0.86,-0.86,0,0,0
2026,Carson Newman,0,1,-1,0.0,0.83,-0.83,0,0,0
2026,Catawba,0,1,-1,0.0,0.84,-0.84,0,0,0
2026,Central Arkansas,4,5,-1,3.3499999999999996,4.1499999999999995,-0.8,0,0,0
2026,Central Connecticut,0,4,-4,0.0,2.5,-2.5,0,0,0
2026,Central Michigan,12,17,-5,5.66,14.15,-8.49,0,0,0
2026,Central Missouri,0,3,-3,0.0,1.65,-1.65,0,0,0
2026,Central Missouri State,0,0,0,0.0,0.0,0.0,0,0,0
2026,Central Oklahoma,0,4,-4,0.0,3.39,-3.39,0,0,0
2026,Central State,0,3,-3,0.0,1.6,-1.6,0,0,0
2026,Central Washington,1,2,-1,0.75,1.68,-0.93,0,0,0
2026,Cerritos College,0,0,0,0.0,0.0,0.0,0,0,0
2026,Chadron State,0,0,0,0.0,0.0,0.0,0,0,0
2026,Charleston Southern,0,7,-7,0.0,5.869999999999999,-5.87,0,0,0
2026,Charlotte,19,27,-8,14.219999999999999,15.979999999999999,-1.76,0,0,0
2026,Chattanooga,3,5,-2,1.67,4.1899999999999995,-2.52,0,0,0
2026,Chowan,0,1,-1,0.0,0.0,0.0,0,0,0
2026,Christopher Newport,0,1,-1,0.0,0.84,-0.84,0,0,0
2026,Cincinnati,23,23,0,18.750000000000004,19.55,-0.8,1,1,0
2026,Cisco College,0,0,0,0.0,0.0,0.0,0,0,0
2026,City College of San Francisco,2,0,2,0.85,0.0,0.85,0,0,0
2026,Clarion,0,0,0,0.0,0.0,0.0,0,0,0
2026,Clark Atlanta,0,3,-3,0.0,1.5699999999999998,-1.57,0,0,0
2026,Clemson,11,15,-4,9.44,12.129999999999999,-2.69,0,3,-3
2026,Coastal Carolina,32,43,-11,24.49,27.449999999999996,-2.96,0,1,-1
2026,Coffeyville C.C.,0,0,0,0.0,0.0,0.0,0,0,0
2026,Colgate,0,1,-1,0.0,0.87,-0.87,0,0,0
2026,College of Charleston,0,0,0,0.0,0.0,0.0,0,0,0
2026,College of Idaho,0,0,0,0.0,0.0,0.0,0,0,0
2026,College of San Mateo,1,0,1,0.83,0.0,0.83,0,0,0
2026,College of the Canyons,0,0,0,0.0,0.0,0.0,0,0,0
2026,College of the Sequoias,1,0,1,0.0,0.0,0.0,0,0,0
2026,Colorado,42,38,4,36.300000000000004,28.540000000000003,7.76,3,3,0
2026,Colorado Mesa,0,0,0,0.0,0.0,0.0,0,0,0
2026,Colorado School of Mines,1,3,-2,0.0,2.44,-2.44,0,0,0
2026,Colorado State,32,38,-6,22.11,26.960000000000004,-4.85,2,2,0
2026,Columbia,0,2,-2,0.0,0.82,-0.82,0,0,0
2026,Concord,0,5,-5,0.0,4.21,-4.21,0,0,0
2026,Concordia St. Paul,0,1,-1,0.0,0.85,-0.85,0,0,0
2026,Concordia University,0,0,0,0.0,0.0,0.0,0,0,0
2026,"Concordia University, St. Paul",0,1,-1,0.0,0.84,-0.84,0,0,0
2026,Copiah-Lincoln C.C.,0,0,0,0.0,0.0,0.0,0,0,0
2026,Cornell,1,6,-5,0.75,3.29,-2.54,0,0,0
2026,Dartmouth,0,11,-11,0.0,8.299999999999999,-8.3,0,0,0
2026,Davenport,0,1,-1,0.0,0.83,-0.83,0,0,0
2026,Davidson,0,0,0,0.0,0.0,0.0,0,0,0
2026,Dayton,0,4,-4,0.0,2.46,-2.46,0,0,0
2026,De Anza College,0,0,0,0.0,0.0,0.0,0,0,0
2026,Defiance College,0,2,-2,0.0,1.58,-1.58,0,0,0
2026,Delaware,13,8,5,9.96,4.29,5.67,0,1,-1
2026,Delaware State,3,5,-2,2.51,3.3899999999999997,-0.88,0,0,0
2026,Delta State,0,0,0,0.0,0.0,0.0,0,0,0
2026,Des Moines,0,0,0,0.0,0.0,0.0,0,0,0
2026,Drake,0,5,-5,0.0,3.36,-3.36,0,0,0
2026,Duke,19,17,2,16.27,14.69,1.58,0,4,-4
2026,Duquesne,1,7,-6,0.75,5.85,-5.1,0,0,0
2026,East Carolina,24,26,-2,15.95,19.54,-3.59,1,1,0
2026,East Central,0,1,-1,0.0,0.0,0.0,0,0,0
2026,East Central C.C.,0,0,0,0.0,0.0,0.0,0,0,0
2026,East Mississippi C.C.,0,0,0,0.0,0.0,0.0,0,0,0
2026,East Tennessee State,21,8,13,11.6,5.88,5.72,0,0,0
2026,East Texas A&M,0,7,-7,0.0,5.889999999999999,-5.89,0,0,0
2026,Eastern Illinois,1,7,-6,0.0,5.8,-5.8,0,0,0
2026,Eastern Kentucky,9,11,-2,7.41,6.71,0.7,0,0,0
2026,Eastern Michigan,12,26,-14,8.209999999999999,17.16,-8.95,0,0,0
2026,Eastern New Mexico,0,0,0,0.0,0.0,0.0,0,0,0
2026,Eastern Washington,3,6,-3,2.4899999999999998,5.0,-2.51,0,0,0
2026,Edinboro University,0,0,0,0.0,0.0,0.0,0,0,0
2026,Edward Waters,0,1,-1,0.0,0.84,-0.84,0,0,0
2026,El Camino College,0,0,0,0.0,0.0,0.0,0,0,0
2026,Elizabeth City State,0,1,-1,0.0,0.83,-0.83,0,0,0
2026,Elon,1,14,-13,0.85,10.969999999999999,-10.12,0,0,0
2026,Emory & Henry,0,4,-4,0.0,3.38,-3.38,0,0,0
2026,Emporia State,1,2,-1,0.85,0.86,-0.01,0,0,0
2026,Erskine,0,1,-1,0.0,0.84,-0.84,0,0,0
2026,Erskine College,0,0,0,0.0,0.0,0.0,0,0,0
2026,Exeter,0,0,0,0.0,0.0,0.0,0,0,0
2026,Fairmont State,0,1,-1,0.0,0.83,-0.83,0,0,0
2026,Faulkner University,0,1,-1,0.0,0.83,-0.83,0,0,0
2026,Fayetteville State,0,0,0,0.0,0.0,0.0,0,0,0
2026,Ferris State,1,2,-1,0.0,1.72,-1.72,0,0,0
2026,Ferrum College,0,1,-1,0.0,0.0,0.0,0,0,0
2026,Findlay,0,4,-4,0.0,2.54,-2.54,0,0,0
2026,Florida,27,36,-9,20.700000000000003,30.310000000000006,-9.61,1,6,-5
2026,Florida A&M,5,9,-4,3.32,5.08,-1.76,0,1,-1
2026,Florida Atlantic,22,30,-8,14.93,20.95,-6.02,0,0,0
2026,Florida International,17,22,-5,10.049999999999999,17.72,-7.67,0,2,-2
2026,Florida Memorial University,0,0,0,0.0,0.0,0.0,0,0,0
2026,Florida State,22,44,-22,17.319999999999997,35.75000000000001,-18.43,3,9,-6
2026,Fordham,0,5,-5,0.0,2.4299999999999997,-2.43,0,0,0
2026,Fort Hays,0,2,-2,0.0,0.83,-0.83,0,0,0
2026,Fort Valley State,0,0,0,0.0,0.0,0.0,0,0,0
2026,Franklin College,0,0,0,0.0,0.0,0.0,0,0,0
2026,Franklin Pierce,0,0,0,0.0,0.0,0.0,0,0,0
2026,Fresno State,13,10,3,10.0,7.43,2.57,0,0,0
2026,Frostburg State,0,0,0,0.0,0.0,0.0,0,0,0
2026,Furman,6,8,-2,3.3099999999999996,4.13,-0.82,0,0,0
2026,Gannon,0,2,-2,0.0,1.67,-1.67,0,0,0
2026,Garden City C.C. ,0,0,0,0.0,0.0,0.0,0,0,0
2026,Gardner-Webb,2,15,-13,1.66,10.11,-8.45,0,0,0
2026,George Fox,0,0,0,0.0,0.0,0.0,0,0,0
2026,Georgetown,2,10,-8,0.75,5.779999999999999,-5.03,0,0,0
2026,Georgia,9,16,-7,8.03,13.96,-5.93,4,3,1
2026,Georgia Military,0,0,0,0.0,0.0,0.0,0,0,0
2026,Georgia Military College Prep,0,0,0,0.0,0.0,0.0,0,0,0
2026,Georgia Southern,17,18,-1,13.450000000000001,11.61,1.84,0,0,0
2026,Georgia State,33,39,-6,23.63,26.940000000000005,-3.31,2,2,0
2026,Georgia Tech,19,20,-1,16.46,16.28,0.18,3,2,1
2026,Glenville State ,0,0,0,0.0,0.0,0.0,0,0,0
2026,Grambling,2,4,-2,1.66,1.71,-0.05,0,0,0
2026,Grand Valley State,1,8,-7,0.85,5.76,-4.91,0,0,0
2026,Hampton,0,7,-7,0.0,4.1499999999999995,-4.15,0,0,0
2026,Harding,1,3,-2,0.82,0.82,0.0,0,0,0
2026,Harvard,0,5,-5,0.0,4.2,-4.2,0,0,0
2026,Hawai'i,16,9,7,13.44,5.84,7.6,1,1,0
2026,Heidelberg,0,0,0,0.0,0.0,0.0,0,0,0
2026,Henderson State,0,1,-1,0.0,0.83,-0.83,0,0,0
2026,Highland C.C.,0,0,0,0.0,0.0,0.0,0,0,0
2026,Hillsdale College,0,0,0,0.0,0.0,0.0,0,0,0
2026,Hinds C.C.,0,0,0,0.0,0.0,0.0,0,0,0
2026,Holmes C.C.,0,0,0,0.0,0.0,0.0,0,0,0
2026,Holy Cross,4,11,-7,2.46,6.699999999999999,-4.24,0,0,0
2026,Hope ,0,1,-1,0.0,0.86,-0.86,0,0,0
2026,Houston,18,17,1,14.569999999999999,11.78,2.79,0,0,0
2026,Houston Christian,1,8,-7,0.85,6.67,-5.82,0,0,0
2026,Howard,1,7,-6,0.83,5.8999999999999995,-5.07,0,0,0
2026,Howard Payne,1,0,1,0.83,0.0,0.83,0,0,0
2026,Hutchinson C.C.,1,0,1,0.84,0.0,0.84,0,0,0
2026,IU Pennsylvania,0,1,-1,0.0,0.84,-0.84,0,0,0
2026,Idaho,3,7,-4,2.46,5.79,-3.33,0,0,0
2026,Idaho State,6,7,-1,3.32,4.9399999999999995,-1.62,0,0,0
2026,Illinois,20,27,-7,15.399999999999999,22.050000000000004,-6.65,1,3,-2
2026,Illinois State,3,8,-5,0.0,4.28,-4.28,0,0,0
2026,Incarnate Word,6,5,1,3.26,2.53,0.73,0,0,0
2026,Independence C.C.,0,0,0,0.0,0.0,0.0,0,0,0
2026,Indiana,17,16,1,13.31,9.379999999999999,3.93,5,2,3
2026,Indiana State,5,6,-1,2.43,3.26,-0.83,0,0,0
2026,Indiana Wesleyan,0,0,0,0.0,0.0,0.0,0,0,0
2026,Indianapolis,0,3,-3,0.0,2.51,-2.51,0,0,0
2026,Iowa,15,8,7,11.09,6.029999999999999,5.06,0,1,-1
2026,Iowa Central C.C.,0,0,0,0.0,0.0,0.0,0,0,0
2026,Iowa State,48,55,-7,39.87,44.86000000000001,-4.99,0,7,-7
2026,Iowa Western C.C.,0,0,0,0.0,0.0,0.0,0,0,0
2026,Itawamba C.C.,0,0,0,0.0,0.0,0.0,0,0,0
2026,Jackson State,3,10,-7,2.53,7.709999999999999,-5.18,0,1,-1
2026,Jacksonville State,21,14,7,11.790000000000001,9.339999999999998,2.45,0,0,0
2026,James Madison,37,31,6,29.499999999999996,22.1,7.4,0,0,0
2026,Johns Hopkins,0,0,0,0.0,0.0,0.0,0,0,0
2026,Johnson C. Smith,0,2,-2,0.0,0.0,0.0,0,0,0
2026,Johnson C. Smith University,0,0,0,0.0,0.0,0.0,0,0,0
2026,Kansas,31,26,5,26.41000000000001,21.08,5.33,0,0,0
2026,Kansas State,26,33,-7,20.650000000000002,27.36,-6.71,1,3,-2
2026,Keiser (Fl),0,1,-1,0.0,0.85,-0.85,0,0,0
2026,Kennesaw State,29,19,10,23.45,13.489999999999997,9.96,1,0,1
2026,Kent State,11,15,-4,8.23,11.0,-2.77,0,1,-1
2026,Kentucky,31,27,4,26.060000000000002,21.360000000000003,4.7,5,1,4
2026,Kentucky Christian,0,0,0,0.0,0.0,0.0,0,0,0
2026,Kentucky State,0,0,0,0.0,0.0,0.0,0,0,0
2026,Kentucky Wesleyan,0,0,0,0.0,0.0,0.0,0,0,0
2026,Kilgore College,2,0,2,1.68,0.0,1.68,0,0,0
2026,Kilgore J.C.,0,0,0,0.0,0.0,0.0,0,0,0
2026,King's College,0,0,0,0.0,0.0,0.0,0,0,0
2026,LIU Post,3,7,-4,0.83,4.11,-3.28,0,0,0
2026,LSU,44,41,3,37.300000000000004,35.57,1.73,18,7,11
2026,LaGrange,0,1,-1,0.0,0.82,-0.82,0,0,0
2026,Lackawanna College,0,0,0,0.0,0.0,0.0,0,0,0
2026,Lafayette,1,9,-8,0.0,4.21,-4.21,0,0,0
2026,Lake Erie,0,1,-1,0.0,0.83,-0.83,0,0,0
2026,Lake Erie College,0,0,0,0.0,0.0,0.0,0,0,0
2026,Lamar,6,5,1,3.34,2.52,0.82,0,0,0
2026,Lamar Christian School,1,0,1,0.83,0.0,0.83,0,0,0
2026,Lane College,0,0,0,0.0,0.0,0.0,0,0,0
2026,Laney College,0,0,0,0.0,0.0,0.0,0,0,0
2026,Laurier,0,1,-1,0.0,0.86,-0.86,0,0,0
2026,LeMoyne-Owen,1,0,1,0.0,0.0,0.0,0,0,0
2026,Lehigh,0,5,-5,0.0,4.279999999999999,-4.28,0,0,0
2026,Lenoir Rhyne,0,1,-1,0.0,0.84,-0.84,0,0,0
2026,Lenoir-Rhyne,0,2,-2,0.0,1.7,-1.7,0,0,0
2026,Liberty,26,20,6,19.299999999999997,15.049999999999999,4.25,0,0,0
2026,Limestone,0,0,0,0.0,0.0,0.0,0,0,0
2026,Limestone College,0,0,0,0.0,0.0,0.0,0,0,0
2026,Limestone University,0,0,0,0.0,0.0,0.0,0,0,0
2026,Lincoln (MO),0,2,-2,0.0,1.66,-1.66,0,0,0
2026,Lindenwood,0,3,-3,0.0,0.86,-0.86,0,0,0
2026,Lindenwood University,0,0,0,0.0,0.0,0.0,0,0,0
2026,Livingstone,1,4,-3,0.0,3.3499999999999996,-3.35,0,0,0
2026,Livingstone College,0,0,0,0.0,0.0,0.0,0,0,0
2026,Lock Haven,0,1,-1,0.0,0.84,-0.84,0,0,0
2026,Long Beach City College,1,0,1,0.86,0.0,0.86,0,0,0
2026,Louisiana,5,8,-3,4.16,6.8,-2.64,0,1,-1
2026,Louisiana Tech,11,24,-13,8.469999999999999,15.89,-7.42,0,0,0
2026,Louisville,33,40,-7,26.739999999999995,29.06,-2.32,3,4,-1
2026,Maine,1,7,-6,0.83,4.21,-3.38,0,0,0
2026,Manitoba,0,0,0,0.0,0.0,0.0,0,0,0
2026,Marian,0,2,-2,0.0,1.69,-1.69,0,0,0
2026,Marian (IN),0,1,-1,0.0,0.85,-0.85,0,0,0
2026,Marist,0,3,-3,0.0,0.85,-0.85,0,0,0
2026,Mars Hill,0,3,-3,0.0,0.83,-0.83,0,0,0
2026,Marshall,28,22,6,18.34,12.839999999999998,5.5,0,1,-1
2026,Mary Hardin Baylor,0,0,0,0.0,0.0,0.0,0,0,0
2026,Maryland,14,16,-2,11.929999999999998,13.68,-1.75,0,1,-1
2026,Maryville College,0,1,-1,0.0,0.8,-0.8,0,0,0
2026,Massachusetts,21,19,2,16.78,13.440000000000001,3.34,1,1,0
2026,McKendree,0,0,0,0.0,0.0,0.0,0,0,0
2026,McMurry University,0,1,-1,0.0,0.0,0.0,0,0,0
2026,McNeese,2,12,-10,1.66,8.35,-6.69,0,0,0
2026,Memphis,51,47,4,41.99,37.60000000000001,4.39,2,0,2
2026,Mercer,6,18,-12,4.95,12.61,-7.66,0,0,0
2026,Mercyhurst,1,0,1,0.8,0.0,0.8,0,0,0
2026,Mercyhurst College,0,0,0,0.0,0.0,0.0,0,0,0
2026,Merrimack,2,4,-2,1.66,1.66,0.0,0,0,0
2026,Miami,12,20,-8,10.760000000000002,17.28,-6.52,7,1,6
2026,Miami (OH),16,14,2,12.86,11.959999999999999,0.9,2,2,0
2026,Michigan,17,33,-16,13.959999999999999,26.050000000000004,-12.09,4,8,-4
2026,Michigan State,28,46,-18,21.370000000000005,36.41000000000001,-15.04,0,4,-4
2026,MidAmerica Nazarene,0,1,-1,0.0,0.0,0.0,0,0,0
2026,Middle Tennessee,20,18,2,13.23,12.589999999999998,0.64,0,0,0
2026,Midwestern State,2,1,1,1.58,0.83,0.75,0,0,0
2026,Miles,0,0,0,0.0,0.0,0.0,0,0,0
2026,Millersville,0,0,0,0.0,0.0,0.0,0,0,0
2026,Minnesota,19,20,-1,14.719999999999999,13.449999999999998,1.27,2,2,0
2026,Minnesota Duluth,0,1,-1,0.0,0.88,-0.88,0,0,0
2026,Minnesota State,0,0,0,0.0,0.0,0.0,0,0,0
2026,Minot State,0,1,-1,0.0,0.0,0.0,0,0,0
2026,Misericordia,0,0,0,0.0,0.0,0.0,0,0,0
2026,Mississippi College,0,0,0,0.0,0.0,0.0,0,0,0
2026,Mississippi Gulf Coast C.C.,0,0,0,0.0,0.0,0.0,0,0,0
2026,Mississippi State,28,40,-12,24.070000000000007,31.419999999999998,-7.35,2,2,0
2026,Mississippi Valley State,0,3,-3,0.0,2.4699999999999998,-2.47,0,0,0
2026,Missouri,30,27,3,25.910000000000004,22.42,3.49,4,3,1
2026,Missouri S&T,1,0,1,0.85,0.0,0.85,0,0,0
2026,Missouri Southern State,0,2,-2,0.0,1.67,-1.67,0,0,0
2026,Missouri State,19,11,8,15.11,5.83,9.28,0,0,0
2026,Missouri Western State,0,0,0,0.0,0.0,0.0,0,0,0
2026,Monash University,0,0,0,0.0,0.0,0.0,0,0,0
2026,Monmouth,3,11,-8,1.66,6.75,-5.09,0,0,0
2026,Montana,13,8,5,8.17,5.959999999999999,2.21,0,0,0
2026,Montana State,1,5,-4,0.83,4.319999999999999,-3.49,0,0,0
2026,Montana Tech,0,1,-1,0.0,0.0,0.0,0,0,0
2026,Montana Western,0,1,-1,0.0,0.0,0.0,0,0,0
2026,Morehead State,0,0,0,0.0,0.0,0.0,0,0,0
2026,Morehouse,0,2,-2,0.0,1.69,-1.69,0,0,0
2026,Morgan State,2,7,-5,1.67,5.01,-3.34,0,0,0
2026,Mount St. Joseph,0,1,-1,0.0,0.82,-0.82,0,0,0
2026,Mount Union ,0,1,-1,0.0,0.84,-0.84,0,0,0
2026,Mt. San Antonio College,0,0,0,0.0,0.0,0.0,0,0,0
2026,Muhlenberg,0,0,0,0.0,0.0,0.0,0,0,0
2026,Murray State,2,6,-4,0.83,3.39,-2.56,0,0,0
2026,NC State,20,22,-2,16.4,18.189999999999998,-1.79,0,6,-6
2026,Navarro College,0,0,0,0.0,0.0,0.0,0,0,0
2026,Navy,0,3,-3,0.0,2.46,-2.46,0,0,0
2026,Nebraska,17,19,-2,14.67,14.509999999999998,0.16,1,2,-1
2026,Nebraska Kearney,0,2,-2,0.0,1.67,-1.67,0,0,0
2026,Nebraska-Kearney,0,1,-1,0.0,0.85,-0.85,0,0,0
2026,Nevada,14,21,-7,7.58,13.239999999999997,-5.66,1,0,1
2026,New Hampshire,3,9,-6,1.63,3.38,-1.75,0,0,0
2026,New Haven,2,1,1,0.0,0.85,-0.85,0,0,0
2026,New Mexico,14,14,0,10.04,8.22,1.82,0,1,-1
2026,New Mexico Highlands,0,0,0,0.0,0.0,0.0,0,0,0
2026,New Mexico Military Institute,0,0,0,0.0,0.0,0.0,0,0,0
2026,New Mexico State,25,24,1,17.63,14.209999999999999,3.42,0,0,0
2026,Newberry,0,2,-2,0.0,0.83,-0.83,0,0,0
2026,Nicholls,3,8,-5,2.41,6.619999999999999,-4.21,0,0,0
2026,Norfolk State,1,3,-2,0.0,1.78,-1.78,0,1,-1
2026,North Alabama,5,5,0,2.4899999999999998,2.53,-0.04,0,0,0
2026,North Carolina,19,31,-12,16.330000000000002,26.500000000000004,-10.17,0,3,-3
2026,North Carolina A&T,1,4,-3,0.83,0.83,0.0,0,0,0
2026,North Carolina Central,3,9,-6,1.67,5.1,-3.43,0,0,0
2026,North Central College,0,1,-1,0.0,0.85,-0.85,0,0,0
2026,North Dakota,2,3,-1,0.82,2.58,-1.76,0,0,0
2026,North Dakota State,3,7,-4,1.6,5.1499999999999995,-3.55,0,0,0
2026,North Greenville,0,2,-2,0.0,1.66,-1.66,0,0,0
2026,North Texas,49,38,11,34.43000000000001,28.270000000000003,6.16,0,3,-3
2026,Northeast Mississippi C.C.,0,0,0,0.0,0.0,0.0,0,0,0
2026,Northeastern Oklahoma A&M,0,0,0,0.0,0.0,0.0,0,0,0
2026,Northeastern State,0,1,-1,0.0,0.0,0.0,0,0,0
2026,Northern Arizona,5,8,-3,3.3200000000000003,5.1,-1.78,0,0,0
2026,Northern Colorado,3,8,-5,1.66,6.76,-5.1,0,0,0
2026,Northern Illinois,7,22,-15,4.17,15.95,-11.78,0,1,-1
2026,Northern Iowa,4,1,3,2.4899999999999998,0.84,1.65,0,0,0
2026,Northern Michigan,0,0,0,0.0,0.0,0.0,0,0,0
2026,Northern State,0,0,0,0.0,0.0,0.0,0,0,0
2026,Northwest Mississippi C.C.,0,0,0,0.0,0.0,0.0,0,0,0
2026,Northwest Missouri State,3,2,1,1.66,0.83,0.83,0,0,0
2026,Northwestern,17,8,9,13.69,6.970000000000001,6.72,2,3,-1
2026,Northwestern State,6,2,4,3.32,1.65,1.67,0,0,0
2026,Northwood,0,0,0,0.0,0.0,0.0,0,0,0
2026,Notre Dame,7,16,-9,6.49,14.03,-7.54,7,4,3
2026,Notre Dame College,0,0,0,0.0,0.0,0.0,0,0,0
2026,Ohio,19,16,3,13.209999999999999,11.79,1.42,0,1,-1
2026,Ohio Dominican,0,1,-1,0.0,0.83,-0.83,0,0,0
2026,Ohio State,17,38,-21,14.190000000000001,27.769999999999996,-13.58,6,5,1
2026,Oklahoma,16,29,-13,13.95,25.119999999999997,-11.17,4,3,1
2026,Oklahoma Baptist,0,0,0,0.0,0.0,0.0,0,0,0
2026,Oklahoma State,55,65,-10,43.930000000000014,53.58,-9.65,5,1,4
2026,Old Dominion,15,22,-7,11.75,16.109999999999996,-4.36,0,2,-2
2026,Ole Miss,28,27,1,24.750000000000004,20.25,4.5,10,9,1
2026,Oregon,13,31,-18,10.62,26.210000000000004,-15.59,3,7,-4
2026,Oregon State,20,35,-15,16.01,26.48,-10.47,0,2,-2
2026,Ottawa,1,0,1,0.83,0.0,0.83,0,0,0
2026,Ouachita Baptist,0,1,-1,0.0,0.87,-0.87,0,0,0
2026,Ouachita Baptist University,0,0,0,0.0,0.0,0.0,0,0,0
2026,Pace,0,1,-1,0.0,0.85,-0.85,0,0,0
2026,Palomar College,0,0,0,0.0,0.0,0.0,0,0,0
2026,Penn State,38,48,-10,32.17,40.739999999999995,-8.57,5,7,-2
2026,Pennsylvania,0,10,-10,0.0,6.58,-6.58,0,0,0
2026,Peru State,0,1,-1,0.0,0.0,0.0,0,0,0
2026,Pikeville,0,0,0,0.0,0.0,0.0,0,0,0
2026,Pittsburg State,0,3,-3,0.0,1.5699999999999998,-1.57,0,0,0
2026,Pittsburgh,16,21,-5,13.37,16.4,-3.03,0,4,-4
2026,Portland State,5,13,-8,4.14,9.08,-4.94,0,0,0
2026,Prairie View A&M,4,1,3,3.33,0.85,2.48,0,0,0
2026,Presbyterian,1,4,-3,0.0,2.46,-2.46,0,0,0
2026,Princeton,0,3,-3,0.0,2.52,-2.52,0,0,0
2026,Professional,1,0,1,0.87,0.0,0.87,0,0,0
2026,Puget Sound,0,1,-1,0.0,0.82,-0.82,0,0,0
2026,Purdue,29,24,5,24.020000000000003,17.57,6.45,1,0,1
2026,Quincy,0,1,-1,0.0,0.8,-0.8,0,0,0
2026,Reinhardt,0,1,-1,0.0,0.0,0.0,0,0,0
2026,Rhode Island,6,4,2,4.9,1.67,3.23,0,0,0
2026,Rice,20,22,-2,15.18,18.119999999999994,-2.94,1,0,1
2026,Richmond,1,5,-4,0.83,3.2800000000000002,-2.45,0,0,0
2026,Riverside C.C.,0,0,0,0.0,0.0,0.0,0,0,0
2026,Roanoke,0,1,-1,0.0,0.83,-0.83,0,0,0
2026,Robert Morris,3,4,-1,2.46,2.42,0.04,0,0,0
2026,Roosevelt,0,0,0,0.0,0.0,0.0,0,0,0
2026,Rutgers,15,15,0,11.909999999999998,12.87,-0.96,0,3,-3
2026,SE Louisiana,0,0,0,0.0,0.0,0.0,0,0,0
2026,SMU,15,26,-11,13.019999999999998,16.819999999999997,-3.8,3,0,3
2026,Sacramento State,26,22,4,21.699999999999996,16.77,4.93,0,0,0
2026,Sacred Heart,0,2,-2,0.0,1.65,-1.65,0,0,0
2026,Saddleback College,0,0,0,0.0,0.0,0.0,0,0,0
2026,Saginaw Valley State,0,6,-6,0.0,4.09,-4.09,0,0,0
2026,Saint Anselm,0,0,0,0.0,0.0,0.0,0,0,0
2026,Saint Francis,0,0,0,0.0,0.0,0.0,0,0,0
2026,Saint Francis (PA),0,8,-8,0.0,5.84,-5.84,0,0,0
2026,Salisbury University,0,1,-1,0.0,0.8,-0.8,0,0,0
2026,Sam Houston,20,15,5,15.11,10.81,4.3,0,1,-1
2026,Samford,1,5,-4,0.93,2.53,-1.6,1,0,1
2026,San Diego,0,2,-2,0.0,1.7,-1.7,0,0,0
2026,San Diego State,26,26,0,19.89,19.28,0.61,0,0,0
2026,San José State,17,16,1,13.34,13.600000000000001,-0.26,0,0,0
2026,Santa Rosa J.C.,0,0,0,0.0,0.0,0.0,0,0,0
2026,Savannah State,1,1,0,0.84,0.83,0.01,0,0,0
2026,Shaw,0,0,0,0.0,0.0,0.0,0,0,0
2026,Shepherd,0,2,-2,0.0,1.69,-1.69,0,0,0
2026,Shepherd University,0,0,0,0.0,0.0,0.0,0,0,0
2026,Shippensburg,0,2,-2,0.0,1.67,-1.67,0,0,0
2026,Shippensburg University,0,0,0,0.0,0.0,0.0,0,0,0
2026,Shorter,1,3,-2,0.93,2.47,-1.54,1,0,1
2026,Siena Heights,0,2,-2,0.0,1.67,-1.67,0,0,0
2026,Simon Fraser,0,0,0,0.0,0.0,0.0,0,0,0
2026,Simpson College,0,1,-1,0.0,0.0,0.0,0,0,0
2026,Sioux Falls,0,2,-2,0.0,0.86,-0.86,0,0,0
2026,Slippery Rock,0,2,-2,0.0,0.85,-0.85,0,0,0
2026,Snow College,0,0,0,0.0,0.0,0.0,0,0,0
2026,South Alabama,12,30,-18,8.27,21.010000000000005,-12.74,0,0,0
2026,South Carolina,27,25,2,21.529999999999998,16.34,5.19,2,2,0
2026,South Carolina State,4,5,-1,2.46,3.35,-0.89,0,0,0
2026,South Dakota,6,10,-4,3.28,5.869999999999999,-2.59,0,0,0
2026,South Dakota Mines,0,0,0,0.0,0.0,0.0,0,0,0
2026,South Dakota State,2,3,-1,1.67,2.44,-0.77,0,0,0
2026,South Florida,44,34,10,32.970000000000006,29.04,3.93,1,2,-1
2026,Southeast Missouri State,1,9,-8,0.83,6.72,-5.89,0,0,0
2026,Southeast Oklahoma State,0,0,0,0.0,0.0,0.0,0,0,0
2026,Southeastern,0,0,0,0.0,0.0,0.0,0,0,0
2026,Southeastern Louisiana,1,4,-3,0.84,2.4699999999999998,-1.63,0,0,0
2026,Southern,3,2,1,2.51,0.84,1.67,0,0,0
2026,Southern Arkansas,0,0,0,0.0,0.0,0.0,0,0,0
2026,Southern Connecticut State,0,0,0,0.0,0.0,0.0,0,0,0
2026,Southern Illinois,0,3,-3,0.0,1.68,-1.68,0,0,0
2026,Southern Miss,38,28,10,31.01,22.040000000000003,8.97,1,1,0
2026,Southern Oregon,0,0,0,0.0,0.0,0.0,0,0,0
2026,Southern Utah,2,5,-3,1.66,4.159999999999999,-2.5,0,0,0
2026,Southwest Baptist,0,0,0,0.0,0.0,0.0,0,0,0
2026,Southwest Minnesota State,0,1,-1,0.0,0.86,-0.86,0,0,0
2026,Southwest Mississippi C.C.,2,0,2,0.85,0.0,0.85,0,0,0
2026,Southwestern (KS),0,0,0,0.0,0.0,0.0,0,0,0
2026,Southwestern Oklahoma State,0,1,-1,0.0,0.85,-0.85,0,0,0
2026,St. Thomas,0,2,-2,0.0,1.66,-1.66,0,0,0
2026,St. Thomas University,0,0,0,0.0,0.0,0.0,0,0,0
2026,St. Vincent,0,1,-1,0.0,0.84,-0.84,0,0,0
2026,Stanford,6,12,-6,5.11,10.2,-5.09,0,1,-1
2026,Stephen F. Austin,15,7,8,10.87,4.239999999999999,6.63,1,0,1
2026,Stetson,0,3,-3,0.0,1.67,-1.67,0,0,0
2026,Stonehill,0,2,-2,0.0,0.85,-0.85,0,0,0
2026,Stony Brook,3,3,0,2.48,2.4899999999999998,-0.01,0,0,0
2026,Susquehanna,0,2,-2,0.0,0.0,0.0,0,0,0
2026,Syracuse,19,29,-10,16.33,24.570000000000004,-8.24,0,2,-2
2026,TCU,12,14,-2,9.44,10.389999999999999,-0.95,0,2,-2
2026,Tarleton State,13,5,8,9.99,4.2299999999999995,5.76,0,0,0
2026,Taylor,0,0,0,0.0,0.0,0.0,0,0,0
2026,Temple,23,26,-3,15.969999999999999,14.77,1.2,1,0,1
2026,Tennessee,21,29,-8,16.52,21.859999999999996,-5.34,2,7,-5
2026,Tennessee State,4,10,-6,3.35,5.81,-2.46,0,0,0
2026,Tennessee Tech,10,5,5,7.33,2.53,4.8,0,0,0
2026,Texas,22,28,-6,18.369999999999997,22.820000000000004,-4.45,8,8,0
2026,Texas A&M,19,21,-2,15.78,12.219999999999999,3.56,4,4,0
2026,Texas A&M-Kingsville,0,4,-4,0.0,3.34,-3.34,0,0,0
2026,Texas Southern,1,6,-5,0.85,4.21,-3.36,0,0,0
2026,Texas State,18,21,-3,13.559999999999999,15.839999999999998,-2.28,0,0,0
2026,Texas Tech,23,21,2,18.309999999999995,14.329999999999998,3.98,5,0,5
2026,Texas-Permian Basin,0,4,-4,0.0,1.67,-1.67,0,0,0
2026,Texas-Rio Grande Valley,0,4,-4,0.0,1.68,-1.68,0,0,0
2026,The Citadel,2,3,-1,1.68,2.57,-0.89,0,0,0
2026,Thomas More,0,0,0,0.0,0.0,0.0,0,0,0
2026,Tiffin University,0,8,-8,0.0,5.8100000000000005,-5.81,0,0,0
2026,Toledo,33,38,-5,24.309999999999995,29.57,-5.26,0,1,-1
2026,Towson,0,5,-5,0.0,4.199999999999999,-4.2,0,0,0
2026,Trinity,0,0,0,0.0,0.0,0.0,0,0,0
2026,Trinity (Texas),0,0,0,0.0,0.0,0.0,0,0,0
2026,Trinity Valley C.C.,0,0,0,0.0,0.0,0.0,0,0,0
2026,Troy,14,27,-13,10.069999999999999,19.25,-9.18,0,1,-1
2026,Truman State,0,1,-1,0.0,0.84,-0.84,0,0,0
2026,Tufts University,0,0,0,0.0,0.0,0.0,0,0,0
2026,Tulane,20,27,-7,13.54,19.650000000000006,-6.11,1,1,0
2026,Tulsa,21,22,-1,13.58,16.819999999999997,-3.24,0,2,-2
2026,Tusculum,0,0,0,0.0,0.0,0.0,0,0,0
2026,Tuskegee,0,0,0,0.0,0.0,0.0,0,0,0
2026,Tyler J.C. ,0,0,0,0.0,0.0,0.0,0,0,0
2026,UAB,38,33,5,31.089999999999996,22.77,8.32,0,2,-2
2026,UAlbany,0,0,0,0.0,0.0,0.0,0,0,0
2026,UC Davis,5,3,2,3.34,2.55,0.79,0,0,0
2026,UCF,32,35,-3,26.04,27.18,-1.14,0,2,-2
2026,UCLA,43,29,14,34.35,23.86,10.49,2,2,0
2026,UConn,53,45,8,39.51000000000002,30.52,8.99,0,2,-2
2026,UL Monroe,20,17,3,16.740000000000002,12.42,4.32,0,0,0
2026,UNC-Pembroke,1,0,1,0.0,0.0,0.0,0,0,0
2026,UNLV,16,15,1,12.84,11.17,1.67,1,2,-1
2026,USC,9,22,-13,7.03,17.38,-10.35,3,4,-1
2026,UT Martin,2,4,-2,1.7,2.56,-0.86,0,0,0
2026,UT-Rio Grande Valley,0,0,0,0.0,0.0,0.0,0,0,0
2026,UT-Rio Grande Valley (Do not use),0,0,0,0.0,0.0,0.0,0,0,0
2026,UTEP,21,20,1,13.339999999999998,15.759999999999998,-2.42,0,0,0
2026,UTRGV,4,2,2,3.33,0.83,2.5,0,0,0
2026,UTSA,22,23,-1,15.999999999999998,18.590000000000003,-2.59,1,1,0
2026,UVA Wise,0,2,-2,0.0,0.83,-0.83,0,0,0
2026,University of Calgary,0,1,-1,0.0,0.0,0.0,0,0,0
2026,University of Charleston,0,0,0,0.0,0.0,0.0,0,0,0
2026,University of Guelph,0,0,0,0.0,0.0,0.0,0,0,0
2026,University of Mary,0,0,0,0.0,0.0,0.0,0,0,0
2026,Upper Iowa,0,0,0,0.0,0.0,0.0,0,0,0
2026,Utah,17,22,-5,14.6,17.28,-2.68,1,4,-3
2026,Utah State,29,19,10,23.439999999999998,14.12,9.32,0,1,-1
2026,Utah Tech,2,5,-3,1.69,2.44,-0.75,0,0,0
2026,VMI,0,8,-8,0.0,4.2,-4.2,0,0,0
2026,Valdosta State,1,1,0,0.83,0.83,0.0,0,0,0
2026,Valparaiso,0,3,-3,0.0,2.4000000000000004,-2.4,0,0,0
2026,Vanderbilt,18,20,-2,13.85,16.37,-2.52,2,4,-2
2026,Villanova,0,8,-8,0.0,5.9399999999999995,-5.94,0,0,0
2026,Virginia,31,22,9,24.960000000000004,16.11,8.85,1,1,0
2026,Virginia State,0,1,-1,0.0,0.85,-0.85,0,0,0
2026,Virginia Tech,29,27,2,24.280000000000005,19.33,4.95,4,0,4
2026,Virginia Union,0,6,-6,0.0,3.32,-3.32,0,0,0
2026,Wagner,1,1,0,0.84,0.83,0.01,0,0,0
2026,Wake Forest,24,23,1,20.49,18.769999999999996,1.72,0,4,-4
2026,Walsh,1,0,1,0.83,0.0,0.83,0,0,0
2026,Warner University,0,1,-1,0.0,0.0,0.0,0,0,0
2026,Washburn,0,4,-4,0.0,2.52,-2.52,0,0,0
2026,Washington,14,23,-9,11.1,18.96,-7.86,1,3,-2
2026,Washington State,28,41,-13,22.02,30.06,-8.04,0,0,0
2026,Wayne State,0,4,-4,0.0,3.2,-3.2,0,0,0
2026,Wayne State College,0,1,-1,0.0,0.85,-0.85,0,0,0
2026,Weber State,2,15,-13,1.76,11.659999999999998,-9.9,1,0,1
2026,West Alabama,1,1,0,0.82,0.84,-0.02,0,0,0
2026,West Chester,0,1,-1,0.0,0.84,-0.84,0,0,0
2026,West Florida,3,9,-6,2.51,6.71,-4.2,0,0,0
2026,West Georgia,6,12,-6,4.05,9.12,-5.07,0,0,0
2026,West Liberty,0,2,-2,0.0,0.86,-0.86,0,0,0
2026,West Texas,0,0,0,0.0,0.0,0.0,0,0,0
2026,West Virginia,34,51,-17,28.130000000000003,31.140000000000004,-3.01,0,1,-1
2026,West Virginia State,0,1,-1,0.0,0.83,-0.83,0,0,0
2026,Western Carolina,5,16,-11,2.4699999999999998,9.97,-7.5,0,0,0
2026,Western Colorado,0,1,-1,0.0,0.85,-0.85,0,0,0
2026,Western Connecticut State,0,1,-1,0.0,0.85,-0.85,0,0,0
2026,Western Illinois,2,6,-4,0.83,3.18,-2.35,0,0,0
2026,Western Kentucky,19,23,-4,15.02,15.209999999999999,-0.19,0,0,0
2026,Western Michigan,14,13,1,10.05,9.07,0.98,1,1,0
2026,Western New Mexico,0,4,-4,0.0,1.65,-1.65,0,0,0
2026,Western Oregon,0,1,-1,0.0,0.83,-0.83,0,0,0
2026,Wheeling,0,3,-3,0.0,1.69,-1.69,0,0,0
2026,William & Mary,0,4,-4,0.0,3.31,-3.31,0,0,0
2026,William Jewell College,0,0,0,0.0,0.0,0.0,0,0,0
2026,Wingate,0,8,-8,0.0,5.02,-5.02,0,0,0
2026,Winona State,0,1,-1,0.0,0.75,-0.75,0,0,0
2026,Winston-Salem State,0,0,0,0.0,0.0,0.0,0,0,0
2026,Wisconsin,33,25,8,28.3,18.7,9.6,0,1,-1
2026,Wisconsin La Crosse,0,1,-1,0.0,0.83,-0.83,0,0,0
2026,Wisconsin-River Falls,0,1,-1,0.0,0.86,-0.86,0,0,0
2026,Wittenberg,0,0,0,0.0,0.0,0.0,0,0,0
2026,Wofford,1,12,-11,0.83,6.659999999999999,-5.83,0,0,0
2026,Wyoming,19,16,3,13.459999999999999,11.809999999999999,1.65,1,0,1
2026,Yale,0,10,-10,0.0,7.62,-7.62,0,0,0
2026,Youngstown State,5,6,-1,4.08,4.199999999999999,-0.12,0,0,0
