season,team,pre_off_ypa,pre_def_ypa,pre_off_ypc,pre_def_ypc,pre_tempo,pre_prate
2017,Florida State,8.984866263762997,6.014063155428068,5.189997602262819,3.510551194068787,73.37902669172865,0.45228940051484345
2017,Alabama,9.322278094472752,4.92453430318012,5.772554975375714,2.447914105861343,72.40391456803295,0.39929592364247535
2017,Florida A&M,7.045737281048679,10.531600225790154,3.127481025248283,6.737180084833053,65.01290206371667,0.4510441682942513
2017,Arkansas,8.115319152395045,7.47307545987003,4.441111414066145,4.474366305596394,72.46299103410996,0.44807207155550033
2017,Georgia Southern,6.455736733410021,7.770854095526225,3.9226429937907983,4.620755029443159,69.16837206861211,0.37418486351023084
2017,Auburn,8.391240339285677,5.84786557125381,5.263070475105035,3.2367779372031236,69.89809053974317,0.35741696473713014
2017,Michigan,8.939760389000206,5.898406890535874,5.115676381902005,3.25664907689867,71.20851950627461,0.3999646350417678
2017,Florida,8.225399888707853,6.5876888047743964,4.750631309639886,3.4132212459110733,68.99602949727395,0.44387040273622047
2017,App State,7.320647723380658,7.425999055913273,4.457588378087236,4.265778267494076,69.93707797557771,0.39875354136352237
2017,Georgia,8.217699425209402,5.736891007168113,4.886594887981397,3.733989271609617,69.46767422638521,0.4117121507002851
2017,Southern Miss,7.188673490326562,7.713089296103027,3.858322178804951,4.4614703334838595,70.995886741209,0.45525212424153366
2017,Kentucky,7.844567766881157,7.1688197999813195,4.759476969822416,4.535437604151831,72.7639365367318,0.3910547253478009
2017,LSU,8.858716627896712,5.664957320513889,5.5509076433517475,2.992135912816742,69.99370088888983,0.39472628376759566
2017,BYU,6.887598498436837,6.924347628999964,4.309005510093364,3.8651219194496607,70.30921436763795,0.4343792532063626
2017,South Alabama,6.6140770823933375,8.552518696330651,3.7753907838783975,4.96152975609972,70.6219571523748,0.45714647791613244
2017,Ole Miss,8.1038858315941,7.379704089647998,4.596690558717281,4.2641580554105385,73.00690518030575,0.516929220970048
2017,Charleston Southern,6.644780409663562,8.998957968881701,4.177275081236788,4.371332844032695,70.38631958889808,0.37730051253028196
2017,Mississippi State,7.80369901134591,6.351219963826841,4.823286701722236,4.301188988215167,72.15094585804749,0.4418028270974796
2017,Missouri,8.257808769916627,7.303926607313523,4.631164738102949,4.402440199285424,74.53748140329489,0.467826413386982
2017,Missouri State,3.9665819022685054,9.782448162203762,2.6000596799410327,6.834651937982546,56.99089866749249,0.4426566187979616
2017,NC State,8.01432039437124,7.058378275922287,4.6280765147679945,3.6570120462967073,72.06174530618993,0.4535811409234023
2017,South Carolina,7.686074117837715,7.113138803449104,4.463785019372051,4.145273192415302,70.5264125080251,0.44175942208435404
2017,Texas A&M,8.071792781301644,6.530608547133179,4.891485419387536,3.943740381408772,73.20775930463557,0.4769921259618251
2017,UCLA,7.8774743770577045,7.209533674736454,4.408129140145057,3.666546276926532,70.58878401860403,0.5223791312245888
2017,Middle Tennessee,7.85501007231063,8.206094579480695,4.416868557834929,4.595555954678689,77.0292050792008,0.5282258197074302
2017,Vanderbilt,7.584788333759974,7.325411040007559,4.524836623435243,4.155747744040931,71.19378484591309,0.4331763191889457
2017,Georgia Tech,8.563382340191767,7.680322699952135,5.11172503989277,4.129577780232333,70.76247901872674,0.2910538968232751
2017,Tennessee,8.236299717357605,6.976118588196571,4.871844993136964,4.1789610491831315,71.22304365316471,0.44255678187794384
2017,Fresno State,6.732302058798453,7.963477134622556,3.9196898969015805,4.5285469942420935,71.18380320130905,0.4507983289051755
2017,TCU,8.2540047877565,6.598551070554343,4.727122697277936,4.085351249637384,72.7859868678397,0.4857506198071121
2017,Clemson,8.73314193191479,6.565060939464864,4.921869589926138,3.400706925298212,73.20232812405249,0.5092765088144636
2017,Notre Dame,8.161408108394989,6.726189695243963,4.763428637385632,3.995421903366575,71.50964050559286,0.4737819872120475
2017,Eastern Kentucky,6.320278699766994,9.41361690584919,2.911514960577975,5.374930936393277,68.73595872326325,0.50862215313266
2017,Chattanooga,6.907585062181295,8.966328646084913,4.351795410579682,4.279472472984816,71.5538720083317,0.43463131528650606
2017,UT Martin,6.283125165826649,8.721210073026294,3.382274415762992,5.025874307438312,68.70121883378954,0.4382074953507002
2017,Louisiana Tech,7.211323168232759,8.856478296866968,3.969562764855732,4.615845714952927,75.03674756384247,0.5330144898931567
2017,Indiana State,6.755712580719994,9.643308808977764,3.357962271592612,5.506605882310157,68.66074415843629,0.4929088707135767
2017,Nicholls,4.945255226817768,8.4973839744014,3.2419973277533747,5.405958166096169,63.96172827635284,0.398769452008049
2017,Alabama A&M,5.088254874734159,9.505848287791009,2.8447099235983107,5.889417510420141,64.97279184640888,0.5265475888086305
2017,Colorado State,8.252369281320458,7.884013385625553,4.643886082414262,4.482331475094531,74.54704163583651,0.40691292976728594
2017,Mercer,7.033514121716397,9.685323575004315,3.469798810721663,5.196198795102842,71.83289790326108,0.5473581837789551
2017,Samford,6.260243453607684,7.8290177992772145,3.0685434393992033,4.2137036289358285,73.77007190952348,0.5801592461294399
2017,California,7.898453671691758,7.99850847837694,4.194332495187295,4.868888160535502,75.9998318293224,0.5755695866915865
2017,Purdue,7.154466313746102,8.466463263925561,3.719770594057928,4.980303702699853,73.49613184786837,0.5428133134662556
2017,Louisiana,5.8378406552419815,7.741058697203044,3.8232958503436705,4.326751888535014,68.36783970030345,0.3961478811550488
2017,Kansas State,7.461618037232183,6.89149405792531,4.5807020654402155,4.201050474538796,70.73083499166839,0.39145247177222003
2017,Syracuse,7.689554234982936,7.793207183135564,4.022449401124247,4.702799118272736,73.8317895873276,0.5003659924950118
2017,Massachusetts,6.6423829904820035,8.628908018189525,3.7562660661661376,4.925712262289018,72.48320780379416,0.49630014649275106
2017,New Mexico State,6.474714567715752,8.186225371493006,3.7827990184889133,5.051611566995888,72.67078386070672,0.4776848184838007
2017,Eastern Michigan,7.155479644347358,8.30882174657813,3.959277639307828,4.627181394435818,74.48833547066597,0.4932201424842148
2017,Troy,7.279883406545186,7.539466669857344,4.129569496469573,4.16207731851515,71.50734580666811,0.4711360295044834
2017,Idaho,6.563732826255743,8.612252840154062,3.699570655984031,4.6569856790394395,71.84772139413825,0.4530939069811806
2017,UConn,6.193180050814622,8.069978491923425,3.738008576578494,4.527452337470127,70.27613205269269,0.4518951900823156
2017,Coastal Carolina,6.8828261389795875,8.555267515228868,3.8268882875156267,4.585916872773345,70.85251972731174,0.4472104560976729
2017,Western Kentucky,8.010903169495062,8.374429206408337,4.333009812020804,4.050166150037125,75.09176330645599,0.47955125169952084
2017,New Mexico,7.226310208190155,7.632490862527909,4.657409664806656,4.694587904052892,71.59217366292373,0.3002079217914455
2017,UL Monroe,6.653279070515456,8.210565727402548,3.9156995648268382,5.28931990028797,72.43055193695511,0.4280143117443892
2017,UAB,6.987845621653365,8.37013677781214,3.8981616278568474,4.5512145182841985,70.91882173672708,0.4462846848725757
2017,Wofford,6.4182824577475,8.537636341146339,3.9118140742026033,4.755383943481243,66.94922109171044,0.2717728259715096
2017,Louisville,8.746378684030217,6.626607039562759,5.1025041878331745,3.512802751466193,73.66420041651736,0.44608451792906556
2017,Northern Iowa,5.6070506586463935,7.20871396798775,3.6056617945185616,3.8876067919311716,70.35232902172567,0.3856434053997161
2017,Iowa State,8.228308177571387,7.625315044978088,4.564180627435184,4.26448302637366,72.79480986561683,0.44215431059750565
2017,Liberty,5.8856164559009345,9.005755013805688,3.2975655159307093,5.429883501391482,67.53680478627733,0.4841336671181974
2017,Baylor,7.893247807916431,6.843782981471541,4.401682749321687,4.096186941137516,73.3018665657784,0.4575889926150039
2017,Southeast Missouri State,5.581297043114029,8.725093249731534,3.478344582130054,4.66184808783598,69.31680022903815,0.5150543696511691
2017,Kansas,6.696799318867074,8.1830304799882,3.928717819169466,4.7504118823112105,72.92086640049301,0.5025367758855301
2017,Central Arkansas,5.681650666766343,8.147808423150964,3.1491151452800112,4.0327486345145624,70.31256438822435,0.4464260352533952
2017,Oklahoma,9.70762884977839,6.9389856584832685,5.122217031148034,3.9819872212019582,75.44820574439669,0.43551182537702443
2017,UTEP,5.79008022597801,8.810820535050638,3.662731291846087,5.502779748277412,70.59511117818995,0.45119365420799024
2017,Tulsa,7.571518246070083,7.50046657363093,4.261936104210334,4.223766676773952,73.42303693284751,0.4356354555798975
2017,Oklahoma State,8.737072899309897,7.681896249889068,4.561588645016787,4.291682089293609,74.69898118474923,0.48127470808440864
2017,Jackson State,3.553073012305639,7.929455840135988,1.566724064136634,5.952166701233217,60.403000710014695,0.5058523394001391
2017,Texas,8.147848607928568,6.204281635659189,4.816720573314318,3.884034209427293,73.60747842561517,0.4387924477050378
2017,Maryland,7.58196554445271,7.173552605610884,4.464240855320597,4.4709122415319555,70.33375407827326,0.40215577829222615
2017,Eastern Washington,8.676658452086786,10.107199732983583,4.161544717999995,3.9916833969262564,76.94832374225308,0.5145647902880296
2017,Texas Tech,7.885619133282114,8.259713184374135,3.7474305269339445,4.9581937983139825,75.93272993710808,0.5824322163415886
2017,Virginia Tech,7.967812992922042,6.986040758399194,4.490930015192227,3.6853106569473173,71.73874287494081,0.4349379942802361
2017,West Virginia,7.722420747052136,7.200564311560543,4.592584021727111,3.9312703256095225,71.90694749736558,0.44027965978938016
2017,UTSA,6.901548191099087,7.651363553724527,4.047290689383415,4.418897547136954,71.71034450406715,0.41377736949130967
2017,Iowa,7.151685276942293,7.222675006491343,4.424832787803659,4.022502812798574,67.59714779674296,0.40140309384467177
2017,Central Michigan,7.04622086614942,8.606056072938381,3.8573296228191434,4.583342227518345,71.98840096782017,0.49840787296759786
2017,Charlotte,6.128013034571219,7.889057050248687,3.7810397545870558,4.761809739454526,72.68377816203355,0.4463564206911632
2017,Ohio State,8.985142802759952,5.397166051023543,5.390851180630362,3.2919873948564433,72.2896391071766,0.4212802606125626
2017,San José State,6.6848361564225165,8.290547199655501,3.989753330970235,4.717454656982143,71.28395681768325,0.4432363781792528
2017,East Carolina,7.1965570085160895,8.346638683496398,3.7991169546095183,4.778719364258326,74.09543444737415,0.5215317446931957
2017,Duke,7.394399619394773,7.024444679584841,4.212417492120507,4.252155722103415,72.03305661830589,0.46994789964572004
2017,Ohio,6.484384126998818,7.804476427884118,3.955877163178352,3.8679977640944063,70.62046039678607,0.43844173608357934
2017,Tulane,5.682741785727725,7.414683175348073,4.073322356001042,4.639383964247606,68.45614786088888,0.3589484657555145
2017,Pittsburgh,8.191779410920589,7.276837123434059,4.852689439714128,3.966889046784355,73.69760661876019,0.4097518821383879
2017,SMU,7.381132823079908,7.765001057964022,4.183849228096041,4.475925822305369,73.64396427936794,0.46642569657789124
2017,USC,9.168050852979567,6.002010115191174,5.1885396200786955,3.4877616213620755,73.04634610194513,0.4625180399477439
2017,Arizona State,7.6843563097176295,7.482641326962245,4.177413927351344,4.563139946567667,73.85912847765057,0.4702107743625378
2017,Delaware State,4.250732848483546,9.78872868673323,2.053004750889473,6.416727404822051,60.55134211754269,0.5116188326487463
2017,Akron,6.865982489542082,8.895064074426864,3.9005649702253034,4.772646495429138,70.50233568160101,0.4712198062700378
2017,Houston,7.230232702291491,7.176407231070234,3.993104326974354,3.567365919904021,71.83169798662294,0.4741914997306189
2017,Army,6.836759333986545,7.152370378866606,4.458912182413304,4.384769847755324,69.00547888042591,0.24842360703809407
2017,Buffalo,6.060155837423467,8.39637549131485,3.755333888980799,4.884979759099355,70.40655024439614,0.45544191761549746
2017,Rice,5.713424556080632,8.083989697662991,3.460212664064683,5.154767260327778,69.91372629532295,0.45480974808544117
2017,Temple,7.411072713237191,7.826651171285675,4.369275105124132,3.822995511009438,69.21240030628394,0.4292068811838506
2017,Fordham,3.62380384474421,7.782747839376682,1.3446492231501113,6.172113119184275,58.55097835022695,0.4728926485405336
2017,North Texas,6.078609984426248,8.594468678495724,3.640746907103929,5.11587123683587,70.6429369220388,0.48715705413147353
2017,Navy,8.188186083340533,8.276137447344638,4.73825389610082,4.351261199563126,72.77469668137742,0.2848849672232285
2017,Boston College,6.557920050298258,7.207361106759505,4.174658716733131,3.7967481159355856,66.63444959632494,0.3642465434309557
2017,Michigan State,7.406302088053247,7.147352293171903,4.498424863259082,3.9956234022727806,70.1594296659494,0.43812123953066684
2017,Miami (OH),7.277149246644367,8.054860850396647,4.2821188200466835,4.229396782215872,71.21749362114414,0.416501426165976
2017,North Carolina,7.737262752926322,7.699333835988346,4.395425885201647,4.228530018115384,71.55230186552512,0.503631826977906
2017,Wake Forest,7.383519222615874,7.01846887619568,4.4605903751670635,4.109972130894261,70.7369039231317,0.39921995731467064
2017,Miami,8.300070729639636,7.2370682942202125,4.66970270282298,3.524629154243148,71.18370728910114,0.4647902069102782
2017,Stanford,7.979505220351814,6.483212526227339,4.8220747083410105,3.8820660447099518,68.665342809918,0.3896138729459303
2017,Indiana,7.667264213346995,7.41623915413762,4.296157961883715,3.7481811107136025,71.257143708464,0.4400730037061013
2017,Minnesota,7.155332184545441,7.135299472348828,4.359964654559255,3.710709884522436,67.81307045604807,0.3939741661993869
2017,Utah State,6.877218896715139,8.059402990022486,4.209629933382789,4.421380192386772,71.50184137448676,0.4630181841290378
2017,Wisconsin,8.061688142746572,6.682468147460627,4.804677863653886,3.3852980041914407,69.18375629858373,0.3646620850435667
2017,Illinois,6.84921226413683,7.84566727912971,4.20222232087907,4.587424683150807,68.89858369163532,0.4582707574653484
2017,Ball State,6.976747101561854,7.6574071761944005,4.053869676326327,4.729761385630306,73.60991809503803,0.4561977464720931
2017,Wyoming,7.208044491279032,8.219642573082922,4.087768889429896,4.811675838109051,73.46794186576781,0.40456286818564086
2017,Bowling Green,6.894269098818027,7.333505887438724,3.9452018930798296,4.303668243853966,71.66701546784122,0.4541246729751215
2017,Arkansas State,6.899146513756246,7.719980334245226,4.011902166324611,4.02876972752704,69.00701394019761,0.4240800734599541
2017,Nebraska,7.510154252559332,7.214283885378636,4.351241837637649,4.3127677132182,71.81747833353215,0.4580181663764079
2017,Nevada,6.573682279876257,8.478550998275637,3.7611834395281956,5.405159263379781,70.72632142612049,0.44605803122463433
2017,Northwestern,7.575730756808828,7.213006334817022,4.372231200451577,3.964535065240657,72.78375552216208,0.46802849717030826
2017,Penn State,9.149280537566028,6.981123273313898,5.109690016223039,3.548505610166391,73.13741985613626,0.42437449053545073
2017,Towson,5.300343765711696,7.697815503585713,3.0244033931796,4.432578116209242,69.90679130275024,0.48090280982688244
2017,Cincinnati,7.160559669645934,7.721005648128951,4.045459543579508,4.346071915605939,71.4973209326982,0.49094820183983684
2017,Western Michigan,7.446216435890444,8.000873631593485,4.24962403033516,4.507248818669238,71.45211144699067,0.42420707383782064
2017,Rutgers,6.5699835706713,7.406977101923415,4.089417685002964,4.865816105665191,69.33148083725206,0.4081797684197528
2017,North Dakota,5.7032214244829635,7.725044867110119,3.376503719350577,4.35074440621203,70.36254968395801,0.4547411424690881
2017,Utah,7.918035863898162,6.799467530130273,4.6366741796396065,4.035215319788097,72.01963009743311,0.4242343196684726
2017,Colorado,8.276039061670726,7.040115504374386,4.574198712709616,3.6549352702116056,73.20337562913372,0.43118423583364485
2017,Washington,8.941368992885407,6.928688550725557,4.9629094939029015,3.568607235963915,71.55053142543893,0.4387331704342063
2017,Northern Arizona,7.732334039641062,10.371996104404163,3.3855038148663557,5.52067542242618,69.8383039236948,0.48474355365797
2017,Arizona,7.830478943583401,7.206235837706963,4.840833188950428,4.406740055800729,72.73110371458948,0.39469813093282186
2017,Southern Utah,4.657319918610858,8.671025096858852,2.932711338903891,5.078547584244785,64.9036230819017,0.47714858278141725
2017,Oregon,8.382629912965255,7.27801214728728,4.718358637306388,4.903868477998231,74.8493438709268,0.46985365005354984
2017,Portland State,7.053923326818277,9.897457612592254,3.4191991603895913,5.40554635732698,67.11817221987114,0.36973432581365306
2017,Oregon State,7.292255276116272,7.005983589326587,4.663415592271048,3.348975309852512,62.33789546099665,0.414003720566383
2017,Montana State,6.203642130712648,8.866510355060527,3.1876624792878427,5.932912797606558,67.58408404177858,0.5006245788531648
2017,Washington State,8.115802985135321,7.761087849170891,4.213090151284836,4.233241162991905,76.10515934894573,0.5763049928848791
2017,San Diego State,7.231707153832352,6.822105607959197,4.684923679839636,3.970347769367128,68.97840225790739,0.34756956556164287
2017,Hawai'i,7.278145979536621,8.682643836967419,4.1221271704198035,4.9936108344282655,74.18219267925434,0.4601755299308416
2017,Texas State,6.014321994203806,8.35300612423307,3.4859959996446763,5.201252794176812,70.73968540284612,0.46888910985681986
2017,Montana,6.593783936011332,8.835647119783365,3.7673917181769876,4.609050142086519,70.30815657444293,0.45334734027636164
2017,Boise State,8.352426484159047,7.992016258867505,4.586678645848696,4.056340101564559,74.0442642046377,0.45571984099520707
2017,Weber State,6.664425397221293,9.590789211213185,3.1724707024713172,6.647729024313711,64.60785645530147,0.4436311540848596
2017,Memphis,8.33750709885074,7.662535418012741,4.438874187099506,4.3345147759446085,73.68822332833864,0.46759355381378004
2017,Northern Colorado,6.549695144992624,9.569747219630305,3.123388822532781,4.771899892925592,69.47784075127791,0.46582932960628776
2017,Virginia,7.0831560268245575,7.635384366159162,4.063264843054929,4.7299467043023435,73.9734239766247,0.5167376801604981
2017,Florida Atlantic,6.998141665887863,7.552354348787059,4.061104349851034,5.234681142328717,72.83242360420189,0.43153605580122417
2017,Air Force,7.80450897049028,7.444884676303799,4.583543054669716,3.8374470549286963,72.99514849665346,0.273081462648967
2017,Northern Illinois,6.907836604029731,7.547908961512812,4.174297230228285,4.5436381030775665,73.19190503068104,0.449436229613224
2017,Georgia State,6.743567511350449,8.880175836154173,3.7811483005945323,4.561236611314919,70.87599555400362,0.4910602353991931
2017,Morgan State,4.313444137160525,9.39372955837983,1.9114970882805444,6.634607661748515,60.12550735996314,0.4802367237825688
2017,UCF,7.222862960238406,7.24134495748237,4.218272645904198,3.956458691112806,71.05111644591702,0.43778789876795143
2017,UNLV,6.6056310257803466,7.731201177572652,4.354742872281676,4.939756067961325,71.86217620907613,0.39846538027441164
2017,Presbyterian,5.579758322860348,7.916257222889207,3.209825380365626,6.33833907153457,61.908976733826194,0.4349416053392233
2017,Kent State,6.544114970423483,7.690815276143474,4.301673811097642,4.211379732899627,67.75316346076805,0.37875077206219065
2017,North Carolina Central,4.7975075295621545,9.186132659565605,2.6926276247732703,5.727911496172085,63.554963492661194,0.47815288888408447
2017,Bethune-Cookman,5.2874058823954595,9.260236212797068,3.471792347391799,6.234005054128237,62.64442511404905,0.4344039024798513
2017,Youngstown State,6.238056048335501,8.531709839983902,3.5420261726387507,4.579694216217136,69.46007799283407,0.43131959690817356
2017,Central Connecticut,7.09462030984495,7.999678328604873,4.079311605650504,4.458373819534383,70.69844269600675,0.4481975466284297
2017,William & Mary,5.731494504302405,9.475021304653657,3.39372671720932,5.2443676641699355,65.4128614042618,0.41836883602642233
2017,Jacksonville State,7.711602853838467,9.087201954167375,4.330708907380513,4.323456448612699,74.11877077492036,0.4763812698283283
2017,Marshall,6.11382172168898,8.292552190092461,3.576748098821697,5.079126410206717,71.0305269610037,0.5024078878545797
2017,Delaware,4.641565122144407,9.067945082765004,3.054944694273372,6.086306206125496,61.93348748023509,0.47943045655647404
2017,Old Dominion,6.945874493277476,8.242098572835173,4.131548608058064,4.533132083837464,70.55935618614147,0.4341203219556329
2017,Furman,4.8555647478615445,8.661341031070588,2.9104043500821075,5.081356376045162,65.49261897664984,0.4778586833665791
2017,Toledo,8.28803981166584,8.111364750297243,4.393853471930426,4.53463058026761,73.97942621059842,0.4602861402386613
2017,Murray State,4.4956038486714,10.274191226567412,1.6515885316931156,6.562152902047769,60.92662885717409,0.550476154848012
2017,The Citadel,5.294192386020533,6.868054243518771,3.6549237900036893,5.352239438626447,64.23270888489498,0.26566337875348967
2017,Western Carolina,6.0714244864937825,9.19914579128109,3.29748367164882,6.190389420126474,63.44502699908412,0.40190400275789706
2017,Florida International,6.721156328479597,8.324060434117358,3.912634874798696,5.235958458678576,73.6870614817688,0.47376649550385014
2017,Northwestern State,4.220050419138442,8.65725109162246,2.602122368255263,6.238745996820174,60.32383174563132,0.4145218504231539
2017,Lamar,5.414432473738282,9.623378786435417,3.3218900807339247,6.144170838513848,61.88797503270411,0.394841224123829
2017,UAlbany,5.347648357259548,9.24032083128736,3.2251192857787077,5.466111707103603,65.02220741544971,0.4269528845494788
2017,Alcorn State,6.232804395676506,9.93765516718626,3.105985096143435,6.668847810053916,61.96716882777385,0.38835204705267196
2017,Southern,6.486844644246268,10.087765523044792,3.201701396030815,5.9187076528919675,67.50606947178575,0.4955528875168547
2017,North Carolina A&T,6.072146709030534,8.457592783690476,3.3948330711731316,3.954218954654504,72.76476022549126,0.4684901625519655
2017,Maine,5.108600972548588,9.28657780288647,2.8837248575158947,5.494356274623474,65.43857925738621,0.4896156999218125
2017,South Florida,8.318360840907776,7.34670091775496,4.936863327005509,4.620626796209081,75.15117985244952,0.4241202388473454
2017,Austin Peay,5.751437376801549,8.242411663165338,3.148978556576707,6.346745331946018,62.36619845462593,0.37727910112599156
2017,Holy Cross,6.5150246459969,9.122308867220319,3.625777571739038,4.681764968786117,70.49188039150391,0.4517264468133945
2017,James Madison,6.376861768903325,7.8052540006386,3.270777479438921,4.645539237801226,69.32040233081845,0.4167488497484837
2017,Stony Brook,6.0348845704752305,9.41595641397271,3.4738772274746745,5.292824006927137,67.1651449624758,0.42182632193391845
2017,Stephen F. Austin,5.739839137487859,8.777295697203183,2.4451665866666406,5.3751560069843904,69.14317674750203,0.5846288632893912
2017,Grambling,7.407271991098833,8.508584631889775,3.5452424726992424,3.9886581934841283,73.88153171400914,0.5124522659652343
2017,Villanova,5.832746171173534,8.262792379956304,3.704550295867346,3.9743060252578486,72.35362035702589,0.4922328884167916
2017,Southern Illinois,5.8367984931850465,7.974373537701796,2.9231980024056368,4.566881787919978,71.34924606323185,0.5439626232897328
2017,Tennessee State,8.200971241074498,10.986795232431959,4.114635465214039,5.797200122832075,70.29986713175786,0.5063093309317213
2017,Sacramento State,5.052140633969275,9.190308151300021,2.8443133566401766,6.073866368610726,63.408169437463954,0.46040090205873774
2017,SE Louisiana,6.08776407311038,9.128215142905107,3.6693236346774616,4.593264712803989,67.76756203967528,0.3392159499058707
2017,Houston Christian,4.875443124154092,8.669051736619263,2.576199982565738,6.351885880977523,62.399625041331646,0.4625999790284999
2017,Savannah State,3.653767274072896,9.289508601519554,1.9481516398686352,7.039759400311601,55.869211716954084,0.42209649698127805
2017,New Hampshire,4.1451719723747935,8.446495991252279,2.852451158009501,5.080020543172357,62.62433262679487,0.40947895873312845
2017,Alabama State,6.178918729011044,7.698703127925234,3.7744818934420556,5.203254721229905,65.5666590809303,0.40721070605397913
2017,Arkansas-Pine Bluff,7.09462030984495,7.999678328604873,4.079311605650504,4.458373819534383,70.69844269600675,0.4481975466284297
2017,Western Illinois,7.1948842289220165,9.808331508372664,3.429728821228292,5.368238186567678,70.3566162070977,0.486456556888101
2017,Elon,5.924928275236693,9.321337245748614,2.6083955586124556,5.8049976093612035,67.8558725848315,0.5505922947273197
2017,Rhode Island,4.830055187498152,6.953511392714921,3.1101907719130093,5.740040505278585,61.162611614062044,0.4058312063470244
2017,Hampton,6.195520628180721,7.489726802480792,3.1772937813064055,4.994029351766605,68.94806921913971,0.5109476945390107
2017,Eastern Illinois,5.374531071780269,8.514165970325736,3.1847924772904803,4.876414036755111,67.79521481461164,0.4828146792759592
2017,Howard,5.80585254218341,9.68653625790771,2.8350967040223427,6.132366718397943,64.74742778288804,0.4532866399880611
2017,South Dakota,5.901101795335771,8.524802608597362,3.345018026084933,5.866307337076319,64.29624899661438,0.3887839780132216
2017,Colgate,3.8912523781453023,9.002984154783054,2.259737025701737,5.593699860345035,61.70190230687966,0.4622597970608188
2017,Tennessee Tech,5.219889088590172,9.032031420339903,2.471879222172096,5.712613146656641,65.12246761358509,0.49599912945008
2017,Wagner,5.873435780947646,8.604994138981581,3.088720311355575,5.851719515785631,63.96313883322047,0.49943613723374475
2017,VMI,5.8286156141629055,9.30799746663037,2.4621442211995053,5.1645384600809985,67.5369143911782,0.4590176567933527
2017,Abilene Christian,6.1517855717127,8.098290371123891,3.1501245214764024,5.162025222275799,65.38832969065444,0.45884444929876544
2017,Incarnate Word,5.567508516675441,7.200268431893549,3.3568515045971066,4.930079690715919,65.91211965263395,0.4882361807081822
2017,UC Davis,5.434433807355067,9.082992780477166,2.6078994381645844,5.536189577308369,66.07959581145491,0.5353448905415806
2017,Cal Poly,5.231205785414783,7.299821790618053,3.331818153478207,5.3416825556084415,64.3236247376087,0.2999542033035283
2017,Idaho State,5.791983508702717,9.740045775889795,3.1393513751090043,5.248821173109051,69.28898417433055,0.6087891551873427
2017,Gardner-Webb,6.494957533397838,9.009660413571531,4.06886022447003,4.970006611495631,67.81438218058477,0.37132873905307473
2018,Louisville,8.129381503970881,6.915025116205372,4.963391128259076,3.3822331347790566,71.82296883471942,0.45249582319905746
2018,Alabama,9.057759694627933,4.9709497224144865,5.9514815646222985,2.5625316080350213,69.25169415939943,0.39950043640411886
2018,Eastern Illinois,5.222436758841534,9.172960821659288,3.0116420722730624,5.035458563462077,63.347291305790094,0.4240800571503281
2018,Arkansas,7.532049494408843,7.053737576877108,4.435680093550779,4.420661816164746,71.48756671577611,0.43201904124670953
2018,Auburn,8.912315875606328,5.7009507808607385,5.592800912116251,3.034284168384352,71.2081334539999,0.4000000438233977
2018,Washington,8.422791017717847,6.419406085787008,4.843145838603442,3.73430686986777,72.24065083293097,0.4460819289978114
2018,Charleston Southern,4.2243808839856545,7.873725331419668,3.365310495313937,6.156324053539486,61.65279023254006,0.3060286534925252
2018,Florida,8.078668682415735,6.19388370831013,4.510552177891971,4.0416532696809195,69.50160950231984,0.45302772264622315
2018,Austin Peay,6.6666677363539755,8.470697334855664,4.284821757912652,4.288737175705695,67.2449916686569,0.3113320998866447
2018,Georgia,9.679805754381352,5.790800944307321,5.967929474051744,2.715076617437274,71.11362380821252,0.3469095850009667
2018,Central Michigan,6.480959955840745,8.679782701408895,3.4322213095924767,4.742502123985488,70.10997172096134,0.4828045898848113
2018,Kentucky,7.161554377498197,7.374716447723259,4.539545879088203,4.142390355701357,68.6129284168506,0.408028049469273
2018,Ole Miss,7.891947207087163,7.210991689887724,4.4681222977309565,4.152587441634489,71.44360597330821,0.5022031939639298
2018,Texas Tech,7.162578255286491,7.923858185488567,3.744117358727312,4.515274174532717,72.90650642794034,0.5032117779356208
2018,Stephen F. Austin,5.61412684335033,8.72052234484704,2.207275595146079,5.9543008431374735,65.82568750207405,0.4872162654425014
2018,Mississippi State,8.064211729703416,5.9150738352842005,5.3621104775148245,3.1804967373024566,67.83326088003648,0.361036044504016
2018,UT Martin,6.130239276928103,8.499643800409428,3.7076398119249174,4.570649820431289,66.1399124684211,0.32328134201886416
2018,Missouri,8.293022702620341,7.234968386303736,4.783647927586141,3.7627846795617774,72.63136724539068,0.44494980846901455
2018,Coastal Carolina,6.404486949393588,8.371815336484598,3.65906855013948,4.731599465787736,67.09739214953449,0.4183410191619124
2018,South Carolina,8.125017472904943,6.890553996793467,4.378179271816273,3.8305932441282753,70.70087091786685,0.48714353614593664
2018,West Virginia,7.630922419077987,7.2433234064305365,4.311099284892374,4.362542396002305,71.79241307795401,0.4891028373653439
2018,Tennessee,7.220920543707733,6.7308317251212655,4.7893756451159515,4.120797752769836,68.36979379380247,0.4316904910758911
2018,Northwestern State,6.391265377169917,9.504534827562905,2.784952693731716,5.290473151113755,67.07214476262821,0.5034095395359786
2018,Texas A&M,7.966718920991799,6.746852761735497,4.914863034203904,3.48734842111418,70.79051517929007,0.4617966579073662
2018,Middle Tennessee,6.829013733001131,8.022212456660474,4.129364444559125,3.968957486663757,69.39006923232347,0.4805147822291231
2018,Vanderbilt,7.402269396822462,7.790096674507112,3.9990332809315294,4.394477478411006,72.0738940887142,0.5161859638092163
2018,Arkansas State,7.620046262181099,7.9812077285236525,3.6999734102009434,4.381420266253346,72.81890419593628,0.501542780732915
2018,Colorado State,6.871032468633243,7.848004987807763,4.045079835365121,4.623551556788833,70.25002426492485,0.4449513818722161
2018,Alabama State,4.887196193043292,8.971228363008544,3.0466269045835594,5.50427885389006,62.442246144912694,0.44209844917517216
2018,SE Louisiana,6.6882865656951065,7.7135803334216595,3.4664985066719707,5.940724700149843,71.12160472435407,0.3814038509216698
2018,LSU,7.8128558222019,6.09608961960482,5.244113505007525,3.2125535746583704,67.56666303793278,0.38769469795396605
2018,Southern Illinois,6.953491915562321,9.375038226509862,3.2148671482902973,4.057262911952732,69.90362416472227,0.5276552684953447
2018,Kansas State,7.55241800964291,7.53042510075108,4.677844364080716,3.908780423057828,67.89509559117447,0.3782234974803358
2018,Wyoming,6.043511064613585,8.245790843520021,3.7835857955621486,4.22384675803387,65.6760280171779,0.4202556183252958
2018,East Tennessee State,6.254839495970212,9.12807993953128,3.5064555973774216,4.77803010258276,68.84713125599994,0.44798736917780785
2018,Clemson,8.760307977734488,5.41125624551186,5.21270064270017,3.3405494359509915,72.43348020269383,0.455717743448841
2018,Nevada,7.194685797494522,8.535976653558588,3.8835603961787943,4.4624173914030125,73.49451361222387,0.5010885696253008
2018,North Texas,7.410310131955481,8.52284545227361,3.852013439866859,4.375719391258747,71.48238024648548,0.47495081028001085
2018,Murray State,5.0356123327901745,10.044380499286614,2.064922756404111,5.836631847386884,64.16114597661173,0.4899301244517058
2018,Louisiana,7.069298560626145,8.30935415644145,3.9007930746173916,4.7945515312836,71.64501021606269,0.4575292627643337
2018,Purdue,7.907919578584071,7.545509143662229,4.159054226924175,3.7801924821802255,72.02972235124192,0.47424486883685574
2018,UTEP,5.345275394236376,9.343750631957004,3.489681084184295,4.720631324117042,66.47971210419836,0.4557869501547948
2018,UL Monroe,7.43746645389939,8.640891722366831,4.056847648703577,4.8794316523017995,73.26325590819799,0.4472671808483693
2018,Notre Dame,8.770912658671465,5.6502887336233965,5.4414437786525856,3.372732265581096,71.49248929310082,0.39930844017173495
2018,Louisiana Tech,7.262892507929303,7.717339835819336,4.117083032674739,4.572455168393419,71.63226539416652,0.4484756503602508
2018,Kent State,6.481089367186352,7.747381318688207,4.304586329792726,4.813850117368993,66.93318543093312,0.3445652925981644
2018,Southern Miss,7.141293962122688,7.9065504512038105,4.052258081111295,4.059288396704769,70.39891754752104,0.44189029957135856
2018,Tennessee State,5.782365156347437,7.3338123434074225,4.1765866774676494,5.0647322527331236,70.10130946303238,0.3434856499619944
2018,Tulsa,6.918814330659915,7.208995537290891,4.328769539270939,4.967994366301546,70.16893905549499,0.3654757276056097
2018,Memphis,7.573947722382441,7.945569128371556,4.270648422369717,4.157870973605854,72.86202001701221,0.48694692128630257
2018,Charlotte,6.915603141051358,7.914358780666832,4.280782858506784,4.3965504880436574,68.92502532553785,0.4189606618777075
2018,The Citadel,6.48424839644815,8.878112317123279,4.320769037561618,4.705314593393723,61.62306386499244,0.19890036795401828
2018,Liberty,6.891234500577849,8.330426125931258,2.7966706127292102,6.023976696401833,70.81049887970214,0.5229989527114666
2018,Idaho,5.96228785155839,8.910242655153118,3.2789831503470324,4.717802068994095,67.94459004014458,0.4476111451858598
2018,Massachusetts,7.280390390694073,8.287232924070661,3.900178284544106,4.32896592855579,71.93922706864285,0.4808636375293306
2018,Rice,6.679814920983559,8.8690593602743,4.231085995275095,4.229407038710196,68.69914902575172,0.355219423619399
2018,Chattanooga,5.854472211422614,8.604594391253865,3.14232924641366,4.765968434218109,66.45496252250281,0.4975803640840383
2018,UAB,7.01332421227242,7.403499908028737,4.205482326110182,4.6938248878857864,68.81834492247674,0.4185215891576526
2018,Florida State,7.936374212878446,5.923630669025831,5.122651040667559,3.2704545573170147,67.78248589161443,0.44052597667939386
2018,Georgia Tech,7.840375219972352,5.958476173838553,5.492448196905604,4.501274956445141,71.93705874682585,0.25491874431919925
2018,Weber State,7.06588823288559,8.878422956141959,3.646971474763959,5.6176047780774825,71.90483135343108,0.45222707203499235
2018,Utah,7.721391062694781,7.224264976198406,4.594644755553642,3.7397319997126965,69.62417993361154,0.4467329451902006
2018,Arizona,8.118512359421985,7.081812974700221,5.324012520131784,3.96013920913212,72.56173332519558,0.3494885920736591
2018,BYU,6.8409655331292045,7.519607943720244,4.136275344811069,3.715896425011758,67.29362229562267,0.48676718899487803
2018,UTSA,6.491852059993628,7.861343174951583,3.776943834472781,4.254849280692994,65.48435738463235,0.39938912231326457
2018,Arizona State,8.33546371644922,7.2350405065891685,4.390107725602998,4.45127674973182,74.34470797962443,0.4531163221692423
2018,UNLV,7.3309544200606265,7.999039206969787,4.786659257406308,4.33372240354876,71.15964003875102,0.3779853916279531
2018,USC,8.254989724517634,6.342599238798725,4.823023450163703,3.5995370701487084,71.27821650167053,0.4672753330360342
2018,Cincinnati,7.210801493533588,7.280150674122979,3.8704119418451084,4.24772665163241,69.95730902332733,0.49275906596758046
2018,UCLA,8.072756848805543,7.594845950126608,3.8745272198425176,4.811748185364502,74.50658682898177,0.5577784696775352
2018,Colorado,7.628096488217542,7.25816466061937,4.07651069145524,5.02762719748521,72.526931106141,0.47180687401772076
2018,Bowling Green,7.171900449282541,8.60480760478167,3.941189223196275,4.541532545746355,70.40954473962677,0.46741756166324006
2018,Oregon,8.059865428071564,6.1560923426693,5.270656719951274,3.893562480120087,72.01825856884786,0.35896029751536485
2018,Ohio State,9.339551629596391,5.493348873684656,5.762803993798977,2.770228314793579,72.07332225562041,0.4344981280250952
2018,Oregon State,6.624835766848955,7.782817660765025,4.063994746450648,4.939707281904355,70.75246001007478,0.46114358815754125
2018,Washington State,7.243577996183897,7.925051684142921,3.39704849547131,4.164519002040302,71.54169697746319,0.6164061537532436
2018,North Carolina,7.641876076644628,6.763865039178841,4.517799608187825,3.9734531087333855,70.34837444328367,0.46501534684434614
2018,California,7.438410129877402,7.38778080602404,4.174084443340611,4.298342903523772,72.4755102145886,0.49576588722100395
2018,Houston,7.396841892380587,7.704463662164696,3.8546448236226194,4.172275648841248,70.64077094248964,0.48783674846552366
2018,Michigan State,8.081844692001072,6.314106248187607,4.919867293374407,3.355821024777473,69.5921251919436,0.4242652366032722
2018,Oklahoma,9.012149652647294,6.653142452871158,5.1037616507109185,3.7929632940195463,75.26125881681709,0.43765927201404775
2018,Nebraska,7.585381528382322,7.32409648167045,4.144248869444874,4.0514494595638455,69.41699478913756,0.5073044880783671
2018,Northern Illinois,6.808026808864934,7.560869531867024,4.189483116444527,3.981460042358775,67.94841105400417,0.4121824058929337
2018,Portland State,5.573224109590013,8.01276242344612,3.014194539296095,5.948506198668198,69.30191747014946,0.4121392447248533
2018,Southern Utah,6.066713588700254,8.865962383677477,2.4785892849607265,4.783745580134698,64.0702587387013,0.5038900271813955
2018,North Dakota,6.027910409190505,10.15946806662679,3.1825842046777777,4.618864174239846,64.73416590581387,0.5067861359096711
2018,San José State,6.938504252139303,7.85010724271088,3.857636227408177,5.00489580307855,70.20693820987638,0.44687428141340113
2018,Stanford,8.113554608258552,6.46199962645571,5.125268857600414,3.7564225753228317,69.21739597009572,0.4345599757689737
2018,San Diego State,7.38481449092926,7.391756600886701,4.91559678412556,3.7377715466866372,68.63983538336592,0.35333897264949105
2018,Texas,8.08085339399662,6.044254248606149,4.476698504215738,3.4932746486993334,70.28983904608793,0.4723353321873349
2018,Fresno State,7.830158576388065,7.838996839631136,4.246954253316995,3.9704019654378353,71.01361061640569,0.44108847064104234
2018,New Hampshire,5.716189134380073,10.029257623085744,3.5399032431319726,4.035264259393466,63.70276704219991,0.43166845681402577
2018,Eastern Washington,5.360418093532751,7.964530020598243,2.5883250319426745,5.732414776826198,68.19954783639024,0.4806222500040699
2018,Idaho State,5.91307591187042,9.335321290052546,3.144610740750518,4.782569045442419,66.06912882588573,0.45695050472448895
2018,UC Davis,6.754325313148175,10.333721600491403,3.037887428866368,4.244165870667349,65.77763128436806,0.44005160676791877
2018,Illinois,6.851603743350173,7.74489698504715,4.256688091524645,4.038976799808578,65.10563211325102,0.4334145938872717
2018,Western Illinois,7.779459398181631,9.709857162271124,4.560289699966766,4.327499794516012,72.13147296766859,0.33535300060270323
2018,South Florida,7.14691506321647,6.87932448385211,4.792107960248883,3.817067126450336,69.66104444691821,0.3724222853958792
2018,Penn State,8.792389068026186,6.249704954033511,4.798124956166939,3.596848421480146,73.54948153242944,0.48416944276201646
2018,Rutgers,6.8611092950103645,7.571850762410721,4.254166130300493,4.375023378339107,66.39631245114339,0.3989681106329585
2018,Wisconsin,8.539570091161368,6.381916928965264,5.138451503377347,3.4880814401161317,70.18362211642088,0.37884060378733997
2018,Maryland,7.5732625347207305,7.061356015627953,4.856378729214447,3.941580488109999,71.12937973206516,0.4166025068462331
2018,Minnesota,7.501281919404368,6.942146708076715,4.628307788392977,4.343540206051277,67.99200256851624,0.3573125533210799
2018,Iowa,7.853724600037323,7.125153386319739,4.764159835780744,3.744023342687198,68.77543499518876,0.42556735343601726
2018,Northwestern,7.608543216399824,7.024047059453658,4.340283734052237,3.7934846623812954,70.00518585032275,0.4565971187162656
2018,Texas State,6.390006172057732,8.557513100286812,3.3996103212173585,4.725463136859286,68.92670555819426,0.42430989635334154
2018,Kansas,7.027179806554988,7.6075353140295014,3.717218456516096,4.687628140061738,71.15471345569665,0.5020051131847201
2018,Buffalo,6.860015551463419,9.07320837951823,3.841861395879727,4.361594450236589,70.46188658837556,0.4643153496438617
2018,Indiana,7.421727624236256,7.476677643200418,3.745208666161721,4.200596299682589,70.1034214261561,0.4906931087982482
2018,Michigan,7.857123491396376,5.460089712822752,5.1078669079508625,3.5978031385651716,68.10173621180074,0.4220170561562442
2018,Florida International,6.98089226635475,8.486740982703484,3.94496142492776,4.4183788832201785,69.45917843534697,0.42328030601839983
2018,Virginia,6.910478330261569,7.997342799729066,3.83135379639887,3.9215388763450774,67.99716635036673,0.5189180312107519
2018,Ball State,6.464688906359104,7.580079848536232,3.9675119049734073,4.808059214070269,67.30226741413114,0.43484200756408675
2018,Iowa State,7.418839291864472,7.879591849972065,4.0129279551387205,4.379121607440941,73.20308266577504,0.5123824521415881
2018,Northern Iowa,6.802945716517091,9.583549019950686,3.5200702632957572,3.7394426121980295,68.3114926494002,0.5576447950835812
2018,Temple,6.996868735970331,7.571851081214698,3.9161682361600456,4.444066148613717,71.30298160825738,0.48699813965414157
2018,Utah State,7.159155309994947,7.8438349004010846,4.190354824341292,4.393111426078787,70.48271655423294,0.4647208571005284
2018,Western Michigan,7.1215971640787155,7.0122116539937105,4.528232719512883,4.645441157297012,70.11580026731218,0.3718540080238878
2018,SMU,7.4970953817875685,7.87400599627277,4.046225091415546,4.598908541978653,73.96749492986679,0.4826651467305534
2018,Abilene Christian,5.133624704446093,8.955417717718126,2.3127611465628064,4.591103974319655,63.00434973475907,0.5723417946215936
2018,Baylor,7.50973421715796,7.12378200543586,4.143037796129291,4.378596401167447,70.76454553754552,0.49320251532496096
2018,Duke,7.170933110597543,6.532586922053805,4.115790122640003,3.7951460017278156,66.99472753173558,0.4373741547671625
2018,Oklahoma State,8.019596446757852,7.331119488725925,4.225776851559029,4.0246150258085995,73.26913682588888,0.47425766499998
2018,TCU,7.747507556430105,6.877172066995232,4.621726872855961,3.586321860753873,68.71857683546394,0.4461061309560048
2018,Akron,5.971363114605366,9.161222819788085,3.3963174080885237,5.239270603112024,70.64185848216214,0.4796931797112694
2018,Nicholls,7.943249320311294,9.503781679294484,4.2788456480430215,3.743115228031818,69.2919718814768,0.4427559168064375
2018,South Dakota,6.634460429588386,9.110964043485147,3.7545984696611234,4.901906724353637,69.83022975819965,0.40418787388582716
2018,Florida Atlantic,7.73768581375606,7.894748737642235,4.839289116921975,3.6040116398758277,69.68633091615548,0.3619931480604677
2018,Army,7.397187573084064,7.499428776300458,5.216727573207251,4.939325639678134,70.15032505218218,0.2099359417655646
2018,Southern,5.404038737666651,7.383619829200316,2.9723428330014765,5.786927451514055,65.27682582980994,0.4526798977744081
2018,Wake Forest,7.943051658701104,7.84836726094856,4.318182437738495,3.7792419103660575,71.33243076776958,0.4466030925548976
2018,Tulane,7.599209321310265,7.501635824812544,4.7165295574247414,4.497041793495348,69.69868992996271,0.3463448004420918
2018,Boston College,7.993907038613422,6.802647842258362,4.63122796161737,4.0407697472875235,69.64052944931761,0.39768878872853386
2018,Furman,7.220460047335218,9.829685612948433,3.940462219371465,4.279435229524324,66.44770004698847,0.33418186207124867
2018,Alcorn State,5.192502967415601,9.374535486916647,2.754554841950285,5.10827095839248,66.89257928453966,0.4797861974461518
2018,NC State,8.450176195587733,6.93817972286953,4.518745036138053,3.851521825332795,74.28633346586605,0.4834328811232903
2018,James Madison,6.805162247956925,8.202110295436066,4.949610111408003,3.124125145889213,68.4819839849363,0.32609391815298205
2018,Pittsburgh,7.027326580312805,7.095393634174857,4.408268282757735,3.980431970602756,69.51987943486513,0.44825255029976524
2018,UAlbany,6.411377538199505,7.800418748064747,3.3066138263096896,4.902681889596191,67.35644834112884,0.45047720749101605
2018,Richmond,6.072641455046842,9.140373688832156,3.452410681213332,4.493158393190509,68.1879956807102,0.45989703404253807
2018,Miami,8.535957923351756,6.198250294518017,4.720124629487089,3.589247705202017,72.15968010812371,0.4858471163420228
2018,Virginia Tech,7.900692207223642,6.179593510657202,4.347209337694558,4.029605699076249,69.3859336802087,0.42528577326343175
2018,Holy Cross,6.03719571179354,9.351367816899957,2.832476066377925,5.0184436650140105,71.05473605000805,0.6001740574179968
2018,Samford,5.731538774717883,10.694891802140031,2.9528806784514243,3.4300305777932927,64.46638450920565,0.5262486484548583
2018,Indiana State,5.068064530717377,9.105723831240077,3.4009796973553845,5.340856313348654,64.47269115184962,0.35563968436233206
2018,Savannah State,4.243134521368455,8.68368961502426,1.8703971881942731,6.031431760177659,56.37833980248961,0.36538420795781934
2018,East Carolina,6.432322354356938,8.507872775899303,3.146958115413239,5.047609434348287,70.9644940026976,0.5146914701016151
2018,Georgia State,6.904913804070028,8.17419117295656,3.500137044020831,4.760859932700867,70.55954117258146,0.4691584486735653
2018,Syracuse,7.817671796474251,7.228628433348803,4.193819826835792,4.139458440674379,72.36940774871233,0.47552776163263305
2018,Wagner,3.7315076894449706,9.069174707024025,1.8158120078451923,6.787460357480305,56.313382580932846,0.3503378014117997
2018,William & Mary,6.008740454304849,8.862708678429128,3.811723325495898,4.959500810115405,65.67319793913666,0.31605777910353217
2018,Towson,5.899067904561962,9.50943986829418,2.52894189463961,6.013570361873166,63.49945250000796,0.4923645363105331
2018,Georgia Southern,6.988946426252831,7.4382220433637425,4.390287202799706,4.878883457888543,68.51890409387363,0.29746982533263155
2018,Western Kentucky,6.075660336635511,8.644701943567819,2.952254531426714,4.994828307041173,70.06467690753279,0.5610496199751425
2018,Toledo,7.478497190649679,7.710925434287328,4.336039444304694,4.293207530989587,70.88615696903052,0.4192614747237377
2018,Ohio,7.597725900146953,7.912835099037482,4.3892285864972544,4.23029640542302,70.39690887705828,0.4024963047493198
2018,North Carolina Central,5.436471584779605,7.956148016497832,3.1419967329942455,5.2882102551715064,60.830351934876155,0.4033754118029731
2018,Marshall,6.943067459074682,7.301116670697932,4.107772983191158,3.557898906746443,70.43499025707997,0.47870028834241807
2018,UConn,6.948287572383795,8.725168553717715,3.6810435123742695,4.541903094480836,71.14269434640845,0.4602250293832615
2018,Old Dominion,6.447041442546831,7.910784162286314,4.117192711530741,4.554777556030766,69.16908553644427,0.4199540772395685
2018,UCF,8.716987662223618,7.637949311957049,4.512164745856821,3.944808701368962,73.41533744903651,0.46097257105232703
2018,Western Carolina,5.547638981919149,8.420261724832736,3.364016068121598,5.483344590001442,66.47281866697564,0.4129270513018066
2018,Navy,7.087020773491569,6.586428398554927,4.9888616191073965,4.8164159626583505,71.7588247672966,0.2286437801686102
2018,Lamar,5.515870677899576,8.317353692458077,2.533052692050757,6.636644400423954,66.54226079357697,0.5202047666922269
2018,Youngstown State,6.7828252488859295,10.202129322351078,3.9554504934724064,3.4348273909986604,68.9378644982253,0.48193250962971573
2018,New Mexico State,6.459927889847556,9.183532435265473,3.35622485002237,4.153547704715394,70.3846394031322,0.5529160411594154
2018,Miami (OH),6.858355560135792,8.052284158503255,3.802264268385209,4.652264552444166,69.57917043751182,0.4586787671760904
2018,Troy,6.9173713984097915,8.208646170865222,3.8159485690870074,3.925202655578036,69.01578557334015,0.48879624990896087
2018,App State,6.775422255493043,7.83820000869251,4.3455378945088,4.2102142904041555,68.46348581076292,0.4022457666088351
2018,Eastern Michigan,6.36952293184956,8.833134552299722,3.387231115394564,4.523008306779538,68.73712175788421,0.4778612597805334
2018,New Mexico,-0.6229282707967325,7.122261941612002,2.438502308543601,2.434554660222115,-12.45696002166413,0.10172353235523701
2018,Duquesne,6.322324406252685,9.15825628314196,3.495411177610851,4.770630014461299,69.01700449124465,0.4457855330074288
2018,Hawai'i,6.270464119703606,8.35956681300385,3.5586677005809153,4.978675160359206,70.83993637775743,0.4738451063983581
2018,Air Force,7.24153395815283,7.307366148371035,4.466672630503829,5.499915332838252,72.20695323109355,0.2745828650447696
2018,Lafayette,6.728332868039247,9.440820006687494,3.248242185024434,5.034106276779849,69.81736029275551,0.4151246873207162
2018,Colgate,5.431066430756323,8.72279858302594,2.5413128042101363,5.866427254019119,62.02952066539135,0.41205361145411534
2018,Missouri State,6.589410861593622,9.46062059351158,2.991831139164955,4.841125273566576,64.46666300354802,0.4122292300031382
2018,South Alabama,6.3468887212857465,8.619300473103948,3.4852208910488636,4.51554259362885,68.11071744677697,0.47694726437650925
2018,Boise State,7.537856366459833,7.258884545266879,4.181492699685586,4.251291152653219,71.34629227179464,0.4509833421666685
2018,Prairie View A&M,6.38031492600251,9.62101005092427,3.521120776916457,4.123030230005888,66.98268603385698,0.42399840375948744
2018,Fordham,5.58029931384884,12.29032276251168,3.680066681688524,3.1079249603032357,62.24367416604043,0.4712692408802547
2018,Jackson State,5.375558378849401,8.772389283039892,3.419656052429539,4.1641876056034395,55.78922947600306,0.29814746820617416
2018,Northern Arizona,6.907579127917761,8.171558850405397,3.330970814071155,6.673535358272417,76.19719864157656,0.5102679302005043
2018,Eastern Kentucky,6.118269587483946,9.348373779692947,2.116039803265598,5.650381281525632,69.2953115572398,0.606561382140027
2018,Incarnate Word,4.921303618725111,9.589420848183064,2.7881696882310454,3.856747337910163,58.323712124754806,0.49012155454944034
2018,Maine,7.002027392600654,8.169878059596472,3.644028365698439,3.7231739606279537,68.41223710159866,0.5119354029264545
2018,Bethune-Cookman,5.823294024253153,9.1184635981561,3.603510825023094,5.656337300814215,66.03019112641685,0.45227532065656517
2018,Arkansas-Pine Bluff,5.945595178040529,8.25234183526732,3.1426671659715026,5.528536562986399,64.89630225128835,0.4413745191273442
2018,VMI,3.124481822263808,8.965515121005167,1.2021213452225772,7.1709094694344255,57.84599076708824,0.44492938227836754
2018,McNeese,6.40793455246648,9.380102730818999,3.5158517151434148,4.521849233613391,67.96924226881332,0.42988018222605406
2018,Elon,4.964361388981661,9.025224884558506,3.270624849259904,5.772126723385691,62.54598707115153,0.3172727050102515
2018,Villanova,6.802602230242949,10.067993847857789,2.4977939508573463,4.979236931606504,69.45494513604962,0.5860642843656074
2018,Mercer,6.554624515231566,7.893563766205522,3.291027249434824,5.4108836572546455,69.1116575818235,0.41825183862002707
2018,Central Arkansas,5.444818380031027,7.4091562241829925,2.135802970445904,5.332620619745695,61.52040516754783,0.378708130369122
2018,South Carolina State,6.401835233949035,9.47798113917892,3.529180129524883,4.568408250246108,67.77797950294196,0.436123397043814
2018,Alabama A&M,4.497757676204687,9.138494603215925,2.1040407238168406,6.013416057942992,60.25319246844521,0.4534804423175971
2018,Rhode Island,6.607330930168064,10.552203779197471,3.677692216081641,3.779391037553188,66.76416454950085,0.4960763604862641
2018,Lehigh,6.27702248516127,9.106104982046311,3.5157703790099664,4.769295186976851,68.87478858559881,0.4478325044345833
2018,Texas Southern,6.310059108899801,9.101481524922647,3.5182361157121287,4.761839810675245,68.94081015573947,0.4471005847620035
2018,Houston Christian,5.64513696955714,9.588582685402784,3.188445437915202,4.969349148971368,65.78177840198988,0.44428182318352494
2018,Central Connecticut,5.492716231901155,8.122364688504836,3.019196643690166,5.111276547943492,65.37811303049396,0.4882025229027034
2018,Monmouth,6.638560372861948,9.385244438682566,3.3346494425364095,4.830675273735209,68.56197816645538,0.45140937145639226
2018,Delaware State,6.7285829736912595,8.90815045028156,3.1183210464378446,5.120470590114656,64.19318371933922,0.42193600494585193
2018,Howard,6.572058237491097,8.528406960235122,3.378679924447078,5.885366475814429,68.26528655365664,0.33503183139750314
2018,Morgan State,4.898346035824163,9.37902250167318,2.3263762167485593,6.0413129354116535,61.51180160218583,0.3997259660647471
2018,Kennesaw State,6.559494499282049,8.922759054228502,3.5952242106478076,4.677131461060394,69.31221651807583,0.44413962581270633
2018,Southeast Missouri State,4.8878099023623935,8.377928195566582,2.250478280561939,5.490436438913103,64.02362274547457,0.5368045846992604
2018,Grambling,5.034199860037286,9.032089841048112,1.5342904674888929,6.386141173169524,64.61280666676302,0.529808816681007
2018,Florida A&M,4.819617096968215,8.38944414885227,2.6205970004973587,6.838757751729851,68.91260410553825,0.4596924354495576
2018,Campbell,6.341879078239806,9.22879396975325,3.467130155456418,4.780696419771185,69.12082850442627,0.4440452990521504
2018,Gardner-Webb,4.702953414838484,7.624959195676087,3.947938102628407,5.213446939160702,61.123828199295225,0.21068564319319746
2018,Stony Brook,6.40877730968118,8.66218049486264,3.174680623496479,5.329883984250739,71.68692889563103,0.49864338702804684
2018,Sacramento State,5.266715726574908,8.977669044865534,2.8118087386304698,5.776343591267997,63.1160358144542,0.42141109861669285
2018,Tennessee Tech,5.596406619682577,9.128360394669706,2.2419071857304385,6.154277318221755,64.27246073831645,0.4876320497164643
2018,Wofford,6.385395482592752,8.833634349763141,4.181666631487391,5.394582212906155,66.98677216351368,0.2754879833067624
2018,Illinois State,6.537190723753642,8.715383639156242,3.4174367893707562,5.12035350048907,70.21566302037525,0.47036915238167015
2018,North Carolina A&T,6.497463214037935,9.688070138204006,3.1891911290784276,5.015014038164997,67.21446333991086,0.42835105525794553
2018,Norfolk State,7.069179725496254,7.979129170659165,3.9873133662379336,4.389740813783748,69.56002519034325,0.4484069773125905
2018,Drake,6.230685034444868,9.321372898685297,3.42757129396184,4.821008531744842,68.96666695425513,0.44513501131970573
2019,Duke,7.159673301769397,8.065017812799068,4.271588094088873,4.011950974296945,70.23574743500107,0.4884679688205102
2019,Alabama,10.03633618255897,6.007514368622526,5.881232713428613,2.8055199504125232,74.26256123286203,0.44863685212596494
2019,Portland State,6.154004208613959,9.34206920347751,3.4726475360894766,5.573971377944384,66.40615170789181,0.36932493058425037
2019,Arkansas,7.283950627822744,7.333076033410135,4.342105197236629,4.182990406525865,68.7707963416408,0.4464465299222881
2019,Auburn,8.398687405682681,6.133936671265393,4.882193557703331,3.6122771555763906,70.20850096955874,0.43828318657230403
2019,Oregon,8.33367943780244,6.90175177379762,4.908218061112102,3.9658072218946763,72.48900545818282,0.4455604481463633
2019,Miami,7.604394630009939,6.162335672396214,4.783555972578229,3.507720500830735,67.05012009854238,0.4379880410544487
2019,Florida,9.009133908841605,6.373221867270354,5.386601436823309,3.1950833988003877,70.50908371128675,0.4254157880818386
2019,Toledo,7.543344228637564,7.5876667180566715,4.187362836236252,4.7791397978791625,70.82695524920635,0.4265324817527735
2019,Kentucky,7.7579332058274515,6.506263583434533,4.791985018874858,3.6645564981476473,67.49488426487136,0.3845688748614514
2019,Georgia Southern,7.6931331420654745,7.803630322064569,4.936619956017571,4.224635415529685,67.97243200312974,0.2688336701259995
2019,LSU,9.028915464761589,6.071399149399498,5.252589748841406,3.1823110826136585,71.78009132324365,0.4279852138910599
2019,Memphis,8.12669874139127,7.151525198170826,4.610063624355804,4.141688134492949,71.69926817043968,0.42143608514008424
2019,Ole Miss,8.151124706144367,7.539809516398494,4.522701995403202,4.370834145357674,73.2213127545012,0.4778391038325046
2019,Louisiana,7.396343942972347,8.45814155613574,4.432249046927625,4.575417931885236,69.52123632698289,0.39584933132761146
2019,Mississippi State,8.136763291688574,6.415824722838736,5.216802875609485,2.9299194242907625,67.73715126894649,0.4170542419249563
2019,Wyoming,7.01679896408761,7.247464662990454,4.215708702658609,4.03982287210562,67.55299644268408,0.4024415579730652
2019,Missouri,8.187855114424224,7.055961748789018,4.5844006282551915,3.8101985150492887,72.28788460987523,0.45272747555020076
2019,North Carolina,7.428669560052417,7.1365818497391915,4.203857216042654,4.499293597159252,69.70599822245215,0.465454216973429
2019,South Carolina,8.610953625844944,6.843310203947617,4.850601305971331,3.6212640980733104,72.05946708731825,0.4820373993185766
2019,Georgia State,7.095811419314526,8.16800518530981,3.9451411941423635,5.136510306419504,70.8055779139617,0.4265287793580772
2019,Tennessee,8.413670344921186,6.88536405245725,5.018816359400386,3.9430533607404943,70.66255164651368,0.4234275713230923
2019,Texas State,6.023666998123613,7.935418306307865,3.792990277445085,4.336367734651417,68.41573374338469,0.45198409342819534
2019,Texas A&M,9.085222737675444,6.101991216578472,5.145508100527362,3.274408907454629,72.8497388869344,0.44417160355306057
2019,Vanderbilt,7.927542786150343,7.192593842451024,4.507278847728302,4.134294522804588,70.51946061868051,0.4669097272942583
2019,Georgia,9.424645338033702,5.676343277212382,5.678710536393414,3.2335420639165697,70.98970738983698,0.4092604800421358
2019,New Mexico State,6.545824275941324,8.589366728290809,3.4163026729209904,4.977159729857464,71.80494474675068,0.5255888521953813
2019,Tulane,7.173967321322461,7.498704899747659,4.399276959396567,4.1674815612743235,68.44051547994587,0.3712548381898972
2019,UT Martin,6.258936635080143,9.03258419861041,3.266350167720746,4.40758795293568,69.67775166975137,0.5207919975629285
2019,Murray State,6.560961815001922,7.985098617775283,3.3638758573388063,4.424277914207874,66.28623824695632,0.5454931410183268
2019,Eastern Michigan,7.01126598282634,7.622070938213744,3.838527735612835,4.579883117956675,69.66370630157961,0.4454391259619814
2019,Texas,8.690252212119466,6.731308198954157,4.988875425761611,3.534511895770771,73.58472677496616,0.46512258130292494
2019,Southern Miss,7.167940493660949,7.4030536147934605,4.195078473778601,3.7897889884132776,70.53854026401778,0.479668680207393
2019,West Virginia,7.780902404999239,7.684138286921833,4.289279380639022,4.353713727665923,72.01362676265768,0.4829343651519976
2019,Charleston Southern,5.489630336811359,8.079707125210996,3.7890734487374167,4.538306848307558,61.006018544370185,0.35306705717450415
2019,BYU,7.562436340093156,7.5125381468354995,4.486983339781673,3.7763623358052576,69.47942343365247,0.45209301546657943
2019,Clemson,9.57983645533458,5.557508160693178,5.55785145368619,2.6889805264532898,72.75456377540723,0.4600966217685358
2019,Purdue,7.954636893582553,7.832345388749261,4.353713754362312,4.107436325860126,72.85157745956766,0.5132458877708259
2019,Colorado State,6.417221638297107,8.589678873849236,3.5540349259788355,5.114863991700289,70.96389278074788,0.5142258180895474
2019,Kent State,7.014330973688894,8.174264100579547,3.916337707463416,4.8079935603422586,71.88897385853902,0.44271001772891333
2019,Arkansas State,7.18121296062244,7.756230808878356,3.9039730951527214,4.450522394107703,71.2412402216794,0.4660181458338722
2019,Northwestern State,5.445830383345152,9.653618788507462,2.8512328299517398,5.287267410285952,64.63739308991745,0.6085837578250913
2019,SE Louisiana,6.042246310109526,9.729205768221501,3.3800936744776564,4.852746161291995,69.05312394360539,0.5096455501067406
2019,Kansas State,7.362181679226614,7.298591001131847,4.471301169247776,4.276804454532173,68.88356930343014,0.39475964921986273
2019,Southeast Missouri State,5.267419965404691,9.632136185513385,3.179223064520058,4.860688530696873,62.94800680162192,0.4737280244946922
2019,Chattanooga,6.084521915981821,9.3998667111913,3.337687139836214,4.606297885844882,67.00395069803335,0.5548817146303993
2019,Lamar,4.693142733767267,8.52421024355522,2.6433335802286337,6.0759873743393715,62.70897085502019,0.43036721742028633
2019,San José State,6.129919389944646,8.668561332737363,3.4464051313723347,4.942914424893122,69.01328215661407,0.5062020338532639
2019,Notre Dame,8.393415767711025,6.535204148592446,5.150593247947751,3.39282625581441,70.39853979715407,0.444168137090734
2019,California,7.222548979902801,6.562179570316273,4.211128364558041,3.7860942269626334,67.60243957379326,0.4455938928438728
2019,Towson,6.146672318999128,8.361402238794573,2.980353310728621,5.65904202953094,70.11118413123864,0.5373178752921058
2019,Northern Illinois,6.777443921165503,7.171095372891177,3.9696436339092176,4.012953518741634,68.0832211042522,0.42038435014295533
2019,Utah State,7.4807384761843805,7.481399179381603,4.165873491965343,4.1752890489035455,69.85254748487327,0.4686688566415204
2019,Troy,7.162013419212007,7.867204453732706,4.194782221916863,4.088562083354068,68.92676667320534,0.4344408411296002
2019,UNLV,7.031957574202641,7.963377941823645,4.084986075842383,5.086286265129907,70.91187569247701,0.40464532301097944
2019,UAB,6.963248819954978,7.599860932191266,4.195479879085845,4.342577580915101,68.01605602086397,0.3753542055677764
2019,UTSA,5.560179418168589,8.114814022560719,3.4569842028738793,4.718102288184008,66.52058871479272,0.49418588013774734
2019,Western Kentucky,6.942397343766677,7.293988246557584,3.6419261843211896,4.692266685511167,71.10991186828993,0.4697993833311537
2019,App State,7.573356481011355,7.330978668318087,4.540853854869266,3.8350218258603443,68.02913461585526,0.3944494693828962
2019,Western Carolina,5.132047181057018,8.938607180087338,2.772774281469668,5.6385154124245025,64.25418369568142,0.4677015143604848
2019,Samford,6.856305917394925,9.165753497839226,2.8536999439081754,4.494833545474899,74.26824069944718,0.6440411723478098
2019,Abilene Christian,6.8189808004283305,7.405773579678179,3.5689658063443077,4.909749185002012,65.39981221268576,0.5009276631205626
2019,East Tennessee State,5.278062628099267,8.37321443996603,2.8741002993459857,5.322131618822773,62.42921999358349,0.46101362899921045
2019,Florida State,7.729713071553826,6.627063375376359,4.502439767733275,3.7358648478166137,71.25645778274462,0.507361109834325
2019,Georgia Tech,8.40716319617446,7.409272551898739,5.335467103938608,4.141385203188773,70.91173914600034,0.2575482791218125
2019,Louisville,7.265022409471108,7.802499379277796,4.418568400179768,4.507572808287452,69.55761488487994,0.4709092555069256
2019,Stephen F. Austin,6.667869302623802,8.508145490973384,3.45421811606336,4.661712721079113,69.53565788677659,0.45386442966934043
2019,Baylor,7.897579101500925,7.3488379230008425,4.3847213797661055,4.42697185979381,72.44272366688708,0.4706515053129439
2019,Rice,6.03702538138525,8.305819128243579,3.755321625632809,4.811583586850292,70.19556943701494,0.4358021024703595
2019,Iowa State,7.783445244021834,7.190039986292175,4.452383232091375,3.8857667019002626,70.35906537185957,0.4459839049210872
2019,Texas Tech,7.655297256374544,7.780919612989678,4.043725909028999,4.440616761807383,73.37547975752939,0.5149277176831039
2019,Oklahoma State,8.122866278540736,7.52030453396181,4.409222841550501,4.277856255680442,73.64424529692798,0.4829072891292888
2019,TCU,7.624052315949031,6.606825857442355,4.540547915023343,3.700914478766092,69.4917313915128,0.4567135662644114
2019,Oklahoma,9.511721234216585,6.77588535722845,5.370486964234444,3.851109993803343,74.36338888966154,0.43518137519534766
2019,Kansas,6.772782279938922,7.8380992143605965,4.070692329867685,4.26377472787379,68.39560015031915,0.46686725394414175
2019,Northern Iowa,5.472022522881971,9.924166669123423,2.9037621546858308,5.31818418966488,66.60707478367848,0.5525084515987304
2019,Iowa,7.783678136449702,6.668509266938832,4.462551821215021,3.753232811746375,69.87649431556198,0.4533333919017465
2019,UL Monroe,6.909177576700946,8.403107786290423,3.953866123561878,4.642845171383291,70.63642163797374,0.4619051221767793
2019,Indiana State,5.089500419935776,8.64486029601862,3.1557756275424467,5.791888284255589,63.29333763228493,0.3158340801788637
2019,Coastal Carolina,6.897995701131075,8.723718952572211,4.072669537763054,5.339419520743986,70.14365117162862,0.382784541410676
2019,Boston College,7.466504347776354,7.133173242518865,4.438198101600623,4.117589554793011,70.52970111085392,0.4046201055701332
2019,Nicholls,6.65581567878796,7.468139403993047,3.144608618468044,5.158104801409408,69.77380597709445,0.39881798280843267
2019,Bowling Green,6.101392207157719,8.658286891235717,3.5027029686000577,5.506784049298269,70.03184970636495,0.46971221048706074
2019,Houston,8.191846641379524,7.6002201026571665,4.4681843800802445,4.28082436537946,73.51451984815597,0.4600369102126345
2019,South Dakota,6.256632829074705,8.366474695206092,2.692607382819719,5.017347472983629,71.46598090441583,0.6194294385316282
2019,UCLA,7.817090066656904,6.928367939942276,4.443222024631098,4.375724701009407,71.05197827031296,0.45594484294645116
2019,Oregon State,7.307610434933934,8.337433614595215,4.155381237654076,5.122108715912659,72.84917538616298,0.4602252727926072
2019,McNeese,6.187135987386822,9.049372354580871,3.577084221573482,4.649250452631251,67.16626397495224,0.4784703970047835
2019,Tulsa,6.787454675126295,8.249557819360868,4.213697489004065,4.539000938854881,69.8789165884043,0.39785367693565876
2019,Arkansas-Pine Bluff,4.476467759251333,8.354624179300162,2.015020140733487,7.001651148629547,59.668919413225844,0.33670820868298856
2019,SMU,6.911322518188987,8.326598662926703,3.9304257051805216,4.398263605064017,70.77808895888738,0.5023158359212657
2019,Louisiana Tech,6.885273733840086,7.765147455582637,3.970327831755433,4.392245598271067,69.8103671385023,0.48235559677338474
2019,Montana State,6.243514256098149,8.341638634231249,3.7976545611996304,4.722300395388705,66.28582627487809,0.4424018688812528
2019,UTEP,5.88005082886919,8.261395325282102,3.5652102190326467,5.170852533314568,66.99955808872369,0.41544684533095616
2019,Arizona,7.624818895807589,7.752556752403042,4.433593113552094,4.363080805658111,71.30710686883617,0.43706993211222034
2019,James Madison,6.602246143165683,8.890947505425757,4.267998132776128,4.041309052594726,67.80490004558577,0.43975657021964126
2019,NC State,7.506425617396109,7.509782278039178,4.236803252126205,4.1863310068705815,71.80561916005779,0.48565373149628155
2019,Illinois,7.68481472304697,7.169999292740508,4.495820908411483,4.56321766979643,69.34988318931417,0.4002082675378719
2019,Akron,6.542210179575964,7.946291417279272,3.6834473931753595,4.719648797678691,68.65473499076212,0.4516283108041001
2019,UConn,5.927982985085488,8.659240722761703,3.3615298776875067,6.081284795082453,68.46530280381756,0.40784173192914464
2019,Nebraska,8.42982428308665,6.541231772957323,4.787057603231941,3.9597507982313815,72.08910847231394,0.44624996691104984
2019,Minnesota,8.070083898973563,6.860805320367431,4.7106404385167995,4.061288043198023,69.70383729921512,0.4026868968997399
2019,Michigan,8.848629357006795,6.092938341606579,5.357549296093274,3.2192683323180296,70.17589110325642,0.4071588089478866
2019,Wisconsin,8.482078897712665,6.397963062486003,4.964153325834092,3.8774866032775206,70.5876343661425,0.3839460093497654
2019,Rutgers,6.046281055243765,7.414825841497955,3.9302782680737622,4.506904042266397,65.0742288707048,0.43828504193537193
2019,Michigan State,7.872361257607149,6.393127925278396,4.449004481268467,3.2527368013504923,70.13216414221718,0.48699702373616566
2019,Northwestern,7.080463554528576,7.280799080288142,3.9902179665471347,4.192131165758061,70.59027255933772,0.4772141347926325
2019,Indiana,8.053541500902375,7.3304657104270765,4.360047705143134,4.081489541876993,72.7804793497615,0.4894355909994223
2019,Ball State,6.547057265461831,8.588618410055197,3.700884259706727,4.8724989781751376,71.38009856965384,0.48582901660685845
2019,Eastern Illinois,5.784358693458341,8.519493843061209,2.8689872396695097,4.85022415308213,68.34221134261156,0.47072962381374667
2019,Ohio State,8.567614807088512,6.424897786426008,4.847135243821972,3.927622761811869,72.93840705902494,0.485939338186346
2019,Maryland,7.893329907484536,6.548180666380359,4.961035422264803,3.8933257413242264,67.26878196551027,0.3682466556401577
2019,Penn State,8.324525454840014,6.029683130499018,4.960226790777,3.5297691955065167,69.81101357394597,0.4238747941080483
2019,Miami (OH),6.858929329187489,7.908322359803212,3.8982769266417128,4.492030745293891,69.21551585460536,0.4481318122514656
2019,Middle Tennessee,6.943035786493765,7.9707209649794875,3.8604726446818978,4.439082360574409,70.12694379683313,0.46734164834429137
2019,Howard,6.2335215176841485,9.024923440976677,3.115269869180273,5.205101578492694,71.76788057052049,0.4677034591950206
2019,Syracuse,7.389491030154638,7.610078068866941,4.235320208762285,4.337398239744403,71.03960003487586,0.4459639397722461
2019,Temple,7.331233024833277,7.553502378581236,4.129067786821906,4.113935234992937,71.14165208550251,0.46629202540119163
2019,Western Michigan,7.286535169539748,7.9037900080765935,4.195712045852483,4.759072356278464,71.95571299626324,0.4201089245536318
2019,Arizona State,7.8968483725374705,7.126467316753116,4.467080658757516,4.362790692015531,70.9127609511887,0.43534807875751436
2019,Army,7.731917182277851,7.365213400286965,4.8091076687651375,4.569377081129938,70.41501319157734,0.22650848654530836
2019,South Dakota State,6.340215964174789,8.611422771891357,3.4750654341144402,4.713646549101007,68.18237614733013,0.4572436010169955
2019,Fresno State,7.144923497119754,7.44306387302731,4.0519067292373565,4.125462509574424,68.38704048192729,0.46137518239759384
2019,South Alabama,6.514431390322647,8.499333949428678,3.6935022246368003,5.131429676623155,70.22631746334169,0.41680912777438744
2019,Colorado,7.699391833016464,7.166435547885821,4.263360387115853,4.302526972675592,71.74209946318906,0.46210640273023407
2019,Stanford,7.772920298241026,7.7484219155137595,4.675098126388302,4.073095018242616,69.32116852012544,0.483795895627931
2019,Massachusetts,6.549526547121912,8.895834640836139,3.5480665572342627,5.435024265837823,71.43677407841888,0.47359122048878033
2019,Florida Atlantic,7.570698065091108,7.40528189087684,4.413859932719659,4.40554468035681,71.80186616337629,0.41092467920361836
2019,Cincinnati,7.565258741364739,7.2786574200110925,4.634429289607877,3.66697145824991,69.66285000678343,0.41889273124033244
2019,Idaho,6.542474252358401,7.95950290179877,3.5581768926419106,4.698027020249425,67.72467407917799,0.4805911833272378
2019,Buffalo,6.865980845127998,7.837795353685475,3.610624696806722,4.910224726630474,70.95830325317384,0.42549831621932355
2019,Pittsburgh,7.698558453690524,6.783637659934271,4.739374368064252,3.9217220837319333,68.20101068453559,0.3913284790901123
2019,Nevada,7.01611258266417,7.994618514147992,3.947267834175972,4.2265794941793375,70.41070105820332,0.5018949536339156
2019,Liberty,6.7028087165394,8.622147582957563,3.5169381739300194,5.426818619104989,73.11274948316594,0.4518327350999862
2019,Central Michigan,5.684133031757638,7.537748020436634,3.3541112027577213,4.9473357628369135,66.15435558436143,0.42708140223106844
2019,Wake Forest,7.987617802674029,7.234499000699355,4.373690631315716,4.290262247178934,73.28933635373981,0.4246568137508861
2019,Boise State,7.617884023642828,7.25400642877578,4.1281475490477835,4.281139310748217,71.95962870779513,0.46509370481923695
2019,East Carolina,6.873831468863829,8.32495657560856,3.6697703702738242,4.425045833124304,72.41932570798714,0.5165180328921855
2019,Virginia,7.7003690608061115,6.985163471727207,4.514059081422863,4.0179262010992876,69.69628335123895,0.42792550183542666
2019,Virginia Tech,8.185626408234956,7.300354485492164,4.663470241777819,4.1576844445898,72.11175723427749,0.45323698908349497
2019,William & Mary,4.9349850533482025,10.09543760222523,2.5509965154178422,6.077034485196898,65.16128876742037,0.493003007411219
2019,Richmond,5.662110361854614,9.777470000520998,3.0283244348776406,5.408139953311243,65.42971699320115,0.5363356880372441
2019,North Carolina A&T,5.778245784283387,8.752634340807296,3.00417599830438,5.08489721571898,67.35460223630702,0.4774521743506161
2019,South Florida,7.489634192602694,7.559839052590494,4.344841933501355,4.2825208379304405,70.78071524595018,0.451279406283162
2019,Eastern Kentucky,6.586017647160315,7.283382803907483,3.873130301181207,4.624353925916082,66.7019117655622,0.33847571167943963
2019,Ohio,7.553373488650839,8.230504394925967,4.475186421447146,4.56755193830097,70.12181197599828,0.39003130472022396
2019,Old Dominion,6.230219677924439,9.013557738127014,3.500153622474752,5.252851242473482,70.14772517910758,0.48631423635262105
2019,The Citadel,5.500846126847932,7.6865630859202145,3.65834593703415,5.692215137602164,60.23742683688735,0.19355682690540316
2019,Bethune-Cookman,5.9445102492693405,8.59838091449989,3.260135978310215,5.317745800442621,66.12685306957114,0.4558709739106985
2019,Furman,6.661467853610067,7.790095070538011,3.8025164432552097,5.197269880465149,67.17397635648736,0.2608397751571624
2019,Charlotte,6.345170566024395,8.176078088253545,3.9699320874844233,4.622525087169066,67.49503130353149,0.3853632366227424
2019,UCF,8.595087854109027,7.148333217550744,4.75767974767367,3.9560999549143103,72.94713801392497,0.4217563340030341
2019,Elon,5.438977020110785,8.246772939167347,3.5258264797040306,5.200643926227036,62.714023541627185,0.3033442332839813
2019,Delaware,6.522401791360816,8.643759325483984,3.556565356338429,4.559868199216362,68.68342006676777,0.45935542734580015
2019,Holy Cross,5.297551647940782,8.133775409145859,2.9502202020438357,6.154645969662002,62.16517142973201,0.3568819494133385
2019,Rhode Island,5.588437288623485,8.114227910880276,2.6033786071062703,5.730686262988478,65.22469966967434,0.4765402643128079
2019,Wofford,6.68153702785175,7.826507337299444,3.922420792775759,4.665632606427537,67.05903464703614,0.30712126613209634
2019,Alabama State,4.828532514204014,9.375851273375789,2.9970594121831224,5.828557477133149,61.608055546074134,0.4203945952943922
2019,Florida International,7.254303397579857,7.808569560288062,4.1753367989105215,4.648151283796379,69.81767593806296,0.44134953554677314
2019,Mercer,5.132261688208644,9.375479776089565,3.2058577203993304,5.100478071546764,62.21209829534554,0.5083883477125327
2019,Sacramento State,5.904265639699349,9.204700971501191,3.5693810206323477,4.854380563471082,64.24734810956944,0.41281731763059115
2019,Washington State,7.467385815053007,7.647890891538121,3.7285645098927636,4.400469267615698,72.70623899501923,0.6119648104250066
2019,Utah,8.478077216550481,6.332523980768771,4.759731932568886,3.5569302512199377,70.43672593165495,0.4296799116996541
2019,USC,8.199677188893975,6.477043225358224,4.766692281070769,3.8690827689198586,70.6311913799562,0.48835958416918573
2019,Hawai'i,6.841275183376018,9.002277127154306,3.8174384364784943,4.876706815856746,71.32252312320645,0.5240900884589099
2019,Northern Arizona,6.172427365288088,8.197757177794252,3.4715197810714065,5.449091892542507,67.82738456332113,0.409279416658455
2019,Washington,8.41487130078428,6.251764355034007,4.89827500515032,3.542049435545426,70.85090615685925,0.4260786167498673
2019,UC Davis,6.775771917465065,8.85898635353882,2.854765450328097,4.871172854145913,74.7064257535684,0.5959508016762076
2019,North Texas,7.595638939287812,7.960878454617586,3.99631264413558,4.234296801133622,72.04685892155247,0.48860931009600583
2019,Air Force,7.763236624127506,7.8452393423307925,4.593201026559053,4.389696078567328,71.13052243416166,0.28594340856378975
2019,Montana,6.553483043052361,8.588206591018992,3.5779827097266703,4.633861295705575,68.58155346537106,0.45115860105872546
2019,Cal Poly,6.182315194290984,8.910220496738177,3.517497796319555,4.663821122317806,67.0612377103764,0.449779314810446
2019,San Diego State,7.082012443016005,7.400698199618149,4.386764561820026,3.993959696442558,66.9833546032679,0.40052693355089525
2019,Idaho State,6.867719498969859,8.820880263638726,3.4656357475316444,4.900465826307851,70.82710893647497,0.42128673035944464
2019,Northern Colorado,6.426688894866916,8.103034817856118,3.3706390160882496,4.787699537824218,68.0800861078169,0.4544028027357776
2019,Eastern Washington,6.701710674289869,8.675851629489175,3.647207579816082,4.121599048209923,69.83684159762741,0.5066561466776471
2019,VMI,5.269474970052762,8.997471324431974,3.0685309069355777,5.177985271728005,65.1375711246653,0.5576444979966568
2019,Marshall,7.206721762981263,7.221597797990902,4.109258667639216,3.857895287648134,69.16604903741303,0.4628060612854754
2019,Norfolk State,6.290435459434802,8.423035165387688,3.5124256576412005,5.234264418627237,66.29305305923,0.5364756458377716
2019,Alcorn State,6.078083731213874,8.784042116413843,3.412147328572191,4.903408319673494,67.21966726251266,0.45533660223091327
2019,Houston Christian,5.450735199029145,8.532297395253554,2.378712833221323,5.798410988908136,67.30079821223475,0.5541129850822594
2019,Incarnate Word,6.9270497002556395,7.037262965610439,3.534468406410962,4.4568909918446185,66.78060868541507,0.4742458910798319
2019,Central Arkansas,5.294903032330445,11.48458615712945,3.526663796706369,4.630896645256684,65.32334873200716,0.4778692491970637
2019,Grambling,5.194352441250894,9.44975927904991,3.1322695101746922,5.158875044734514,64.1032977853773,0.4715216333129631
2019,Tennessee State,5.970339801400005,10.152512458156735,3.520298470831242,4.972046874829517,67.27048837171846,0.4724015703390592
2019,New Hampshire,5.377063569260633,9.032950811532682,2.7762091877325545,5.824063649882588,66.42166530739411,0.5094580849099093
2019,Wagner,6.288974788111903,9.268195664742116,3.6430967974111748,4.800032585816711,69.56792101839649,0.4778510927899539
2019,Morgan State,4.997129511417157,9.121433161709765,2.9837397205942544,5.891278898831856,62.87004856940644,0.3891892154286638
2019,Navy,6.997544147745613,8.073749211175132,4.54290896512465,4.719411364803071,68.14556516943074,0.28184560182257135
2019,New Mexico,6.723352590689804,8.510380848326564,4.1009925934839435,4.715043905255495,67.86108029597804,0.39221994440905594
2019,Hampton,6.31519632264852,8.94675207710501,3.5298174790777743,4.4079467813432185,67.7314836282253,0.4674660103352632
2019,Maine,5.706517144204833,9.573499593835933,3.2328499548192946,4.7018808948025645,68.17634608814555,0.47279998645364146
2019,Southern Illinois,7.009528105823937,7.637006769013543,3.2788407230880443,4.611509562436839,72.38359985770386,0.48072389153334494
2019,Colgate,6.086113705490652,8.644008388252495,4.480829198844899,3.843892135422167,61.31311943876082,0.40176663174155447
2019,Sam Houston,6.508316937194979,8.518070565271978,3.5798973283729145,4.671173567295076,68.54443602534434,0.453269894349022
2019,Weber State,4.698850111696874,8.429374244298184,2.783735644407055,6.477604033449359,60.77892242816391,0.4157728276821038
2019,Southern Utah,5.572851532362929,9.559875922003455,2.644882005474046,5.839590053518935,69.17174400509128,0.4838944143396323
2019,Western Illinois,6.307585332252431,8.349643957953637,3.126612450403338,5.043599834124151,70.65572648144732,0.5807148737110757
2019,Stony Brook,5.269383771244233,8.745590351447234,3.5671241935813653,4.716529198611583,63.94478331862257,0.4711841279684418
2019,Florida A&M,5.946439804136156,9.253420955942676,3.394150107030801,5.152463686435012,66.25653015964654,0.47943749716608647
2019,Bucknell,6.30897927650129,8.770262928382675,3.4115939587605557,4.762364455272847,68.33177901382044,0.4542338715070409
2019,Gardner-Webb,4.5829647961118205,10.542231507488403,2.770920677580233,5.6956671830436365,62.18137937851942,0.5277986224281024
2019,Prairie View A&M,5.671919669865332,8.991479042951429,3.0922400402429266,5.261027787641624,66.16446856909988,0.5019778901849499
2019,Southern,5.673192933553248,9.756535852012187,3.4406017985745585,5.220421406300906,64.36246528936564,0.40361641883968474
2019,South Carolina State,6.64011021793438,7.650189166293703,4.357626351160081,4.772761240272516,66.46842776836654,0.33693853710404525
2019,Missouri State,5.373337595857437,9.697964104468937,2.939638972811787,5.690266850649253,65.96682116958931,0.45381188482777196
2019,UAlbany,6.188142500351052,9.762839032957036,3.311574947306966,4.7550188637325395,68.08845653571314,0.5032649381416066
2019,Robert Morris,7.051916276785448,7.856387627785096,4.030765301209209,4.430010535403998,69.16425430371952,0.449950973102341
2019,Illinois State,7.084481632548802,8.192873934621542,3.9162535216628656,4.536854032243141,69.52480119522181,0.41332977431082574
2019,Monmouth,6.037478399583569,8.397118490459317,2.9134832524226804,5.006038293626841,68.1752489059205,0.5075423350498702
2019,Fordham,4.493765033960404,7.500839827684799,1.2642855027380264,7.442018912752922,64.35725445615003,0.5667694393961037
2019,Kennesaw State,6.4592545085630855,8.87060735328058,3.7317255967321725,4.9060146304173005,69.98948604801798,0.3616701977854764
2019,Tennessee Tech,5.182453263621051,8.209545177603278,3.0559987916171005,5.791665342739286,62.36399335095915,0.39002552780582617
2019,Central Connecticut,6.108190139843905,7.716550906359884,3.489036042185203,5.247599311605212,64.46151884404117,0.4325367490021155
2019,Campbell,5.2682966424107,8.822195847770807,2.780980210951433,6.167458708101329,64.46696763660293,0.49308285099980587
2019,Jackson State,6.151217456131688,7.923613672677603,3.5584085776510226,4.755329071193866,64.21090354036504,0.5383172899228187
2019,Texas Southern,5.607270906008795,9.602015594802694,2.746529563842415,5.576627569987739,67.89837879105974,0.5620440455890383
2020,Houston Christian,4.90490121727168,9.240680333545438,2.2685901999400304,5.923887863183121,63.9553916796362,0.497734238608652
2020,North Texas,6.879596249493778,8.28533765546895,3.7915941964168125,4.555922204991942,70.0410516042317,0.4988239482738894
2020,South Alabama,6.8422345073804625,7.834602214932356,3.8863507478214268,4.55050131632821,69.03081915388637,0.39065469143696163
2020,Southern Miss,7.166949345844358,7.3759050256354275,3.864555202029155,4.196829353821168,69.43619026052758,0.47845431837036057
2020,Chattanooga,6.505353953321979,7.86652360300794,3.815935617198944,4.94309190115073,66.73617972612392,0.40356914700694374
2020,Western Kentucky,6.423246989864622,7.8091908648234245,3.6368343396453175,4.312252577794487,67.48265573073564,0.4952383937271806
2020,Louisiana Tech,6.972971257469039,7.574217705626504,3.8931671713931117,4.3412316762901675,68.94121384300898,0.468703666206254
2020,Texas State,6.449552613294778,8.308874665442005,3.493903018385022,4.744851530789018,68.78433124665489,0.5202836734795782
2020,UTSA,6.833241851051725,8.383713078420023,3.9880206663803968,4.843141432534957,69.49510906636147,0.4509393091947876
2020,SMU,7.836763284513174,7.422347784141621,4.1811491487439145,4.107257776494093,73.20171522033857,0.48582919519522133
2020,Liberty,6.466585083144438,8.70966897191576,3.515110129069657,4.987566960314568,68.25534547538913,0.480644023882268
2020,Florida International,6.387324113558389,8.052614412076007,3.8336527645072014,4.682779804524834,67.31837942890228,0.43849002595466613
2020,UAB,7.3751864126138225,7.198286046181405,4.150852152321013,3.9844249635704196,67.57068189581734,0.3958843324929054
2020,Middle Tennessee,7.385001996044,8.005327364769146,4.196530119294331,4.669360265899547,69.84716850487831,0.45191952145374514
2020,Charlotte,7.615196880360095,8.110407072083119,4.252461033089048,4.545485570645759,69.79022474660965,0.4103114710672064
2020,Florida Atlantic,7.11960366871745,7.894436330414769,4.101330997557831,4.300419589431935,70.73892553901763,0.4627124203184365
2020,UTEP,5.850482417343817,8.80548393118563,3.461772007001612,5.473025603049476,67.27553778958183,0.4257012574719791
2020,Marshall,7.085195182334624,7.510318400448544,4.1873480240516585,4.205133621747343,68.2785895554245,0.41828973689145044
2020,Rice,6.607898672603172,8.333555808426308,3.818022662617467,4.528856828049869,67.06030221994153,0.43225776066186905
2020,Tulane,7.874399905956768,7.510755319199657,4.602435093989074,3.9557393294210375,70.58725082866029,0.3975658521088601
2020,Army,7.835155439551224,7.194212969333631,4.629762044440013,4.357560535389793,69.7339462455578,0.27220003029695117
2020,Navy,8.463854427669311,7.461903360786046,5.124313206139253,3.7618398926225103,68.88274777468172,0.25140321290740797
2020,UL Monroe,7.012436272617726,8.59062593505356,4.004076775187681,4.965673879385384,71.05819103192967,0.4509655158348861
2020,Western Carolina,4.621621488134275,9.689308224415022,2.7314148450817024,5.602774188355405,60.47877338208452,0.48645910728150776
2020,North Alabama,7.040943958187663,7.955762757464793,3.9752770093049454,4.4557449992232545,68.6212354310014,0.45232605278326177
2020,BYU,7.585987966620079,7.324834664568369,4.141283227542555,4.2034520583734984,71.02913237062145,0.4734657458378646
2020,Cincinnati,7.82874325200123,7.114986652744754,4.582750588496197,3.791935637062004,69.4609177744803,0.4117961620645084
2020,South Florida,6.821216497111007,7.661288402190636,4.2551977728106385,4.318022911195337,68.39705721750992,0.42987615798435064
2020,East Carolina,7.652560780211096,7.919805816165519,4.033096739841279,4.570510184816807,72.22304728364925,0.4783672202452437
2020,Temple,7.392279802520599,7.161395567730131,3.9805655665424418,4.058320416071562,70.57508593899315,0.4750373398189682
2020,Tulsa,7.482480590076758,7.575339620785313,4.001226808424557,4.201964199327322,72.06831660463367,0.4673031536644241
2020,Memphis,8.30657068042377,7.872654594502113,4.822485775688326,3.7569364314188576,71.08256136932133,0.4509929201353768
2020,Houston,7.67670019097821,7.995312875634613,4.518270272818831,4.407087429421938,69.23226893372139,0.41109092916254386
2020,UCF,8.374829809206263,6.962293887672199,4.64132693314802,3.7389730854349117,71.86874645189502,0.4417600963690045
2020,Stephen F. Austin,6.309881920013971,9.177403745080662,3.719594647527055,4.791043878566667,66.27613459836644,0.4757839193221326
2020,Austin Peay,6.20358393329673,8.741421499659172,3.5349749422599563,5.007036847232867,66.6345896465124,0.4507247048132681
2020,Georgia State,6.837445210757494,8.389086494496977,4.056245748661048,5.035227463368091,69.73817931208589,0.4099992184407436
2020,Arkansas State,7.367342441243639,8.194161089561984,4.004945656813786,4.608626533101814,71.1432410869744,0.48353851844319135
2020,Air Force,8.442348943270561,7.313886536683658,4.709151443172187,3.764050120085583,69.684337559055,0.2648585281061124
2020,Georgia Southern,7.502263121628042,6.9639949337822635,4.442753041684849,4.310339224294819,67.37087838143377,0.2834699914588756
2020,Campbell,4.185343121674874,9.459447373362416,2.225270590631803,6.345968299495512,60.245449435301204,0.41751099294170146
2020,Louisiana,7.834621082821833,8.07853210711953,4.547003284357539,4.2502027633265405,69.73032265525929,0.42599382174012723
2020,Coastal Carolina,7.144605796603165,8.03008515984581,3.962592565172388,4.7858958753034395,69.6934609890295,0.40608571747377653
2020,Troy,7.1979175202028065,7.940241801558648,3.8418477186558255,4.715613913115512,72.25195687523072,0.5115590624171142
2020,App State,7.912802854555985,7.556664719311285,4.587145348515452,3.9968038456663812,70.01281069751661,0.40900969586469915
2020,Miami,7.559699769892441,6.546437812663578,4.5389221374942545,3.5522953482776645,68.47938484936849,0.485691311983999
2020,Wake Forest,7.469125914370065,7.445118504356187,4.121778717257369,4.317525538451726,71.50292946863641,0.43789842471740326
2020,Clemson,9.42842929245498,5.9458863332443,5.6475017809618135,2.9453372957036708,73.10038656479979,0.4624257937637094
2020,Georgia Tech,8.093985120343351,6.577633108203392,4.63236165849355,4.052052612219663,69.19256652271511,0.3704434452304671
2020,Florida State,8.168082477999873,6.414260992928856,4.599691071099766,3.6598087922411175,72.30393958797265,0.48130966742307346
2020,Louisville,8.559864508011586,7.396346091524039,4.976720959489445,4.230081413071046,70.72596819670078,0.3807070409831107
2020,Syracuse,7.381935539902329,7.280624611176446,4.04174241918977,4.381128253716079,70.11699837630391,0.4385422074336652
2020,North Carolina,8.613505157882493,7.340613387081082,4.955571649572649,3.625772789360303,71.47147330178466,0.4510212665507131
2020,Virginia Tech,7.844449963866378,6.867493167910114,4.634125881366077,3.943840869121007,68.81566493680685,0.394819961116386
2020,NC State,7.33394015674359,7.221676541583225,4.17547433994733,4.056075581617415,70.8060049171713,0.4931775372683914
2020,Duke,6.879398383733086,7.161306520801812,3.9742155472286727,4.227427485378207,68.22948450985831,0.4281249450267048
2020,Boston College,7.859599351462752,7.1163097622180675,4.521523132829516,4.358633295199909,71.97160358340271,0.37018280312908314
2020,Pittsburgh,7.333809529009004,7.1582461632997525,4.2148961072769655,3.7427224679355886,69.67910124673438,0.4890193528134883
2020,Virginia,7.08779933433464,7.346209155364979,3.9425869562782423,4.290325234220988,68.99011839654871,0.4963720536756199
2020,Notre Dame,8.47761719904788,6.20701831937212,4.963070697000225,3.440082979411981,70.82434449233835,0.4629577937671061
2020,Kansas,6.973388338224424,8.200986388934943,4.238500288422287,4.480648526402963,69.07275744471495,0.47424498243841434
2020,Baylor,8.128694445721052,6.975720220235905,4.649954459187916,3.5822827735446046,69.40233845202346,0.46650118740434154
2020,TCU,8.032717604920098,6.613671973998615,4.64695537257753,3.7984848926009196,70.75143875824718,0.4435298273157461
2020,Iowa State,8.201976957405229,6.807525568676404,4.357476405568136,3.6145329282128253,70.89788444071624,0.4978394503936376
2020,Texas,8.955071443974347,6.249726716355543,5.092685619990642,3.5374276138381395,73.09401545855059,0.48241846370329716
2020,Texas Tech,7.5760656430843865,7.645800869823387,3.9549205608968814,4.327236778955553,71.9279553884125,0.5180475876210816
2020,Oklahoma,9.020841682908465,6.655280711639451,5.434690525900338,3.4634534475865584,71.69026853921538,0.41275624417584605
2020,Kansas State,7.687419887042775,7.319433598549414,4.524257627712701,4.128029062238993,67.97707413870607,0.3964570026529572
2020,West Virginia,7.558465831597377,7.264140237834054,4.1486959293701595,4.006486262944772,71.18123719676498,0.5183200771310811
2020,Oklahoma State,8.48866531027863,6.846984732721689,4.92340181181059,3.853145663695563,70.83713227734707,0.40962222431727363
2020,Eastern Kentucky,4.960258885791118,8.76484702944796,3.448121154647741,5.932365294517088,62.49585230910996,0.3607453935195996
2020,Missouri State,5.119692062590034,9.452276804921908,2.7634280077112594,5.690560328971922,61.856795151316504,0.5039240704239182
2020,Missouri,7.05501722513136,6.901309596949748,4.148358144204784,3.845593317999431,68.44735176830213,0.4383990184538771
2020,Alabama,9.478421296925571,5.4607412487173175,5.396221834005594,3.050191208836179,72.2717469311577,0.4606743444430517
2020,Ole Miss,8.522851880395951,6.381773945734866,4.982377738709692,3.6018258632399256,71.62730464728222,0.389837820779134
2020,Florida,8.44403401437749,6.478645910837951,4.885174826831805,3.3850432489984597,69.87364807395709,0.49689785141995474
2020,Arkansas,7.277510747995972,7.57977932285924,4.400214292065602,4.272666134916104,68.61788700149103,0.4737441544047153
2020,Georgia,8.656425378359982,5.52889375406926,5.250576479839729,2.9479442377381053,68.89615128461892,0.4287216728180742
2020,Auburn,8.861904511838732,5.863444432048732,5.0833138688800465,3.1158640179865253,71.06366269194915,0.4366610928227641
2020,Kentucky,7.809971457221401,6.738700296454204,4.945729942162811,3.9378361728792988,67.15813555584869,0.35100215842083005
2020,Mississippi State,8.024780180903075,6.742361200462889,5.024219706947237,3.9415057071995516,70.13997893767839,0.39236555066666656
2020,LSU,9.194305881754202,6.297322968149951,5.163510328721326,3.1379273935758167,72.33148136560803,0.49993563002668506
2020,South Carolina,7.583815937735941,6.591421912183333,4.269420694770756,3.7425730563841824,69.6066697775098,0.48883688510982504
2020,Tennessee,8.062817623310405,6.226305774669971,4.673899338999258,3.477399523222961,68.44508461885763,0.43665314196461263
2020,Texas A&M,8.570556095230643,6.478692975779123,5.068138999276577,3.280051612041965,71.34977187922128,0.4894505797956414
2020,Vanderbilt,6.588502158310591,7.922944801456522,4.067904811260893,4.659138070953034,67.20231718545261,0.45597155065384776
2020,The Citadel,6.880399559053398,8.070829941659552,4.6372124292765315,4.901070839761254,65.59433953769474,0.21734721382748456
2020,Jacksonville State,6.339900206697405,8.618192900394071,3.595591992038128,4.741094637864816,67.87593142659607,0.4582091374723888
2020,Central Arkansas,6.319376063794708,8.705029170024561,3.0521706786282667,4.858003119298796,67.92409714442609,0.5431926006464644
2020,Abilene Christian,5.938624950164497,9.283967114644604,3.5851772252047795,5.402683785791984,66.015549756694,0.4881251727315493
2020,Mercer,4.802803688180902,9.174528914172274,2.7302974582869286,5.979905692444585,64.62995739996003,0.5043130634497694
2020,Ohio State,9.599376519919904,5.526626463128806,5.454389157616603,2.790205651022086,71.53161680936114,0.41350211133743525
2020,Nebraska,8.280433886021543,6.721753615126607,5.02502532186465,3.973568236980701,71.62016860428967,0.3955889182012182
2020,Minnesota,8.615213930535454,6.573381592224365,4.8414219875962035,3.6623162962392275,70.48183304860656,0.4038539516726088
2020,Michigan,8.298236477427203,6.231544121177164,4.764179048021911,3.384097372207391,70.25384452937965,0.45232302376751166
2020,Indiana,7.692750433982467,7.487893604803063,4.342581851512463,4.0215728754825175,70.50755307785636,0.4900806514893775
2020,Penn State,8.871656652913888,5.942964689994364,5.2257206636325515,3.150551723378871,69.8803380606939,0.4323274364223321
2020,Purdue,7.727985555899758,7.5429015062472,4.2076221743436975,4.220188932194991,72.58813177597742,0.5412911208011164
2020,Iowa,7.769144159533151,6.753017066136273,4.419843188567538,3.553536495753548,68.72027924995164,0.4705658558300483
2020,Illinois,7.1783664665133795,7.9619427980028075,4.437221187848878,4.2470786236662725,67.1264885031841,0.4254024918332403
2020,Wisconsin,8.540662582443039,6.839844562559929,5.239125798892579,3.3686969846274404,70.01949915578317,0.3969905884929954
2020,Northwestern,7.358763294673714,6.474000078024627,4.242172173426694,3.899678342227417,68.58887922664341,0.39886498696939193
2020,Maryland,7.423630480967016,7.346968828055969,4.6434622794779346,4.238576694962925,69.12736364847026,0.4323332840812671
2020,Rutgers,7.058547483289976,7.49813696835453,4.359365817658093,4.506806481429026,67.1023693109979,0.40094959298910005
2020,Michigan State,6.941696043871451,6.745257580131342,4.02625737053329,3.83992278052584,68.68896140072977,0.47776013695451464
2020,San José State,6.699778856551532,8.542856677208984,3.4601042489017813,4.8863833784997075,70.19629208455338,0.5586390400196284
2020,Hawai'i,6.867944607900213,8.634934871672998,3.719348494150891,4.915948058246642,70.39393158168903,0.538190484157476
2020,Fresno State,6.8962941741110635,7.924138654428491,3.988077579483384,4.737912073419,69.08598389304002,0.4641444505046886
2020,UNLV,7.160094351794566,8.383658897999956,4.154050501055432,4.7348843917137975,69.29517022772373,0.4403188826810146
2020,San Diego State,6.872899066957632,7.070695972197697,3.8002052840819758,3.8931195203143933,67.77440647858728,0.43426440476073935
2020,Boise State,7.6979717083471,7.363644213107863,4.356951322524805,3.9902818077668436,70.68341433160435,0.4737417513600469
2020,Utah State,6.541993817594568,8.398767125727582,3.77350556829767,4.589963387649488,70.22708738450989,0.49204750370970957
2020,Nevada,6.804155381924349,7.804504817706945,3.72430115991416,4.561096073300757,70.32692732535068,0.49034626267404813
2020,Wyoming,7.192850769685144,7.230089581932788,4.364765404347112,4.12752740777376,66.30937532789024,0.34951218529956474
2020,Colorado State,7.085660478176003,8.024644617452523,3.8748819937322243,4.495842998864374,69.59004077572058,0.49873459871492887
2020,New Mexico,6.996589867727428,8.269820650037657,3.8993014764869645,4.726351000133649,68.38670509653119,0.4041412907251145
2020,Washington State,7.25068577665876,8.527038102439064,3.772841144072683,4.6002727738366485,71.74502633510313,0.6465479813140682
2020,Oregon State,6.945684474668114,8.125933157769465,4.026961114604451,4.722845036473637,69.45232018818429,0.4841962150149629
2020,Stanford,7.809251595052363,7.152040634944365,4.278063527512354,4.149658270239742,70.99465433476355,0.5074715538062776
2020,Oregon,8.185853092439196,6.20527313504961,4.818259532541646,3.45290882309418,69.6235983758015,0.46457235913575523
2020,Arizona State,7.753611166221702,7.147541971957766,4.4612037231081425,3.9493195247363695,68.59010003443767,0.44678627661592685
2020,USC,8.224314314124452,6.846941733892685,4.648716669748145,3.922752655312262,72.11892520669628,0.5347860681180151
2020,Colorado,7.257087681134676,7.622214666885686,4.086663442218395,4.4802632817939285,70.59059390478293,0.46923369713425395
2020,UCLA,7.885924653807697,7.073373135535202,4.407536056889535,4.280857263539295,72.08131585119702,0.4498830514648709
2020,Arizona,7.473612782293872,7.711524840556914,4.24666428751285,4.570845101626535,72.26569286440025,0.46896620821397095
2020,Washington,7.842646841044762,6.499407635101045,4.534304893273785,3.807812518388623,69.15300483642052,0.462887210521922
2020,Utah,8.203637118749821,6.644127495328563,4.823041440114182,3.4906955947905183,69.29128078914852,0.3973931513235572
2020,California,7.6396980626239595,6.936368393988716,4.511132828687963,3.959541114798481,69.53082685657417,0.4438841073898799
2020,Buffalo,7.462883946924266,7.438862948509332,4.318848971413951,4.15417734732877,69.60684993891138,0.3615406337498862
2020,Ball State,7.400507887545464,8.023928577251837,4.156809130149378,4.58379083349409,70.86357426049942,0.42305410401303917
2020,Eastern Michigan,6.746397504391884,8.464716557058487,3.6904787705805595,4.934091684203652,70.0348065949494,0.4877676052549358
2020,Kent State,7.499068997613408,8.212511043769485,4.20550550217288,4.63882567680428,69.64303200817083,0.4101821610490436
2020,Western Michigan,6.798037708250283,8.077808473287963,4.034939667252279,4.655344190132017,69.38311232259376,0.44815920043525803
2020,Akron,6.731346561920658,7.903831173636115,3.529684692642651,4.795249735881264,69.09408287312074,0.5014915825696051
2020,Bowling Green,6.651029620786561,7.968675280069786,3.7544445587318953,5.075062521372644,69.06357302219732,0.40927956740320365
2020,Toledo,7.179624631726043,7.948680351854332,4.275861255381629,4.7982386359375875,69.86995762334496,0.40364750172125036
2020,Northern Illinois,6.84230771265235,8.028466757867012,3.9224433407482753,4.605443780200581,69.79656739085488,0.4486389781087418
2020,Central Michigan,7.3065691983118795,7.876441586330704,4.064896035632451,4.359771996988851,69.8180716107198,0.4666779014192813
2020,Ohio,7.35528536362256,8.433613652885674,4.3278809347241545,4.650913348549581,69.09017940437802,0.40783631482659377
2020,Miami (OH),7.292597412126053,7.782164173603328,4.159627604050326,4.3238180701153786,68.33062308882147,0.40514669073041076
2020,Massachusetts,5.328879774298056,8.763644630895989,3.008473942645252,5.937854954865222,67.80877422553864,0.4428447666001666
2021,Miami,8.515646994292167,6.4204457446050185,4.7170182494041635,3.5869188453504477,71.5572206266572,0.4699194823334101
2021,Alabama,9.170158848805189,5.919210748599966,5.186650120345828,3.3317641910813536,71.80957525897459,0.462261453290266
2021,Arkansas,7.600409581242211,7.557725566174787,4.5967672302806495,4.12609911843254,68.85703030348367,0.4314309998131802
2021,Rice,6.626436433222185,7.726352962013364,3.610396816981896,4.402596230404273,67.9375719104595,0.40695318191659013
2021,Akron,6.124712139999998,7.998360122994139,3.497592054221779,4.88315982204098,65.28605948623121,0.42134019151240487
2021,Auburn,7.750301299732326,6.503144515607021,4.605878765846886,3.8280927747169264,69.8419160831638,0.47467649723957006
2021,Florida Atlantic,7.3060262279176875,7.170542880584393,4.253705045833956,4.214072512995026,68.17021112788954,0.41411759369562734
2021,Florida,8.136037656161903,6.849832781302609,4.493909041694488,3.959277242134056,71.35631592652621,0.5290135198770712
2021,Clemson,8.300118162631819,6.323950785445276,4.763111659349249,3.5143329413170536,71.87605887659252,0.509774523737686
2021,Georgia,9.032885299400812,5.499332932023126,5.254445966310681,2.8411220258616168,71.31559697989019,0.45039900476432904
2021,UL Monroe,6.581310757414311,8.948212698428097,3.6617102568928908,4.969663878374054,69.36070035732568,0.5336323212485478
2021,Kentucky,6.726195914065461,7.527488465930129,4.478206666434466,4.283125201713052,65.27424934184616,0.3920275239898383
2021,UCLA,8.418022694386522,7.186516636772912,4.763870787185042,3.862357906246456,72.43220431170693,0.42299091775073955
2021,LSU,8.386838181025006,6.259129640281289,4.473065737143937,4.085691488368119,73.85025233439652,0.49626351511128575
2021,Mississippi State,6.914792210843741,8.067558357366954,3.827195117771177,4.0698109290676685,71.5904311729895,0.627543523252376
2021,Louisiana Tech,6.512842149472377,8.046331752679487,3.580046770594153,4.772865385279053,69.68762773723617,0.5001111224767216
2021,Missouri,7.568465887605014,7.112882372508132,4.170498922822331,4.037486902297388,70.20770725401478,0.48137410716824797
2021,Central Michigan,7.593101248500591,7.536941325663529,4.2395911914997955,4.040303869310679,70.01165454230166,0.4135810916778879
2021,Eastern Illinois,6.790835015358747,8.337453832840069,3.9173557911328967,4.342037910843626,67.98462308281145,0.4782048346609677
2021,South Carolina,7.180102537748381,7.0874700521720895,4.32227009788837,4.331179850088098,68.64172670857589,0.4559711183941579
2021,Bowling Green,6.028902874886571,8.739969933966503,3.8453845056417313,4.967892434703456,65.76956749886988,0.4096245845223043
2021,Tennessee,7.397575708940656,6.473301453156298,4.310951746697948,3.856994596128132,68.4667135723684,0.44268896327760354
2021,New Mexico State,8.20423563478976,8.274045817724708,4.581314849005759,4.251541013393422,72.60525774170043,0.43504160299038475
2021,UTEP,6.714476272158351,8.412728494125592,3.648456579553229,4.836942183131347,69.06434025709633,0.450200595323833
2021,Jacksonville State,6.150716929288217,8.846879340232718,3.3264721832754907,4.819477531143524,67.81206476726264,0.4559994329436383
2021,UAB,7.273135550191756,7.159382279568787,4.120291832544218,4.05945074597072,67.59266363181521,0.41250824987295615
2021,Long Island University,7.020994755054349,7.983106798493592,3.955027607593719,4.463159839537756,68.5015576311773,0.4528052500366795
2021,Florida International,7.741605356069427,7.481535540374595,4.485476447162339,4.506823564892549,68.76173817111342,0.42428218975765036
2021,Duke,7.0631922204170845,7.198855509136083,3.9329449532307144,4.362249333041071,69.59595788983809,0.45558364413215474
2021,Charlotte,7.466814882225851,8.073066718779305,3.996570444063688,4.898078739308641,70.34031952316758,0.4335451812270935
2021,Texas A&M,8.452534060650848,6.30952016300473,5.086155857161754,3.5183930044002523,70.33818901593511,0.45768415565748255
2021,Kent State,8.40869155774605,7.839254653669097,4.458100701706586,4.33953527937461,73.99231450776836,0.40445773009514335
2021,East Tennessee State,6.875992110140959,8.038614198097225,3.835053855990749,4.594482886166602,67.23681735048648,0.45618324852533737
2021,Vanderbilt,7.272372968533171,7.65701609119601,4.088541413501602,4.5827630724804695,70.02825268304181,0.45496296560625044
2021,Louisville,8.275177498402675,7.395827998857708,4.629878522099439,4.3525263652790045,70.26263219629844,0.4246923094502613
2021,Ole Miss,9.00924194362494,7.091608793948455,4.940009079694084,4.068152869172953,74.91178244926986,0.43284184059513386
2021,Mercer,5.671269730373081,7.740574384297065,3.040309320017706,5.652278536515347,59.126716163942426,0.4139169497019997
2021,Texas,8.309335434821476,6.754483417593202,4.9030761378664165,3.5797080832390886,71.38567390532545,0.47153435864907084
2021,Alabama State,6.841926852493374,8.251579623778179,3.936955291384919,4.603229971394664,67.37670041046323,0.4517636337449081
2021,South Florida,7.25858729009291,7.460337813357814,4.0432536757168664,4.416218611868083,69.97397335826167,0.4493988874665884
2021,McNeese,6.189228413906102,9.496289572297208,3.4669280040934676,4.555258229413004,68.24221885049894,0.47815222849502736
2021,Austin Peay,5.609485742960746,9.081851160710576,2.9059783384732762,5.337220069416628,65.88591216803707,0.5080908450986468
2021,NC State,7.594001176278437,7.607355573931511,4.342467108547571,4.083429677478682,71.16185391850262,0.48700196217468406
2021,East Carolina,7.722007534806566,7.867021290618585,4.248289652910847,4.5382654303235626,71.44487446841465,0.44525558007228516
2021,Pittsburgh,7.646682336308912,6.84865538957599,4.131313285963673,3.6525080181509284,71.37914172821165,0.5029591324939049
2021,Colorado,7.8037828269002745,7.304703505286217,4.47707832648406,4.262215756297847,71.4127542779546,0.42353821657683866
2021,Colorado State,7.111241324310152,7.768494735251488,3.983088645105211,4.2682474707185545,69.26117409586948,0.4399094834734167
2021,Georgia Southern,7.164332439518995,7.590536312418408,4.4393541560243825,4.317843459392048,66.12589039737678,0.31591159663385693
2021,Penn State,8.484275521001248,6.461175451777525,4.7984134271773975,3.5455100408319726,73.7741354234691,0.45977068464694604
2021,Chattanooga,5.619678438858369,9.210472532514823,3.5358567445201006,5.082477208741304,65.5798428766362,0.4168588870242016
2021,Tulane,7.7880078702461315,7.404206651454144,4.534269750590605,4.270209464432169,70.31006936476297,0.40770512773647655
2021,Memphis,7.350233802764995,7.603660958302196,3.97893972933963,4.458700900754425,71.45655485644264,0.4887710758855631
2021,Southeast Missouri State,6.620214237347774,8.594970136822667,3.86866567166901,4.569493742175962,66.4468004867703,0.47059176680282894
2021,Tennessee Tech,6.237640630458505,8.958888717775697,3.3339898159317145,4.8852840243842035,66.92087640090887,0.45750137933776797
2021,New Mexico,7.511829218363654,8.426078198117665,4.281384004641563,4.438598648306766,71.04062944530658,0.43450808699408794
2021,Stanford,7.242111989909418,7.293631178785088,4.010450893502084,4.4075551775960475,69.15385018732117,0.49521201988081587
2021,Southern Miss,6.779280956349484,7.882383791193902,3.8050212976209936,4.586161617455595,68.06973614187599,0.438293877428566
2021,Georgia State,7.807812157094616,8.180114303911417,4.468889938208185,4.2731197530230345,72.23655879744142,0.43219928876866376
2021,Boston College,7.862750330716341,7.754513027422144,4.266237605484413,4.202049046569148,71.45026751085746,0.4919766383789231
2021,Troy,6.628993771265554,8.331591972595453,3.6044984913260705,4.434745920965233,69.77956178001544,0.5468325528492705
2021,UConn,6.876630896292765,8.575948057676628,3.9267803552613807,4.586251830577234,69.19254095188192,0.44780949330170644
2021,North Texas,7.309112530040591,7.699843783171527,3.9683866608444704,4.997924461816982,70.63877900421521,0.4279987155713857
2021,Arkansas-Pine Bluff,6.878067407191842,8.149720801459694,3.94902464793286,4.486424836141932,68.00049477293425,0.4594280336762359
2021,Liberty,7.890226324677446,7.652335585124719,4.339343520103025,4.344490703740646,70.30086601978131,0.4162283291250965
2021,Samford,6.152690926712438,9.133679761034553,3.39606350510951,4.894177951115378,67.045180006232,0.45795085807634356
2021,Charleston Southern,5.764860226761418,9.965329626728796,3.242963035750958,5.44255407878329,63.328114245765434,0.4362931731048134
2021,Tennessee State,6.053868674710457,9.684844814969459,3.3732617377522747,4.957270973764856,65.89911635745544,0.4563522111147264
2021,South Alabama,7.150732093900646,7.923934347192809,3.7666489549059192,4.514821259158348,70.46881749175235,0.4549996451285608
2021,Prairie View A&M,6.167977104681664,8.605245453640508,3.2899382934214647,4.96224662436413,67.12797971102452,0.4566416160783963
2021,Florida State,8.120228516985195,6.63149512169008,4.632405484291619,4.065866097915469,71.19092493055345,0.441526095538215
2021,Georgia Tech,7.726134976254265,7.266930320215453,4.552298324942407,4.127634691577928,69.5857569793163,0.4252998794433569
2021,Western Kentucky,5.918283842947384,7.9488103702819695,3.5154051619891677,4.402434586020748,66.2110970520955,0.48009735771633544
2021,UTSA,7.524375883106024,7.992052861096313,4.265295362727995,4.419138283123573,70.06097770248726,0.4307780569040625
2021,Middle Tennessee,6.668229910500855,8.491365833088423,3.801515927309937,4.847307580415507,69.75276086037435,0.47562137824467626
2021,Monmouth,6.8444517564500185,8.821813546193146,3.9637090741173013,4.0830238193120065,68.52834322428568,0.49300423372253316
2021,Navy,7.315468849125938,7.5138559820741095,4.2249749891658785,4.753577742756727,67.67951494053953,0.2825736420544083
2021,Marshall,7.078114378976533,7.652935819247382,4.104125218193461,3.9931657999049306,68.22757502013368,0.4460829756702084
2021,Northwestern State,6.293955152555229,9.246386545952827,3.4030682535482,4.573674412582131,68.64346045745695,0.47229468507982253
2021,Bethune-Cookman,6.681375795566905,8.612544134830204,3.908821979523924,4.63330820267114,66.4796037003651,0.4591827712655766
2021,Illinois,7.440520446806248,7.32130831726213,4.309975403415039,4.484188367717823,67.38243842016519,0.3923633426742579
2021,UT Martin,7.047302099393685,7.406857340139705,3.719101237504373,4.722710576981242,67.27779505455376,0.44247410461262227
2021,Gardner-Webb,5.95101470398252,9.039274679559174,3.218859276770818,5.144261145583642,65.77595456305218,0.453737029779039
2021,Texas State,6.617258251048337,8.66936315293571,3.7244365931129257,4.667002288592903,69.66621192483859,0.5092309615020187
2021,SE Louisiana,7.0594745892979205,7.936298603088239,3.9622688822053806,4.351926597486901,69.01722893486142,0.4598467694946133
2021,North Carolina Central,7.020994755054349,7.983106798493592,3.955027607593719,4.463159839537756,68.5015576311773,0.4528052500366795
2021,Virginia Tech,8.263694562551724,6.830900947855442,4.74938221508129,4.1039754099022,68.8714400940046,0.3810082744230754
2021,SMU,7.589636420935509,7.603347735616061,4.056820950563522,4.374927532551673,71.28328562193649,0.48078856854576324
2021,Hampton,7.031233671184807,8.820398632509388,3.7802566065875456,4.407356707914437,66.81563059389879,0.462013873113726
2021,Old Dominion,6.775364790256998,7.805661250472187,3.7812577233033102,4.2754759343186794,67.92186960920405,0.445378687533596
2021,Houston,7.44445713762349,8.063661997700695,4.135377401349469,4.272365262405641,71.21626855905421,0.48898551218938147
2021,Grambling,6.047886196820632,9.484131303544919,3.467072535513106,4.944128108645652,66.81263117877425,0.4541698597514076
2021,Boise State,7.963289068864982,7.548758874993989,4.43180532720132,3.938295157603406,71.09592182362209,0.4866012278855517
2021,Lamar,6.040416999349777,9.783166450970073,3.607325750042894,4.833272073279133,66.57337672205634,0.46179767125497173
2021,Army,8.443788757140249,6.791844793515665,4.934386692538365,3.9793976091989878,68.74702608641716,0.2351317814070213
2021,Texas Tech,7.416512285550306,7.9606586779497155,4.2212310809007745,4.239772871660136,71.49328141664665,0.5055681823563993
2021,Fordham,6.150914249597784,9.296822644048445,3.3546751146538325,4.718435419178273,67.46704234362478,0.4718510308621343
2021,Air Force,8.549566516553371,6.79867278580026,4.9664495673720035,3.8236223194936825,69.26136289807452,0.26334980406688535
2021,App State,7.6773920204239525,7.379769644093847,4.549327086410322,4.110376372364238,69.32217223351427,0.3925829885146645
2021,Buffalo,7.292876488816736,7.850910508553277,4.511724364800005,4.038745400393412,67.68481355547598,0.3796901640537183
2021,Texas Southern,5.902607023332508,9.552973081739934,3.287883162014705,5.076579580109812,65.11033094831389,0.45987825634364576
2021,Indiana,7.705353565140948,7.3186980605653735,4.197343521744838,4.037520571881213,71.4011535345217,0.5038164162601643
2021,UNLV,6.801095440956368,8.317914529600541,3.865472962701762,5.145099002103575,68.9337009601768,0.44535756543766036
2021,Michigan State,7.151032049665755,6.9307498279852755,3.952168938916876,3.9035561070855556,69.03190184040601,0.4759790034150247
2021,Wake Forest,8.09167877745944,7.268196086205734,4.38349663400891,4.044643396779971,72.50541533536109,0.44816670255613866
2021,Colgate,6.348169099864038,11.377017051176473,4.008439662068533,3.8793184508503216,65.55244321248924,0.529320170836751
2021,Northern Illinois,6.702892273388466,8.019230833416934,3.6638378270964242,4.570416225315354,69.74981989670661,0.4691242739006757
2021,Syracuse,6.943903711016348,7.876156796256011,4.0058871252061525,4.3704147502411415,67.58233958934488,0.4854330492607226
2021,Ohio,7.521255669980225,8.081294818798423,4.5330686075529485,4.595239341579507,67.39405616490349,0.36949919990945096
2021,Massachusetts,1.009672547627681,10.69022071060111,1.5021748196121578,7.006031535648502,54.47042016879472,0.45586532908232114
2021,William & Mary,6.16379153961361,8.885973615010807,3.2295933220246846,5.049107224267681,66.55222750897653,0.4492948328121826
2021,Virginia,8.050226078716294,7.109902206193455,4.337431020286714,3.95094026400319,71.80037255110071,0.47645109170582545
2021,Notre Dame,8.134677513705903,6.212026385810557,4.763172010341269,3.7623756003470312,69.84235043171765,0.4295778069684966
2021,South Carolina State,7.098192289359053,7.752010569465505,3.7999998967157977,4.52665568969368,67.94662611491214,0.45089306726857037
2021,North Carolina A&T,6.157247166856253,9.589636766361291,3.5067951093171463,4.831287510861755,67.10488279647407,0.4572184208606433
2021,Kennesaw State,6.390619742222505,8.610525702391499,3.466746911342152,4.711159096330296,68.04153648593855,0.4614101584817169
2021,Eastern Kentucky,6.1229053002524525,8.363485719583279,3.48440189412278,5.328099958380507,62.60111725763203,0.43998955147501945
2021,North Carolina,8.713777214264221,6.784945442810979,4.8870230411214015,3.8922504974494365,71.35369164361477,0.43521075415599897
2021,Rutgers,7.406715343394829,7.595903789186078,4.188857460962438,4.3625668052591955,70.1173799431333,0.4566477950577846
2021,Norfolk State,6.819624370621354,7.975694854678051,3.841418183392442,4.629454088264334,67.15677213406624,0.4566677622361249
2021,UCF,8.289913132401411,7.093469275566405,4.315613198528594,4.17275379020398,74.04171116039004,0.4605636094724897
2021,Northwestern,6.563086547412416,7.2283559614121895,3.958584483042332,4.0538283558677435,67.50405683422387,0.4383839232336344
2021,Furman,7.052330948687051,7.966977323688729,3.9417984254117235,4.499531080944538,68.37782409660008,0.4483831955190169
2021,Western Michigan,8.212857830785811,8.038519871168363,4.690979933241419,4.053247031063347,70.38530850055977,0.4183552096449774
2021,UAlbany,6.1166898301372585,9.085017201464344,3.291224603839863,4.934155997473204,67.014020459801,0.4574566112448543
2021,Temple,6.377653174773977,7.515376931564594,3.402117630168642,5.05445417493925,68.83313314068288,0.44099680505911687
2021,West Virginia,7.824185204361607,7.0141818170812265,4.192678995475,3.703616720475869,71.90859625234143,0.5108625224514759
2021,Kansas,7.037497257685981,7.768095109164123,4.038445210396758,4.732333315571675,69.85378326182344,0.4362151323305791
2021,Central Connecticut,7.215115136384399,7.5117081168758295,3.8594678366741446,4.456569468683913,68.91733127834807,0.4476799908320213
2021,New Hampshire,6.901334705465829,8.192610232585032,3.948199430688778,4.619466410745304,67.5265822990448,0.4463013446228038
2021,Richmond,6.742553891978091,8.690396946411164,4.0015390739176855,4.53420430461115,67.23082143997473,0.45908419505901454
2021,BYU,8.04054657838581,7.610377589828166,4.43485207932999,3.851176066300519,69.53582674307943,0.4643419675149149
2021,Wofford,6.473606339171922,8.843267865364613,3.228070303515274,5.183054470368776,66.40702043653728,0.41846989209197955
2021,Toledo,7.844876780609191,8.211344159368856,4.349256649927339,4.099827673374955,73.04450919622039,0.474563020977763
2021,Purdue,7.476662798362275,7.548343341064735,3.890908851308311,4.124826948383853,71.34908968002586,0.5794712866080275
2021,Wisconsin,8.164341096382325,6.39354081755356,4.668402989923595,3.7198919619457778,70.17852154419569,0.4339224985338892
2021,Cincinnati,8.122774476297284,7.062938281231678,4.786621939497082,3.545616014056944,69.52095478712285,0.44491396074869266
2021,USC,8.225021988637458,6.954723018788897,4.308927363616526,3.8588309226974022,73.69066108988518,0.5496875900606907
2021,Nebraska,7.935746559488486,6.752119955373809,4.683024314393309,4.0614113248226476,69.8820372621807,0.42227432054760194
2021,Maryland,7.6634501347423125,7.745350660875667,4.481939563420032,4.164623721392795,68.19704091992857,0.4791398683381066
2021,Minnesota,8.313074849090743,6.8763538242538225,4.581777593482402,4.497918333926254,70.96902581792905,0.3997545278201652
2021,Iowa,7.595344379765239,6.536791633847163,4.391602562365936,3.7216348380568895,68.11909981978299,0.44592641549068424
2021,Idaho,6.498863142730117,8.34364708544739,3.625649777008381,4.715688155589354,67.45802972056123,0.45982430358087933
2021,Michigan,7.874603269727794,6.570828670713697,4.443984233667601,3.9100625917196057,69.41384143189923,0.5089773528892892
2021,Ohio State,9.295426934950768,5.839812490097921,5.4105468109507076,3.280992246324181,71.4767722580336,0.40963819513097477
2021,Iowa State,8.476397990901027,6.8437904792987645,4.736290978737494,3.586122500059525,71.22831782522262,0.4487813848079559
2021,Washington,7.9591279212817225,6.420378531337354,4.540844195078265,3.8035620222133035,69.80812843552168,0.44542203903806127
2021,Youngstown State,7.020994755054349,7.983106798493592,3.955027607593719,4.463159839537756,68.5015576311773,0.4528052500366795
2021,Miami (OH),7.631912384074106,7.578607660237996,4.164611290196154,4.031387617160334,69.95732777574632,0.45405785610752036
2021,Oklahoma,9.20121827051373,6.510729861276525,5.180569999240594,3.5303301987694278,73.54563565193743,0.45916665259009676
2021,Indiana State,7.018923623284591,8.04486505139582,3.972799644778644,4.29514032766391,69.06783170504369,0.4663691604291143
2021,Oregon,8.225529578225911,6.2459654339777435,4.820139371783194,3.6513663914027363,67.98356135778651,0.4443012665200776
2021,Tulsa,7.329085647530874,7.582440593537896,4.014528447054341,4.137846027631944,70.86916165394126,0.46515472317801343
2021,Ball State,7.901109347898171,8.01050016476798,4.393566376572943,4.1367367537236515,72.9705611854626,0.4250884359938944
2021,Villanova,6.266486688346308,8.885887215075133,3.478331189419707,4.786877730444296,67.85489645598291,0.45761933614560796
2021,Oregon State,7.411720315823551,7.646451521320333,4.283010825398618,4.417770471521723,69.96927982444288,0.4623015299530069
2021,Delaware,6.914608966732369,8.075993009584161,3.8805031779983814,4.503176640300581,67.76030354692756,0.4592925131664146
2021,Eastern Michigan,7.62935358010309,8.437401115772113,4.108861279395774,4.60445235706773,72.53911677950995,0.47621537460766405
2021,Fresno State,7.763348905932307,8.146215029125866,4.0310937778166425,4.532604476508455,73.19069444301604,0.4977887045121275
2021,Holy Cross,6.11800333177468,8.82521354628601,3.3615965481965344,4.814116721054682,67.18897967290951,0.4700624474495334
2021,Wyoming,7.28927540756526,7.616238424199965,4.398393283516459,4.042262005038557,68.64675652199588,0.38158387329514243
2021,Yale,6.571888655071728,8.492943333168398,3.683061400560883,4.644072382144202,68.13895695195387,0.45662573842975884
2021,Howard,6.1124857605860345,9.144490686218237,3.259640430350946,4.778517070619445,66.26007494555462,0.4792631101406536
2021,Campbell,5.852209647248877,9.183797333288872,3.0471109790169315,5.306330950707983,64.28117965620925,0.43316396497620563
2021,Louisiana,7.596281513528397,7.8616113719443215,4.604925308003579,4.158520701006826,69.20900089916717,0.43138743434490023
2021,Coastal Carolina,8.147055686879007,7.806565486378297,4.613867226051474,4.036186676201652,70.10466862249409,0.40280080568327425
2021,Rhode Island,6.19318793673747,8.854560520860495,3.321670424883684,4.942330828404758,66.86130520833012,0.45478116463263735
2021,Maine,6.260446273404085,9.053604121151759,3.255155703812437,4.975228271943103,66.78267014777194,0.44784200429014925
2021,Northern Iowa,6.482019694522192,8.136343814644096,3.445828715776699,4.751961598065421,68.07827766255973,0.45860135162675286
2021,South Dakota,6.281842812956224,9.188863808079713,3.3632665549253122,4.867604357964942,66.95829411816054,0.45377355297686184
2021,Kansas State,7.646905047978971,7.254680550723883,4.424075443478898,4.18089098513101,67.57277932172836,0.4215826094734722
2021,Missouri State,5.701148188494059,8.487138380295479,3.43901619478786,4.849767851457129,61.79586124879977,0.49708276551636615
2021,Oklahoma State,7.711078016384274,7.031520817529488,4.423394299515523,3.8652166932063343,70.03114323108257,0.41845131548342396
2021,Duquesne,6.216475340489838,9.10671528522971,3.377848860042073,4.877197913511683,67.68154025126195,0.4523529745268826
2021,TCU,7.805412802832327,6.915191331578263,4.6803665138927855,3.7866946415517173,68.99744895248465,0.4102173681320017
2021,Baylor,7.206759784904548,7.154140893651806,3.951891661904816,4.147718449747407,70.52082989315711,0.4968160165485043
2021,Southern Illinois,6.252758086219756,9.17968997925436,3.350979921910379,4.808671876219077,67.53435372156054,0.458046460659435
2021,Western Carolina,5.458183611816301,9.016347882203192,2.972752398975273,5.371036128806352,63.32446770625216,0.4266992882984137
2021,California,7.681922327191948,7.183548079130693,4.253556334241603,4.2192203406327575,71.7421687922757,0.4894272380712892
2021,Stephen F. Austin,5.460033651402919,8.940729959189749,3.173298425181599,5.564861149632421,64.51412699062409,0.48208547671015334
2021,Nevada,7.501807112275366,7.9786203937748805,3.983489331902243,4.099402191929084,70.10183383072274,0.5294827552173497
2021,UC Davis,6.2600346028705465,8.904985646770628,3.619545685417088,4.693705571248399,67.29692626828528,0.4682886848709058
2021,Nicholls,6.850663283823993,8.504127242161138,3.984632553234419,4.493146259196204,67.66308286486338,0.45739349754514136
2021,Abilene Christian,6.497739290905627,8.254280860511294,3.455038271418113,4.968227389973617,66.16392684567887,0.4914254823441467
2021,Morgan State,6.164866788718559,9.153005434427117,3.249519516075977,4.855374839674861,66.50650482157663,0.46727465706367116
2021,Murray State,6.9357541810073275,8.312118423465773,3.86347662077486,4.429695207867309,67.65452566240499,0.46417220687576055
2021,Arkansas State,7.691258345361459,7.946788037431571,3.831980135911102,4.527815844530975,73.55739389476132,0.5090114172831703
2021,Florida A&M,6.859467275633601,7.8051426212980575,3.768228462491698,4.521932162926528,67.43752446787002,0.4677089854819199
2021,Wagner,6.821810408643116,8.188677579111221,3.8712806980284826,4.416196671637388,67.74608761662218,0.47267137176283436
2021,Western Illinois,6.749089528180253,8.579662063092895,3.845526050322845,4.438139098125574,66.96262411456513,0.47500584573620414
2021,Saint Francis,7.020994755054349,7.983106798493592,3.955027607593719,4.463159839537756,68.5015576311773,0.4528052500366795
2021,Illinois State,7.023668167358931,7.831778465661643,3.794099021155981,4.334099369275519,68.36699552738794,0.47223325908980696
2021,VMI,6.91665969650078,7.946306710980176,3.7708161213355047,4.663757048784474,66.86974533362206,0.45110804740893706
2021,Robert Morris,7.131774804886864,7.989948753337365,3.929113172382409,4.534318481138341,68.27446371007764,0.4408709011796415
2021,Bryant,7.020994755054349,7.983106798493592,3.955027607593719,4.463159839537756,68.5015576311773,0.4528052500366795
2021,San José State,7.429730194311086,8.211662918466102,4.021246982522752,4.171690354991004,70.17205276574806,0.5105682431535682
2021,Central Arkansas,6.0062488860800425,8.775048767980705,3.009549809236036,4.986786777569481,69.74039808061976,0.5615311187079456
2021,Southern,6.908042080577726,8.632373450712578,4.033261291718919,4.270384619527121,68.55128117667252,0.4701715308347864
2021,Elon,6.816877582028782,8.293806820936338,3.8931977276184853,4.48484851894206,67.4805376783377,0.4655438184651598
2021,Jackson State,6.555496698642006,9.111809416618598,3.7278199183611043,4.958177333086889,66.17426563569106,0.43427544042136446
2021,Alcorn State,6.784232035967256,8.394522503838868,3.9514789246301807,4.377859822418391,67.94546436466025,0.47363177178305627
2021,Incarnate Word,6.917697329722063,7.760025409765877,3.6811455611713395,4.561533117996077,67.0246657393143,0.4650062098927213
2021,Hawai'i,6.970605008457029,8.566759819043858,3.9666111557013126,4.792153995599132,70.3104946501898,0.47408281349332476
2021,Weber State,6.7847230288318325,8.089741226230743,3.9252525840036308,4.503953429706635,67.78491345444243,0.4652079417931984
2021,Utah,7.665724399575069,6.910378256988183,4.3548793744311505,4.112384271074721,70.02854739426081,0.44987329298541395
2021,Arizona State,8.73487109753669,6.326225398800145,5.026785435292365,3.469453957699613,68.70516679353543,0.37542585169004594
2021,Southern Utah,6.285825437170706,8.462047855799282,3.1886778645514564,4.980786616837602,66.06665717259746,0.4581464278409617
2021,Northern Colorado,6.068391496307454,9.204481485993096,3.314343521130838,4.981126079310701,66.28646350247263,0.45721883454300877
2021,Montana,6.3175901366621305,8.303273900720434,3.2901477806628114,4.918176926140056,67.12648959423831,0.4552712492483207
2021,Utah State,6.499248374619159,8.382442739341665,3.9049529512350705,4.767924166942411,67.47006492007186,0.4621226131140925
2021,Washington State,7.633429636482013,8.050965001175618,4.201508770098002,4.445039685363386,70.7109951298061,0.5346864471821076
2021,Arizona,7.045306176062104,8.071889962221226,3.9315121881416504,4.888165771957482,70.37528073436793,0.4849159182171694
2021,Portland State,6.22137285749317,8.662620197464916,3.500241998646911,4.685190323787139,67.63137398249583,0.47329018806064055
2021,San Diego State,7.3122279089609306,6.8474032091926835,4.223389222973685,3.7233221299352204,68.21867034669937,0.4018760007860681
2021,Sacramento State,6.264318996594597,8.727043550452297,3.3966959171121087,4.626922967297541,67.84198529033262,0.47844631322868325
2021,Stony Brook,6.641348417565534,8.68014776598987,3.9121155662368663,4.670581997915938,66.23329492636564,0.4580469183394528
2021,Northern Arizona,6.506967203504867,8.67679278052598,3.489625752188946,4.940102929496771,65.58603899650402,0.44691255151500897
2021,Idaho State,6.854061538126328,8.222717492336738,3.9516571304139094,4.517319401341754,67.78623623529067,0.45784193323958483
2021,Bucknell,6.901469450695567,8.24347637859252,3.7907929555315403,4.474857157153408,67.20183344305718,0.46623324621333323
2021,Eastern Washington,6.548044274786632,8.385852945537195,3.6066155140254916,4.6164280416234496,67.78955923879,0.46452504616920803
2021,South Dakota State,7.052463525222554,8.075474920439822,4.098029903095003,4.391893645070715,69.34093082528712,0.44967700251569903
2021,Houston Christian,6.623053058873201,8.663858843988368,2.8363699021923026,4.866559458824407,70.55892940029494,0.6032068036999427
2021,Montana State,6.206730724181108,8.869748705460179,3.561051001606529,4.82221719991189,66.89394924199676,0.46135989635299834
2021,North Dakota,6.236636486946357,9.053429846604878,3.4030648552616882,4.856073668194143,67.72245785419433,0.4532361156308774
2021,Cal Poly,6.632187107342166,8.738758347646511,3.486233898160108,4.880381984847184,66.7673811172782,0.4380685561059795
2021,Towson,6.1791582389733115,9.057143911443658,3.3291536688787513,4.9013758515543895,67.34987917606084,0.45522552567241187
2021,Lafayette,6.200125944975138,9.139117414677363,3.36202533152889,4.889704786853267,67.65712015060984,0.45201181672754903
2021,The Citadel,6.96934269322375,7.9293728138623605,4.274555572920832,4.690710796729722,65.90642521399988,0.31594289157634997
2022,Hawai'i,6.3296331124737,8.544998337638395,3.5778648679349323,4.77392003594811,68.30376754146171,0.4906117348160449
2022,Vanderbilt,6.976192125394233,7.778223147149063,3.9191295399594037,4.619190391272102,68.82244064094579,0.4613185313549575
2022,Utah State,6.958725392731624,8.544745341319379,3.871788460410211,4.497210954448534,70.33584147739646,0.4600670788537851
2022,Alabama,9.345487922102077,5.719671020336946,5.104971399492708,2.8995240627397827,73.11225073929107,0.4866282498686
2022,Cincinnati,7.60383883939212,7.280330046772985,4.6878955654048164,3.7610548302630207,67.9144865630175,0.4601423709559627
2022,Arkansas,8.611513928354464,6.5942958874413655,4.860263192631354,3.7389404480379014,69.25708386180169,0.3785549661187857
2022,Mercer,7.059219475308524,9.466056493404889,4.345853955786883,3.9580385009945838,65.42852159456328,0.4150410686529473
2022,Auburn,7.71427200000822,6.995359707838856,4.553225212594112,3.6446677250004953,68.97782328875729,0.4842929240686611
2022,Utah,8.299570035990772,7.006453958449024,4.914565532067222,3.6045860775631597,69.95735471766038,0.44467527652295896
2022,Florida,8.118832535608396,6.570270853768013,4.745905929037269,3.788301840277656,69.83809541461814,0.45615514448979305
2022,Oregon,8.061104184547288,6.766604008970168,4.842741358964968,3.740245367112528,69.33755300910335,0.4463600041194774
2022,Georgia,9.380528540193438,5.838123161359775,5.561695194811201,2.5542901911291778,70.02869224229491,0.449292313456246
2022,Miami (OH),7.344079819859918,7.819927719412634,3.977226032605531,4.1428239805524445,70.21796330866056,0.4798659411494573
2022,Kentucky,7.962575638296173,7.238779583496937,4.8720478064725885,3.7987284346834027,68.40607613657275,0.43961611644217086
2022,Ole Miss,7.971547059071503,6.9695412800175065,4.502643076899799,4.003009220030503,70.41924997152374,0.4243235151685256
2022,Troy,6.462674216801756,7.794906964847181,3.368959657640536,4.447712818247672,67.97105985984653,0.5134454698362367
2022,Memphis,7.821826085574375,7.562109309863553,4.176560113561472,4.057648750146647,71.44674734622792,0.4897818558445755
2022,Mississippi State,7.103716113940973,7.241111362638291,3.683543920255993,3.9674746951091886,72.21085008233311,0.642030349583376
2022,Georgia State,7.404267613281579,7.49156952689046,4.167399251704761,4.264021389124362,68.2170791991785,0.38989813360897907
2022,South Carolina,7.618349061982714,7.655671169460824,4.447894414958665,3.9075853617633975,67.42689147534294,0.44018417675792676
2022,Ball State,6.550146895672565,8.104684284233377,3.6126498088428085,4.6861816645205305,69.23696609160228,0.4722419209634554
2022,Tennessee,8.959705901975445,6.690020460673105,4.989654692676201,3.4273867131461992,71.50432593161838,0.4359320061021435
2022,Sam Houston,6.580663068625482,8.861060976533947,3.619029916717026,4.779066046433765,68.09211207109408,0.438980989258015
2022,Texas A&M,8.209260191001981,6.552991901845301,5.140921455362559,3.2523119344551423,68.0886738597186,0.45880974480610853
2022,Elon,6.374973759539356,8.113703845508647,3.3072534465135126,4.838949878787972,66.76228265232523,0.5206224163016577
2022,Florida State,8.012967291291206,7.245532301390866,4.7855722732191825,3.6507894917340913,68.39478079441768,0.43812630745833847
2022,LSU,8.047619823666956,6.715508058288607,4.455209702931025,3.601761802417996,69.33372708443831,0.4898428125403654
2022,Texas,8.51490698094366,7.0047446202477115,5.091691330864145,3.780351715317245,69.85535089074801,0.42413744404109543
2022,San José State,6.777071335308792,7.993127966617356,3.7783140817808456,4.265352921783847,67.85541639942917,0.48260173363327175
2022,Samford,7.126882156203113,7.6680321271812675,3.1979449717590205,4.8036683587513975,71.11847288571035,0.5285331868259086
2022,Southern,6.052424894558576,8.105096468961618,3.620782518656875,5.11071498269212,62.155644004057464,0.4341566739078847
2022,Central Arkansas,4.992775028126649,9.537700357391039,2.374732991786062,5.748923993132213,66.30960951723584,0.5980942287568934
2022,Arizona,7.148378155119655,7.98592803072817,4.024896988827917,4.371032708064967,69.31811995542724,0.46440702164177394
2022,Missouri,7.466637786498266,7.550340836696738,4.342902554594789,4.283114535065714,68.93013457417344,0.46438164261629367
2022,Kansas State,7.558411968985576,7.369987458330363,4.4668407341348,3.912846435832445,65.95669452972423,0.43212983118719933
2022,Pittsburgh,7.366768941754565,7.140485165332474,4.018436515186727,3.7889320726230595,71.6295920967618,0.5261251726431417
2022,App State,7.463625402076441,7.693304117258941,4.317500767183533,4.179191463886798,68.94043884764547,0.4338063000436159
2022,Wake Forest,7.97964945222571,7.546433175313718,4.225716770729547,4.2709430565309665,72.09859066087186,0.4770507178668418
2022,UL Monroe,6.658799927638643,8.10038357185513,3.5304096033795416,4.7165032239939775,68.85396344104615,0.43780261822195243
2022,Missouri State,6.341971758187978,9.257199409137387,3.4366880375921345,4.0895513210994645,72.32378268844252,0.5504216886577171
2022,Penn State,8.06023676123281,6.592576147405305,4.473979426670162,3.401686231484761,69.86851952647727,0.4936928464110529
2022,South Florida,6.94085185423791,8.057911420861474,3.8765495847854656,4.827808113542484,68.67810382027957,0.4311388993540359
2022,Youngstown State,5.874231356407908,8.563975672709393,3.112744296480192,5.540583101619451,66.84762237408046,0.4133562227370384
2022,Georgia Tech,7.396318513942743,7.326702806615658,4.2959619079066975,4.408779402372971,68.2589403863003,0.43478808074620695
2022,Abilene Christian,6.460764355410842,8.240990773231095,3.639437945479532,4.644180751264778,66.34186791686166,0.5167230877360203
2022,Akron,5.95674825877334,8.715650221326845,3.3503076252469697,5.437937044293028,67.6251694954115,0.45083637757919337
2022,Miami,8.054419428386963,6.868470602181219,4.437771662773135,3.8198587822344203,71.76970231536055,0.5109050244254942
2022,Northern Illinois,7.431107940675869,7.756810138604468,4.253618966852679,4.792242314320345,69.28346391577843,0.38631212975986484
2022,Kent State,7.587797939390673,7.8051108036255,4.079983646952173,4.806462698620523,71.20947808318246,0.39475547257426635
2022,New Mexico,5.929787108511254,8.28645830319947,3.6432869629788405,4.578930909808571,64.69544491162708,0.3839530083079072
2022,Tulsa,7.406200411821785,7.718440131614221,4.037556535762972,4.226016365336658,70.28679811242247,0.4364157157523016
2022,Bowling Green,6.8003919853860095,8.113935933490314,3.745685999671526,4.4984084161030395,68.31420810831864,0.4950297121415465
2022,Eastern Washington,6.629836596181438,8.672230383062233,3.366253700860701,4.766935547119023,70.23922600772099,0.5117682673150721
2022,South Carolina State,5.6246633414815,9.146302490451832,2.8569690628073747,5.355334176341721,66.87701477233472,0.4991385098665691
2022,BYU,8.06269390261914,7.411463056678702,4.407685125760734,4.259544933073987,70.31459405940414,0.434557475378499
2022,UT Martin,5.948843994435286,8.446645823233231,3.058764550686151,5.1615450872786734,67.27542300224792,0.49987034859051244
2022,Liberty,7.1972954175666874,7.750476492035895,4.070840879089605,4.236789455746513,68.46377462963599,0.43712212048298343
2022,Austin Peay,5.982724884985879,9.491580196683959,3.112124086217763,5.225599517393144,69.78513424833119,0.5055573434308853
2022,East Tennessee State,6.08440376113132,8.862096539235557,3.5691488560837397,4.843346046193859,65.87286664687721,0.41866572342087616
2022,New Mexico State,6.216697313055516,8.611188864666046,3.26252982461268,5.287181637144585,70.80342423130294,0.5129679463162597
2022,Massachusetts,6.279412369175403,8.426232430264971,3.609865235863166,5.326417103199932,66.5598943022219,0.44329479287069684
2022,Louisville,8.109920676555767,7.3482562527874,4.695784858988164,3.958176442401723,69.09372123920701,0.4247153947773837
2022,Clemson,7.8684076723295435,6.02059426693426,4.702082655811439,3.16174051616182,68.13963592262435,0.4634581976975016
2022,Northern Arizona,5.905775060298732,8.32783226180742,3.538162922689878,5.069470111527636,66.01592217179768,0.39018502628474
2022,Arizona State,7.289425021069403,7.208723924428039,4.4184144019163405,4.02403122798548,67.35692928528647,0.4208288343299073
2022,Colorado,7.188150190609764,7.566155423807614,4.222333401103954,4.34425534397039,66.46182096402954,0.39937660254794455
2022,TCU,8.295042335715834,7.528523641461926,4.701541849821803,4.289762740559375,69.43443201205457,0.40422478278204
2022,San Diego State,6.851587559629045,7.297894125065296,4.215121666996439,3.923515787463631,66.81487860912951,0.41271631035263
2022,UC Davis,6.603170389041965,8.619270074636201,3.1825255277192586,5.189551797251699,71.21392355298462,0.44998418604624196
2022,California,6.933549347753325,7.538572814148848,4.138569824626566,4.07986579324848,67.79966566618981,0.4897130133492626
2022,Boise State,7.594730231502451,7.205699835765878,3.934909796246456,4.019714752003657,69.78589063632204,0.4605339768698769
2022,Oregon State,7.847325447658376,7.970944404376468,4.655466692601708,4.220385864652611,69.00538685958398,0.4236719451322225
2022,Colgate,6.134332375819104,7.781858226789907,3.561134096232565,5.193455787228226,62.47743557580584,0.3873524626029687
2022,Stanford,7.624772991685949,7.74722314972479,4.140694355201612,4.344413360455115,67.53931125748446,0.48016481756059015
2022,UCLA,8.286674874268915,7.124465958098908,4.7260322068511815,3.8794832107911477,71.24550817578023,0.42750184885716264
2022,Washington,7.325631035674434,7.121630060892767,3.935567014899545,4.007163213797337,69.32222542059925,0.5154422589973615
2022,Washington State,6.768409454589248,8.144350852712817,4.024303203582109,4.268543045531731,68.49249169147207,0.5087325675083249
2022,Idaho,5.630643633684143,8.801422708832883,3.142089545948374,5.123083291553065,65.84521149091042,0.5150614432263183
2022,Oklahoma State,8.29470057354421,6.619913173022223,4.597108635292724,3.317736673005845,70.87918202755094,0.43449824845010626
2022,UNLV,6.681854891779576,8.215985232946476,3.844001185547445,4.547660967653995,67.1136914006749,0.4586439216030657
2022,Air Force,8.675069513665044,6.902408620446127,4.960067350260787,3.79514892663813,70.46293062674476,0.25169145163984025
2022,Fresno State,7.606694779847007,7.701879843525568,3.9124783603895437,4.217115279850826,70.24723076229337,0.5073995602072175
2022,USC,7.410709350762614,7.102022485768986,3.912353436363251,4.323713662808814,71.45499775678111,0.5283245881065677
2022,Alabama State,5.783028760909347,8.338861795184972,3.2291076343387246,5.6713723578709505,63.651811454489824,0.4701719357836825
2022,Southern Utah,6.18828633365497,7.932137077088158,3.360071404166932,5.134940572352232,64.06251034752518,0.4781749696399753
2022,Portland State,6.027844514095107,8.967949878309426,2.7228150597315297,5.22004033500553,69.11579122020105,0.5531414826355294
2022,Wisconsin,8.115762323055819,6.226272806620223,4.748466557746189,3.1809976740695003,67.45685174088067,0.4030356680763356
2022,North Dakota State,6.570539888750695,8.460593066141946,3.6141261068100836,4.686515868124882,68.1088100381846,0.46207206389184663
2022,Eastern Michigan,6.74062025821978,8.276371516974189,3.3975721867002515,5.018531581037702,69.48201040352838,0.48515901166285264
2022,Notre Dame,8.055852032543271,6.753696898459362,4.740702553437214,3.5761677216956484,70.11086495254403,0.4819733398289357
2022,Minnesota,8.21675057251424,6.802684614686038,4.745155521778806,3.6863054854796973,66.85060558147845,0.35339039205996486
2022,Montana State,6.19987232492227,8.826533492318879,3.401255828749396,4.610646756603215,67.06232957344567,0.49735515072611386
2022,South Alabama,6.5431089415976365,8.034346930271637,3.381212958728607,4.590198759269184,68.95674204009545,0.46820039019546733
2022,Michigan State,8.168303376409906,6.9266941547052845,4.545197544642063,3.7129495906489858,69.82949376578722,0.4568356538932952
2022,Colorado State,7.120783872294764,7.580934601867267,3.913704340903341,4.1138687270448,70.30683013184752,0.43671534378491117
2022,Tennessee Tech,5.437853363783379,9.62172188876045,3.0293995617007345,4.946527435956917,68.74084623267203,0.5479154377985126
2022,Kansas,6.972547902781757,7.877653167598372,3.9753122600768296,4.943076145048816,67.6706177501631,0.44026410376083813
2022,Murray State,5.967875903077516,8.784573649369683,3.196978356124565,4.960022749598913,66.90971991855679,0.4615782116131038
2022,Texas Tech,7.740894005582771,7.7958086998311655,4.482048662226216,4.03878016255024,68.42959575839181,0.4611699056514292
2022,South Dakota,6.314980253950478,7.94155428259567,3.8742216313040894,4.473827629823392,67.19670155180805,0.418777508700874
2022,Southeast Missouri State,6.05159683536596,8.486192793054926,3.756719785058008,5.380153806021735,59.89146341126548,0.32629615657756084
2022,Iowa State,7.627821215438454,7.453038433652448,4.520273347397757,3.714330078660542,68.89049238524153,0.48277491286086327
2022,Baylor,7.412879689753494,6.911491340831127,4.448526152620582,3.8141262007161263,67.24800862773897,0.42183116171447427
2022,Houston,7.629897142201082,7.4293773326166574,4.1677124919403665,3.96754979985817,69.59732239882479,0.4662749811085019
2022,Iowa,7.772999099599449,7.00458200755928,4.473083596963135,3.6473282699658878,67.25844054007419,0.4373416891974026
2022,West Virginia,6.998712130003608,7.2153097511232325,3.999351921474438,4.135382617390962,69.56942108449365,0.4880168460776695
2022,Oklahoma,8.414511099263189,6.758158087573175,4.882130963634477,3.638508496373372,69.9055056942235,0.4637519474030135
2022,Tarleton State,7.050162629660699,7.980143176025107,3.9622309382543026,4.4431394665737525,68.45457322281099,0.45305856119875987
2022,Ohio,6.493991706954357,8.345554983324945,3.8662972970269514,4.935210440359218,67.25020375422145,0.43341157434931726
2022,Nebraska,8.156402088495975,6.964611401185397,4.765761212057205,3.644304501066487,70.48443219785553,0.44333532541293513
2022,Texas State,6.145867222700201,8.755927721117242,3.435170216958106,5.132934135648579,68.45004560203105,0.4513201610138335
2022,NC State,7.659670806686831,7.144639423459426,4.123838728414557,3.755967602241842,69.41811856006692,0.5203656421080083
2022,Towson,5.364133637681485,9.709742894304807,2.6911390502759422,5.427661199570771,65.72121382577272,0.5693010514116826
2022,Tulane,7.5993700411023175,7.874716424254464,4.394025629893054,4.035173938921606,70.85405560467765,0.46196506606750803
2022,Arkansas-Pine Bluff,6.501189137535237,8.030468063481777,3.847883218059692,4.991464827146356,64.9975737985335,0.40253597674902314
2022,SMU,7.582031890817672,7.614799315565492,4.027397740300879,4.22238728138443,71.22226696913873,0.507912423026928
2022,Duke,6.921183578912001,7.632341959603374,3.8377426413684965,4.813744604330385,70.02692360469803,0.4340999851742158
2022,Ohio State,9.58854546605428,6.608381584760628,5.414229119336428,3.0306321913531766,72.48483649437212,0.5001287258796824
2022,Marshall,7.208962897140367,7.829559210851374,3.9856257267825743,4.296366966276563,70.53741496968497,0.4909162476567065
2022,North Carolina,8.439071239334716,6.993491957864803,4.847214757353813,4.0113721884143905,70.59762003933767,0.4284531826393261
2022,Syracuse,7.2047432181626485,7.204808278815097,4.387008989982976,4.167983443441147,67.11999442887618,0.4122200426386408
2022,Navy,6.96303991472971,7.408541737053844,4.113977324529295,4.515693352456006,66.27264033263434,0.25882142643809863
2022,Boston College,7.572054911742552,7.13512241960178,4.259561338740094,4.19083687676693,67.77645946203013,0.40602471385397454
2022,Army,8.546878387507137,6.803929920397512,4.444252269559339,3.9820112027935375,68.71017153192506,0.25584517509724897
2022,Coastal Carolina,8.03787976424874,7.489505929058726,4.489133325130976,4.241470413672552,68.98253945609646,0.4060966215275195
2022,Villanova,6.126519821319827,8.685631474336367,2.8912076049371818,4.850673569364493,65.99497612591159,0.5189462104336809
2022,UConn,6.179034065172528,8.012018213027188,3.318608825125283,4.9726139977428145,67.57628038127493,0.47235282308347337
2022,Central Connecticut,5.522636781063528,7.951797583843858,2.5274311627566943,5.922605730373752,63.27331734549532,0.5105970080342586
2022,Michigan,8.809608121008331,6.526269019266073,5.12299356816299,3.2363692489535008,68.87905784861034,0.42483613603910725
2022,Southern Miss,6.834457368563998,7.719139271725933,3.7876601746821317,4.600682292782485,66.33886959432864,0.385297884220645
2022,Old Dominion,6.99135780816335,7.7757765867394495,3.8210459168689956,4.360435917092671,69.45865859934244,0.4597845811700774
2022,Gardner-Webb,5.670291610998687,8.372737529881686,3.344270444260888,5.325118550157833,65.60992674450657,0.5036580423323226
2022,Virginia Tech,7.292606626574718,7.458928615500006,4.394704001749954,4.355745801598482,66.65061463555405,0.37316903369643517
2022,Wyoming,6.649942530917809,7.721790536904744,4.152461333342324,4.5177544944997665,66.45923379468078,0.3906700817412978
2022,Illinois,7.0177352676106395,8.071793541065942,4.302503498019301,4.021001813793068,66.12366325195768,0.4189162677043689
2022,Northwestern,7.057496654947429,6.982509238281684,4.104283440343371,4.441815994893493,68.65324399489855,0.43441847168967646
2022,Indiana,6.919531713580031,7.2548615796728875,3.995476225519881,4.273867060131915,68.6445053751409,0.44869698761959137
2022,South Dakota State,7.744009335815305,7.891673024277004,4.651409754236778,3.8727439182203534,67.75420682389932,0.43687878502624045
2022,North Dakota,6.430812025587984,8.281243126395937,3.1561333703827286,5.01530604882288,68.45401966637341,0.563531384102886
2022,Purdue,7.5517670919555115,7.390749344271825,3.866816446827673,3.878211675899772,71.54859795903644,0.5519939078947854
2022,Illinois State,5.137030500593812,8.627700622825571,3.375705814520387,5.2383188648549925,62.596526244208576,0.46927200660663326
2022,Maryland,8.165968908153612,7.125977163881382,4.3986138253883365,3.9754596276644705,71.08585721599215,0.4954448664431998
2022,Buffalo,6.85933693639319,7.958800893016408,3.9210278579251807,4.837785768758262,70.18500462803392,0.40124074947414673
2022,Rutgers,7.0121702832862765,7.298798495540714,4.063169425528593,4.176510474616952,67.25652010231192,0.43759134108707076
2022,Virginia,7.601949279256248,7.931155343778931,4.007966840004253,4.433545694235264,72.27382087668732,0.5693443564595679
2022,Western Illinois,5.849487160733449,9.379941191515321,2.779993361879467,5.298135391220687,68.04462556087425,0.560625438373364
2022,Georgia Southern,7.008695649735557,7.895169333569893,3.9972743088990534,4.5438999805397335,68.21203245725002,0.37697653258132025
2022,Indiana State,5.591904473812045,8.805366010638632,3.172957960601252,4.971710521707193,66.9587821624213,0.5761460691630549
2022,Arkansas State,6.444094521629186,8.52376827282767,3.1808697076142214,5.174512445429851,70.19973184107748,0.5168850298833304
2022,Wagner,5.833387826334728,7.76318154745425,3.4139968946946824,5.462254880655646,62.265106483935405,0.3305852574045343
2022,Nevada,6.271703002892587,8.432336552341647,3.343984706875597,4.684383469195094,69.52741411147863,0.5641611656674412
2022,Southern Illinois,6.1524400967761625,8.975824220288086,3.3837532799562786,4.865271452758959,68.17084453932442,0.43650691411412207
2022,Toledo,7.392435519762375,7.108349379426462,4.108300920917089,4.1083387947499554,68.4075171435506,0.44739211749079133
2022,Temple,6.289914417643775,8.696403820897988,3.715726734581807,4.676868946797779,67.14817493356465,0.4920495987339393
2022,Central Michigan,7.375323652714737,7.984368463142364,4.042344347118403,4.11725865939175,71.45897210346278,0.4650359253166107
2022,Lamar,5.219952111588189,8.699830147849061,3.4037560701392287,5.281497534080875,61.41018431840398,0.3633906747076615
2022,Duquesne,6.23587659206111,8.001774327323815,3.617770332035894,4.939864340405206,65.66994182082699,0.41185282749452884
2022,Florida A&M,5.355756177155106,9.374335300325138,2.781190486503016,5.394874715022275,69.57192200289724,0.5599390288791546
2022,VMI,5.826029405081825,7.950403620870194,3.1953283457530333,5.561967255879412,66.11105422073817,0.46631783965296714
2022,East Carolina,7.4751254906810045,7.868021110243588,4.012513815140227,4.365657962791032,70.21304271214039,0.4598073403754518
2022,Bethune-Cookman,6.533384839859383,8.520427867146724,3.5039473462067914,4.824590240005813,66.18591576189006,0.5476940102025519
2022,Richmond,5.5605613007788595,8.970077651453279,3.4136558936504886,4.962818806450183,65.18246675446,0.43454378296297863
2022,Furman,5.708676102701172,9.094856469666878,3.32943340787104,5.528946273684506,63.2148332415195,0.4190855233540896
2022,Western Carolina,4.6980687083160975,9.987763410335182,2.7423487646133315,5.578338701288524,64.30167976550027,0.5456818951324097
2022,Charleston Southern,6.696677874055467,8.089884060702799,3.5543312936982656,4.682427125887155,71.92524572666514,0.52791372259624
2022,Maine,6.256217518543243,8.064052449431664,3.4975456598892407,5.05082973106353,65.04498984519435,0.4500723273145759
2022,North Carolina A&T,4.980174235468926,8.589360609025327,3.0338433766294153,5.653942335584722,64.52113771793888,0.38010068777953987
2022,Wofford,7.312515264718614,7.758711441678651,4.476105505617983,4.814241880440553,64.1398087077933,0.27942615621901834
2022,Western Michigan,7.579753869335667,7.33411031585126,4.066804727209313,4.592579694078497,70.91882573355524,0.3974842854537176
2022,Rhode Island,5.943756774590609,8.655851680793798,3.2435193295824902,5.017229827339147,64.42114894159573,0.40630869766095423
2022,UCF,7.460796245848067,7.534060048312767,4.37401262740035,4.080074751631439,68.58174702318054,0.4449696891620559
2022,James Madison,6.359062101576386,8.803584411450753,3.459857438870024,4.825028019626212,67.94869001495691,0.4587317930921435
2022,Louisiana,6.865929893611156,7.66029347734815,4.143043325000856,4.315444884911219,68.26456402133338,0.4389291750288116
2022,Chattanooga,6.0758416312968855,9.172288997828128,3.6791653900342176,4.503754195449745,67.05889446605659,0.5246293114910654
2022,Kennesaw State,6.136760372609109,7.5852049638714085,3.6167318472381274,5.027831337338972,64.43428992592175,0.37621439634346027
2022,The Citadel,5.27675893447215,7.9811028428518815,3.2465039549768937,6.280101366161567,59.7376979676192,0.22758587429051783
2022,Stephen F. Austin,5.3840901843424644,9.05795974153706,2.401636775217022,5.5275328835011335,71.25235432966801,0.6062278056070587
2022,Jacksonville State,5.637925588052881,9.152724887468956,3.007514947730405,4.991503025135955,66.55205578528513,0.5390986620128977
2022,Davidson,7.050162629660699,7.980143176025107,3.9622309382543026,4.4431394665737525,68.45457322281099,0.45305856119875987
2022,Nicholls,7.170148878814938,8.051062314861968,3.8197928586818026,4.415921918359045,69.09272225896211,0.48900898682444666
2022,North Alabama,7.102487740705497,7.509297537229225,3.7694777481762776,4.668215732183506,67.52779803297287,0.44915547847105025
2022,SE Louisiana,6.214779369406919,8.945888256150754,2.747465590457961,5.018907451201663,72.34309428289433,0.5860401701964029
2022,Eastern Kentucky,5.4140957137079795,9.07541423138243,3.018245757716882,4.90621682330732,63.90252573727478,0.5650086082874675
2022,Cal Poly,6.127524353872849,7.582772574409202,2.8471208400022365,5.330944103502307,66.27087902222084,0.4757898423487659
2022,San Diego,7.050162629660699,7.980143176025107,3.9622309382543026,4.4431394665737525,68.45457322281099,0.45305856119875987
2022,Sacramento State,5.974271913990735,9.079325048620266,2.648071354236241,5.35166660228572,69.88685305092046,0.6013828166490829
2022,Idaho State,6.3705752945041105,8.037044080950771,3.501102074387234,5.153265734092708,65.80358751847608,0.4364017067211051
2022,Montana,6.9956517178578,8.193542326674887,4.168903795613222,4.323966611862851,67.06207920188542,0.4329827763653088
2022,Tennessee State,6.1208699110133775,8.05319288424811,3.222072904435828,5.59700129085184,64.25036057486794,0.43271485920197816
2022,Weber State,6.030045568877939,9.036907062536086,3.0737352640258617,5.02099670095996,67.22214074306181,0.5017655570266845
2022,Northern Colorado,5.6323273893861945,8.795072401724454,2.878995871056649,5.294848994365952,66.77836724800086,0.6075669909199828
2022,Drake,7.050162629660699,7.980143176025107,3.9622309382543026,4.4431394665737525,68.45457322281099,0.45305856119875987
2022,Northwestern State,6.1936082601639315,8.667291896551786,3.4913088246945625,5.3708344696988295,67.02290556079112,0.37467091396045715
2022,McNeese,6.505575561045248,8.181005038327566,4.0059938126106305,4.617190764602854,67.59984288325711,0.40116076250740784
2022,Morehead State,7.050162629660699,7.980143176025107,3.9622309382543026,4.4431394665737525,68.45457322281099,0.45305856119875987
2022,Stony Brook,7.034072463970365,7.811303565199239,4.095792310633355,4.378894757256026,66.87511551553699,0.40576926424146914
2022,Norfolk State,6.893153517842505,7.6963096687608195,3.801175067522815,4.756241498230006,66.43029465786684,0.39705732906828606
2022,Houston Christian,5.398270307195863,8.474658610480901,2.444979011575287,5.231437623231892,67.48637865891656,0.6128939360522335
2022,Brown,7.050162629660699,7.980143176025107,3.9622309382543026,4.4431394665737525,68.45457322281099,0.45305856119875987
2022,Bryant,4.947487399689777,8.16722464624545,2.5118397463302573,6.0746592955068035,62.33444824201114,0.45846900673351415
2022,Harvard,6.54423037856561,8.523653486811412,3.5948125278582066,4.708598718567834,68.0876982794336,0.4605193215298437
2022,Cornell,7.050162629660699,7.980143176025107,3.9622309382543026,4.4431394665737525,68.45457322281099,0.45305856119875987
2022,Pennsylvania,6.349606805653604,8.752392089331913,3.453355894200563,4.815393522384692,67.94541881061066,0.46229288870362484
2022,Yale,4.955595690069702,8.807793846366781,2.6347152691050963,5.317975694593648,69.21020638609126,0.599855544928501
2022,Columbia,7.050162629660699,7.980143176025107,3.9622309382543026,4.4431394665737525,68.45457322281099,0.45305856119875987
2022,Dartmouth,7.050162629660699,7.980143176025107,3.9622309382543026,4.4431394665737525,68.45457322281099,0.45305856119875987
2022,Marist,7.050162629660699,7.980143176025107,3.9622309382543026,4.4431394665737525,68.45457322281099,0.45305856119875987
2022,Georgetown,6.327243982079374,8.849857117090988,3.4366785119922714,4.844599388528462,67.9249106089027,0.4585266340582483
2022,Princeton,6.656414965965385,8.31968980413464,3.6767798639028766,4.62988361538407,68.17392512038127,0.4635190437806698
2022,Northern Iowa,6.164767306105165,9.081428870579803,3.272446159482063,4.531520424181421,68.29657586018483,0.542856675066767
2022,Incarnate Word,6.6443729991611145,8.289280715007889,3.30484840682713,4.594920811922743,70.0042144843937,0.5776849261042137
2022,Lehigh,6.236919158574321,9.038975081393913,3.3705347845018863,4.913899792015825,67.85403051362393,0.4547228071671188
2022,Delaware,6.008857438329548,7.6706919643647336,3.596940932606364,5.1215392037388465,62.63879603239817,0.42223623348817757
2022,Lafayette,6.8287016660747915,8.569163239690731,3.783832946710214,4.485441485528217,67.02832526313787,0.5150029720479647
2022,Alcorn State,6.446925134351011,8.470836312968256,3.382899899253389,5.104724664864862,67.96080057643643,0.49430131833531915
2022,Howard,4.763164561566107,9.320202975976358,2.804931095826209,5.439078355699268,62.62711498387669,0.556249290231049
2022,Campbell,5.876173029448516,9.193740926445498,3.1826802343934224,5.25756551111491,64.67432942744126,0.466050061774362
2022,Saint Francis,6.217486244664691,8.132014118290085,3.442637714904322,4.987696215810333,66.73024626184979,0.4692860535500362
2022,Eastern Illinois,5.54821614112024,8.762109222412743,3.446080251118096,5.208090491317087,62.834616211596654,0.4986544721766816
2022,Holy Cross,6.727102756793096,7.641298267379142,4.129322145808792,4.530957101106896,67.90947700431997,0.36365220822407807
2022,Robert Morris,5.604551309382525,8.014624621653619,4.037333040006543,5.367811090913492,58.048804975581945,0.3137163747284112
2022,Bucknell,4.559211610853442,9.683816292860845,2.5513311059968373,5.8613412570514765,62.86857055216098,0.5574559806744462
2022,Long Island University,5.7894760591115215,8.0103674780353,3.0789172660844812,5.724301955865166,62.865414103993324,0.4244890361819315
2022,Fordham,6.349482816890957,8.553023969513394,3.6162235932711466,4.6848712128521255,66.89688060411733,0.5472043996535023
2022,New Hampshire,5.850505346676904,7.823440228366153,3.5492947635949483,5.29836078290019,60.97811091326201,0.43356416338071413
2022,Valparaiso,7.050162629660699,7.980143176025107,3.9622309382543026,4.4431394665737525,68.45457322281099,0.45305856119875987
2022,Sacred Heart,7.050162629660699,7.980143176025107,3.9622309382543026,4.4431394665737525,68.45457322281099,0.45305856119875987
2022,Presbyterian,7.050162629660699,7.980143176025107,3.9622309382543026,4.4431394665737525,68.45457322281099,0.45305856119875987
2022,Mississippi Valley State,7.050162629660699,7.980143176025107,3.9622309382543026,4.4431394665737525,68.45457322281099,0.45305856119875987
2022,Alabama A&M,6.239769305182998,9.02098171783728,3.3726934752688127,4.908852012187305,67.85696988060599,0.45551355167146546
2022,UVA Wise,7.050162629660699,7.980143176025107,3.9622309382543026,4.4431394665737525,68.45457322281099,0.45305856119875987
2022,Prairie View A&M,6.168396512021557,7.682718480861814,4.017089761963886,5.16417040280436,61.8415311746786,0.31409494400896226
2022,Western New Mexico,7.050162629660699,7.980143176025107,3.9622309382543026,4.4431394665737525,68.45457322281099,0.45305856119875987
2022,Utah Tech,7.050162629660699,7.980143176025107,3.9622309382543026,4.4431394665737525,68.45457322281099,0.45305856119875987
2022,Lindenwood,7.050162629660699,7.980143176025107,3.9622309382543026,4.4431394665737525,68.45457322281099,0.45305856119875987
2022,Mississippi College,7.050162629660699,7.980143176025107,3.9622309382543026,4.4431394665737525,68.45457322281099,0.45305856119875987
2022,Grambling,5.217324003513987,9.167122112665869,3.134985849121237,5.600826206608538,63.08438613418825,0.4237340677208018
2022,Morgan State,6.329476648710068,8.181556511058357,3.4558914057891257,5.047789614626867,66.38149158161112,0.46403392774823776
2022,Virginia Lynchburg,7.050162629660699,7.980143176025107,3.9622309382543026,4.4431394665737525,68.45457322281099,0.45305856119875987
2022,North Carolina Central,5.070109483274913,9.423282670816956,2.7347787287480485,5.560694124550984,65.48304600357991,0.5151806966777265
2022,Delaware State,7.050162629660699,7.980143176025107,3.9622309382543026,4.4431394665737525,68.45457322281099,0.45305856119875987
2022,Hampton,6.29316332054202,7.939179275613027,3.7901045173770447,5.358540373194873,63.13378200870491,0.3478196872125249
2022,Winston-Salem State,7.050162629660699,7.980143176025107,3.9622309382543026,4.4431394665737525,68.45457322281099,0.45305856119875987
2022,Dayton,7.050162629660699,7.980143176025107,3.9622309382543026,4.4431394665737525,68.45457322281099,0.45305856119875987
2022,Butler,7.050162629660699,7.980143176025107,3.9622309382543026,4.4431394665737525,68.45457322281099,0.45305856119875987
2022,East Texas A&M,7.050162629660699,7.980143176025107,3.9622309382543026,4.4431394665737525,68.45457322281099,0.45305856119875987
2022,Chadron State,7.050162629660699,7.980143176025107,3.9622309382543026,4.4431394665737525,68.45457322281099,0.45305856119875987
2022,Warner,7.050162629660699,7.980143176025107,3.9622309382543026,4.4431394665737525,68.45457322281099,0.45305856119875987
2022,St. Thomas (MN),7.050162629660699,7.980143176025107,3.9622309382543026,4.4431394665737525,68.45457322281099,0.45305856119875987
2022,Eastern New Mexico,7.050162629660699,7.980143176025107,3.9622309382543026,4.4431394665737525,68.45457322281099,0.45305856119875987
2022,Lincoln (CA),7.050162629660699,7.980143176025107,3.9622309382543026,4.4431394665737525,68.45457322281099,0.45305856119875987
2022,North Greenville,7.050162629660699,7.980143176025107,3.9622309382543026,4.4431394665737525,68.45457322281099,0.45305856119875987
2022,William & Mary,5.8999053688278025,7.9931452401040675,3.428085975563045,5.485741803107454,62.59867839626139,0.36804624760680693
2022,Monmouth,5.6603056895245825,8.827764974354576,2.645926913019257,5.256696141936266,69.54054388818042,0.5008519974731964
2022,St. Thomas University (Fl),7.050162629660699,7.980143176025107,3.9622309382543026,4.4431394665737525,68.45457322281099,0.45305856119875987
2022,Taylor,7.050162629660699,7.980143176025107,3.9622309382543026,4.4431394665737525,68.45457322281099,0.45305856119875987
2022,Barton,7.050162629660699,7.980143176025107,3.9622309382543026,4.4431394665737525,68.45457322281099,0.45305856119875987
2022,St. Andrews,7.050162629660699,7.980143176025107,3.9622309382543026,4.4431394665737525,68.45457322281099,0.45305856119875987
2022,Stetson,7.050162629660699,7.980143176025107,3.9622309382543026,4.4431394665737525,68.45457322281099,0.45305856119875987
2022,Missouri S&T,7.050162629660699,7.980143176025107,3.9622309382543026,4.4431394665737525,68.45457322281099,0.45305856119875987
2022,Kentucky Christian,7.050162629660699,7.980143176025107,3.9622309382543026,4.4431394665737525,68.45457322281099,0.45305856119875987
2022,Louisiana Christian,7.050162629660699,7.980143176025107,3.9622309382543026,4.4431394665737525,68.45457322281099,0.45305856119875987
2022,Merrimack,7.050162629660699,7.980143176025107,3.9622309382543026,4.4431394665737525,68.45457322281099,0.45305856119875987
2022,Jackson State,5.665670466833167,9.260875890434725,3.069064680020973,4.677874877021823,68.67027111555261,0.6346155004550942
2022,Texas Southern,6.690664005918061,7.742496858630665,3.512884180382168,5.332081097812738,65.12494123186016,0.41105539171030464
2022,Miles,7.050162629660699,7.980143176025107,3.9622309382543026,4.4431394665737525,68.45457322281099,0.45305856119875987
2022,UAlbany,5.766027877659613,7.7484264589410605,2.935702916337754,5.573510775276317,61.89572183628001,0.41847191823152263
2022,Tuskegee,7.050162629660699,7.980143176025107,3.9622309382543026,4.4431394665737525,68.45457322281099,0.45305856119875987
2022,Lane College,7.050162629660699,7.980143176025107,3.9622309382543026,4.4431394665737525,68.45457322281099,0.45305856119875987
2022,Albany State,7.050162629660699,7.980143176025107,3.9622309382543026,4.4431394665737525,68.45457322281099,0.45305856119875987
2022,Delta State,7.050162629660699,7.980143176025107,3.9622309382543026,4.4431394665737525,68.45457322281099,0.45305856119875987
2022,Mars Hill,7.050162629660699,7.980143176025107,3.9622309382543026,4.4431394665737525,68.45457322281099,0.45305856119875987
2022,Lincoln (PA),7.050162629660699,7.980143176025107,3.9622309382543026,4.4431394665737525,68.45457322281099,0.45305856119875987
2022,Morehouse,7.050162629660699,7.980143176025107,3.9622309382543026,4.4431394665737525,68.45457322281099,0.45305856119875987
2022,Charlotte,7.223235935139565,8.131546051893716,3.6432111563345986,5.090761080670109,69.15543839905078,0.4589239536173016
2022,Florida Atlantic,7.321280659087852,7.864555793789682,4.020855121324979,4.2034888982335135,69.75131576006024,0.4670855076018514
2022,North Texas,7.318689018900622,7.5111227417047965,4.012327843681086,4.465376322930911,69.90435636411082,0.4035287550404143
2022,UTEP,6.883548595048053,8.356968917916754,3.639532900865597,4.490168085069712,67.96310949880119,0.44418694802511155
2022,Western Kentucky,6.745591977433224,8.730465783403945,3.576685320180667,4.564094429123146,71.5067663676596,0.5982436104643778
2022,Florida International,6.404343791136425,8.691140768092861,3.6443238703866525,5.127620152545345,67.81412281277554,0.4714022098620335
2022,UAB,7.959928348674488,7.430639025942694,4.535812047092591,3.941198899169819,68.18673550384227,0.3927112728671487
2022,Louisiana Tech,6.572225390276101,8.216902390117863,3.644310074217084,4.751885505454867,68.87763081590337,0.48282345956344846
2022,Middle Tennessee,6.5699959080165256,8.036292951132253,3.578041362560676,4.638569684999268,68.90977084910455,0.49063921019267326
2022,Rice,6.754681223979834,7.617034759487161,3.5550615315720964,4.814735135340461,69.60385060500964,0.4269591284659251
2022,UTSA,7.836659573940329,7.8419158649611305,4.362044462150039,4.008430566412947,70.21329018650044,0.4549275289879683
2022,Michigan Tech,7.050162629660699,7.980143176025107,3.9622309382543026,4.4431394665737525,68.45457322281099,0.45305856119875987
2022,McKendree,7.050162629660699,7.980143176025107,3.9622309382543026,4.4431394665737525,68.45457322281099,0.45305856119875987
2022,Western Oregon,7.050162629660699,7.980143176025107,3.9622309382543026,4.4431394665737525,68.45457322281099,0.45305856119875987
2022,North American,7.050162629660699,7.980143176025107,3.9622309382543026,4.4431394665737525,68.45457322281099,0.45305856119875987
2022,La Verne,7.050162629660699,7.980143176025107,3.9622309382543026,4.4431394665737525,68.45457322281099,0.45305856119875987
2022,Limestone,7.050162629660699,7.980143176025107,3.9622309382543026,4.4431394665737525,68.45457322281099,0.45305856119875987
2022,William Jewell,7.050162629660699,7.980143176025107,3.9622309382543026,4.4431394665737525,68.45457322281099,0.45305856119875987
2022,Keiser University,7.050162629660699,7.980143176025107,3.9622309382543026,4.4431394665737525,68.45457322281099,0.45305856119875987
2022,Assumption,7.050162629660699,7.980143176025107,3.9622309382543026,4.4431394665737525,68.45457322281099,0.45305856119875987
2022,Stonehill,7.050162629660699,7.980143176025107,3.9622309382543026,4.4431394665737525,68.45457322281099,0.45305856119875987
2022,Edward Waters,7.050162629660699,7.980143176025107,3.9622309382543026,4.4431394665737525,68.45457322281099,0.45305856119875987
2022,Kentucky State,7.050162629660699,7.980143176025107,3.9622309382543026,4.4431394665737525,68.45457322281099,0.45305856119875987
2022,Post,7.050162629660699,7.980143176025107,3.9622309382543026,4.4431394665737525,68.45457322281099,0.45305856119875987
2022,Southern Connecticut State,7.050162629660699,7.980143176025107,3.9622309382543026,4.4431394665737525,68.45457322281099,0.45305856119875987
2022,Bloomsburg,7.050162629660699,7.980143176025107,3.9622309382543026,4.4431394665737525,68.45457322281099,0.45305856119875987
2022,Indiana Wesleyan,7.050162629660699,7.980143176025107,3.9622309382543026,4.4431394665737525,68.45457322281099,0.45305856119875987
2022,Faulkner University,7.050162629660699,7.980143176025107,3.9622309382543026,4.4431394665737525,68.45457322281099,0.45305856119875987
2022,Southwest Baptist,7.050162629660699,7.980143176025107,3.9622309382543026,4.4431394665737525,68.45457322281099,0.45305856119875987
2022,Ferris State,7.050162629660699,7.980143176025107,3.9622309382543026,4.4431394665737525,68.45457322281099,0.45305856119875987
2022,Colorado School of Mines,7.050162629660699,7.980143176025107,3.9622309382543026,4.4431394665737525,68.45457322281099,0.45305856119875987
2022,North Central College,7.050162629660699,7.980143176025107,3.9622309382543026,4.4431394665737525,68.45457322281099,0.45305856119875987
2022,Mount Union,7.050162629660699,7.980143176025107,3.9622309382543026,4.4431394665737525,68.45457322281099,0.45305856119875987
2023,Jacksonville State,6.6778155611868275,8.906585761685339,4.087010771607695,4.556095844213307,67.11939308059887,0.3817794098622062
2023,UTEP,7.0119314118302665,8.10635164402277,3.6527367328581724,4.569729839538767,69.11477164620791,0.421252961714267
2023,Florida International,6.829612338717472,8.186491560364594,3.6143654895201984,4.776121526453067,69.96030591300328,0.514333331385315
2023,Louisiana Tech,6.9497503140069465,8.796911667942176,3.805463836498938,5.079453759019808,71.40912627440316,0.49058027941019
2023,Hawai'i,6.563880145450485,8.384123936657321,3.5971462061434094,4.8491716282712485,69.25566439621173,0.4793436580265757
2023,Vanderbilt,7.456475834781629,7.61391429167208,4.379270959865405,4.332393289025918,68.8387116053867,0.45889464620488013
2023,Nebraska,7.526134634625973,6.873533660157965,4.315378129146354,3.958146164922746,68.54258213311851,0.4330541169442784
2023,Minnesota,7.80963049659671,6.255908331819667,4.5448303894383635,3.3946295139378337,66.24785434456452,0.36416111689802266
2023,Alabama,9.409147226801444,5.523597175939722,5.442474458051485,2.644351380014106,71.46246864395061,0.47661549178764706
2023,Middle Tennessee,6.680210652577325,8.224399889688417,3.611286414968601,4.540169176981946,70.44547337389074,0.49982083852825787
2023,Western Carolina,6.28239914864792,9.012895128704372,3.5390239833897104,4.928233140224544,67.54018930081577,0.4731121774958135
2023,Arkansas,8.846516680487039,6.745488822755357,5.021439591043894,3.6771211792422323,71.7295669310019,0.3977623750386533
2023,Auburn,8.561411628985093,6.954213821651681,5.116508916811912,3.519521418622741,70.54457040636248,0.4173460333318672
2023,Massachusetts,5.9168685256085585,8.484418844230584,3.5901700419336895,4.965154531639897,65.44772475506595,0.39321917325344363
2023,Sam Houston,6.3504480600898265,8.396155813646349,3.6249027699876812,4.598762981353159,68.95580328257007,0.4672019564402737
2023,BYU,7.654331916774931,7.749230095963247,4.5316059294199835,4.22022266142983,69.90777703014477,0.45966283958022675
2023,Maine,6.5812397094409665,8.059653756920833,3.604088777595992,4.6841979302198276,66.34146770299063,0.4872243435603082
2023,UT Martin,6.784914743214882,8.652515782414428,4.20999787191222,4.1610817217165,67.37371702293873,0.5052070697213609
2023,Georgia,9.231893983039985,5.13168946925025,5.4347329799007555,2.39664066610169,70.01217453720675,0.4479723289191714
2023,Illinois,7.133520084410273,6.613548281800742,4.331272716926227,3.329730661494932,66.87284674658038,0.42335774785755287
2023,Toledo,7.589480047751836,7.458694980274035,4.3229483111536515,4.115681333858977,70.880581555249,0.4348855022747831
2023,Indiana,7.249633566606979,7.669985466738714,4.157500505418237,4.298808506632187,71.55764873455382,0.5169160182802548
2023,Ohio State,9.611279852955041,5.8606947900602,5.471344191782906,2.9515117161685867,70.79099757671385,0.45572706030145116
2023,Utah State,7.116462890145905,8.186403629843255,3.874058197381608,4.6904158046567375,70.68358138962894,0.42388395076960905
2023,Iowa,7.100656855032443,6.227382355357347,4.277403836642361,3.073114005713208,64.62382712389756,0.44990127575625566
2023,East Tennessee State,6.259881212334101,8.630459592455365,3.6885843494868875,4.764853242056579,66.9567115864634,0.4512796926985223
2023,Ball State,6.362979730767452,7.813679144807119,3.7026942840700676,4.342674550170573,69.28994787606986,0.4959529781175135
2023,Kentucky,7.622383682404056,6.463493588599073,4.530320860374832,3.3050923015584335,66.46035839026183,0.43349203961507643
2023,Liberty,7.213022626255019,7.559230371513812,4.118119679001547,4.032412920070417,68.80363290726801,0.43966593871657733
2023,Bowling Green,6.6502851551490405,8.287471892405543,3.667890919770687,4.750976364596064,69.67774710702543,0.4975224729568191
2023,Towson,6.811197630648343,7.786252672196244,3.7146773821864736,4.704330585686824,66.67091893558494,0.44150583986277303
2023,Maryland,8.330518013192766,7.0680817123684205,4.667941895844208,3.5640204880456383,70.96221183918378,0.4797423649614337
2023,East Carolina,7.261989720235404,7.55615138499614,4.15454130974854,4.146802252411789,69.65622259330874,0.48642246915481163
2023,Michigan,9.07309870930552,5.777861870803376,5.3360104120765275,2.9096665608444336,69.09466226979548,0.40804056200903854
2023,Michigan State,7.528385415252431,7.297836226639087,4.389284948703981,3.9450794651732286,70.08653626334579,0.5017420605969807
2023,Central Michigan,6.996121874067603,7.625189163549186,3.9648669467092708,4.217423488224521,69.16704956749209,0.4447515613421241
2023,SE Louisiana,7.280974057706857,7.775686727859135,3.8787556295464696,4.424899712512225,68.64739631054805,0.44303297801841446
2023,Mississippi State,7.824435243330761,6.9307875278022575,4.2589121079504455,3.45037633078484,71.66144703985077,0.5982207893468254
2023,South Dakota,6.079938439505973,8.733663852441596,3.650283885603441,4.612581712175092,65.99323907246965,0.4604045726990179
2023,Missouri,7.86984779504836,6.880097166317385,4.698947114832173,3.436562853519752,68.5725896543493,0.45250051191628654
2023,New Mexico State,6.792816736595457,7.8196509473797065,3.8998255101231694,4.277463739858858,64.67000808834206,0.4144815551624149
2023,Western Illinois,6.5537028485276805,7.965672426377434,3.482759305303693,4.7770627724802734,66.33593311091515,0.4929580418551704
2023,North Carolina,8.92038597746752,7.27207892682152,4.943252412455672,3.864360117437346,73.21187290125827,0.49411916591307137
2023,South Carolina,8.029240554905488,7.398954120257789,4.433012486495662,3.8917014575629514,69.53993130500794,0.4782622096301479
2023,Mercer,7.959618302890001,7.224867209238871,4.1379298879594515,4.089248410438202,69.90495152684616,0.42869548529001283
2023,Ole Miss,8.86336961388587,6.675620335193775,5.08329430495511,3.5741403192437273,72.14659421256084,0.41440617514720735
2023,Penn State,8.34740235718122,6.165828509254495,4.912563940684436,3.175675185713742,70.02795489953374,0.46703176369441635
2023,West Virginia,7.780276479138664,7.378202050647078,4.46218893444675,4.0881044201088805,71.40731902422364,0.49013685190765566
2023,Fresno State,6.993256983650505,7.54933900474888,4.045694862733653,4.091597702865628,68.16987901400195,0.4767700930692631
2023,Purdue,7.521693338339358,6.941975544516817,4.044149032888039,3.990530374329948,70.71578785130119,0.50483147292583
2023,Northwestern,7.233352903894235,7.388895983948443,4.166902690347078,4.085195816306522,70.11627605321928,0.4603036487141744
2023,Rutgers,6.860902152888332,7.3577071986212434,4.154271859194371,3.8758328127819173,66.95568163962436,0.4559966377685719
2023,SMU,7.917289516754045,8.156905632419326,4.3721645680306045,4.391284012635,73.61273603785828,0.49666835659675557
2023,New Mexico,5.997419203795027,7.797640659958161,3.6513741474010373,4.425440182375135,64.24493789389754,0.4125891291863262
2023,Texas A&M,8.257862828807434,6.023237940220647,5.038189704853939,3.147389300778583,68.27904446708088,0.48606573322804836
2023,NC State,7.187983357960475,6.688379826789687,4.029734623458337,3.5828363127164446,68.20226248148032,0.4747414023512363
2023,UConn,6.451424790496203,8.111833236404882,3.979682255931848,4.352996450204695,64.8297101626031,0.40192913124328633
2023,Army,7.397179336358968,7.415883329611371,4.220463898428918,4.523053820613252,66.16742866632158,0.2375788401182
2023,UL Monroe,6.587350892043287,8.645221092405203,3.7242412938515503,4.8269864061043455,67.59919475330322,0.4454529081817284
2023,Utah,8.417275135131387,6.659129568343155,4.941875142041717,3.4337919040866094,70.89322692063334,0.44461133495132493
2023,Florida,8.4811647214785,6.972088919606225,5.177739342039073,3.698278949558762,70.32044045148236,0.4445356994595888
2023,Incarnate Word,7.378843451080039,8.416964478966696,3.7997738328887625,4.354026127161736,69.94099368275313,0.4497785185846001
2023,Alabama A&M,7.1110635167559275,7.831007651906939,3.9361932831223094,4.418748202936829,69.30356638189679,0.4517512832686121
2023,Virginia,6.889479747968912,7.281910974642423,4.015344201630077,3.9518736469792812,67.62656248856007,0.4754667096882336
2023,Tennessee,9.266847627096903,6.6039666058787905,5.247468602940606,3.275639770262383,72.78856811646146,0.4454023279994064
2023,Wisconsin,8.11921030402311,6.380552619453975,4.812650295949911,3.2319343467562556,68.32720242052626,0.4181909859267014
2023,Buffalo,7.02961016886337,8.162748792357396,3.7973791283076728,4.704135026391401,70.38454163837295,0.45126250839885884
2023,South Florida,7.590330797056816,8.60933927371254,4.394523099181635,4.959666012212547,70.27936136911119,0.4427742022068147
2023,Western Kentucky,7.453911729769736,8.142403164911064,3.9567087044073466,4.251347942225163,71.6290496067441,0.5238527118351151
2023,Florida State,8.761211385816761,6.637906014044461,5.0638019418730735,3.336474347318796,70.91305836472515,0.44119368643440565
2023,LSU,8.953013594410878,6.072132710144477,5.016389995047082,3.0501091967093004,71.222425260127,0.472761810021948
2023,Texas,8.546371111229503,6.458450575856468,5.166246825794111,3.1998931578016894,69.67539890317191,0.4634993850799147
2023,Kent State,7.006018563387147,8.118189707155668,4.084822534123436,4.609862421798914,69.6565535192056,0.41937089324351495
2023,Delaware State,6.636261915505304,7.884355712547189,3.784180448337136,4.7050340932346435,65.9031952089715,0.40659494925775347
2023,California,7.199130295853936,7.305799617589408,4.054062829158222,3.89622906757228,69.26937644079386,0.5333129476381168
2023,Coastal Carolina,8.24592306248708,7.336739384783156,4.38916011982072,4.195381067321135,70.10292689928964,0.4232585744841034
2023,Colorado,6.764230226133779,8.231631745711516,4.018076327581427,4.708255320189373,68.94574366135825,0.4724005444350593
2023,North Texas,7.436616983265077,8.224995183336418,4.239779782608046,4.421517014361108,69.63016780846449,0.4456129462205566
2023,McNeese,6.148728221400212,8.240129092030985,3.4789009004607063,5.093624854639525,65.45347114205984,0.412998757748581
2023,Georgia State,7.859269464354467,8.333680770802834,4.555407608405046,4.261916449699805,71.76776487178682,0.40634147656893815
2023,Indiana State,6.670104961055825,7.6423964822123445,3.7191507326018796,4.521050279456151,66.49078366076718,0.4761159740119674
2023,Iowa State,7.424028180243108,6.470439365090806,4.242460428482959,3.3058453083524126,69.05087582621076,0.4843180368277497
2023,Kansas,8.357821734163478,8.216427468040784,4.799575235044556,4.216834295570438,70.5594910996714,0.46042418783743455
2023,Eastern Kentucky,6.282250343378205,9.123034839866659,3.6234812907339196,4.608531163178322,68.28670945792969,0.5201786641390935
2023,Northwestern State,6.350662218724309,8.38923649840785,3.5883585961562554,4.954371313636486,69.0893314369984,0.520639431735824
2023,Grambling,6.308762354496051,8.154514867076982,3.7487450708447803,4.757685691712719,65.13573408731463,0.46646976736179446
2023,Charlotte,6.511256338980488,8.627259405248617,3.525232676589128,4.948874952668863,67.99947966769233,0.49767446258496606
2023,Miami,8.17877036825652,6.612401141857055,4.395464203682976,3.7208619443071873,69.86113221050412,0.46810665261821194
2023,UNLV,7.197772767931009,7.864031392525507,3.9697516688527332,4.27567523795579,68.20714027168188,0.46864730675255994
2023,Richmond,6.879343400077737,8.093548538508546,4.024761349584828,4.099794868797901,70.84148985294523,0.5186141042538053
2023,Eastern Michigan,6.850396675993501,8.231913737230308,3.632940023371885,4.682685832586882,68.21952245379346,0.43410322769449716
2023,Arizona,8.397390236756898,8.086725146944575,4.641126998008789,4.200833055405588,72.37082872735256,0.5213516265012577
2023,Youngstown State,7.0055478340227655,8.33737533556569,4.2880085483237105,4.365071895820283,65.98060586284953,0.43301997810673565
2023,Delaware,6.733125881800967,8.97775561095894,4.2526421266691745,3.9673315415569994,69.45383172347297,0.5281432992455695
2023,Temple,6.727452748054738,7.901773447386055,3.634957240429119,4.388117485524449,68.43799220123147,0.5202849268445223
2023,Air Force,8.181049441229495,6.229837151053539,4.58884665628449,3.57730010393363,65.96616423045711,0.20718342840466758
2023,Furman,7.174654564845312,7.841443842568428,4.140570457836434,4.510788687226833,67.92856756659314,0.42176847065181483
2023,Austin Peay,6.594131668488053,8.591853390651508,3.6458378009281867,4.811773552151597,69.1432419588779,0.43656991006496965
2023,Tulane,7.93166943465957,7.205239504900282,4.637976385331269,3.654707657830728,68.97466328240354,0.4240618185525307
2023,Virginia Tech,7.193456471023184,7.0594700553242165,4.125880300556521,3.8035460597466395,67.63567564416918,0.454674729953074
2023,Wake Forest,8.025587050232781,7.933206484526354,4.3813285178148815,4.270317717187112,73.34148310222596,0.484457255469871
2023,Washington State,7.219806390098034,7.060612101411266,3.9850582525074945,3.8134344077746283,67.91555268351681,0.5123420363000407
2023,Houston Christian,5.3757168878312065,8.936401049870838,2.657125995502392,5.1851396654819,67.0909243681129,0.5539867957897081
2023,Samford,7.105311464810545,8.262474799410342,3.733563448223676,4.2643954348507185,69.33722669002294,0.4961212953381693
2023,Duke,8.058197712637215,7.525074951311586,4.557205629511893,3.7859466186414434,68.79748870311754,0.45692153609052666
2023,Western Michigan,6.754642593379273,7.431108413286298,3.7317724361451354,4.3811085832947345,67.01416518803205,0.40426227932201936
2023,Akron,6.6834698539683,8.442765687230604,3.338024800892435,4.854749840624417,70.15087390274391,0.504531547394656
2023,Louisville,7.714358641380624,7.010616454189868,4.705472608340781,3.516466282878207,68.08520323814857,0.4159967885975124
2023,Washington,8.451958428746357,7.1751635239547085,4.36590974521757,3.8411996140173663,73.13014237229562,0.5307131697857256
2023,Murray State,5.951447847589828,8.630301042954779,3.2643839392062297,5.054831863325836,66.06589855148617,0.45577825030418345
2023,Kansas State,8.029190742800147,6.926424679399924,4.764755394445796,3.559008240865073,68.73071252843953,0.41661498246791584
2023,Northern Illinois,7.3135072765469165,8.362881535307272,4.324974684130012,4.696126557670536,69.5292297873236,0.42629394406213433
2023,Georgia Tech,7.029489919633712,7.701151833688804,4.264489837614252,3.9503672089098263,68.564371442593,0.46640017907683856
2023,Syracuse,7.768685887261602,7.603542028432219,4.67291274597566,3.6822677363355028,68.77917522963955,0.4596144355463518
2023,Georgia Southern,7.082337487443728,8.660742810070811,3.9555765967204324,4.726636891810455,72.09236950471765,0.5538422106097509
2023,UAB,7.507064990282338,7.386022130215438,4.401972067358126,4.057945520923486,68.43750382153245,0.38686792198572706
2023,Houston,7.822616764469931,7.880731711417374,4.430138366411904,4.250028359160928,72.42307036403031,0.5196353071661645
2023,Florida Atlantic,7.107239267383275,7.690011571136598,3.924281788362442,4.451979839334469,69.95017132712921,0.428925382850818
2023,Memphis,8.122410350927113,7.442213857964614,4.381453254324348,4.032570719455864,72.20476674894269,0.47438802353344917
2023,Colorado State,7.2611436824610776,7.425699580721124,3.968388970157431,3.8928743232634284,67.81399204120649,0.4367742911643176
2023,UTSA,8.357585125806326,7.819020394568001,4.54020866852183,3.9998932516808385,73.26894859854907,0.4741917119676799
2023,Troy,6.910701896666019,7.420322346351633,3.799155386005232,3.6612700957799844,65.72756379661779,0.43207302964106087
2023,Louisiana,7.023806068160851,7.4203354708318345,3.9908935893469635,4.050832441270272,68.01852593316212,0.46213978798094885
2023,Wagner,5.7457363986644125,8.437612702208805,2.990583536370714,5.173987529883288,64.21398874124274,0.5026174984740484
2023,Boston College,7.076412598319726,7.526903233099144,3.9504175050697263,4.232129882742861,69.81511246479442,0.50739455969048
2023,Howard,5.7413486109207374,9.425831790765773,3.5620038651476444,5.013955711753475,65.89806878777469,0.4584973486832758
2023,Rice,6.7626727536625815,8.261794579281958,3.781149368562615,4.758649879005484,68.90656434156207,0.45587714580203403
2023,Holy Cross,7.427959142666593,7.834055001110823,4.58258299927379,4.070409666439993,67.94906696882887,0.3976689248766195
2023,James Madison,6.654593975851785,8.236757777999998,3.8483919860536595,4.351757693708228,69.17655198428267,0.42227812806075327
2023,Old Dominion,6.391386443553712,7.876932131934836,3.6528248975576356,4.286174724317212,66.84637782636578,0.5142665035329291
2023,Merrimack,6.856804893817797,7.8033459950849835,3.9262252359928533,4.5740065465244255,66.42251264491333,0.40970882206700465
2023,Chattanooga,6.64336825719327,8.841594726299826,4.032804988673516,4.390701621098751,68.98798514839089,0.43748678911741185
2023,Southern Miss,7.102175689908462,7.598187348841829,3.899092019893158,4.068085465990194,66.12683804775025,0.42590757259411866
2023,Abilene Christian,6.768059717642836,8.208626758316598,3.935749142796032,4.310966681038329,69.13843162164869,0.5071295098000004
2023,Sacred Heart,6.891483969411591,7.855210665318431,3.8136861699437157,4.669516086508772,68.85861345098586,0.43906903007854325
2023,Clemson,8.306847214622088,6.35547034155271,5.004876827468605,3.16684325255875,71.03261977879544,0.483885126447748
2023,Navy,7.406180985249775,7.2553981560517435,4.173614477921754,4.168203108195571,67.25671781723189,0.27096112435209685
2023,Notre Dame,8.306399049192144,6.27276644095325,4.880168136657061,3.4398619969006194,68.93337011093969,0.4194309865260297
2023,San José State,6.898637333047704,7.425357875775833,3.75111388879668,4.001027221801362,67.75781238681957,0.5070009135297963
2023,USC,8.637810904294534,7.289748470652483,4.8038934788484955,3.8399575823440397,71.86605294192705,0.5003582200018143
2023,Arizona State,7.687284671807851,7.963170077653247,4.325156839177326,4.261951438306554,70.88593254266208,0.47416361034817567
2023,Southern Utah,6.5590797294118905,8.564311172777362,3.758733629492232,4.47455541852256,66.67881073872138,0.5037148095689005
2023,Stanford,7.323975283888476,7.696585780208198,4.033351292203207,4.4186422191572765,69.32875379207267,0.49926914498476427
2023,Northern Arizona,6.370742626765484,8.193331653811095,3.5281533962619203,4.606802221285981,69.44112985509153,0.5339934545489904
2023,Portland State,6.254570012382075,8.921335732500877,3.28919758297609,5.13296299252005,66.38765489037073,0.4131538501257077
2023,Oregon,9.169851101109149,6.764106134790474,5.314210594777387,3.4413021656097755,72.95669880895329,0.469147785764534
2023,TCU,7.896675203535271,7.493336604892299,4.715707483686981,3.8296474689683278,68.64911602904597,0.4464799502478148
2023,UCLA,8.331204254002,7.3944645436268095,4.9300673456178705,3.897456528845681,72.24539537869074,0.4571770209077597
2023,Nevada,6.592182370934702,7.767259606396024,3.5663551579601878,4.6790833681231065,68.53157298473728,0.45502804229471516
2023,Boise State,7.9183286183244235,6.770622752637174,4.388945679697688,3.62327972862043,68.09975935846445,0.4234216335993009
2023,Oklahoma State,7.694933042816513,7.200939726901856,4.380243553353824,3.9118164730118457,72.66501454878885,0.5060328467101444
2023,Baylor,8.26418259945357,7.0984640870954,4.812742088396635,3.6805270980970377,71.49076542930061,0.4490613787084025
2023,UC Davis,7.740048292161511,7.399542845007754,3.8831790555910835,4.482073331682858,69.11829887066617,0.44888662683265973
2023,Oregon State,7.762143280468987,7.1717704584423005,4.637237854682293,3.7298854362303446,68.47298817143488,0.4063656401761984
2023,San Diego State,7.309566004841573,7.027176351770244,4.261934738156295,3.639137290442976,66.92192574047102,0.42932718301379585
2023,Texas Tech,8.290249689070674,7.421505811508557,4.431079041949154,3.946009423482432,74.72265208897585,0.49147405593467364
2023,Tulsa,7.191738924035864,8.302679432937706,3.978790658645238,4.645897348058831,71.61385236179541,0.471255509985163
2023,Idaho,6.756851186576021,8.637191054734021,3.7342870249493965,4.64428061211842,67.61632323748188,0.43674734584060654
2023,Sacramento State,6.830026224542669,8.678950800509202,3.6335127179149636,4.857182239396916,69.16742936095348,0.4068430767704578
2023,North Carolina Central,7.083667384942305,7.872681477329269,3.966054893926647,4.551456359498331,66.51131430913945,0.4390780173988497
2023,Weber State,6.804038153480672,8.509199758207004,3.6541526126608384,4.586466838671157,69.5610496516045,0.41603416296731155
2023,Northern Colorado,5.731881498283174,8.781584648764577,2.7235492074026224,5.4364117932289115,66.24534189272002,0.5034751881751618
2023,Tennessee State,6.433521860714448,8.350992525822422,3.471257289693845,4.923332560456901,65.89167448048445,0.45852328412565735
2023,Pittsburgh,7.936861804736682,7.040079112086316,4.596437448768715,3.531624868410608,70.67631064325872,0.44571769661756927
2023,Kennesaw State,6.42791446603715,8.840004615769011,3.714632345006256,4.776744170423969,67.06061725847607,0.35768815695628486
2023,Elon,7.314393916481454,8.077987508207178,4.04592275303545,4.126463734402897,68.03428526898269,0.44503844889069927
2023,Miami (OH),6.956194409239057,7.042312977197513,3.811316289860783,4.051145378896232,65.62377411714989,0.4039091207426353
2023,Wofford,6.765471107297123,7.902958712078764,3.645905093112055,4.9005389318494705,66.20545930146271,0.45369904920112447
2023,Colgate,6.326398888315955,8.454685085103517,3.8069424154373883,4.59005872699464,65.46963596933753,0.4675368744599813
2023,Charleston Southern,6.5166911480796195,7.940050354199587,3.6414500799234744,4.6215264083204515,68.13056486449362,0.5150687775143307
2023,Lafayette,6.728918248972989,7.50661618189551,3.585206692527879,4.58956818792497,67.13247139346478,0.4516526961553306
2023,South Carolina State,6.411055082185895,8.329379847837021,3.5751843104095875,4.767390411555603,66.02619723124239,0.4719056656127267
2023,App State,7.802862714340031,7.536583525350899,4.499698727220383,4.089746560554082,70.51219971871356,0.43852496206790126
2023,Cincinnati,7.157431486026361,6.856265631066144,4.282265452650024,3.7067749013920634,67.23540247365325,0.4655791588003479
2023,Bethune-Cookman,6.892362490073055,7.863801999502741,3.6780067602199735,4.787121092565805,66.34925951439857,0.46786490000382125
2023,VMI,5.913084649554894,8.815194521501514,3.408171863711253,5.000306447491506,65.03487925210766,0.5216402908066748
2023,Marshall,6.880323978289848,6.724369985153928,4.037123319329607,3.787386468753426,67.05293399241586,0.39963265516792856
2023,William & Mary,7.562582806300818,7.8952606201413005,4.270329454185428,4.381648574438872,65.43037727353335,0.37286164939750954
2023,Campbell,6.5809785246701615,8.653444895781773,3.6882501031658204,4.600156598661167,68.36906538163097,0.4665869305646798
2023,North Alabama,6.9633313490515185,7.821446182675149,3.8979934826031593,4.716311208857568,67.02058414735546,0.4244455429079531
2023,Missouri State,7.15448622292322,7.84713258017754,4.136829132029936,4.037140661304563,68.87878073511048,0.4810720477884172
2023,UCF,7.873394205864394,7.0784299309288565,4.648883133135362,3.8230772978990473,70.54931202246364,0.43428018412048547
2023,Texas State,5.927566933727572,8.847454067865337,3.3382458962869404,4.663666581119142,67.81381029821911,0.48149545489499573
2023,Northern Iowa,7.159440111830526,8.14595680284238,3.717425368433719,4.384080831892328,68.36282113578976,0.4491318560634442
2023,Southeast Missouri State,6.236603581627698,9.774750955022892,4.108912558635208,4.593623922198852,67.40221103296889,0.45506157677174214
2023,Oklahoma,8.807630270112409,6.673444394734986,5.168017454532927,3.490448737933569,72.50839424105001,0.4381211900154888
2023,Arkansas State,6.689539450615037,8.279702064056188,3.5563160450003495,4.8602471061056844,67.24271585444438,0.4834472733001197
2023,Central Arkansas,6.700834010087449,8.303758411571394,3.2833997814089733,4.842075827912215,66.30718684744194,0.4716932502303973
2023,Wyoming,6.919468831918355,7.6769646078304055,4.227275228834403,4.205400679093344,65.6521649764777,0.3986691492107153
2023,Nicholls,6.888896084344986,7.720670090628013,3.6634043783176393,4.592998951202581,68.70250658628325,0.46659732154855027
2023,Duquesne,5.6606364784159275,8.961869726637122,2.957270683512075,5.16349852545752,66.76461052595612,0.4805495101617835
2023,Long Island University,6.447377890818295,8.381894665593771,3.374316534715505,4.963066513976085,64.56388600478746,0.4670138368775082
2023,Ohio,7.59371381591101,8.44994879386968,4.1303887906653,4.509825095984238,70.72738643739565,0.4654503088818859
2023,South Alabama,7.5107387492503435,7.301430946094614,3.8225777152298503,3.9492168584918526,69.01997312997081,0.45350532433304386
2023,Tarleton State,7.187426114071793,7.719962332634635,3.8955442797505024,4.4993178480728675,68.70693975253481,0.4366766953501377
2023,Villanova,7.319694947208847,8.187602762207435,4.12086331522486,4.059885382914835,66.74683821729393,0.42616076916131584
2023,Arkansas-Pine Bluff,5.584763947819916,9.04291398683356,3.0838321971496674,5.541798796951403,65.3761344139003,0.4549575754804519
2023,North Carolina A&T,6.493959290392849,8.55660662501869,4.220802092606152,4.211303161297851,66.6525811750021,0.4861891304878266
2023,Norfolk State,6.603751761463344,8.14389343233756,3.723024294570084,4.722706402215449,64.93430952595833,0.4508056907800679
2023,Gardner-Webb,6.782348078638952,8.201414320018017,3.9001665101810947,4.55516781885681,68.341328711073,0.47991767378849415
2023,Monmouth,7.302443708161349,7.927466317999958,4.129914922011274,4.229958853180836,66.85307827810918,0.4294443566004632
2023,Florida A&M,5.89920787714434,9.089236249063735,3.2500655308544357,4.950047987799743,68.16661668425,0.511839576120539
2023,Prairie View A&M,6.569726463464068,8.449689267602896,4.265412255044088,4.577788179519027,66.00622682619513,0.399177614747856
2023,Texas Southern,6.051381071833131,9.375680896210927,3.4209946427057782,5.249595852249475,65.24693609039971,0.3994453708331184
2023,Rhode Island,7.316393502715513,8.004254711877564,4.155079338170892,3.9493225348218886,68.01409703843038,0.47468783583284596
2023,The Citadel,5.800648801001037,9.676279034971355,3.7525543670453048,5.319104165144133,63.54227438114376,0.3264918777004746
2023,Bucknell,6.035281766578321,8.401873211616323,3.661769627551245,4.8360517703475105,65.62678470762657,0.48877179077120786
2023,UAlbany,6.645285270072495,8.676904596795124,3.5156343637111576,4.46878469832975,66.3133687071923,0.5156519501373749
2023,Alcorn State,7.1073940042143295,7.335195906281115,3.635993145730082,4.710404585188418,67.0776798284413,0.402872074106577
2023,Stephen F. Austin,6.131612061998167,8.665638354046544,3.1758275448222513,5.2635519257683585,66.67367807754579,0.4579849243272627
2023,Lamar,6.1660241733852015,8.386723449024807,3.8049612451541224,4.6759163633608765,67.17230548046105,0.466065631268017
2023,Stony Brook,6.706234900125739,7.969642801401023,3.855367244554049,4.358173435371301,67.42940089453184,0.4575207794999682
2023,Jackson State,7.152859324004539,7.550648872785875,3.85605493493538,4.121367331823494,70.45373171500054,0.5240920013168725
2023,East Texas A&M,6.8069220022587995,7.945715828375412,3.842337305368947,4.4974433909744205,68.34004809602602,0.46068125237746027
2023,Saint Francis,7.003338694852094,7.98000432738611,3.902005133216738,4.501477214447884,67.01604578362564,0.45020225490950766
2023,New Hampshire,6.3534873184500595,9.115436249212253,4.032358038063468,4.392764725740532,66.82370727245603,0.5046592031177181
2023,Southern Illinois,6.691860977532587,8.526935551180616,3.534037985024241,4.464657764188677,69.79384134667973,0.46486855596208393
2023,Morgan State,6.469395019961999,7.9524756243751735,3.699007768098923,4.674643075658254,65.34640929106592,0.4429953546369499
2023,Eastern Illinois,5.742231605933637,8.510529169712774,3.1945970581535095,5.2621995326474265,64.88169728706423,0.4395516452020064
2023,Fordham,7.539616514306408,7.641354310780807,3.9465641958960287,4.433433384735287,70.16197744688375,0.4798583526765808
2023,Central Connecticut,6.174993287891831,8.860930170552344,3.4064902273036024,4.806019049589164,64.54560607837264,0.4862772408488929
2023,Robert Morris,5.4181223532548595,8.89906408816804,3.484804981739929,5.01086710338666,65.29317796669527,0.537762556215269
2023,Idaho State,6.594637346698165,8.133508608121481,3.6049179271271647,4.795305993502587,66.63692035545242,0.4649191710304409
2023,Bryant,6.412562604496809,8.37973842664305,3.0774023858266166,4.680602990766709,66.48783711279415,0.5578090316962896
2023,Eastern Washington,6.424444342082971,8.367895306420166,3.196425870268444,5.211492512774711,67.60367737834767,0.45839044619585206
2023,Tennessee Tech,6.7798204964695765,7.4550750881237065,3.771898132624592,4.5913730566495685,67.49369248009582,0.46793587581446167
2023,Cal Poly,5.9779869509075585,9.180824472220715,2.9121341353735746,4.940545394011185,66.6871784052496,0.5510106414793497
2023,North Dakota,7.052880062401383,7.987381489661336,3.784442804113369,4.635579403858236,66.28630249610684,0.45942966784876543
2023,Utah Tech,6.370423484118687,8.668624218928187,3.3270931955401757,4.797735049992627,68.58283328064643,0.5182607212082411
2023,Hampton,6.676154302213693,8.261295646376333,3.8209635550292864,4.736488211383333,64.38780257762093,0.46120728386535004
2023,Harvard,6.956108827241553,8.275177288973714,3.8797318702101795,4.353654882747099,68.45372613060985,0.45521318169438557
2023,Virginia Lynchburg,5.818722170726501,8.16462888767664,3.0727485191318378,5.243082460510874,65.47155602617468,0.49180061907870365
2023,Yale,6.386356061114496,8.98646184355444,4.160192937736584,4.454161290319297,66.67351609649279,0.431968646372923
2023,Mississippi Valley State,5.900801529146902,8.759855260475867,3.35098688450712,5.168084868763852,65.61229753941882,0.4164208898945936
2023,Stonehill,6.738261716077506,7.738125180933555,3.832723998899469,4.750375893247469,66.71227011657133,0.4270148608880792
2023,Brown,6.6704187503260695,7.869415576855771,3.553272535857669,4.778511029915781,70.07130120554356,0.4886181431641043
2023,Georgetown,6.565721893192729,7.990257647983268,3.4400299685179094,4.692625228920891,68.72482142453269,0.5331068247011065
2023,Post,5.267928028354823,7.7367914665094055,2.441171829399755,6.0425770290021665,63.58847846880233,0.4574894757436634
2023,Pennsylvania,6.312253877277235,8.668778269550575,3.4023121531317044,4.637097061531091,69.28248160641631,0.5164434474763451
2023,Cornell,6.948773463867355,7.712742656217517,3.927763961550618,4.498406022947952,67.75525295349318,0.4345836971714756
2023,Lehigh,6.75446761991769,7.861658651023457,3.6673866992662734,4.515004239412201,67.94866659637874,0.49665546783026177
2023,Marist,6.226478737093131,8.131528060215322,3.4215812732595334,4.743406016386285,67.42627814345649,0.5366767046244831
2023,Columbia,7.105406355559177,7.764347843245598,3.9682745446517713,4.309216617140083,68.99724911309407,0.45753679748560017
2023,Princeton,6.737626980256687,8.442577206252633,3.676918075226035,4.435522410513783,69.09594163849435,0.49312919753463286
2023,Dartmouth,6.4255672974523526,8.447457801833993,3.7499926321324946,4.714574832243612,66.22385702752969,0.45238344464888997
2023,Dayton,6.725017771408706,7.645321079143723,3.8492804291482474,4.73486783057742,66.30662212399487,0.37944210013482016
2023,Illinois State,5.952953186423347,8.469255130032996,3.421486305955478,4.794020640613399,66.02601390795701,0.49325922159157065
2023,Lindenwood,6.794517664451621,7.918127638426568,3.5996608996344204,4.899631573739056,68.66723300410017,0.4669687082141536
2023,South Dakota State,7.7802459318110255,7.791786074747077,4.841497632447501,3.7031438073606786,69.49981221890866,0.408491361730102
2023,Alabama State,6.6900609097777295,8.354287811042568,3.7032710258949955,4.815251524314533,64.86762823093477,0.4389397834010744
2023,Southern,6.422385784013168,9.016274676106875,3.7783825216046387,4.7099525096684784,65.8689786054392,0.4205536794975528
2023,Tuskegee,5.807334336727326,8.207289887913115,3.1197671406047,5.214490457796137,66.23627132898815,0.4871337972754538
2023,Lincoln (CA),6.24478975635617,7.824526452134822,3.4773845857775796,5.069280906423829,65.8320316751548,0.3882461990234159
2023,Florida Memorial University,7.139508860123208,7.816496525939744,4.022893056783934,4.355760082068953,68.44173884707068,0.45203240441930603
2023,Texas College,7.139508860123208,7.816496525939744,4.022893056783934,4.355760082068953,68.44173884707068,0.45203240441930603
2023,North Dakota State,7.1933093711934095,8.166262609079155,4.4009218617890875,4.434840292788203,65.99846667882747,0.3502443345853417
2023,Morehead State,6.238791193278261,7.995589125710977,3.436891472294587,5.003131001229477,68.05768395539394,0.4936787616632054
2023,Montana State,7.77984303622457,7.434738786919072,4.447785988631689,4.098603501008592,68.6044796246976,0.3714200696881838
2023,Montana,6.5935855321859655,8.33464591086375,3.5983899137057884,4.658220353206234,69.25138934021761,0.4454542680284167
2023,San Diego,6.661767986492073,7.930142833552722,3.702984879359527,4.517227169972668,67.11990924975454,0.5047080971093781
2023,Butler,7.015484702734568,7.798806467973058,3.93050745787857,4.50565325260545,68.04080961397369,0.4437047666294478
2023,Stetson,6.554155116491106,8.087524086489514,3.520092305667591,4.55092166960915,68.3361482292317,0.5458668470973198
2023,North American,4.908153762365611,8.063691849052617,2.726835222511064,5.9402744886754375,61.12807942455366,0.4492408274361271
2023,Arkansas Baptist,7.139508860123208,7.816496525939744,4.022893056783934,4.355760082068953,68.44173884707068,0.45203240441930603
2023,Presbyterian,6.401391389468783,8.020411213234668,3.3796946961195253,5.040630649723607,66.40611591324074,0.4607858251910041
2023,Drake,6.581231871694046,7.947000543283726,3.7094455213902866,4.593763567693745,68.2788129569168,0.4819610737802951
2023,Davidson,7.927670058681898,7.477687276096326,4.4549403372008225,4.45196497996367,67.9210161872872,0.2769885570322558
2023,St. Andrews,5.850754477854893,8.308716889430649,3.413117123379894,5.3733174431022,65.19465993549113,0.4493820928934522
2023,Valparaiso,6.814275985364796,7.813934319340012,3.668843352993343,4.727641038870835,66.65482039115774,0.44771857436099094
2023,St. Thomas (MN),7.137022733763721,7.744726321835447,4.144318862808133,4.401927325898552,67.73751009276494,0.3963642395543739
2023,Indiana Wesleyan,5.64248875232983,8.378468322577488,2.9712374321499904,5.134322520694783,67.32919716632342,0.5626912276775939
2023,Taylor,6.104135540231182,8.059389029660153,3.7596102389795063,5.0543995293741295,65.18655296232005,0.3672972326512698
2023,Northwestern (IA),7.139508860123208,7.816496525939744,4.022893056783934,4.355760082068953,68.44173884707068,0.45203240441930603
2023,St. Thomas University (Fl),7.147190493374292,7.788218851907159,4.035221607946368,4.1727269466408154,68.31573825336855,0.5180308438187063
2023,Webber International,7.139508860123208,7.816496525939744,4.022893056783934,4.355760082068953,68.44173884707068,0.45203240441930603
2023,Colorado School of Mines,6.893495088013679,8.083788231656008,3.9268475201983186,4.223605512858829,66.52312695257962,0.5533542162846263
2023,Harding,7.139508860123208,7.816496525939744,4.022893056783934,4.355760082068953,68.44173884707068,0.45203240441930603
2023,North Central College,7.169008520014664,7.7401541371043265,4.414903959974798,4.4189570289581,63.717276681801735,0.31972713924456597
2023,SUNY Cortland,7.139508860123208,7.816496525939744,4.022893056783934,4.355760082068953,68.44173884707068,0.45203240441930603
2024,Alabama,9.362103615997395,5.652299707111034,5.552903393348709,2.8646658739236335,69.27599420671417,0.40212363589781536
2024,Western Kentucky,6.866813196140383,8.021794286286346,3.79483617304588,4.453690926364524,69.60979129248001,0.5188012936931102
2024,Arkansas,7.887928437624338,7.086483252275027,4.538371495669446,3.817094602920014,68.90563280589892,0.42186573211617456
2024,Arkansas-Pine Bluff,5.576361336737875,8.50698688174726,3.258107933380563,5.312149258139717,64.43288924338876,0.45702251757693657
2024,Auburn,8.050448921943005,6.630110361586169,4.870733414334316,3.6068527524655516,67.62606699192429,0.40078845076546676
2024,Alabama A&M,6.720578642276753,7.811745324893318,3.6334371791270037,4.702087894237996,67.54700653605842,0.46189957926090175
2024,Miami,8.46327008036338,6.509978336611094,4.866298489798568,3.2320401088143913,68.50564011955137,0.48220759651653716
2024,Florida,8.55587152189502,6.753100571986577,4.83585091828526,3.5976357686496003,70.09175593033031,0.456477173019317
2024,Clemson,8.335288657450237,6.2091953501422354,4.868936736095205,3.2812659608284607,71.6463735884144,0.4695829101144152
2024,Georgia,9.483689318876735,5.578497887105763,5.551884207286496,2.6864241434347567,70.85832362800218,0.4622225197203686
2024,Kentucky,8.121209328672254,6.457641608317905,4.7579120015016585,3.3628534564237205,66.13471952201928,0.48857631116785305
2024,Southern Miss,7.007500437078537,7.549560766078241,3.9993519620031286,4.524921013527305,68.98265294892599,0.4322323231456206
2024,Furman,7.090887433400414,7.67055082984983,4.088627795984112,4.220767002840323,68.27734523710373,0.4533053323861654
2024,Ole Miss,8.950676646121735,6.538479262492819,5.002940263025437,3.406462993955577,70.9092845644548,0.4272523502625865
2024,Mississippi State,7.39366605777424,6.710756293590633,4.504931601224123,3.7191361215696137,66.94318242461364,0.4528827405776525
2024,Eastern Kentucky,6.852749182797777,8.265687025141485,3.584792490373579,4.690580349909165,67.8198368067821,0.4780927932207301
2024,Missouri,8.930110700115787,6.362145362369035,5.066935242012427,3.1793855262666897,69.89770650379401,0.44331537727402814
2024,Murray State,6.0224817226441525,8.816339215101962,3.492608519175181,5.046150803099773,64.34346087110036,0.4531193239653354
2024,Temple,6.471173713707148,7.843110390932556,3.477307995498745,4.669693623496828,68.96040052142519,0.5309033377687411
2024,Oklahoma,8.718099403460894,6.341636213202756,5.081845225661219,3.318000715224329,72.07215361586469,0.4677474297695068
2024,South Carolina,7.970136936635066,6.660361000689331,4.429440316189763,3.590466139445188,68.39510892905894,0.4893302626838865
2024,Old Dominion,7.3817578399481185,7.647500192500175,4.204488918682644,4.085719444442064,68.02618947304347,0.4401138074772067
2024,Chattanooga,7.396499049816977,7.6547397617467965,3.978855535177558,4.375395523321781,67.92992069322325,0.43133094939814987
2024,Tennessee,8.809195604039772,6.041789418135803,5.169534053329529,3.117850889007956,70.30939716389246,0.44559135833481567
2024,Colorado State,7.293876644801784,7.448239200648159,3.811967361720813,4.140176265979102,69.62477063695688,0.5298997678578106
2024,Texas,9.060036689373707,5.877812453218491,5.2970571529835295,2.9271963007038324,71.08502449565921,0.4692726565271391
2024,Notre Dame,8.692799735268697,6.090761534184542,5.272257544953059,3.0918107186685084,67.9586564029364,0.44313474869773173
2024,Texas A&M,8.550049835631196,6.067218457697793,4.993656205468435,3.2484175086116345,69.80270502928512,0.4781995611102286
2024,Virginia Tech,8.278829882240966,6.781540225348415,4.790098945560733,3.576215002906623,67.9376091700304,0.43947669007616613
2024,Vanderbilt,6.932244451212739,7.696173331500673,4.132507819701035,4.295245891840037,67.75393041488097,0.4958464096754128
2024,LSU,9.132577709236747,6.303534920103921,5.418815033803797,3.3193549016376727,70.29249250849372,0.4670815834064943
2024,USC,8.394098701782731,7.108124424900461,4.795820777089448,3.866466605427419,70.31494857069897,0.5094138992221786
2024,South Florida,8.018929032381811,7.73598784941125,4.334257452230019,4.2724008319169,72.30345659764001,0.4369292792842229
2024,Oklahoma State,8.153792635425882,6.891018791851015,4.475678419689293,3.820954753746097,70.68559454969535,0.5142737915775898
2024,California,7.835850446933332,6.952263416885662,4.399051303975408,3.8656188286091178,70.42985651961128,0.4674891166033739
2024,Samford,6.806691368369879,7.727554542504233,3.708490545087746,4.529604596208292,69.39610432371792,0.5038736932081829
2024,Tennessee Tech,6.446380408338397,7.988783330533261,3.6803000705545172,4.555665215801474,67.59445664347261,0.47191037348209575
2024,Nicholls,6.470174704985535,8.617307610110808,3.6319542434633885,4.650580601732934,66.93859114129963,0.44798623334902
2024,Middle Tennessee,7.234328412286049,7.627770687179523,3.8644864222882527,4.13231811918062,68.78344320313916,0.4909516031042709
2024,Arizona State,7.312334256421772,7.280093459058057,4.076526724902826,4.068421189223652,69.09307050448791,0.48986866645049787
2024,Buffalo,6.255402094090565,7.685445756184896,3.725416400122832,4.57659962860492,66.45951205322062,0.4552820862211508
2024,Houston,7.785511906250322,7.229985469641166,4.39377516795536,3.9469984298380973,69.38990546084091,0.4906713361788732
2024,NC State,7.456137996817494,6.8514895014934885,4.397293053690534,3.6695306119574993,66.7275174554129,0.44273890810263616
2024,Michigan,8.498572649665642,6.02844241867042,5.190823783684931,3.003056805540405,66.59849580959805,0.40791907000575
2024,McNeese,5.898575599687589,8.99947091981435,3.5147034557600163,5.0934191544677025,64.71669197152167,0.46190998346147194
2024,Alcorn State,6.727057439851206,7.862330751898064,3.844750912034667,4.431637553591328,65.75808241758608,0.4688312190034282
2024,Wisconsin,7.636129966479796,6.632399664630543,4.407738928284518,3.4706252025116386,68.24594409141302,0.4654828093543863
2024,UAB,7.717230496756304,7.760832545560023,4.32478589422711,4.446465609964036,71.89446928310504,0.4659591562105705
2024,New Mexico,6.898375758808996,8.081426151137869,4.005744501841965,4.680307247167333,67.29496636275758,0.4488709957610286
2024,Wake Forest,7.623653377630523,6.899867358149445,4.154542485819126,3.9392859247153744,67.5086760065549,0.4159065809509555
2024,Toledo,7.580822208488207,7.15219145731719,4.455394079773985,3.8759934181858897,66.83275034150303,0.4211774962948004
2024,Boston College,7.924119268195554,6.834646132122993,4.4044382753228675,4.066955139079824,68.26678717134257,0.41944562499845245
2024,Tulane,7.808723423034615,7.006700940986104,4.512716290165228,3.7501865188159282,67.99927380467274,0.4155817938413371
2024,Kent State,6.901746601954213,8.04061903158773,3.7032569890711122,4.600229994315052,65.84799952922893,0.3982357021019659
2024,UTSA,7.653126673647235,7.18307077944488,4.33695696604892,3.945473121835186,70.20835972199008,0.46226878219471124
2024,Georgia State,7.361272899991496,7.583080569961627,4.243365449935061,4.323563517794279,69.05451715499471,0.4256312046694317
2024,Ohio,6.633583867406376,7.361148512754004,3.7649601362789205,4.059357091623923,65.72426009608529,0.4289314555279884
2024,UCLA,8.281119190375826,6.584162815282113,4.858205336115579,3.3654019195364397,70.71242908340959,0.44303207184713006
2024,Georgia Southern,7.079169158768618,8.222454760539671,3.9389409277538703,4.513928371692668,70.9158640493842,0.5298519040545293
2024,Akron,5.918545122328801,7.974319022117433,3.2666186758869697,4.579067625329012,65.65581001476671,0.4990047522528004
2024,UL Monroe,6.366763606465579,8.280844827599882,3.667061221799421,4.691941287040814,66.51137767907281,0.43591694376281753
2024,Bowling Green,7.10460103480503,7.54875619990272,4.004709731962268,4.216381353291866,66.08806854325348,0.4473553559875314
2024,South Alabama,7.686252474395597,7.18130727995141,4.2738441141702666,3.8849899891581616,68.68702444955561,0.4596876513973889
2024,UCF,8.23123947564801,6.839044952611215,4.901249106497657,3.7318999032316427,69.58563828482076,0.4173390099544468
2024,Massachusetts,6.401001946973861,8.367896515993442,3.751902070505774,4.854652255026025,65.61563563891178,0.4558829382940342
2024,Ball State,6.692322686790147,7.497940170513015,4.0989980378022155,4.166017426485497,66.21361298088713,0.41574107472108784
2024,Maine,6.351453066468459,8.329025539672916,3.496223046590984,4.616304173433041,66.50396130038168,0.535857639795597
2024,New Mexico State,6.969763814567589,7.689909578525267,4.228492336967937,4.2826448484903334,65.0430455195877,0.42572512379836075
2024,Mercer,7.387179521318402,7.537568271628836,4.128045215772712,4.231892673023506,67.62546279990744,0.4031261679732553
2024,Louisiana Tech,6.734223250894403,8.00976242212878,3.7900329974935287,4.692684859618914,67.77528151141716,0.47990650828884684
2024,Wofford,5.774166410727187,8.834700709010486,3.3565431437463524,5.024355706451144,63.516299805631895,0.43468587211853166
2024,UTEP,6.67397046367938,8.085383982007167,3.7983532039177,4.523086681875731,66.76340588314022,0.41766801167071865
2024,Florida State,7.9149513748808005,6.610925676538109,4.778188857467766,3.4520086590797288,67.93417205996022,0.4579915749610773
2024,Georgia Tech,8.101853030543673,7.1324714981556605,4.71454419426438,3.992829088988838,69.1470241509603,0.4359702958620145
2024,Louisville,8.131489688752335,6.744673244764507,4.8487378915710275,3.425906091639568,68.95349990311452,0.43490500543780153
2024,North Carolina,8.601968113676149,6.715786954057831,4.8686747787869065,3.59898703266931,71.20362261958589,0.4641970857462951
2024,Minnesota,7.527164794826728,6.864270065756788,4.418049287618423,3.9156065687844905,66.10397536460633,0.3922700608008838
2024,Indiana,7.498474057763309,7.092091238791889,4.316468193441983,3.882461652258801,67.56647709534712,0.4518721506765129
2024,Florida International,6.693681363127842,7.941729728500133,3.7087432959031736,4.570318910719859,67.12588787654057,0.4781456948515094
2024,Iowa,7.108529092850324,6.24899274312658,4.332665310200236,3.329270653819557,64.06886386014588,0.4280759237510744
2024,Illinois State,7.217893038423602,7.528715578869395,4.252477373443028,4.055345364265859,67.8154254225005,0.48909592430051274
2024,Maryland,7.788855935750239,6.595320354193417,4.39113237936493,3.4988368779497905,68.11643220142949,0.5038135519830634
2024,UConn,6.502719391924906,7.983231159727835,3.8452662841722196,4.428308996453507,66.74237056211462,0.4644057629106862
2024,Fresno State,7.330704969236258,7.499929210938865,3.992786309452781,4.074440122594856,69.40637031723179,0.5272598502486792
2024,Michigan State,7.317250874386806,6.889463767079996,4.178134481822927,3.81713661812606,65.87795077416102,0.46591713381210287
2024,Florida Atlantic,6.498675426395103,7.621558578046238,3.8164709902445484,4.260025972483117,66.74195080086153,0.48435471422470305
2024,Nebraska,7.848944274076497,6.176096807664299,4.620770153268601,3.379527255875673,65.17869182893904,0.3859812603586187
2024,Ohio State,8.578042391410586,5.792465889937508,5.126557667134517,2.826060267251326,67.57615935114393,0.4569346718574112
2024,Oregon,8.796069548346953,6.267769291476802,5.223233266765459,3.1868519601478935,70.74234577612815,0.5010467118550005
2024,Idaho,7.2718898264305345,8.133841086674837,3.846251202856231,4.434740542252729,68.27266250837292,0.42922081981179444
2024,Penn State,8.903465850787084,5.667542147059276,5.162828671546013,2.7925724838129007,69.99782941127914,0.4496582303311618
2024,West Virginia,8.484484917563355,6.954112105485494,5.002590028417047,3.634345085463238,69.38001358145611,0.40813177218914387
2024,Rutgers,7.319558820914028,6.8051578920004046,4.5000392411152745,3.7675362288622996,64.99359990160332,0.40124067890504334
2024,Howard,6.343700222281794,8.138726808853775,3.7743217204010096,4.840128485900631,66.13794831600788,0.4431478697477909
2024,Hawai'i,6.823503736963056,8.461789365132695,3.595909636860907,4.559895826846304,68.84239125810332,0.5423296716688519
2024,Weber State,6.585747860537351,8.224585567278831,3.649131983582052,4.564522997312732,67.11783527951958,0.4503326817350189
2024,Washington,7.71778920601485,7.234926457273533,4.4432976472755765,3.749707273091604,69.43879020498045,0.5241829816768572
2024,Western Michigan,7.209480382514857,7.7462156190997895,3.9142889931483524,4.39463586825872,69.29787578380771,0.45268324943258664
2024,Illinois,7.896640886317792,6.674220982826727,4.451248994698533,3.665479482841765,68.88644009565365,0.4678943324387566
2024,Kansas,8.523158829637726,7.319532021057314,4.876387977123065,3.743364348874784,68.7064884239771,0.39929270577194337
2024,Western Illinois,5.645991725385943,8.458791602492248,3.0603503191857806,5.291578697944937,64.65402747211431,0.4820420121465169
2024,Iowa State,8.421708775110773,6.620038166007509,4.728592596049636,3.321593719539708,67.24394324229227,0.47143030547855325
2024,Rhode Island,6.6941640975167775,8.506739686779632,3.4905812215880636,4.8490209043362,69.70430820181161,0.45347381733276165
2024,Colorado,7.5222257835407325,7.550003847840622,4.079612584315134,4.226071092095553,70.43707876367095,0.5306846196098804
2024,Boise State,8.253135881310982,7.170785088644671,4.86412660962139,3.737773846943929,69.1494564360116,0.41692960127747986
2024,Utah State,7.379822255336064,7.883984867503653,4.213669387137554,4.520515606037452,70.35700684414216,0.4614498795689084
2024,Eastern Michigan,5.95322514712687,7.912040761849799,3.4552953438904472,4.630094578992445,63.52617052649808,0.43902926001022086
2024,South Dakota,7.231857396737415,8.242971438900389,4.137971556868667,4.292656874141939,65.13439890181797,0.42287617072846884
2024,Central Michigan,7.154796211145448,7.584015857464775,4.13748568525096,4.3956752594205595,67.37811854403424,0.4215589532514466
2024,Troy,7.467153203161149,7.03526996412047,4.091253045364435,3.752902049506028,68.25631231924557,0.46368467228985044
2024,Virginia,7.736312033283732,7.262856007511441,4.266015201515092,4.0055725868552425,70.1536462659182,0.45439447035421304
2024,Arkansas State,7.829145156408732,7.463053327583522,4.233425066768687,4.139925100531187,67.8790505288523,0.4515169340845456
2024,Prairie View A&M,7.095493222517894,7.869005936778091,4.016872352372481,4.627949949271306,65.60681447581204,0.38788685959158653
2024,Nevada,6.357747297242574,8.356628907403477,3.643919507050668,4.7918703228083634,66.6564824996837,0.43965133496757086
2024,Northern Iowa,7.268595356950404,8.242421503008414,3.7613815583650463,4.29301286945369,68.17416002458906,0.45943667848746483
2024,Oregon State,7.9846419335997245,6.796038775455578,4.725804573445187,3.523697854092208,67.8720474438101,0.4564976344686698
2024,Washington State,7.395214102211902,7.364466078591006,3.9944191860934843,4.00509502551349,69.78970457568809,0.5337741301014967
2024,Charlotte,6.805883495531154,8.010620919687463,3.7674989768458813,4.544494690506863,67.06718701364129,0.4175817749616099
2024,Villanova,7.741243238705319,8.057018316878903,4.322037437573265,4.278760062969734,66.94931002218367,0.3802479108850568
2024,Northwestern,7.220714594722224,6.824916871886445,4.152791732234634,3.8768326538712525,66.33932447381682,0.4466508208061005
2024,Marshall,7.03002713050921,7.62702388543729,4.1502986424013635,4.195655899905128,69.14994023180935,0.46787520821289547
2024,Purdue,7.870527600241341,6.800100348674264,4.442342950952072,3.8280340276941214,69.33259138893096,0.44645448640025637
2024,Bryant,6.255739387446603,8.683036831650965,3.352774911395697,4.797826411665172,66.82857990025083,0.4999887720908691
2024,Delaware,6.7833747236253545,8.164057452905938,3.7975720078389448,4.509118392886795,68.53710484219891,0.4630655991926033
2024,Youngstown State,7.6868154610596,7.6873081692256084,4.391952635797435,4.034293509768544,68.27721475676671,0.4374028055306068
2024,North Carolina A&T,5.784645739506795,8.792882285767881,3.679773739526099,5.108244359067757,63.10217468156523,0.38711562159152385
2024,New Hampshire,6.5988387076659905,8.344554767937929,3.3430013136541095,4.667409475336717,68.38693901512494,0.5198133619964418
2024,Monmouth,6.891877864584828,8.53370646074853,3.9468443734133496,4.646959371783024,66.62229766785529,0.434443955049526
2024,Eastern Washington,5.968446322980597,8.867788485758735,3.227996891582256,5.261625190089371,66.32695951845743,0.47313305508569814
2024,Elon,7.227969270449261,7.600164293473999,4.0755032966002105,4.259931669776758,66.88525228019897,0.42874574022941564
2024,Duke,7.823495924719933,6.92521725860255,4.741000317817235,3.6088917136813365,66.7311732029555,0.43612742373304414
2024,UAlbany,7.341831194754868,7.606692021558693,4.01211135140284,4.117967675432762,67.83517427108116,0.473332046565797
2024,Long Island University,6.695217931152796,7.962809844978198,4.047661385103995,4.537225106388334,63.510239177794446,0.4128208838865754
2024,Campbell,7.005812615591963,7.802756753409552,3.9005041384859793,4.4760663618690435,66.97314235881548,0.46477611748621694
2024,Liberty,8.245632443444729,7.31206703813899,4.808767614792361,4.042232742952483,69.56629797133303,0.3751760321826519
2024,Holy Cross,7.45844460496978,8.083293666439898,4.2913932635204315,4.579124993968976,66.94834211742479,0.3666143793752507
2024,Richmond,6.833801230212197,7.716148896400329,3.779062480940279,4.4159037416943585,65.9863385219663,0.4593223623608528
2024,Stony Brook,6.054847592218286,8.566371957095106,3.2503792782594383,4.918484977346896,64.77752769039863,0.4923855683204268
2024,Towson,6.278341843846335,8.630725388429807,3.614209730938684,4.8847971712088025,65.06144091610344,0.46248182274229616
2024,Cincinnati,7.521319479047179,6.989362332403557,4.3847703311004835,4.067819099039281,68.75002827789737,0.4144373353114418
2024,William & Mary,7.150503718134684,7.739610423313642,4.273238910316351,4.48981970040946,66.4242094908249,0.38444690342408905
2024,VMI,6.327399261945151,8.03359604687819,3.5293266147975957,4.703238938395436,65.04304492677306,0.4656362670502691
2024,Western Carolina,7.240632455672908,8.211912493410017,3.965253123288857,4.4992309084415245,67.97124219216222,0.4726700664653381
2024,North Carolina Central,6.200432927869089,8.839248038469107,3.5049138490681333,5.187940841652297,65.22221793657567,0.4322294972598867
2024,Lafayette,7.50139761014392,7.367660935928675,4.351472279347088,3.979340937269447,66.31934568529063,0.41446259803832486
2024,Montana State,7.647914984449206,8.110113855910221,4.6635332615053136,4.2260847248841955,66.38480016436942,0.368556519092492
2024,Stonehill,6.023695328807383,8.381985813876,3.562523053630092,4.941849558558348,65.29844441961171,0.45836281312461696
2024,Morgan State,6.241246473714787,8.023503817765992,3.7260976029207944,4.532478127058595,65.91661196763329,0.4554898144492833
2024,Colgate,6.085266396587361,8.83447162623569,3.375866464257967,4.971397717951108,66.65243327181504,0.460553758226369
2024,Coastal Carolina,7.515322336923105,7.543899180413423,4.304492623528304,3.9980736840433835,68.38831200866527,0.45609635794805625
2024,Franklin Pierce,7.17908398820553,7.706308445956651,4.044469608009718,4.31962673546987,67.84542610097282,0.45266497230120334
2024,Hampton,6.366793694500192,8.427482816946496,3.5738147841080465,5.078682811862483,64.73416649078226,0.39083977103515827
2024,Virginia Union,7.17908398820553,7.706308445956651,4.044469608009718,4.31962673546987,67.84542610097282,0.45266497230120334
2024,Winston-Salem State,6.728771945711831,8.147692610361995,4.040151881346599,4.390194377299605,66.35608221526667,0.4750611356785069
2024,Norfolk State,5.978953384791133,8.959159279925558,3.27029651528923,5.328033965330405,64.51554326327144,0.393772934687718
2024,Charleston Southern,6.243561384417857,8.142462614713885,3.6924450884455555,4.6554436235900125,63.91047449987029,0.45465388321763445
2024,Fordham,6.787889401750414,8.556138343795729,3.570816886126005,4.744695235740646,68.45190855539408,0.45683864802988666
2024,Pennsylvania,6.791083154106413,8.274568170197508,3.6931534756685434,4.258731779320817,68.82768610839489,0.5299373278728526
2024,East Tennessee State,6.644649751988906,7.996707461597094,4.108094712176623,4.498468095854514,64.54067503476126,0.40481388367276083
2024,Merrimack,6.294353369932649,8.001828056272661,3.728452160567471,4.836484655424708,64.40789836477234,0.37288837030996635
2024,Delaware State,5.845656375740667,8.299817170167966,3.237429227700833,5.3340679112331015,61.81278344668272,0.4523268852901372
2024,North Dakota State,7.560354713020679,8.152193387263942,4.467340239693971,4.318786038984738,67.6748521912466,0.38225469575315724
2024,Sacred Heart,5.480202162126629,8.943572024006459,3.2970688982090595,5.3290485175986575,65.7612177736053,0.41990384582741813
2024,South Carolina State,6.631331331850454,7.671796965538579,3.8691788095876642,4.692160925644173,63.39851549015333,0.39530273751434797
2024,Cornell,6.722243157715672,8.112140946446019,3.728394922472842,4.580001927644038,67.99670906386145,0.4968952724156022
2024,Brown,6.006118399863226,8.87029688333191,3.162407554318298,5.056439425014987,69.05874410723477,0.5311676270437536
2024,Northern Illinois,7.1553807391202335,7.503561691412723,4.285651438675562,4.060808756096848,66.40227540101439,0.4359202884845662
2024,Miami (OH),7.283215923082965,7.2168077089796805,4.229934054270017,3.8147360567112307,63.38963307910925,0.3972087894096554
2024,Stanford,7.9503554249937975,7.147669660618423,4.286786186230313,4.039328180193404,69.96389903334483,0.47632935051535774
2024,Navy,6.98106911257003,7.892167869316881,3.950593192244721,4.299077739263586,65.21606183324282,0.33598760401387684
2024,Rice,7.120997169247976,7.799691428809111,3.9710930921101304,4.399789545841506,67.95298772895454,0.4936652641282183
2024,Central Connecticut,6.128871184036556,8.129602249434312,3.532106349553512,4.990838130374219,62.954373888203484,0.432042684329209
2024,Army,6.775252261081894,8.030266927108533,4.207922383635751,4.559742410665749,64.69099362822196,0.31141883957715755
2024,North Texas,7.192775782873139,8.26183316759689,3.9675634394293655,4.822426565165681,71.18834068707093,0.4656414016778061
2024,Austin Peay,7.207774805954858,8.010450377141261,3.9570175192203036,4.307756548771202,68.35081606201314,0.4535574540503608
2024,West Georgia,7.17908398820553,7.706308445956651,4.044469608009718,4.31962673546987,67.84542610097282,0.45266497230120334
2024,Central Arkansas,7.009677417359998,7.892709037743856,3.9105822114262447,4.223684965830785,67.83372228947464,0.4793555036316249
2024,Utah Tech,6.297613600278726,8.607005632351374,3.3838678443859687,4.813724282878578,67.12915550879177,0.535632216593918
2024,Abilene Christian,6.625401910010449,7.94386467797821,3.89977478048956,4.544382894104491,65.57931656263816,0.46411346873548776
2024,Lindenwood,6.416045543924053,8.186209384577737,3.477946406487431,4.941729885975741,65.243896399077,0.46183504660479896
2024,Southern Illinois,6.9865925458125355,8.09484624187738,3.7027292153369253,4.144083798980189,67.75483804237409,0.47635592920499675
2024,UNLV,7.487276744206936,8.034817353027332,4.08227576391605,4.3166924056946785,68.30371196067259,0.43272790939212663
2024,Southern Utah,7.288152245137066,7.76514958601044,4.05952424620151,4.100909656842252,67.65136709447033,0.47543385274264105
2024,UC Davis,6.76456149301349,8.264535817586538,3.828776313838488,4.485003958753953,67.58885252272955,0.46514122603089925
2024,Northern Arizona,6.823698229296738,8.087589338670368,3.7426415876879138,4.526537876890018,65.70752501941254,0.45274467024292153
2024,Tarleton State,7.628705491996443,7.626742004988612,4.396223835145078,4.082094309656004,67.5362016530725,0.4275714204943709
2024,Morehead State,6.222300243659415,8.471527614622076,3.4373153185760894,4.908401682887337,64.70809192629298,0.503730610155509
2024,Idaho State,6.195455620073994,8.249383717659901,3.215929692962724,4.761786786638878,68.79977227505182,0.5858880433653088
2024,North Alabama,6.8703067905315836,7.897136613202078,3.783238622043665,4.618416311210819,68.49272740623921,0.4681024095538182
2024,Lamar,6.07759921826424,8.910250158148262,3.502858466320566,5.138571866016357,64.70039368562155,0.4148940892779327
2024,Robert Morris,6.078407849170113,8.134437710716687,3.2955939388827353,4.974569017356741,64.47897777519296,0.49178605501159306
2024,Shorter,7.17908398820553,7.706308445956651,4.044469608009718,4.31962673546987,67.84542610097282,0.45266497230120334
2024,Portland State,6.593708632645395,8.53343819337464,3.77264806341012,4.984643217644591,65.06172857859062,0.3835659557629692
2024,The Citadel,6.1570251146508275,8.19805712641904,3.586095753108467,5.002850295033933,64.16792254202375,0.4201343749838845
2024,UT Martin,7.494342900106229,7.632276910145928,4.403393480668351,3.9416170322304582,69.09377851962401,0.46334912015880014
2024,Southeast Missouri State,6.882914766042417,7.941008201979709,3.8826851799418396,4.482131201680443,68.12484308375686,0.4742841970748219
2024,Tennessee State,5.840175404405278,8.59360965514935,3.3667320478261566,5.052649975799789,65.7540107124166,0.44229506402307156
2024,Eastern Illinois,6.550782003568974,8.041586134045003,3.6544170328644636,4.440991574873189,66.9904054783406,0.5073116045286062
2024,Gardner-Webb,7.053220292047176,7.582641057775786,3.987731890701654,4.240863296619537,69.0218568756572,0.457431894734814
2024,Northwestern State,5.712747107412212,8.468447208661566,3.1921369856739377,5.138960307112948,67.35661441207124,0.4789453675437588
2024,Incarnate Word,7.444045914944416,7.615801876705098,3.99052141195878,4.260668494233417,70.02672716230309,0.4792595903657514
2024,East Texas A&M,6.563410737637167,7.844672052220891,3.646556305200377,4.555624693985712,66.35956044960417,0.4774501837437883
2024,Houston Christian,6.274947234663371,8.43171822895571,3.354945186858323,4.7582651628071355,65.77604000689053,0.46459364438343914
2024,SE Louisiana,6.605838268252959,8.448774887628247,3.5229735685229016,4.729271886427945,66.64957554792802,0.46704429842985706
2024,Northern Colorado,5.529850160228296,8.997089022536368,3.123079484050659,5.235195634564844,64.2575175327242,0.47202903454578776
2024,Cal Poly,5.831548076008993,8.74004320373531,2.9471312682078814,5.101756945588828,65.62945298518316,0.5294699930451117
2024,Montana,7.528886589058023,7.406659618857996,4.273315185374447,3.9971351886742665,68.69889540542977,0.4255425616296784
2024,Sacramento State,6.930272232713996,8.283921583039595,3.8377730879543024,4.5970026510011275,68.4861284362683,0.442603668684978
2024,App State,8.232562538318266,7.513302464784289,4.573868062730345,4.076728478888694,71.41219703147733,0.45190608481148364
2024,UVA Wise,6.798723977410314,7.485311443339284,3.6398102363308564,4.753460904606767,65.33550814389073,0.4573958445871729
2024,Presbyterian,6.3314840992152135,8.168095039473219,3.482757510682118,4.742541380426116,64.39883828057793,0.4827844369248238
2024,Bethune-Cookman,5.515230767979572,9.085597608406694,3.161746682478144,5.277289853357896,65.40520894125657,0.4346671094438524
2024,Princeton,6.917601615109512,7.939921814628366,3.687814735044104,4.214829651317925,68.51977928588273,0.5037606220012926
2024,Missouri State,7.343922663281442,7.747360541619776,4.000292615571354,4.200089084724272,67.34757553960935,0.4994073309449068
2024,Indiana State,6.459769298623115,8.005615003374356,3.883656008965864,4.626828282567388,65.20391086831825,0.43190522253685215
2024,North Dakota,7.301309612260874,7.849722973910457,4.253552153477679,4.240259383561664,65.46575904840203,0.4515063048670191
2024,Dayton,6.314282543194008,8.239332970718646,3.7435553077091686,4.637280916239089,66.16774311476135,0.4596790071774096
2024,South Dakota State,8.410426151946357,7.594914572029046,4.862003204608746,3.5870572611264726,67.84943658993569,0.40409690809428017
2024,Butler,6.7069058962928345,7.919310224027402,3.947190167222119,4.60376403989495,66.38712858282443,0.43510346862891675
2024,Mississippi Valley State,5.233239973358786,9.35377373005686,2.930168309545346,5.5049755091346375,63.902716695281,0.455496827899871
2024,San Diego,6.632026606280035,8.123497163884752,3.7179292332471334,4.50963633695278,66.31197282737158,0.4659255109575722
2024,Augustana (SD),7.17908398820553,7.706308445956651,4.044469608009718,4.31962673546987,67.84542610097282,0.45266497230120334
2024,BYU,7.360766768244132,7.573446939652244,4.234719292594335,4.024171925222126,68.28780615746281,0.484877141857221
2024,Valparaiso,6.6204580846563745,8.09422521247279,3.635298761161849,4.45350739267781,64.96433398985045,0.4783089936570272
2024,Duquesne,6.4840826590092515,8.591609689949026,3.5042594073640183,4.875072612675541,64.43290915797813,0.4274903320687641
2024,Pittsburgh,7.8481392018381175,6.908254133091508,4.383419704169058,3.5558550264446867,67.71959417105583,0.4673536852561293
2024,Kentucky State,6.607679098733182,8.482140116608175,4.08423252012752,4.260762396636382,65.79405968869374,0.49067466696876655
2024,Florida A&M,7.183841289614331,7.447665059212171,3.885306392086005,4.107568255884458,66.99822823149464,0.4810404670505798
2024,Jackson State,6.540010019973117,8.036713393381985,3.7086913551783716,4.749182828316217,68.43387804502206,0.4615671714114955
2024,Alabama State,6.308043282046315,8.433239807432777,3.3813964543999195,4.727856376803923,64.67537323865199,0.43380842356979005
2024,Southern,7.024824416895456,7.823836307648363,3.917002312207462,4.405179924588793,66.03647808426516,0.44380116544768206
2024,Grambling,6.3526446682190505,8.376700298248814,3.729290560717706,4.724410971504207,66.46408046658618,0.46850807672069333
2024,TCU,8.30837092946747,6.7958242328353045,4.658721401157484,3.6099071927540716,72.4069241428388,0.5028857986662777
2024,SMU,8.272736493396913,7.055552601229819,4.52294191785478,3.78604402436884,71.1827258025194,0.45654220864963996
2024,Syracuse,7.351277839426097,7.0511144952485925,4.28172113575465,3.9797700135129466,67.37639935680625,0.3972628043910503
2024,Jacksonville State,6.947796364179108,7.92561417840165,3.8710501724893853,4.361611718947294,69.57810738159255,0.38285114694052
2024,San Diego State,6.916506070988281,7.461128444345233,4.067921876583379,4.363776704260383,66.46757827193545,0.4203078095942477
2024,Memphis,8.229014179484766,7.251541923646656,4.414204233380368,4.065309514267718,71.53319784867176,0.49606507866877514
2024,James Madison,7.227445629853413,7.909146222035501,3.932759589877699,3.8377616225009286,68.6188161413484,0.4688080345936681
2024,San José State,7.3353466475736715,7.370579763680482,4.378489240496238,3.98828918037513,67.30036104084293,0.46297093681187723
2024,Louisiana,7.579025899277477,7.702646010095655,4.390152454039932,4.203515486612873,68.26483366872033,0.44650949782895866
2024,Miles,6.840235728863082,8.134820390918954,3.9978011225611847,4.339458313800665,66.31439672346355,0.47391366831493387
2024,Tuskegee,5.837203542081928,8.105392946591003,3.501635651984279,5.2859605066768,59.822097866957634,0.41873338161275253
2024,Arkansas Baptist,4.98969208587615,8.519028689048701,2.8783873822075474,6.044486655862841,63.96875165181733,0.33053504454273847
2024,Texas Southern,6.90506566532257,7.762748633329575,4.089762885341483,4.5291344136921765,66.0205952811954,0.43397149955699477
2024,Clark Atlanta,7.17908398820553,7.706308445956651,4.044469608009718,4.31962673546987,67.84542610097282,0.45266497230120334
2024,Lane College,7.3300702222018685,7.516478307797492,3.823484540404621,4.411885085221102,67.21020934862182,0.44523840236238643
2024,Utah,7.862124899959299,6.608050669191187,4.775165292469475,3.4831409379963993,68.33470088648676,0.40521267731559685
2024,Arizona,8.395974386163331,6.866527469410986,4.767197116687772,3.639469353987011,69.96788905489606,0.500594206207942
2024,Wyoming,6.878096307447815,7.703414320382773,4.372204453440316,4.11711702706315,65.83611205119625,0.41820922524159654
2024,Baylor,7.747948490763333,7.208267974484895,4.270878547038252,4.015706205945902,70.70522875324936,0.4828920137037894
2024,Kansas State,7.865727037842685,6.99278181162279,4.712415519657908,3.926157577524924,70.66765965516544,0.44509417304356447
2024,Texas Tech,7.929080671666076,6.9148755538215045,4.602422903513785,3.597930698792241,70.16431175838223,0.47873797830238585
2024,Sam Houston,6.270887938294789,7.94377390665282,3.628978407292961,4.415677752926773,67.26115116182045,0.5033526734837707
2024,Air Force,9.060476281125688,6.832467245618894,5.125423070895417,3.537290813676057,66.80612751254655,0.24876021722062505
2024,Texas State,7.421672450215935,7.932263041154289,4.088127379644562,4.304682381272428,69.72194902632198,0.44737932420429766
2024,Tulsa,7.553178290002921,7.657423881642311,3.9735725934681385,4.494430341491613,69.13032887908359,0.3939238781074845
2024,Davidson,7.553883731396573,7.564141799158781,4.168232079132776,4.706587763936019,66.72680937687069,0.3253580565815245
2024,Marist,6.112802391577184,8.171423999135612,3.3242077366745937,4.868770060681603,65.83946345593247,0.5017734356667068
2024,Drake,6.425640123934852,8.102872794395596,3.6478181403216765,4.533562325121883,66.87017207111188,0.513289975201053
2024,St. Thomas (MN),6.996902890318589,7.765739088507153,4.216064615649578,4.363805383509704,64.66761015581696,0.3937991070994478
2024,Stetson,6.182406136339091,8.271122461336953,3.323239976822161,5.044531758173124,65.80624330571898,0.47651482143041696
2024,Kennesaw State,6.249293935607389,8.608550530383827,3.643666178856819,4.906349012353897,63.872072529668934,0.37139085989797516
2024,East Carolina,6.9604187404595015,7.451714405331946,4.082821724855616,3.8880487331412974,67.61690098772411,0.4722574548480611
2024,Harvard,7.386191587415671,7.9509382002273465,4.1779111171896,4.212576041521638,67.88065649538272,0.40770964617537647
2024,Dartmouth,7.026206160728446,7.705918821174679,4.215328554411254,4.218090798111016,67.77588196139453,0.4376411948586378
2024,Yale,7.029592863573433,8.33218731059406,4.028383038414377,4.454389762824979,68.06283885848029,0.4121502926754477
2024,Saint Francis,6.875735374059053,7.77257386247949,3.8935358965172147,4.628848642139134,65.37342970108728,0.43222103232168657
2024,Wagner,6.000305025120532,8.153739852351023,3.4457788119618975,4.887913779552111,63.543740982628734,0.4601636766184983
2024,Lehigh,5.890794813011174,8.756066060355947,3.3061512535413806,4.839952859412068,65.27493511730628,0.5145003851894718
2024,Bucknell,6.501383257448395,8.06175756015446,3.5962498441661586,4.684242856191436,68.0082890980305,0.4910903739731377
2024,Stephen F. Austin,6.119747789608619,8.740906612467802,3.274965379952446,5.061643144420166,68.452937336468,0.4992456326012352
2024,Georgetown,6.243443573021269,8.633131931164632,3.3536427763050187,4.8645484977520494,66.9713661092453,0.484026368050184
2024,Columbia,6.795519940017737,7.710376780310194,3.946521061197995,4.236015936511917,67.27674156483533,0.4684443418022665
2024,Virginia Lynchburg,4.370941455391996,8.882728611576558,2.2620301290277656,5.959396979832792,58.84573102575491,0.4755664499733329
2024,Lincoln (PA),6.827768453120639,7.986344335500097,3.91558771950467,4.507430483945629,66.17501331914148,0.46547237737421654
2024,Virginia State,7.17908398820553,7.706308445956651,4.044469608009718,4.31962673546987,67.84542610097282,0.45266497230120334
2024,Savannah State,7.17908398820553,7.706308445956651,4.044469608009718,4.31962673546987,67.84542610097282,0.45266497230120334
2024,Northern State,7.17908398820553,7.706308445956651,4.044469608009718,4.31962673546987,67.84542610097282,0.45266497230120334
2024,Mercyhurst,7.17908398820553,7.706308445956651,4.044469608009718,4.31962673546987,67.84542610097282,0.45266497230120334
2024,West Virginia Wesleyan,7.17908398820553,7.706308445956651,4.044469608009718,4.31962673546987,67.84542610097282,0.45266497230120334
2024,Edinboro,7.17908398820553,7.706308445956651,4.044469608009718,4.31962673546987,67.84542610097282,0.45266497230120334
2024,Saint Anselm,7.17908398820553,7.706308445956651,4.044469608009718,4.31962673546987,67.84542610097282,0.45266497230120334
2024,McKendree,6.642782586972771,8.105473562123446,3.7179690491649455,4.814186856466835,64.81708474596806,0.46298683684783937
2024,North Greenville,6.8231713312440085,8.551563460921777,4.140831545984522,4.319597800840329,66.63561863891792,0.4737449375748284
2024,Louisiana Christian,7.173225428212646,7.717938513963929,3.849756255097927,4.36916066032071,66.71792674633289,0.45679521113253035
2024,Western Oregon,7.115722435888444,7.260732459018659,3.825147167108729,4.311982222331623,66.87654613452928,0.4614845578013346
2024,Lincoln (CA),5.381699961558846,8.608753117553523,3.1730193696142677,5.186896851267622,63.56515626086692,0.4787143267760635
2024,Upper Iowa,7.17908398820553,7.706308445956651,4.044469608009718,4.31962673546987,67.84542610097282,0.45266497230120334
2024,Hanover,7.17908398820553,7.706308445956651,4.044469608009718,4.31962673546987,67.84542610097282,0.45266497230120334
2024,Catawba,7.17908398820553,7.706308445956651,4.044469608009718,4.31962673546987,67.84542610097282,0.45266497230120334
2024,Point University,7.17908398820553,7.706308445956651,4.044469608009718,4.31962673546987,67.84542610097282,0.45266497230120334
2024,Ave Maria University,7.17908398820553,7.706308445956651,4.044469608009718,4.31962673546987,67.84542610097282,0.45266497230120334
2024,Erskine,7.17908398820553,7.706308445956651,4.044469608009718,4.31962673546987,67.84542610097282,0.45266497230120334
2024,Indiana Wesleyan,6.123348310368618,7.944995560519367,3.410960483023304,4.461843726570247,64.30166742414946,0.5423735328695711
2024,Sioux Falls,7.17908398820553,7.706308445956651,4.044469608009718,4.31962673546987,67.84542610097282,0.45266497230120334
2024,Black Hills State,7.17908398820553,7.706308445956651,4.044469608009718,4.31962673546987,67.84542610097282,0.45266497230120334
2024,Morehouse,6.879306091930726,7.914902428274103,3.951694879077152,4.360478668903776,66.40453120951646,0.47064970779033183
2024,Central State,7.17908398820553,7.706308445956651,4.044469608009718,4.31962673546987,67.84542610097282,0.45266497230120334
2024,Kentucky Christian,6.949728703262296,7.808191661489293,3.6691575339413904,4.439099100469927,65.10134100552513,0.47117776479768025
2024,Central Washington,7.17908398820553,7.706308445956651,4.044469608009718,4.31962673546987,67.84542610097282,0.45266497230120334
2024,Warner,6.793206662006971,8.077472788656033,3.6595097695401386,4.422838833978297,64.35268173806428,0.48271397222554324
2024,Roosevelt,7.17908398820553,7.706308445956651,4.044469608009718,4.31962673546987,67.84542610097282,0.45266497230120334
2024,Wheeling,7.17908398820553,7.706308445956651,4.044469608009718,4.31962673546987,67.84542610097282,0.45266497230120334
2024,North American,3.1405634712427712,9.99078283842703,2.04763466832154,6.1942910988900035,57.56938251036233,0.5099938714684762
2024,Buffalo State,7.17908398820553,7.706308445956651,4.044469608009718,4.31962673546987,67.84542610097282,0.45266497230120334
2024,Georgetown College Kentucky,7.17908398820553,7.706308445956651,4.044469608009718,4.31962673546987,67.84542610097282,0.45266497230120334
2024,Frostburg State,7.17908398820553,7.706308445956651,4.044469608009718,4.31962673546987,67.84542610097282,0.45266497230120334
2025,Florida State,7.451385151544418,6.669267175196032,4.374063243071899,3.7898668669540436,65.78469513423197,0.46333352325655053
2025,Alabama,9.212040782759292,5.532930231489828,5.392342400109088,2.921190070594472,68.45930183072393,0.43473166043591327
2025,Arkansas,8.436938249765788,6.430435611545324,4.8588939640278905,3.4157366442819592,68.36862757127886,0.45635305626614425
2025,Alabama A&M,6.015901992570925,8.860735457929792,3.2405572424067497,5.256371068051042,67.17677891304353,0.46042889367401274
2025,Auburn,8.486421594126785,6.02603050720852,5.115801576708357,3.063785851222455,66.9689667290023,0.4689461845535209
2025,Baylor,8.534990058878186,6.895712822114053,4.778799670201507,3.6181780156638554,69.39254788101384,0.45619308425961563
2025,Florida,9.091057156559389,6.082334837469915,5.300361899685339,3.0397077108852235,67.04114551322888,0.4349164286356522
2025,Long Island University,7.272155961173514,7.673210463518543,4.451443141697883,4.249356770088894,64.75001380715656,0.4159598657089334
2025,Georgia,8.92018533146926,5.586850726479389,5.236467170952401,2.8195712389938823,69.54148115157027,0.5031652024177502
2025,Marshall,7.009162914846908,7.488311264891135,4.345720006282107,4.280847039623034,66.0709599186283,0.4162937484513464
2025,Kentucky,8.009653398684828,6.546881899769023,4.84038490832915,3.459910255415309,66.25763141344066,0.42571100471464246
2025,Toledo,7.526325667823321,7.213854513135596,4.209939523617392,3.9102579035338816,69.46628493309792,0.47991016199509956
2025,Clemson,8.464329098993604,6.236717358824302,5.067716074351244,3.4159667378399625,71.16840925645353,0.5060022585904483
2025,LSU,8.987312872462699,6.089838872247015,5.061159661205908,3.1755474560255235,71.46642370323191,0.5189960675877886
2025,Ole Miss,9.060105767371564,5.792879758736262,5.045323625146051,2.869448922554888,68.92952883001315,0.4513571517297627
2025,Georgia State,7.13255495700647,7.763345003812387,4.083442139512901,4.421822944873479,69.03872409697405,0.4949446156079654
2025,Mississippi State,8.114433423165135,6.982363260954091,4.765805789852316,3.824915517319547,68.20156802970908,0.45769152164004184
2025,Southern Miss,6.429978805603518,8.167200080454942,3.7855859186159755,4.855747470325723,65.33577179399975,0.44413122856375176
2025,Missouri,7.980369883394905,6.2783226901700715,4.699530495059461,3.591846510350929,69.06134264852676,0.44104646610556436
2025,Central Arkansas,7.037134217999519,7.828585224478428,4.306355776469935,4.192643537541076,65.83700682977124,0.4642856020465344
2025,Oklahoma,8.552842431598464,5.874066474748525,4.952487155880655,3.144304026388901,68.5443457235772,0.4286640243289339
2025,Illinois State,6.532751755734682,8.260371905140675,3.8093006984157807,4.6725911092143555,67.84740371058867,0.45632847758972744
2025,Syracuse,7.372022793939912,7.3176626299603775,4.144266928576018,4.085088003215105,71.23029166816661,0.5428140004860263
2025,Tennessee,8.632687960359599,5.945751853681782,5.297709301825401,2.9829586386741154,69.53316972452974,0.41810180266232944
2025,Texas,8.821377719761617,5.503724090891694,5.277654448049917,2.741775059975972,69.74016883018739,0.4775705096374326
2025,Ohio State,9.266736705862408,5.268896328921777,5.486511621974151,2.569011213324897,67.33587750245576,0.45601151947646645
2025,Texas A&M,8.781222169723087,6.064830791618281,5.125772261230082,3.141357361566958,68.5654195531752,0.4303799686546454
2025,UTSA,8.12938367218544,7.187982991724793,4.402021005188528,3.8616036440427663,72.10700267693719,0.4869543677266006
2025,Charleston Southern,5.85119610949485,8.775625038417266,3.4239583550839354,5.0352413621823064,62.62807759819686,0.4387953867887864
2025,Vanderbilt,8.256205681868199,6.982369292602441,4.669514922327095,3.763817889475257,65.93402181962176,0.4214666545977249
2025,Virginia Tech,8.045870122908262,6.73776814140046,4.849230632913577,3.657230814690473,67.25309189221299,0.4273437414571242
2025,South Carolina,8.893064086977732,5.951178805806789,5.016971900193672,3.1006035946872963,68.319303894931,0.41657837155784383
2025,UL Monroe,7.254431404305079,7.720032482900196,4.452607501127511,4.247264510239453,65.30638684819995,0.38956902976465835
2025,Arkansas State,7.280991195040629,7.693249983046201,4.004015280536635,4.553023863032636,69.11691293769394,0.4577131543300627
2025,Ball State,6.3979396029691955,8.197253368977142,3.6949588445208414,4.806507227642108,68.0296331389451,0.5047673372537026
2025,South Florida,7.375841941661301,7.511907128166754,4.202936863736967,4.19241730904157,69.28367605676223,0.469843076378614
2025,Austin Peay,6.658168518310342,7.95538903808416,3.7333545352343527,4.640522373116054,66.84170461729593,0.4438419711331142
2025,Louisiana Tech,6.965894844137329,7.268168443965874,3.8121945018241084,4.217615969630682,67.01686290431752,0.4543543946137622
2025,Arizona State,8.413294790303492,6.514459591432014,4.945298367883221,3.4172699849892423,69.02891201135078,0.43063398299960376
2025,Kansas,8.60228734707971,6.446795567834825,5.137455207626568,3.5905680001110536,68.5476573760205,0.4127533777602515
2025,Michigan,8.276210601394329,5.871736072084008,5.02884118950331,3.0794206601358702,66.00128272551515,0.4098070462875079
2025,South Carolina State,7.411763242551097,7.906140342205226,4.229251251924568,4.056152407238474,66.84476965962722,0.47059937269999885
2025,East Tennessee State,6.7870722423168806,8.189945981940083,4.035729282557025,4.40922981805516,67.22763546255392,0.4300041568484762
2025,San José State,7.2587052345447995,7.278695864796165,4.135939822550957,4.015390228138303,69.27649760322241,0.541073819876491
2025,Utah State,7.215938663581274,7.855800285578134,4.256359214647221,4.58756543009405,70.4265259505891,0.4813405782782454
2025,Wisconsin,7.609767149522443,6.637479924803522,4.647858787631674,3.638692916826739,66.93570552730816,0.45844216218649125
2025,South Alabama,7.6105882334506525,7.117876450492308,4.62730693951992,3.8962627163119823,67.50693994720339,0.4566236357690433
2025,Eastern Michigan,6.677221386256845,7.997119649685409,3.717809535278979,4.700554186376596,67.8410458481275,0.46001144159535223
2025,Alcorn State,5.930795637114997,8.657230228216601,3.576504092724214,5.084923284623219,65.30096618999697,0.4168206377783536
2025,Louisiana,7.419749766963868,7.464859072059916,4.481505277606622,4.061061979982584,66.85532075637943,0.4532614354615619
2025,Temple,6.6388726301243235,8.033651847530745,3.718108802634554,4.593732313051512,67.04289422342256,0.489773988897613
2025,UTEP,7.186370773995622,7.421804220664036,3.813704955821609,4.485589540401241,67.64943162470394,0.4378228945239109
2025,Notre Dame,8.6454269033357,5.699019525144927,5.45785185913714,3.033950608276065,68.1402273461309,0.44721357526473526
2025,Memphis,7.554172402582278,7.179389705642598,4.457035708174142,3.953455066924836,69.01215408716703,0.49151841442759586
2025,Miami,8.758221033654866,6.315507047117428,5.270041608607364,3.2320037562416752,70.82261944952242,0.5057532647425147
2025,SE Louisiana,6.601786460472123,7.991853911957191,3.8068487497449777,4.572726503877047,66.9919856412146,0.45841564622994924
2025,Tulane,8.083675477609365,6.808015674680698,4.829782419605838,3.7409275977630223,67.53755135604163,0.40847513728367485
2025,Northern Illinois,6.962164052442112,7.171747426289562,4.338576907915001,4.028605774479749,67.2910608376005,0.41309015065481325
2025,UAB,7.267959182440138,7.674867646856841,4.059304518395934,4.435951523147357,69.57512520681409,0.4902571779192965
2025,Massachusetts,6.679426907022797,8.242732266745099,4.037186930262218,4.852841337995736,67.8300905741491,0.41943800840416645
2025,Sam Houston,6.913695161271407,7.266494402057583,4.067262587083366,4.186142077312766,66.79240954609381,0.42263040143173397
2025,Kent State,5.939651335027667,8.52552121888066,3.414440173753757,5.260861155469331,63.530521924660896,0.4290603624682727
2025,Washington State,7.455964156472555,7.2373052400426445,4.22091641849189,4.369021231792939,68.04235052581797,0.456020282021602
2025,The Citadel,6.854579464378544,8.247937183656708,3.9991211935204847,4.700591098996724,64.56025744675463,0.39222874027229254
2025,Tennessee Tech,6.8217442025137665,7.86246546605205,4.197821804130744,4.164124713352442,65.09537108285156,0.46056583348058217
2025,New Mexico State,6.572622810871594,8.704672557013662,3.8025731231768356,4.711938596289409,66.9267439369571,0.4019384788466922
2025,Eastern Illinois,6.136186333615464,8.54429677264353,3.1376431627108934,4.9385671843828325,65.52488504663214,0.5046919294801193
2025,Mercer,7.407381859447073,7.559355509048913,4.119158607294755,4.10910865179633,66.89948856887625,0.4216764770979592
2025,Charlotte,6.921737652254077,7.971467346125343,4.0647346599899405,4.518051165648712,66.47488755564146,0.4638738001307863
2025,Western Kentucky,6.765627980662705,7.762572817796129,3.7302293949994034,4.479409068323188,65.11883341680144,0.4684125502080913
2025,Coastal Carolina,7.531489575503719,7.366830530486432,4.345323205577571,4.278875355013486,67.62044569957297,0.4264167914841848
2025,Samford,6.70702639387377,8.159535656097333,3.640757291488343,4.487972129525435,67.7623882748615,0.48283965980150045
2025,Georgia Tech,8.24998238521303,6.917488912884196,4.8556642778062145,3.7724844972673135,69.99410495482773,0.44808778213
2025,Louisville,8.566635264412263,6.203215210994204,5.150153499129211,3.3215471932409013,69.25833449895339,0.47697042201627626
2025,Buffalo,7.21949726027725,7.725542649755004,4.1432877245668,4.359984742301392,67.07723658386973,0.4257871391862369
2025,Minnesota,7.662188472990167,6.604887062397395,4.569838125306057,3.367048568246215,65.57767429914334,0.482497771082534
2025,Ohio,7.961405733666036,6.894115641531602,4.670708053999737,3.7109212391385045,67.48056043267897,0.41375229874889496
2025,Rutgers,7.774373530860796,7.013466331121796,4.595603337013458,3.99656395796034,68.56927170268683,0.4370213697274312
2025,Western Illinois,6.087355682371741,8.938071914254841,2.975872250281383,5.41874870693057,64.73132362506206,0.48197965199659343
2025,Illinois,8.092128618252257,6.697716137689991,4.737682660141971,3.632674457828166,66.3698390608398,0.43782206222951814
2025,Nebraska,7.927529997425669,6.17674582895674,4.644964918441197,3.3502639605270828,67.75889749250537,0.475474399301395
2025,Cincinnati,7.947892885149244,6.898599153870416,4.848675879236671,3.744272488933765,68.3952645062128,0.45631620667061157
2025,Maryland,7.7574694906825945,6.576640470619503,4.341987930823448,3.641683910059931,69.32970355569573,0.5090666517446855
2025,Florida Atlantic,7.145749235905745,7.294937470957411,4.3051149421621515,4.265282038898503,67.22885676199195,0.44000438278153753
2025,USC,8.547111627255106,6.239784488864252,5.026007756232078,3.3767970342864135,70.21897001589032,0.5241255425461162
2025,Missouri State,7.093897145947393,7.975016058517097,3.6917123851126825,4.532096995820406,65.86559590852416,0.46955756623285394
2025,UAlbany,6.653590839722692,7.773748514348129,3.7394624326004617,4.542387999792208,66.33720641139517,0.4905459076404978
2025,Iowa,7.879166622572091,6.399939475805288,4.995611486652338,3.3925160091864552,63.95947307413723,0.39737571588067905
2025,UCLA,7.791900845088617,6.583983390386573,4.47806627933191,3.433657220826423,66.77264919154248,0.49103877187013145
2025,Utah,7.397008959742853,6.592940478170193,4.519211726673868,3.5379058348079258,65.76161244047043,0.45882944873370923
2025,Purdue,7.231582001782494,7.2396011081650045,4.416059162408856,4.174505647548881,65.49866740636301,0.4612818472862962
2025,Western Michigan,7.124178265327506,7.952719138608941,4.217754806975189,4.572456328535264,65.76249425206919,0.42074898468244104
2025,Michigan State,8.138832894731314,6.643158123096444,4.5541725037508645,3.4740903564356644,66.20596158059567,0.4598166749482479
2025,Northwestern,7.1485390511613565,6.796323337704437,4.141622601768757,3.8615082046167726,65.42556031028498,0.4822106076991555
2025,Montana State,7.817343826620928,7.52533348333632,4.941289921707588,4.073271196681805,68.3524207757378,0.3558924928842151
2025,Oregon,8.73022652081537,5.967875378407915,5.199723614487633,3.1809782003182603,69.40014682238743,0.4618474424554114
2025,Colorado State,7.498670915586937,7.12449311151544,4.328294481046059,4.156622474482146,67.29372030687482,0.44632216263012925
2025,Washington,8.160555781697912,6.353802444253096,4.719410887646116,3.5850546545306323,68.18133986366581,0.4634536784965177
2025,Indiana,8.264137316869112,6.593711785421606,4.8349499415170545,3.279669676292106,66.70372822452484,0.4421117403912987
2025,Old Dominion,7.503802056743724,7.330335572030663,4.473395652133471,4.140566625467916,68.05399685004222,0.4183569012261783
2025,Nevada,6.883632403960791,7.809986203107654,4.200065219044744,4.455278333800002,65.96973480588956,0.44379066970315345
2025,Penn State,8.943210103031728,5.787377818551754,5.430833760771821,2.847470245376077,68.7158204589636,0.440583401799587
2025,New Mexico,6.75693210600971,8.305364106076158,4.304286767881684,4.832050972597538,68.84271134393384,0.4431359419531559
2025,Akron,6.698645042601582,7.83557343382925,3.7256757431678245,4.463300172587132,65.80972308823607,0.503998726128048
2025,Florida International,7.090727491357329,7.571420360147838,4.01160575975855,4.33991076110321,65.41734336095023,0.45312903708324376
2025,Kennesaw State,6.022504402216208,8.606864062176454,3.576150038161045,4.834191472619153,65.41701582903221,0.41734413756975264
2025,Northwestern State,5.042156340778633,9.371369512876859,2.6072344222889723,5.850650968502509,60.54498228855346,0.44732085741403593
2025,Georgia Southern,7.396303286740118,7.648381595063771,4.109623500293177,4.236382396259389,68.1386065900042,0.47664924076163373
2025,Grambling,6.1271446099396,8.326180587604682,3.493568450181893,4.923239239720083,64.33931931535159,0.45455982418205265
2025,Boston College,8.000582683850373,7.036468574454838,4.6982653779537005,3.7566302824287323,67.86767766289624,0.417387370967609
2025,Miami (OH),7.322897788663594,7.056714268069303,4.379205440863025,3.780179726269888,64.28885235753738,0.46339432338977204
2025,Southern Illinois,6.7073567328349615,7.850651001106377,3.6432059826425345,4.540152309535806,67.49281133741738,0.47854585380049663
2025,Middle Tennessee,7.070959622573134,7.625005073993684,3.7212208038680825,4.564252520308358,67.04653221243571,0.4901840841969967
2025,UC Davis,7.159213719402765,7.936007771306558,3.981047199514959,4.177125517246092,68.69233745738197,0.4887909759069467
2025,Iowa State,8.082317299661417,6.546992210166145,4.612906547730542,3.6794725137039634,69.36573030336186,0.46250767418616245
2025,UNLV,7.6788568897079665,7.244594553960778,4.682202323602292,3.873116414032716,66.44252704310308,0.38578466471463424
2025,Oklahoma State,7.205745166175093,7.476907150737129,4.314300477717471,4.196426206931101,68.37181949855312,0.5109714540164283
2025,Duke,7.230029344100249,6.974819234976107,4.31677589986272,3.7453345285928124,67.26043924656537,0.502821319338412
2025,Houston Christian,6.32023218611563,8.360182624174472,3.671629236941399,4.821244321907589,65.62091414700001,0.44187099282775844
2025,Norfolk State,6.727318474625309,8.192298182648651,3.945740756861653,4.642235328690094,62.592623420602564,0.39804732093416895
2025,Youngstown State,6.229545005612315,8.494987301265299,3.6096447320217773,5.360786553594481,66.42239581117094,0.389267536250144
2025,Villanova,7.0901717538174935,7.444426497103426,4.146611030935076,4.401444543210161,66.385192108255,0.4235805365175435
2025,Indiana State,5.84978799071588,8.772929213071603,3.3239543167238685,5.24458796180999,64.05914386756756,0.4023926615816603
2025,Towson,6.810725778172407,8.227707043041836,4.009349685240014,4.458601483043439,65.78455049356181,0.45577470946189735
2025,Central Michigan,6.748752940375118,7.838101785557985,4.208156105689364,4.49922404539563,65.28138507765883,0.41240368868227995
2025,California,7.311999463310301,6.900184191728323,4.397139718804005,3.6949719536196692,68.21060283126545,0.48869939483402075
2025,Oregon State,7.550705774294258,7.239072367101412,4.314575504890019,4.321779714257448,69.69686830870725,0.43125601911194383
2025,Fresno State,7.000814373740252,7.287085965498494,4.067961138803201,4.030155356356001,66.44761576645277,0.5056324632636956
2025,Texas Tech,8.169728511998459,6.889969320418783,4.65427961658805,3.818653927638376,72.37970974799708,0.4992919300082306
2025,Houston,7.902802179062784,6.722242140912488,4.625977659013161,3.6178063859205176,65.6831321501478,0.4178546027456638
2025,App State,7.398176321929299,7.294811962485454,4.266136975798355,4.369359239586154,69.48071180252114,0.4664297883366565
2025,Lafayette,6.438264809854471,8.318126994172248,3.6555236826677175,4.765412822525521,67.53622461810225,0.43894136124851163
2025,Wake Forest,7.539413438560976,7.168227530181518,4.26054233364152,4.061189827105968,68.71847617768933,0.4656881094804598
2025,SMU,8.505827113725314,6.521264858562478,4.802377078153873,3.4025459180867563,69.54113209355589,0.449395112635654
2025,Tulsa,6.744795575956759,7.9730259803950645,3.6686685137467525,4.89699888751302,69.1501832011064,0.46774338262890564
2025,Idaho,7.593303103262756,7.44956940511716,4.2005545761469865,4.090236126530276,65.8874274261321,0.4309288115502518
2025,San Diego State,6.606033609985536,7.748374675526559,3.631984227446661,4.739263844437941,65.38765107060448,0.4514657984865613
2025,North Texas,7.455816038604245,7.603791032276095,4.382405759273113,4.299136679108296,70.59546229691706,0.5264446405266399
2025,Virginia,7.602282388628089,6.95574789574688,4.222004456327744,3.959844872831372,68.01756969153938,0.46136603990619796
2025,James Madison,7.5154056417292034,7.141200660783697,4.265677954636696,3.9151904265619812,68.21710134287295,0.4277518561461131
2025,North Carolina,8.042373562224338,6.658984948239561,4.784013142114425,3.7456512769409596,68.73558098033901,0.4394157232897293
2025,NC State,8.115827657369659,6.9344131171046515,4.6892922576084155,3.8430470576875297,67.81224032907117,0.4638881855715449
2025,East Carolina,7.738457133270425,7.203443438765776,4.487067318161993,3.85320594966108,68.85860608259755,0.47765191070701746
2025,Colorado,7.471533919243077,6.86857640895174,4.06529589739427,3.7134791210490388,66.70871883426624,0.5426426755537335
2025,Hawai'i,6.689426970260864,7.661099291695051,3.7047911758583667,4.286983473305327,67.69432882490115,0.5317548128519307
2025,Stanford,7.532537574750986,7.192253398370342,4.354321904137277,4.048657547525462,67.7447766850246,0.45561179101406524
2025,Elon,7.289170073356332,7.450231383866478,3.996163458497045,4.320162842496368,65.90684415123712,0.44098214239318373
2025,Fordham,6.07206238197293,8.626548527983342,3.3757380110420683,5.045102351617984,65.65355231105475,0.43038719141648357
2025,Eastern Kentucky,6.389537735687558,8.422960753843604,3.8880618045286446,4.711693813175452,65.77698691658958,0.41764056151630946
2025,Pittsburgh,8.13984866778635,6.672745488295232,4.514307653436816,3.4483488017437347,69.71490370755237,0.5077055970360057
2025,Duquesne,6.758525137705283,8.133156785248262,3.7004561191012124,4.709018666143135,65.07119659225948,0.4514961499540206
2025,East Texas A&M,6.08480359788382,8.289287310798793,3.2347291200663384,4.839423359416328,65.88657404449155,0.5185915307726797
2025,TCU,8.236933277514165,6.609970239902203,4.712007823629679,3.4325218506376864,69.99643727205522,0.5150581667968412
2025,BYU,7.912580732950953,6.74150037589907,4.736201565045579,3.5145046264599964,66.24949693830445,0.4574551616157579
2025,Texas Southern,5.551701892290226,9.071093041300134,3.4073275860023173,5.363417249559128,63.42578515852716,0.39710272422632814
2025,Colgate,6.183587885091165,8.533974055102213,3.492494739211415,4.8187937034421005,64.47758711501199,0.4885022266672755
2025,Campbell,6.990283634850806,7.906499973996062,3.8938662138063136,4.568669207927014,65.34661923984496,0.44705279878562165
2025,UConn,7.334222159773464,7.592299616714376,4.341092654787078,4.080246265091338,68.10975765556594,0.4467017774641868
2025,Furman,6.171461839651527,8.582065627974622,3.347972116054093,4.8797685346896325,66.6278372119729,0.4716570510198939
2025,Delaware,6.955534853648443,7.833546813040152,3.8870130246793386,4.39936730841239,68.73041831994004,0.4685994752273589
2025,Wofford,6.178896531554649,8.487238486980392,3.5840735625613602,4.736176639903238,64.2920212677946,0.4804171965657787
2025,William & Mary,6.693254521847409,8.294192881742099,4.057866072019785,4.788471074262922,66.19217120933645,0.38518418414392974
2025,Western Carolina,6.874566422477554,8.194534391510391,3.7290217900778884,4.696443706795968,69.90891399844025,0.4832821639058596
2025,Gardner-Webb,6.3408691596398015,8.434555583712525,3.5012458047576978,4.782327495774948,67.24589940438854,0.4646721156217759
2025,Troy,7.4413098471415395,7.081643989018731,4.1951639595516115,4.102504370268573,67.23342492120304,0.43828706550301666
2025,West Virginia,8.080006550577108,6.912605239060689,4.777392415662692,3.8024431238878202,68.59160758786408,0.42511149248401187
2025,Richmond,6.941488280758827,8.123999909463604,3.965049784441418,4.473318991810157,65.6059228966846,0.40749389336801267
2025,UCF,8.447096870987172,6.305752766362945,5.205939422909447,3.4599057928769916,69.10735597558686,0.39844308525688643
2025,Bethune-Cookman,5.759027855154797,8.72352210162956,3.249524596669247,5.308084078816405,63.07785025267411,0.45073223100724474
2025,Bowling Green,6.787155626071997,7.588629981435159,4.064103854807974,4.293451446874549,66.22255917626077,0.4711398208296037
2025,Kansas State,8.558278937389323,6.457030543197501,5.219806270129788,3.2802604253326755,67.97433483558949,0.4507010472215089
2025,Jacksonville State,7.043261126603158,7.723134171877057,4.317733560753895,4.4331185169087,67.11782296788243,0.3770670702329021
2025,Arizona,7.885924273804183,6.911191009254821,4.395220748289728,3.864404570134815,68.0951373689913,0.49736894045595115
2025,Northern Arizona,6.8751253105576,8.074932435623625,3.909291052136515,4.525534922623199,65.95256576102052,0.4256523158440829
2025,Portland State,6.713882095503042,8.410471264715996,3.822697051325261,5.090608118113868,65.40860794396498,0.3900215962764995
2025,Stephen F. Austin,6.722589088523324,8.299486476318494,3.752493184953842,4.562491727415514,66.66580634592214,0.4638748336603738
2025,South Dakota,8.200402107547832,7.1355456042599394,4.62842594656336,3.800628549603865,66.09493658908961,0.40413852461299726
2025,Wagner,5.944318880163877,8.848875330777974,3.4239737685622367,4.924714416286518,63.901941304422465,0.4606157605250478
2025,North Dakota,6.683290832429389,8.209792776252733,3.861898513285286,4.701724080277395,66.53963340587411,0.4082103652109302
2025,UT Martin,6.833315625109894,8.156615384618767,4.170917619295325,4.3140747681011415,66.29143834351908,0.43889279336280823
2025,Arkansas-Pine Bluff,5.942993648002567,8.873600402643111,3.311479500103756,5.158315308531566,62.52257892674163,0.4854623232295051
2025,Robert Morris,6.379479101793375,8.704045513996443,3.6005992896245194,4.7136139362986915,63.66828101105072,0.4733644682072704
2025,Weber State,6.440807457732664,8.198307712462293,3.7542365962689592,4.73086569213039,67.61654920177898,0.4453367210600934
2025,Army,7.739774575547285,7.332069189942382,4.856451084631298,4.100672338929386,64.841928899439,0.27288899224168994
2025,Rice,6.860549871655316,7.2140810554206585,4.139447741018949,4.000314223206555,67.23830014405766,0.5387764674913098
2025,North Carolina A&T,6.2619686105979495,8.31021372226184,3.5770144195371163,4.963462422130868,64.73764650971764,0.46446067825397785
2025,Cal Poly,6.198965528466837,8.408443031334052,3.2243338272799646,4.849393205081579,63.314860063526204,0.513348085865047
2025,Texas State,7.6797923457488775,7.247936579781613,4.5089269427996,4.001354585870824,69.8463064042721,0.4504312880376319
2025,Abilene Christian,7.374648357165137,7.571769850573065,4.2523755628260504,4.154825163659202,68.45937491500473,0.5086306401694543
2025,Wyoming,7.106819830503639,7.536494125575417,3.9930304553794973,4.44649371101154,67.57446267724112,0.4252796494871737
2025,Boise State,8.244802363125336,6.673532939328047,4.936852377734727,3.671114684204692,69.6131528019274,0.43799028638668724
2025,Navy,8.151154254606089,7.526094067555465,4.82891316603692,3.988640196558782,65.80736497099541,0.3268728864117454
2025,Central Connecticut,6.618148234984341,8.334306327596991,3.786528915271252,4.493131554075099,65.28270625790006,0.45595064434740584
2025,Air Force,8.998550433647186,6.59155474723681,4.615263368514324,3.868044098741233,68.5881839604854,0.25528660337883524
2025,Delaware State,5.842213775024949,9.14302453674902,3.341713057176819,5.306765673785899,62.025704389870775,0.44491695876305126
2025,Maine,6.387450716663544,8.492532575923919,3.505654567863907,4.790199677927989,64.118567606472,0.46471901192235876
2025,Liberty,7.472496219888513,7.234412236509794,4.5015515971730755,4.259263475577189,68.11311689943834,0.38001322856016456
2025,Bryant,6.022132484493866,8.551896583594306,3.271048580705748,5.082932141536984,64.81741030300496,0.5094379612708279
2025,North Alabama,7.086247700264252,7.970040736228292,4.122968049574415,4.314687623807694,66.23521197495934,0.46114229476481433
2025,Merrimack,6.866850091550532,8.08184868242078,4.239470048186493,4.4264509883147145,63.62989300259272,0.3960829458936158
2025,Murray State,5.9728138900153755,8.565704482461511,3.459225557598419,5.228741607106988,64.36600045728807,0.42372973227563704
2025,Stony Brook,6.778091176451925,8.190059276692697,3.665542150480182,4.731767023673786,68.17140985426896,0.43946938797244467
2025,Bucknell,6.2760873396442785,8.518625880368816,3.235876116322347,5.035250286355414,66.42260667294545,0.4708820574951781
2025,Eastern Washington,6.9293228632515556,8.254224368588646,3.855461026600693,4.844076719997113,66.63007060224707,0.4046324771692522
2025,Northern Colorado,5.559092111968135,8.935526619958551,3.2367387326150063,5.3668630245898115,63.83256493564228,0.43253865074903236
2025,Sacramento State,6.734848770732533,7.9739388556704895,3.7251025482779316,4.526522451430365,68.00454126718991,0.4975414617218624
2025,Idaho State,6.224838582389685,8.187197326871315,3.318728754489239,4.947289965409168,66.91112787256273,0.535842331214643
2025,Northern Iowa,6.633217555426583,8.048494041363895,3.6713015764687027,4.776012654334842,64.30761227450353,0.4488970787507665
2025,Southern,6.7479366884279655,7.932340126492573,3.7016259932764575,4.576954407488703,66.88081753008437,0.45487477551861066
2025,McNeese,6.44218874329794,8.448507475088423,3.885934318020324,4.874456296999007,65.18122161704761,0.41689611628348555
2025,Saint Francis,6.447205502088808,8.227375458172876,3.806785009570356,4.442757552810401,64.41260782860762,0.45163004659908873
2025,Southeast Missouri State,6.141551222469405,8.475502653787512,3.1635841856526103,4.651807819047561,69.04857398811703,0.5638384610585391
2025,Morgan State,6.154717877857634,8.484778797182853,3.532739215111986,4.963618636373187,64.35251595411329,0.41674479356879535
2025,Nicholls,7.038216002015845,7.636122184658277,3.894163981096614,4.262783593587316,68.27677167838354,0.457530121888126
2025,Lindenwood,6.99367805390008,8.067033238087081,4.0551010619141925,4.600793706697644,64.82749154511802,0.4255218975883325
2025,North Carolina Central,6.7065492780021225,8.32637247884414,4.018489844316352,4.680170503565224,64.06225209655847,0.42189178496323776
2025,Jackson State,6.978516091161579,8.07326099707459,4.113972385180872,4.517242105409839,65.721240214556,0.4011858320977735
2025,Alabama State,6.410324435024682,8.229157073667967,3.7242168408411582,4.7063465027128295,63.006194634280696,0.38200356450583745
2025,Tarleton State,7.937476586503426,7.201586769664026,4.596753382271526,4.014959837250317,67.64364947768601,0.4040396871884467
2025,Chattanooga,6.70236295903582,8.293377372396808,3.588031288236811,4.7188090420941275,65.93816009392842,0.43123062131068585
2025,VMI,5.993714170109154,8.252398082756795,3.4805012065680874,4.908041053413575,63.21799360202708,0.4635312796689382
2025,Lamar,6.528920243243244,8.244651943317344,3.6542154643690843,4.830715229500376,65.07946567445583,0.4169594788858601
2025,Florida A&M,7.036737307091018,7.635097566485778,3.926220880444819,4.45965774523639,66.02603244745926,0.47876608290031525
2025,Howard,5.861884918342244,8.674679850561144,3.369357625510424,5.131675940646368,65.36350253243371,0.4463209611921086
2025,Monmouth,7.716873109360167,7.572113264479168,4.282668635751158,4.109559848687693,68.44075713925616,0.4867940604170672
2025,Prairie View A&M,6.177447694905911,8.716826964913874,3.221943240623684,5.092110023584465,65.09380720015773,0.439984039510139
2025,Incarnate Word,7.042399766803113,7.729792381734615,3.8213850719227986,4.414732227575447,68.37129462922748,0.48407081145699926
2025,Holy Cross,6.942653049430784,8.354219797793462,3.98505744153636,4.560655005914579,65.79386520543318,0.41362568088231827
2025,New Hampshire,6.154936908529328,8.497745606159347,3.4020373654594858,4.708979675608116,65.2190972494061,0.4950910280541224
2025,Rhode Island,6.835306129087947,8.069215563756057,3.9131133969644734,4.460440369398063,65.1135796331836,0.44832493332846696
2025,Bentley,7.2195888466641085,7.634705286763213,4.08269692045957,4.309881831016582,67.43918458478016,0.45329839180501086
2025,Brown,6.211899016976786,8.458240314282076,3.2365160666204784,4.998832180167693,68.10898893084561,0.4766593335412402
2025,Montana,6.818233056713651,7.809464527015115,3.966901289859168,4.392275167653984,67.52496466230528,0.4599774962032944
2025,San Diego,6.31230806181806,8.318063721022419,3.5021301647203438,4.890995755346002,63.95937857200762,0.4560417890657283
2025,Western Oregon,6.370204051769018,8.058729972609012,3.5493861752492544,4.7704804199906325,65.73877689043162,0.434534420070938
2025,Southern Utah,7.107444337628483,7.801136165212731,4.068203333173507,4.480164145002165,66.16409409043605,0.40476554309786794
2025,Lincoln (CA),4.68266270581239,9.278206719743965,2.4749683766809376,6.122618137112736,59.227465996491254,0.49808491744548794
2025,St. Thomas (MN),6.652618627072675,7.919081375021838,3.9281858706800157,4.529616210405473,64.63407139547311,0.4483147815140511
2025,Utah Tech,5.977509339097731,8.718377435557516,3.450173893247622,5.008878998393898,65.03983955244462,0.4983069262747426
2025,Central Washington,6.743529314115982,7.727504207063989,3.9899780422665816,4.342049286812549,65.0512418628947,0.4339123750426987
2025,Sacred Heart,5.919484447642503,8.37908136443588,3.8925350151977387,5.070142347151347,63.54503498551628,0.4127130036048843
2025,South Dakota State,8.081629578217902,7.0033473432195805,4.858134707201031,3.740751042509123,68.9978179429733,0.39398405766973826
2025,Mercyhurst,6.2740966554425475,8.197896939207151,3.259090723050245,4.999256691703707,65.64407505181136,0.5081446772900826
2025,Chadron State,7.2195888466641085,7.634705286763213,4.08269692045957,4.309881831016582,67.43918458478016,0.45329839180501086
2025,Hampton,6.48948371179474,8.635587397583443,3.8346808737744476,4.714097680831843,67.12748920960354,0.40908027241901884
2025,Davidson,7.024441111344847,8.577052544867238,3.914506378041609,5.128808253240202,66.69425561698303,0.29016719050135487
2025,Butler,6.505098150453378,8.616355010312834,3.7916300024841143,4.977832690253931,64.65267718893305,0.39706224368222737
2025,Tennessee State,5.97298540091294,8.69377278336064,3.4268669534337413,4.896065376071706,65.02004867469448,0.4917280517973268
2025,Dayton,5.766331297410168,8.858718709129743,3.275142729303215,5.035779967643939,66.05042101580607,0.45015228053447065
2025,Elizabeth City State,7.2195888466641085,7.634705286763213,4.08269692045957,4.309881831016582,67.43918458478016,0.45329839180501086
2025,Stonehill,5.975184949186112,8.734205610243517,3.4415381499077364,5.154062655724798,61.93569515187717,0.4263754763903965
2025,North Dakota State,7.9167422822162195,7.492671033630258,4.526499560298986,4.047287016965692,67.92570827499218,0.3872591360641736
2025,Cumberland (TN),7.2195888466641085,7.634705286763213,4.08269692045957,4.309881831016582,67.43918458478016,0.45329839180501086
2025,Valparaiso,5.42047866815269,9.004058951982685,3.0361303588289554,5.39548353429486,61.29109091930353,0.41827731870852747
2025,West Georgia,7.171398978656511,7.581096551742273,4.009006645556973,4.236393732787184,66.00862549593799,0.4741778761077789
2025,Morehead State,5.998040758562794,8.858715158505568,3.039416017401955,5.150965383223207,62.29809345970993,0.43957984551546925
2025,Dartmouth,7.026800454409162,7.8783462590729485,4.2020665619230755,4.251109797964094,66.82485399161759,0.438116709770111
2025,Northeastern State,7.2195888466641085,7.634705286763213,4.08269692045957,4.309881831016582,67.43918458478016,0.45329839180501086
2025,Mississippi Valley State,5.71772821019064,8.838367612030284,2.873122846299722,5.4927489265452385,63.722501272737176,0.4680207642106805
2025,Lane College,4.996955307035776,8.850315466389212,2.8817933653560486,5.857711448539982,61.766913039021674,0.4303918650002545
2025,Cornell,6.50950964767144,8.268581797306545,3.596685544589124,4.735196679288835,66.67272227408218,0.49562829354491084
2025,Bowie State,7.2195888466641085,7.634705286763213,4.08269692045957,4.309881831016582,67.43918458478016,0.45329839180501086
2025,Southern Connecticut State,7.2195888466641085,7.634705286763213,4.08269692045957,4.309881831016582,67.43918458478016,0.45329839180501086
2025,Morehouse,5.480279279572105,8.870082860195257,2.405565725226068,5.075835637113844,62.49148588452167,0.5669261407175903
2025,Miles,6.274045694750591,8.189191764568063,3.394365678242075,4.841917562984144,65.85034024788332,0.5018156989584792
2025,Tuskegee,6.019846812151105,8.817429807839758,3.212492302906337,5.357318475588544,63.622548941579964,0.4628174551950748
2025,Edward Waters,7.2195888466641085,7.634705286763213,4.08269692045957,4.309881831016582,67.43918458478016,0.45329839180501086
2025,Kentucky State,4.70436903158747,9.119387252455939,2.364007141523553,5.832924816255001,62.00351945592685,0.5394725374817688
2025,Georgetown,6.003491162715514,8.532664345221924,3.413237643971303,4.977424862159489,65.93555454715323,0.4736630314590127
2025,Virginia Lynchburg,3.8972581498352863,10.21702591400344,1.9150025135245543,6.218954252085798,56.246346387202706,0.5256138051022514
2025,Virginia State,6.747389675496159,8.134275873168303,3.7045162939872527,5.0358713025089825,62.61451160387891,0.39639199622509785
2025,Fayetteville State,7.2195888466641085,7.634705286763213,4.08269692045957,4.309881831016582,67.43918458478016,0.45329839180501086
2025,UT Rio Grande Valley,7.2195888466641085,7.634705286763213,4.08269692045957,4.309881831016582,67.43918458478016,0.45329839180501086
2025,Savannah State,4.979102261915185,8.705658212375283,3.1189674566190106,5.3894698363725615,57.664923215494184,0.45413475817160737
2025,McKendree,4.989461589688933,8.807002102708658,2.8585631822785804,5.8635603823781395,68.01214770909382,0.48376865569283634
2025,Arkansas Baptist,2.7491752075723976,11.117083219585837,1.5988171879989506,7.677475293101947,54.43233041004266,0.47651901966916066
2025,Louisiana Christian,6.193375112505913,8.392376023407616,2.562199759383004,5.7980140424862086,70.826320927288,0.3792645583755919
2025,Sul Ross State,7.2195888466641085,7.634705286763213,4.08269692045957,4.309881831016582,67.43918458478016,0.45329839180501086
2025,Langston,7.2195888466641085,7.634705286763213,4.08269692045957,4.309881831016582,67.43918458478016,0.45329839180501086
2025,Texas Wesleyan,7.2195888466641085,7.634705286763213,4.08269692045957,4.309881831016582,67.43918458478016,0.45329839180501086
2025,Stetson,5.274714392291042,8.92408403714304,2.4305626575039585,5.676556703026397,65.42750116812027,0.5423319908082771
2025,Drake,6.208695631063699,8.233832002700884,3.430742018159676,4.6387686934930485,65.65656968347504,0.5242873805721027
2025,Thomas More,7.2195888466641085,7.634705286763213,4.08269692045957,4.309881831016582,67.43918458478016,0.45329839180501086
2025,Harvard,7.1723754878704264,7.910851224877904,3.8895488897312447,4.407043907189295,68.12245223867438,0.4416758141247747
2025,Princeton,6.410625143005443,8.033732350438974,3.6223105702374228,4.677041880271659,65.72373660662959,0.4564367871444573
2025,Pennsylvania,6.786071353221227,7.997283951358236,3.9894932970180985,4.6005605555193405,66.30497113370023,0.4384715383694905
2025,Presbyterian,6.457967624673735,8.372578951518772,3.4936117350945155,4.893086199657968,65.01723961321231,0.44077720119706915
2025,Valdosta State,7.2195888466641085,7.634705286763213,4.08269692045957,4.309881831016582,67.43918458478016,0.45329839180501086
2025,Ferrum,7.2195888466641085,7.634705286763213,4.08269692045957,4.309881831016582,67.43918458478016,0.45329839180501086
2025,Marist,5.9215864021228475,8.365312637560365,3.1946315569430315,5.030502145132348,64.30411762102189,0.5307181376888237
2025,Greensboro,7.2195888466641085,7.634705286763213,4.08269692045957,4.309881831016582,67.43918458478016,0.45329839180501086
2025,Upper Iowa,6.005519977649725,8.1894718778399,3.412264320668858,5.156745331034873,67.13956003272855,0.43845899360303736
2025,Allen,7.2195888466641085,7.634705286763213,4.08269692045957,4.309881831016582,67.43918458478016,0.45329839180501086
2025,Kentucky Christian,5.512546897582408,8.686596731224782,3.1301490188204757,5.254804849839873,60.863130013379426,0.47320881572548296
2025,Erskine,5.8762821518272315,8.326205800265388,2.943079672816619,5.242848301203205,66.08615144619745,0.516366959799488
2025,BLUEFIELD,7.2195888466641085,7.634705286763213,4.08269692045957,4.309881831016582,67.43918458478016,0.45329839180501086
2025,Northern Michigan,7.2195888466641085,7.634705286763213,4.08269692045957,4.309881831016582,67.43918458478016,0.45329839180501086
2025,Webber International,6.908190120921834,7.99063667196298,3.8119000381078,4.505291349433085,65.54803895957404,0.46472475661149837
2025,Warner,5.252559807583262,8.587212079637924,3.0708893472577126,5.3367527831068,62.10292048638569,0.42823980941843576
2025,Adrian,7.2195888466641085,7.634705286763213,4.08269692045957,4.309881831016582,67.43918458478016,0.45329839180501086
2025,Lehigh,6.825772240603152,8.248270359607803,4.259186428020572,4.466571365278958,64.55026062992408,0.3818258028634485
2025,New Haven,7.2195888466641085,7.634705286763213,4.08269692045957,4.309881831016582,67.43918458478016,0.45329839180501086
2025,Yale,7.041515600316218,7.873044806086084,4.024783532654975,4.4763561711085496,67.77584110240929,0.43655604166429823
2025,Columbia,6.762696292466455,8.100197464783315,4.073974155850535,4.4253054139095696,66.20864192595927,0.4503691458658736
2025,American International,7.2195888466641085,7.634705286763213,4.08269692045957,4.309881831016582,67.43918458478016,0.45329839180501086
2025,Lincoln (PA),5.781468049363506,8.292519479145632,3.5350228473689786,5.294947238956054,59.8386535449921,0.3443089857462181
2025,West Liberty,7.2195888466641085,7.634705286763213,4.08269692045957,4.309881831016582,67.43918458478016,0.45329839180501086
2025,Saint Anselm,5.98739500545333,8.321785710809076,3.2754369389691003,4.689480087600342,61.357149826287895,0.4464220075823546
2025,Albany State,7.2195888466641085,7.634705286763213,4.08269692045957,4.309881831016582,67.43918458478016,0.45329839180501086
2025,Truman State,7.2195888466641085,7.634705286763213,4.08269692045957,4.309881831016582,67.43918458478016,0.45329839180501086
2025,Hanover,4.557127816155733,9.174135886036906,2.7814077616430817,5.812539326920681,61.906499161828066,0.4875384276442709
2025,Saginaw Valley State,7.2195888466641085,7.634705286763213,4.08269692045957,4.309881831016582,67.43918458478016,0.45329839180501086
2025,Central State,5.891005969150624,8.277004757569136,3.7754123894936877,4.835406519736575,65.50839628653472,0.4940385437314096
2025,Pace,7.2195888466641085,7.634705286763213,4.08269692045957,4.309881831016582,67.43918458478016,0.45329839180501086
2025,Western Connecticut State,7.2195888466641085,7.634705286763213,4.08269692045957,4.309881831016582,67.43918458478016,0.45329839180501086
2026,East Tennessee State,6.809803408814611,8.010224607287105,3.8888461587810133,4.583929114877772,68.77680276088736,0.42719610967741495
2026,New Mexico State,6.124282193526009,8.461953274971455,3.3977108092901855,4.754869472893598,67.08511070641846,0.5116654127018216
2026,East Carolina,7.746868100113183,6.976760710097896,4.50091938269931,3.7685752264653707,69.99530521190931,0.44689262587321454
2026,Yale,7.4291261206785855,7.793508362218981,4.277883407663586,4.277097414269235,67.74450670720107,0.40869318461338705
2026,Cal Poly,6.769988067111773,8.176164869821328,3.6805667803954014,4.533389277407508,66.30807954309752,0.4818306158455164
2026,Army,7.981359434112899,7.347056136745332,4.651588903250197,4.219268959866299,67.59226780365887,0.27075071422998137
2026,UAB,7.706248032088655,7.695026041891755,4.09209568242676,4.372664021950241,70.07628319680154,0.4905383076721753
2026,Western Carolina,6.777539328408615,8.188569852194213,3.448974622419529,4.890316226402917,69.03178478602062,0.4822459347514876
2026,UNLV,7.637446842082953,7.245281020118277,4.61940169272576,4.157856678248962,67.74092750274163,0.44308803287691273
2026,James Madison,7.962105460226698,6.555061177404729,4.968286439721969,3.447143630253294,68.024074277566,0.41812088245405693
2026,Hampton,5.7821750759904535,8.84001202637518,3.4537305090567165,5.2955707522498345,64.27171301921318,0.41053658801934023
2026,TCU,8.242123056252305,6.326393781587015,4.676958491960163,3.4776100450246346,68.94371047989661,0.4852826696987343
2026,Texas Southern,5.8757538501392155,8.699282459629522,3.352145418403476,5.31020634497722,63.96030186027001,0.4339464627118746
2026,Idaho State,6.769077922322956,8.136853030309835,3.856534645755633,4.510037201189743,67.4295219865653,0.5149643676853818
2026,Delaware,7.072406662633755,8.216885373685951,3.7289325686065,4.561748625699201,70.56638503544117,0.507691533381804
2026,Missouri State,6.925452387488222,7.999225296092046,3.736838481943493,4.651972710900374,66.99998684384464,0.4675715030350256
2026,Ball State,6.336272536894974,7.96669789816639,3.767609540838636,4.682534383285377,63.57236806058811,0.40702358180216797
2026,UTRGV,6.831840964141882,8.033839934391915,3.8448338165637814,4.571988934597331,66.95017572662464,0.4457126039997679
2026,Michigan State,7.741158021600052,6.788810437893526,4.50394373272088,3.763444989231567,67.31460089617329,0.4736232377326016
2026,Chattanooga,6.573442436170923,8.114358158049265,3.6725180286442463,4.956130257301503,65.34593183288456,0.4024530719461106
2026,Charlotte,6.855428199267229,7.93421460627831,3.768630246314529,4.53802033682698,66.57003790376558,0.47311181234020594
2026,Idaho,7.034693381088813,7.82509309786876,3.988109068624503,4.484250826240134,66.47918646891439,0.4296927849549672
2026,Ohio,7.609339751343472,7.084629673841105,4.5385041413725435,4.116624658952299,67.2893587253109,0.39173608485823347
2026,North Carolina A&T,5.688970090147496,9.16113384782588,2.9221395042798406,5.647538945496555,63.42123227674349,0.4189728229016103
2026,Georgia State,7.174334462738312,7.648188797419471,4.06827791777018,4.390090208709898,69.47725447385807,0.5039162197250624
2026,Auburn,8.487547801333694,5.780770830128123,5.183226524495554,2.857480992966645,67.86589708551259,0.45096657572096477
2026,Pittsburgh,8.156408575169252,6.6560868107851565,4.67835801743434,3.290359876138993,69.08151916837592,0.4981731102904719
2026,Liberty,7.4583440035514705,7.5300126387482775,4.507058747983523,4.228015380061119,68.09891769538369,0.41063165813108077
2026,UConn,7.028562702201021,7.525185249619425,4.329214537404607,4.241476832991374,66.58433178233444,0.47915460286033634
2026,Troy,7.04659630360464,7.624599291261654,3.854560481875234,4.262501550246114,66.48859055688594,0.4604179765676539
2026,Brown,6.405355944915054,8.49401097451841,3.3807107621893566,4.773314352027541,67.23684468707144,0.49306147015320073
2026,Northwestern State,5.170364646660132,9.428605235898539,2.745960977387367,5.843402400096543,60.174549317470955,0.42743315755324124
2026,Sam Houston,6.620169657467224,8.000036172309775,3.7663861962624874,4.819818081310569,67.08802490992878,0.47277526062964653
2026,UT Martin,6.492064363780555,8.270710313423459,3.5702365757093166,4.880038015873263,65.75113778422573,0.41526712000659927
2026,Old Dominion,7.8157777257159875,6.856835204091535,5.014289578645364,3.6543148382396105,67.47376056445287,0.4077717368291553
2026,Austin Peay,7.3135557467790555,7.762878320806788,4.189277723078955,4.374860367848407,67.0976456536391,0.4327578471894441
2026,Portland State,5.954225817446108,8.969535877565697,3.256589374585783,5.356157274226105,64.77943998429396,0.454770032437153
2026,UC Davis,7.691671947702789,7.445387445590524,4.300694328735515,4.278198912568672,67.36412834516858,0.43198946110419256
2026,Virginia Tech,8.164437498260137,6.553166775979777,5.020298873292885,3.531513534781975,67.47697698098793,0.42520685888899856
2026,Northern Arizona,6.9173962919431355,8.060654373582171,3.7946998786073647,4.722181841954981,67.14558655247588,0.45017185500756496
2026,SMU,8.389617604724434,6.335612197927873,4.752114499229399,3.3793472562608544,68.98723379375494,0.49075934020052125
2026,Lamar,6.426448283636109,8.363189365663654,3.7071766845309524,4.6714182615987365,65.44268339016817,0.4296866110072483
2026,Central Arkansas,7.030579722211988,7.914163368170537,3.9370421824635593,4.472710262899695,67.16369920998359,0.4479571338100097
2026,Oregon,9.628680115456342,5.3891446046403715,5.740024448675486,2.640778667491673,69.31343964986834,0.4471964234036453
2026,Oregon State,7.245507161773412,7.414510422303397,4.141977925857526,4.197297078203551,68.15959256584917,0.478321394102928
2026,Utah,8.431173173067485,6.38407960826287,5.127654290719861,3.565491044206544,69.63071711339434,0.42094709986616696
2026,Presbyterian,6.788088130077039,8.0385249697205,3.9018539878002163,4.514690125061896,65.93913056120395,0.43555749612060285
2026,Montana,7.3393520689196405,7.873261134507697,4.110444250354532,4.305489662693805,68.00092844019251,0.45147363623567416
2026,Mississippi State,8.373931688158908,6.903469967348622,4.740510044422378,3.7809052466647954,69.6556860790792,0.42613302625583077
2026,Central Michigan,7.780480694067787,7.29719705122743,4.490036666110881,4.145531277318431,64.6742713896876,0.3632616738652994
2026,Duke,7.875475119947635,6.841457521562728,4.494915986789497,3.8686569714610437,68.47409176464062,0.4941905282979404
2026,Louisville,8.162611210112857,6.434041656975946,5.141172835324388,3.249959146544161,67.73112273505112,0.46419093669369554
2026,Western Kentucky,7.372927484517946,7.640494617263523,3.96830093782022,4.345310142564149,68.637618859737,0.4985567101558501
2026,Villanova,7.020845108044188,7.9130745360202,4.1263977198576764,4.435574992491333,66.08173003503083,0.43337566402137845
2026,Lindenwood,6.477401069619821,8.370398279019115,3.5726640286244873,4.981305457576805,65.20297676124613,0.4365785705562733
2026,Rice,6.999902595194952,7.776571065399877,4.205476778172135,4.42517167981987,66.1934885018162,0.34420563170885554
2026,Tennessee State,5.501164203526993,8.763389004760194,2.9684749040177207,5.233714646049926,63.49517205014426,0.47767698630261435
2026,Florida A&M,6.256423196412939,8.465856399701638,3.4377382100785527,4.9815836246620195,65.332159385113,0.46829563798061097
2026,Georgia Tech,8.300766953561972,6.5270334872339735,5.064319231545493,3.573234498036842,67.46816693676055,0.44612793054583566
2026,South Dakota,7.875186495871462,7.372533857359466,4.5510299745240275,4.0738411383161095,66.78888192695942,0.3968700538787615
2026,Hawai'i,7.134366948444718,7.643694094643858,3.782339382968304,4.244455765191879,68.0896264226552,0.5252441389317469
2026,New Mexico,7.279812752437262,8.161999089642082,4.261388030608352,4.201970753645687,65.76349681005767,0.4152513919394781
2026,Illinois State,7.0275961422783,7.9648128828865685,4.016558986248748,4.360387775790359,67.44638750069137,0.44431179321695163
2026,McNeese,6.272033728768293,8.473447446066931,3.603446926357989,5.147978621338208,65.81899584197427,0.4110930811133241
2026,Minnesota,7.681135966547033,6.5501621871036155,4.348782248078578,3.7685022985737646,65.02281052175618,0.4786749874268681
2026,Delaware State,6.7872615962190235,8.289376947530277,4.019737151359402,4.768871347189374,65.5765979940167,0.38254682558372677
2026,South Dakota State,7.503545210994675,7.654114170174772,4.313543208148486,4.039208584176257,69.37812161790343,0.4192436367016217
2026,Washington State,7.946642428090017,6.826241707038224,4.418768848092483,3.6840325048996068,67.37173462735679,0.46662128809576575
2026,Cornell,6.376361619612074,8.384750053170176,3.706636983104118,4.687815675621102,68.1807141438578,0.47042321593717984
2026,Tarleton State,7.640434917201237,7.618736468359988,4.248601082109851,4.379353148095059,68.23494119683524,0.4038161042052405
2026,Oklahoma,8.561724771939952,5.923311641014532,4.992131037276243,2.830169216073761,67.9664961638775,0.4860974000189773
2026,Kentucky,7.975151998632085,6.499348503099329,4.739963711942553,3.40410263448136,67.36558235078544,0.4581427502121177
2026,Murray State,6.244941532024566,8.63882245194603,3.4922474545878304,5.029375300566615,65.23979078270182,0.4628956404458721
2026,Jackson State,7.475187771034611,7.603172965517263,4.285636998226854,4.3752811601397665,67.08179695559319,0.3825854994487058
2026,Prairie View A&M,6.881075488331797,8.016148057921102,3.7921249040211578,4.640781478199556,65.41166733443343,0.43869870627704327
2026,Lehigh,7.9348633613420665,7.344632306320272,4.742805109988762,3.8857455884986085,66.49831260598299,0.38381465486810173
2026,Tennessee,8.772776347312938,6.290664629513197,5.14960196362104,3.3416171758116704,70.83631711462951,0.46122549657895756
2026,Arkansas State,6.777836483726309,7.956884673862363,3.7565019501365122,4.476688739175285,68.98250741880432,0.499189711735125
2026,Florida Atlantic,7.62752420673967,7.748271725185001,4.106832999132488,4.141495031566892,72.5345731569637,0.5422024535642475
2026,Akron,7.100839998896429,7.697971686974068,3.8727246777525717,4.404393992088452,67.90378766069702,0.4626464360756205
2026,Colorado,7.491720129638181,6.753189562922388,4.277949387557367,4.025628035094901,66.87896861998217,0.4470108104959171
2026,North Dakota State,8.775101482895874,6.9070020014267515,5.058773936253985,3.6102004041460134,67.39519855727882,0.36745797106643274
2026,Albany,6.96607970620149,7.89332846612248,3.9253682076956316,4.482469151934664,67.07574649009076,0.4484864713987696
2026,Eastern Kentucky,6.241878750762491,8.31432716087976,3.789985968767531,4.697415732973389,63.78987293472237,0.4358145662834395
2026,Missouri,8.215559843514217,5.991996501935663,5.176429244688286,3.1248629056419306,68.38869207037743,0.4275396612600306
2026,Princeton,6.60648757067696,8.158486587482301,3.689606076300098,4.617569312988515,66.69208154967649,0.4632122757470672
2026,Rutgers,7.778052801193182,7.4558575823573126,4.354381479186353,4.509512977551605,68.86770542468534,0.4377399513804528
2026,Memphis,7.623258805946284,7.113622108340883,4.702579303845555,3.736624963163319,67.86790108198751,0.46323535618456
2026,South Carolina,8.768871555747207,6.168303572238767,4.866926601169566,3.184862460762288,67.52098026508664,0.4470131510243949
2026,Houston,8.319014118971616,6.69766584556669,4.757929970697363,3.7099758152805773,69.12872240076092,0.42959211449597823
2026,Rhode Island,7.359821087347844,7.736315814599071,4.098655555698484,4.345010158110162,67.0117992292315,0.45856483192560965
2026,Western Illinois,5.873341776016181,8.895092894544993,3.0083349601519904,5.298110367796606,65.0884911009284,0.4924183452638292
2026,Georgia,9.07113859238244,5.694260450014051,5.304037535306069,2.8142986780814048,70.01160294939517,0.4467366860594053
2026,Air Force,8.553536357004964,7.330883359526276,4.410972777748928,4.539540758564518,67.76337169569608,0.28495018592417143
2026,Coastal Carolina,6.753090746622605,7.735406203500566,4.127499058504654,4.480519204590632,67.66470190883543,0.45559164273401476
2026,Bryant,6.039916283528932,8.698193558268713,3.304128701613487,4.983403933699323,65.10065899652675,0.47770100493586953
2026,Weber State,6.2742784577995945,8.469198211901444,3.704364063875525,4.830782908583058,65.47160978162526,0.4406996923251773
2026,Texas State,8.496709902059639,7.290371202828385,4.837655781839542,4.022146041206676,71.06352230414117,0.418210379350393
2026,Florida,8.88531396879139,5.906370590923032,5.139307950233972,3.0671868783653515,68.29356909982104,0.46339104342347914
2026,Stanford,7.3855752154523495,7.054236507174371,4.253582270955568,3.8111263759849288,66.6098785798545,0.4768634000867343
2026,Miami,9.005459942491122,5.697288450173349,5.360711191866856,2.712174737367204,68.3961068469374,0.46087137664267375
2026,Oklahoma State,7.177295071551062,7.209609617894877,4.235847135486637,3.9648733204826567,65.30142641808187,0.45436346137377365
2026,Savannah State,5.1578474217307475,9.396536603576836,2.6175847671745966,5.0329346839604545,65.68185673355016,0.5320064323389587
2026,Tulsa,7.271612553243569,7.810253012289951,4.229150942785996,4.1367861173545455,68.59119424929793,0.459898445122072
2026,Bowling Green,7.075778828481901,7.1561171943345405,4.2215212121390255,4.261136749231796,64.2338188543115,0.39086525257629995
2026,Boston College,7.524366738064665,7.199569505253934,4.221423240055727,4.078087949587329,68.69976373405532,0.4903815429123946
2026,Ole Miss,9.183036943692624,5.866789236155133,5.256224932747231,3.057689040641108,71.1542520383613,0.4617472589012615
2026,Alabama,8.45890719950791,5.796307115882535,4.9380667448310955,3.0828907750647696,68.42348309717461,0.49757222331770995
2026,South Florida,8.219144700474034,6.6793364395008155,5.026600874281738,3.4992656869890353,68.80563961775827,0.4589400169196304
2026,Alabama State,7.363317676012379,7.787629268452681,4.392320963417424,4.4911176029992115,64.34978776676591,0.4042213137551003
2026,Southeastern Louisiana,6.826570634440391,8.064633820725454,3.838356424785764,4.582169461514954,66.88212082984312,0.44415835771296913
2026,North Dakota,7.1095741116460625,7.837481634833916,4.1742466219370815,4.1688075786415295,67.76158917572633,0.42894433018526335
2026,Colgate,6.552250277720565,8.446503847362292,3.6115259262070887,4.7334874659167525,66.82886806774644,0.49112620494820647
2026,Clemson,8.047990082329488,6.444321592922605,4.69965344236568,3.373511340720131,68.29244540264725,0.49266766431325415
2026,Iowa State,7.803057712881662,6.539599176654701,4.696763487438511,3.691081459606494,66.6342108676125,0.4207004236621263
2026,Southern Miss,7.598078494947831,7.711074239905787,4.026281196434694,4.311123104487007,69.41162693943726,0.47863055234752006
2026,Texas Tech,8.572341965023671,6.265333216494179,5.080358490827265,2.9481681160358835,69.57012888316157,0.47373530260129787
2026,Arkansas,8.655444842079447,6.44843763027982,5.2507792567213345,3.4811556203120633,69.02952582948632,0.4617902475098083
2026,South Alabama,7.751402653142014,7.579061212823842,4.49028094144155,4.33670916341154,70.1054842251337,0.4015878647346258
2026,Richmond,6.630715828277944,8.227969622945327,3.9367661434906758,4.544277779494691,66.0346113672742,0.42933322688570125
2026,Arizona,7.949019232563175,6.814376540721605,4.664953932174211,3.608641918306385,68.86309765117312,0.47548685043111827
2026,Pennsylvania,6.930680400815857,8.087047428541284,3.975148924645066,4.520840112474717,66.61413372314696,0.45820645938202137
2026,Purdue,7.7814098961285545,7.207608664625334,4.398961905187408,3.8940065914247035,66.7920481492156,0.47786849850488583
2026,Indiana,9.074696070139682,5.615219342715157,5.433476460777201,2.8653681149446992,67.19390405276204,0.40613114816840434
2026,Gardner-Webb,6.620648385758239,8.343279764215035,3.5985319984747353,4.887872880154461,66.48050275502382,0.42611282920856397
2026,Wake Forest,7.716978743228136,6.560689555820309,4.700254163794835,3.4732516589444398,66.46485691631672,0.4614028587236388
2026,Mississippi Valley State,5.566714198413797,9.030295283709469,2.764628396012067,5.379976367536276,63.25614246957384,0.4705414889963348
2026,Northwestern,7.8847669293142495,6.820989482744907,4.574753953667343,3.656642378127853,66.46592686604477,0.4544301850410336
2026,California,7.341487480176799,7.2058352909603745,4.0391763660327085,4.070755373425713,69.12488129174882,0.5144252999092388
2026,Merrimack,6.023881362287556,8.527088628248046,3.494425498149777,5.148584727099307,66.08911636773661,0.42517170519918496
2026,Maryland,7.76446080933959,6.719181843891404,4.409280168365381,3.605947080993314,67.9305096678385,0.5368717088590327
2026,Penn State,8.333483887824361,6.141621130445713,5.12808924391977,3.263858263974677,66.81682122013606,0.4308380794889671
2026,Illinois,8.073168215506868,6.737464738525108,4.7195848812008885,3.573970454468613,66.83998148942545,0.4461767736843053
2026,Kansas State,8.450728326006455,6.650341384195356,5.162106993762382,3.3851687630474148,68.38622325220454,0.45469866983404367
2026,UTSA,7.811313120149933,7.4044891837746025,4.577948241749378,3.8903702324882823,69.39690367930498,0.48030618818307336
2026,Ohio State,9.449149949905806,5.232039264180606,5.52194656091781,2.5252628649323987,68.32476637262744,0.4573644751381273
2026,Utah Tech,5.955783799650888,8.561186247250452,3.428645974919725,4.890331313198065,65.547565837273,0.4843482188487164
2026,Kansas,8.203417756627905,6.835014911084728,4.882957532397227,3.6781305648007665,67.71057723161361,0.439769878360279
2026,San Diego,6.687373148199283,8.0679396499699,3.6412275459921593,4.67532523239307,65.74719982265843,0.43242320225632214
2026,Massachusetts,5.481447980207302,8.395749267016134,3.266587788163963,5.121816174897138,63.62874128383634,0.46926836831528
2026,Grand Valley State,6.831104115226055,8.034803535076525,3.8443665297824894,4.572531033979306,66.94900617645354,0.4456863812163798
2026,San José State,7.287118114081331,7.0219594878304115,4.266765561399348,3.9801088702206875,67.76075789213913,0.5210820099272407
2026,Western Michigan,7.65919573173038,7.274499048372076,4.455508797828037,3.993175833721483,66.73681601505126,0.38860577144370917
2026,Tulane,8.215636471152397,6.673285861406585,4.674592531981137,3.642911532305286,68.2731892379895,0.4449249367423876
2026,Virginia,7.6590219799427866,6.590017076251957,4.6233918159131,3.464726943687039,68.13198942440832,0.46521098840398106
2026,North Carolina,7.670335978890535,6.790135544541659,4.5524049990249225,3.508080012463967,64.94854894151926,0.4710007679645949
2026,Northern Illinois,6.957431794788226,7.231705945164936,4.348247685080129,4.208144395452351,64.83639952020359,0.3805441261637195
2026,Harvard,7.523275001269078,7.634715680309042,4.109707994938128,4.249500419548992,67.43755648957566,0.44426853174330233
2026,Iowa,7.879682419906285,6.514415680897804,4.99425202145437,3.354525478205953,65.23204621273545,0.4037834960440703
2026,Miami (OH),7.444669298049894,6.841575729365177,4.351622777431957,3.8231407946029488,64.72607528923308,0.42916434108390633
2026,UTEP,6.5280912041333465,7.680590719756072,3.8728208793816123,4.395231927684028,66.43287860363779,0.49318909262848065
2026,Notre Dame,9.430798981989163,5.608962571529345,5.893658263067708,2.6449000820678883,68.4730334917334,0.44185959495399857
2026,Bethune-Cookman,6.349694706875702,8.529675784470747,3.457247817253074,5.1349236047533,64.78265003541878,0.4423074478424658
2026,North Alabama,6.2758146197839535,8.456503790249036,3.343857124613401,5.159971204265661,67.39925573642157,0.42355336245771913
2026,Florida International,7.118995261799483,7.482658878469085,4.085500702129151,4.455147491476975,68.62354555557259,0.45588221761531056
2026,Syracuse,7.377309596967564,7.179728129439623,4.144890082790504,4.218927453226928,68.22699305625196,0.45635159742227394
2026,Towson,6.5814001842015,8.273393016390774,3.7546631337192284,4.612848299562601,65.25559090049461,0.475272467736211
2026,West Georgia,6.863249945056994,7.894916677309045,3.9002929243469384,4.315773587805034,67.12834880048631,0.45678415704392267
2026,Temple,6.987014179808918,7.843249345517042,4.074229579025838,4.502113348315074,65.52394830075569,0.45801412694377686
2026,Toledo,8.126785183148314,6.371975716909156,4.72113193837358,3.4092384228953887,67.51441064028586,0.45752207258207805
2026,Mercer,7.429081281529698,7.476572003689227,4.103959208517411,4.148313505516305,68.95370590688798,0.4797204401937527
2026,Alabama A&M,5.88850289616497,8.874573253956342,3.072077263895576,5.313476867807886,64.45894402171521,0.4709181735658672
2026,Nicholls,6.317409070848021,8.25409909041734,3.6345318069089925,4.779843491092769,65.3726019084603,0.44448072942515177
2026,Kent State,7.270242964326954,7.822981896071859,4.02627015215747,4.463364045025279,64.4759149808257,0.43852244855984956
2026,Sacramento State,7.497563379490732,7.785706319625119,4.435130716292847,4.368357598994493,66.0584425852659,0.3548519971054451
2026,Furman,6.063780112030468,8.554960353044805,3.175694587632628,5.059251719471917,65.70276198000926,0.48948887313787137
2026,Wisconsin,7.72730695719556,6.423335573764975,4.71436458387878,3.409142984064757,64.19174179192332,0.41896315669226697
2026,Georgia Southern,7.088980308394069,7.710787429204375,4.168598954447125,4.514815670481869,68.04331623100266,0.4659080860021253
2026,Dartmouth,7.207247894140225,7.787600454659353,4.1379878945273525,4.324354841908436,66.89775255450245,0.4266053082222401
2026,NC State,8.37319856558632,6.53605496866485,4.928914226081176,3.562701810421077,68.17641799026364,0.4746074240408707
2026,USC,8.952242812387022,6.251824886008094,5.311901667741791,3.2558992690668274,69.19535260181362,0.47237871854644004
2026,Boise State,7.951386710509562,7.013396266600384,4.783170972982225,3.735446453177778,70.67870570460909,0.454114808004075
2026,West Florida,6.879235963311572,7.98423025525022,3.8732676899915486,4.540382634062394,66.99451036608045,0.4466919594455612
2026,UL Monroe,7.174449978997572,7.405096516788319,4.289129019560913,4.326679417050322,66.05929034100241,0.41813752577870117
2026,Louisiana,7.542594752839427,7.467009712845907,4.31471763581866,4.387779511421721,68.661267356543,0.42087409669463166
2026,Louisiana Tech,7.350269718533884,7.299883903937822,4.220787734397587,4.275450950633312,66.38016482694943,0.40762204810580766
2026,Marshall,8.238392144202699,7.427053495767889,4.58207699464697,4.089268006673686,70.06804164972516,0.425573771532502
2026,Baylor,8.26802853266074,6.983635710426688,4.634385419955102,3.7729625424402644,72.70781067122304,0.5035907110427305
2026,Florida State,8.984181416966381,5.960083980262318,5.284409930182972,3.203762322221949,68.59512830023186,0.4224642398215298
2026,North Texas,7.860970965370772,7.3014033586006954,4.8680078114477405,3.954647397290853,69.74421664468575,0.46700101508527886
2026,Wofford,6.419841817402218,8.169081477999056,3.641198859986158,4.5201555188843265,63.73605339071952,0.471015507638631
2026,Northern Colorado,6.039319113011969,8.753593831726567,3.382724858042531,4.977264138989502,65.63911017534538,0.47649982964581017
2026,Washington,8.710665547375525,6.012858665544943,5.035707773952537,3.20249726613312,67.51298724742377,0.44419672899561097
2026,Stephen F. Austin,7.113775280379664,7.792606946072683,3.932432614830071,4.268099812392571,67.85635045860192,0.45014227015100616
2026,Texas,9.127800074601705,5.607773028173923,5.210324643252001,2.7977423630157694,69.17068921517009,0.4826875813947754
2026,Eastern Michigan,7.281419043261026,7.7294148594640415,4.094478451349758,4.428902531354259,67.26454365941066,0.4793207972447501
2026,UCF,7.821101744373882,6.5169689511777875,4.845499968736878,3.451227153639942,67.98332021454418,0.47070831329476853
2026,BYU,8.63044492023291,6.3609014317411114,5.012196155514188,3.3194753106121535,68.76300391946017,0.4411245164943297
2026,Columbia,6.500894913229767,8.233117809938141,3.5936483764065237,4.719929719353582,66.63903240135716,0.46417167907028684
2026,Samford,5.932784869769543,8.641298014294295,2.99184175565491,4.9753546824670405,68.46572637811651,0.5057736413442513
2026,Fresno State,7.205428653993178,6.864499780689805,4.260281783514622,3.9401530958017563,65.95043384018071,0.43863080126117904
2026,Jacksonville State,7.46130870926114,7.577034549066518,4.435629975008479,4.344937957235055,68.42298079975296,0.38259108729314895
2026,Kennesaw State,6.700980542713728,8.0052783131857,3.8901882308898217,4.686162829263395,65.97563953307582,0.43226949401849923
2026,App State,7.223914764904253,7.68383756902859,4.020594585593168,4.201634100636728,68.85562328813006,0.49813810756688776
2026,Arizona State,7.992177211596013,6.230464931488087,4.905742428681958,3.3874943176576644,69.19792633249538,0.45459310688991716
2026,UCLA,7.831504848688465,6.818181208079182,4.558231112492715,3.801390267827452,67.01650903976898,0.46767159721360635
2026,Middle Tennessee,6.881783888731572,7.8359972203176875,3.750823727981844,4.373749023513944,67.34783667069374,0.5355158799959512
2026,Southern,6.147645755119172,8.423546953020008,3.4848754942191382,5.006938125635557,63.77113249761949,0.43083576613944696
2026,Youngstown State,7.317450624994426,7.8441162372157995,4.3608868026458145,4.401363983533627,66.33916446126638,0.4537255183108413
2026,Lafayette,6.810283347986384,8.012988054322179,4.08750017822896,4.625050769025219,66.27925121310261,0.43574704996911834
2026,Fordham,6.070699225599994,8.576863835460221,3.155254436432265,4.871244121477931,66.15398890472794,0.495613844170831
2026,West Virginia,7.842543641787094,7.100734636596189,4.559559056039972,3.7115719643691794,68.41264775508877,0.4179162580840894
2026,Grambling,6.108743299326072,8.518079136985492,3.396705335130059,4.830094210124765,64.58374668322759,0.4559663496425346
2026,Vanderbilt,8.835848151529708,6.32446397843435,5.2603870578333884,3.208617521269274,67.02901652421504,0.4715667780498805
2026,LSU,8.084699299731104,6.017272831679223,4.814996289110965,3.0699432596108185,66.29341441661654,0.5002101765137463
2026,Navy,7.996303786763206,7.2681235337306145,4.907213652309603,4.081363974413197,66.16393535443,0.3107164957758678
2026,Eastern Washington,6.31162624752403,8.489797110539111,3.4391332194299795,4.828607388130439,67.49294396758603,0.48228024094413185
2026,Howard,5.608991129772654,8.883188397815754,3.057070817985763,5.267545153449261,63.90192199289554,0.45296763433370046
2026,Colorado State,7.0774461366637,7.578308592707204,3.857719260165064,4.446647682209178,66.22345108221856,0.47681319508137954
2026,Texas A&M,8.97597378557897,5.953850107864602,5.353783184801671,3.0838159917504866,70.225482408395,0.455671311594226
2026,San Diego State,7.992273856468784,7.38068037341171,4.642197853850005,3.6731473645924204,65.62094075444003,0.4043461106814644
2026,Nebraska,8.045298190152508,6.625142496348207,4.7234407675172445,3.649169039034892,67.06148184447217,0.4564631222517093
2026,Utah State,7.6406385873014875,7.613691386347279,4.531680077553809,4.191783076749929,68.35755194322131,0.4614009354463444
2026,Nevada,7.187298851720546,7.276455464823307,4.227974959195969,4.119534350935117,64.45373085400533,0.4197805503035727
2026,Michigan,8.731484615947988,5.76574151466903,5.499341463020268,2.9741682821154294,68.19232243027247,0.4363118537501395
2026,William & Mary,6.513082271285743,8.406687252661879,3.6946166905877194,4.958628211265852,66.16681103684559,0.42613346822392506
2026,Montana State,8.03826159194473,7.300682371493897,4.899926824418289,3.9245651064648372,67.53694784319423,0.3827264510224839
2026,Buffalo,6.652981947650411,7.530454342154561,3.899281808731209,4.183838457573256,65.85472886343533,0.46851380239342183
2026,Cincinnati,8.035528236524403,6.72653709698833,5.087766689341724,3.548289164211585,65.77936983406403,0.4545570262775145
2026,Wyoming,6.458719411708612,7.341450182291512,3.9672571114412074,4.207053385441578,64.83514557538416,0.47049040960554317
2026,Abilene Christian,7.344138287508488,7.690254541268038,4.284529880738291,4.1963034593332615,67.83185472519456,0.44937258455874385
